Start Model Run At  Mon Aug 17 11:17:58 AM EDT 2026
Compiler is set to intel
0: Event not found.

Working Directory is /proj/ie/proj/CMAS/CMASOps2026/CMAQ_CMAS_6/intelmpi_intel_ifort_2024/CCTM/scripts
Build Directory is /proj/ie/proj/CMAS/CMASOps2026/CMAQ_CMAS_6/intelmpi_intel_ifort_2024/CCTM/scripts/BLD_CCTM_v6_intel_debug
Output Directory is /work/users/l/i/lizadams/CMAQv6.0_2022_12SE1_Benchmark_2day//output_CCTM_v6_intel_Bench_2022_12SE1_debug
Log Directory is /work/users/l/i/lizadams/CMAQv6.0_2022_12SE1_Benchmark_2day//output_CCTM_v6_intel_Bench_2022_12SE1_debug/LOGS
Executable Name is CCTM_v6.exe

---CMAQ EXECUTION ID: CMAQ_CCTMv6_lizadams_20260817_151801_419374347 ---

Set up input and output files for Day 2022-07-01.

Existing Logs and Output Files for Day 2022-07-01 Will Be Deleted
rm: No match.

CMAQ Processing of Day 20220701 Began at Mon Aug 17 11:18:10 AM EDT 2026

                  CTM_APPL  |  v6_intel_Bench_2022_12SE1_debug_20220701
#================================================================================#        
#|                                                                              |#        
#|               The Community Multiscale Air Quality (CMAQ) Model              |#        
#|                                  Version 6.0_alpha1                          |#        
#|                                                                              |#        
#|                          Built and Maintained by the                         |#        
#|                        Office of Research and Development                    |#        
#|                   United States Environmental Protection Agency              |#        
#|                                                                              |#        
#|                            https://www.epa.gov/cmaq                          |#        
#|                                                                              |#        
#|       Source Code:   https://www.github.com/USEPA/cmaq/tree/master           |#        
#|       Documentation: https://www.github.com/USEPA/cmaq/tree/master/DOCS      |#        
#|                                                                              |#        
#|         The CMAQ Model is tested and released with cooperation from          |#        
#|         the Community Modeling and Analysis System (CMAS) Center via         |#        
#|         contract support. CMAS is managed by the Institute for the           |#        
#|         Environment, University of North Carolina at Chapel Hill.            |#        
#|         CMAS URL: (https://www.cmascenter.org)                               |#        
#|                                                                              |#        
#================================================================================#        
 
 
     ==================================
     |>---   INITIALIZE I/O-API   ---<|
     ==================================
                                                                     
     This program uses the EPA-AREAL/MCNC-EnvPgms/BAMS/ UNC IE       
     Models-3 I/O Applications Programming Interface, [I/O API]      
     which is built on top of the netCDF I/O library (Copyright      
     993, 1996 University Corporation for Atmospheric Research       
     Unidata Program) and the PVM parallel-programming library       
     (from Oak Ridge National Laboratory).                           
     Copyright (C) 1992-2002 MCNC,                                   
     (C) 1992-2018 Carlie J. Coats, Jr.,                             
     (C) 2003-2012 Baron Advanced Meteorological Systems, LLC, and   
     (C) 2014-2023 UNC Institute for the Environment.                
     Released under the GNU LGPL  License, version 2.1.  See URL     
                                                                     
         https://www.gnu.org/licenses/old-licenses/lgpl-2.1.html     
                                                                     
     for conditions of use.                                          
                                                                     
     ioapi-3.2: $Id: init3.F90 247 2023-03-22 15:59:19Z coats $
     netCDF version 4.8.1 of Aug 13 2026 10:00:20 $
      
 
 
     ===========================================
     |>---   ENVIRONMENT VARIABLE REPORT   ---<|
     ===========================================

     |> Grid and High-Level Model Parameters:
     +=========================================
        ---Env Variable---  |  ---Value---
      --------------------------------------------------------------------------------
                       BLD  |             (default)
                    OUTDIR  |  /work/users/l/i/lizadams/CMAQv6.0_2022_12SE1_Benchmark_2day//output_CCTM_v6_intel_Bench_2022_12SE1_debug
                 NEW_START  |           T
            IGNORE_SOILINP  |           F (default)
              EXECUTION_ID  |  CMAQ_CCTMv6_lizadams_20260817_151801_419374347
                 GRID_NAME  |  SE60BENCH
                 CTM_TSTEP  |       10000
                CTM_RUNLEN  |      240000
              CTM_PROGNAME  |  DRIVER (default)
                CTM_STDATE  |     2022182
                CTM_STTIME  |           0
               NPCOL_NPROW  |  12 8
               CTM_MAXSYNC  |         300
               CTM_MINSYNC  |          60

     |> Multiprocess control, output and error checking:
     +====================================================
        ---Env Variable---  |  ---Value---
      --------------------------------------------------------------------------------
           PRINT_PROC_TIME  |           T
               FL_ERR_STOP  |           F
              CTM_MIO_FILE  |           F (default)
                 CTM_CKSUM  |           T
          AVG_FILE_ENDTIME  |           F
             AVG_CONC_SPCS  |  ALL
                 CONC_SPCS  |  O3 NO ANO3I ANO3J NO2 NH3 ANH4I ANH4J ASO4I ASO4J
           ACONC_BLEV_ELEV  |   1 1
            CONC_BLEV_ELEV  |   1 1
           IOAPI_LOG_WRITE  |           F
                   VERTEXT  |           F
        VERTEXT_COORD_PATH  |  /proj/ie/proj/CMAS/CMASOps2026/CMAQ_CMAS_6/intelmpi_intel_ifort_2024/CCTM/scripts/lonlat.csv
             gc_matrix_nml  |  /proj/ie/proj/CMAS/CMASOps2026/CMAQ_CMAS_6/intelmpi_intel_ifort_2024/CCTM/scripts/BLD_CCTM_v6_intel_debug/GC_cracmm3.nml
             ae_matrix_nml  |  /proj/ie/proj/CMAS/CMASOps2026/CMAQ_CMAS_6/intelmpi_intel_ifort_2024/CCTM/scripts/BLD_CCTM_v6_intel_debug/AE_cracmm3.nml
             nr_matrix_nml  |  /proj/ie/proj/CMAS/CMASOps2026/CMAQ_CMAS_6/intelmpi_intel_ifort_2024/CCTM/scripts/BLD_CCTM_v6_intel_debug/NR_cracmm3.nml
             tr_matrix_nml  |  /proj/ie/proj/CMAS/CMASOps2026/CMAQ_CMAS_6/intelmpi_intel_ifort_2024/CCTM/scripts/BLD_CCTM_v6_intel_debug/Species_Table_TR_0.nml

     |> Chemistry and Photolysis:
     +=============================
        ---Env Variable---  |  ---Value---
      --------------------------------------------------------------------------------
                      MECH  |  cracmm3
              CTM_PHOTDIAG  |           F
            AEROSOL_OPTICS  |           3

      --ATOL settings are in ppmV.--

             GEAR_MAX_ATOL  |   0.100E-06 (default)
             GEAR_MIN_ATOL  |   0.100E-08 (default)
           GEAR_CONC_FLOOR  |   0.100E-11 (default)
                 GEAR_RTOL  |   0.100E-02 (default)
                   RB_RTOL  |   0.100E-02 (default)
                   RB_ATOL  |   0.100E-06 (default)
                  CTM_PVO3  |           F

     |> Aerosols:
     +=============
        ---Env Variable---  |  ---Value---
      --------------------------------------------------------------------------------
                   AERO_MT  |  HYB
            AERO_DYN_TSTEP  |          90
             BC_AERO_M2WET  |           F
             BC_AERO_M2USE  |           T
              STM_SO4TRACK  |           F

     |> Cloud Processes:
     +====================
        ---Env Variable---  |  ---Value---
      --------------------------------------------------------------------------------
                  CLD_DIAG  |           F

     |> Air-Surface Exchange Processes:
     +===================================
        ---Env Variable---  |  ---Value---
      --------------------------------------------------------------------------------
                PX_VERSION  |           T
                CTM_ABFLUX  |           T
                CTM_MOSAIC  |           F
              CTM_SFC_HONO  |           T
               CLM_VERSION  |           F
              NOAH_VERSION  |           F
             CTM_DEPV_FILE  |           F
                CTM_HGBIDI  |           F
         CTM_BIDI_FERT_NH3  |           T
             CTM_USE_STAGE  |           T
           CTM_WBDUST_BELD  |  UNKNOWN (default)
             STAGECTRL_NML  |  /proj/ie/proj/CMAS/CMASOps2026/CMAQ_CMAS_6/intelmpi_intel_ifort_2024/CCTM/scripts/BLD_CCTM_v6_intel_debug/CMAQ_Control_STAGE.nml
             CTM_STAGE_P22  |           F
             CTM_STAGE_E20  |           T
             CTM_STAGE_S22  |           F

     |> Transport Processes:
     +========================
        ---Env Variable---  |  ---Value---
      --------------------------------------------------------------------------------
           VDIFF_DIAG_FILE  |           F
            SIGMA_SYNC_TOP  |   0.700E+00
              ADV_HDIV_LIM  |   0.900E+00 (default)
               CTM_ADV_CFL  |   0.950E+00
                     KZMIN  |           T
                KZU_CUSTOM  |   0.100E+01 (default)
                  CTM_WVEL  |           T
             CTM_GRAV_SETL  |           T

     |> Emissions Parameters:
     +=========================
        ---Env Variable---  |  ---Value---
      --------------------------------------------------------------------------------
             CMAQ_CTRL_NML  |  /proj/ie/proj/CMAS/CMASOps2026/CMAQ_CMAS_6/intelmpi_intel_ifort_2024/CCTM/scripts/BLD_CCTM_v6_intel_debug/CMAQ_Control.nml
          CMAQ_CH_CTRL_NML  |  /proj/ie/proj/CMAS/CMASOps2026/CMAQ_CMAS_6/intelmpi_intel_ifort_2024/CCTM/scripts/BLD_CCTM_v6_intel_debug/CMAQ_Chem_Control_cracmm3.nml
                 N_EMIS_GR  |           2
                 N_EMIS_TR  |           0 (default)
               CTM_EMISCHK  |           F
           CTM_BIOGEMIS_BE  |           T
           CTM_BIOGEMIS_MG  |           F
             USE_MEGAN_LAI  |           F (default)
              MGN_ONLN_DEP  |           F (default)
               BDSNP_MEGAN  |           F
                USE_SEGA_N  |           F
             USE_SEGA_N_EF  |           F
                 BIOG_SPRO  |  DEFAULT (default)
                B3GTS_DIAG  |           F
              CTM_MGEMDIAG  |           F (default)
            CTM_OCEAN_CHEM  |           T
               CTM_WB_DUST  |           T
             CTM_BROWN_VEG  |           T
           CTM_DUSTEM_DIAG  |           F
              CTM_SSEMDIAG  |           F
              CTM_MET_EMIS  |           F (default)
         CTM_MET_EMIS_DIAG  |           F (default)
          CTM_MET_EMIS_HUM  |           F (default)
            CTM_LNO_ONLINE  |           T
             LTNG_ASSIM_DT  |           0 (default)
             USE_LTNG_DATA  |           T
                  LTNGDIAG  |           F
                   MOLSNCG  |   0.350E+03 (default)
                   MOLSNIC  |   0.350E+03 (default)
                LNO_OPTION  |           1
                 N_EMIS_PT  |          11
                    IPVERT  |           0 (default)
             EMIS_SYM_DATE  |           F (default)

     |> Process Analysis Parameters:
     +================================
        ---Env Variable---  |  ---Value---
      --------------------------------------------------------------------------------
                CTM_PROCAN  |           F
                CTM_BUDGET  |  /work/users/l/i/lizadams/CMAQv6.0_2022_12SE1_Benchmark_2day//output_CCTM_v6_intel_Bench_2022_12SE1_debug/CCTM_BUDGET_v6_intel_Bench_2022_12SE1_debug_20220701.txt -v
                 MET_TSTEP  |       10000 (default)

     MET data determined based on WRF ARW version 4.4.2

 
          -=-  MPP Processor-to-Subdomain Map  -=-
                 Number of Processors =  96
    ____________________________________________________
    |                                                  |
    |  PE    #Cols    Col_Range     #Rows    Row_Range |
    |__________________________________________________|
    |                                                  |
    |  0        9      1:   9         10      1:  10   |
    |  1        9     10:  18         10      1:  10   |
    |  2        9     19:  27         10      1:  10   |
    |  3        9     28:  36         10      1:  10   |
    |  4        8     37:  44         10      1:  10   |
    |  5        8     45:  52         10      1:  10   |
    |  6        8     53:  60         10      1:  10   |
    |  7        8     61:  68         10      1:  10   |
    |  8        8     69:  76         10      1:  10   |
    |  9        8     77:  84         10      1:  10   |
    | 10        8     85:  92         10      1:  10   |
    | 11        8     93: 100         10      1:  10   |
    | 12        9      1:   9         10     11:  20   |
    | 13        9     10:  18         10     11:  20   |
    | 14        9     19:  27         10     11:  20   |
    | 15        9     28:  36         10     11:  20   |
    | 16        8     37:  44         10     11:  20   |
    | 17        8     45:  52         10     11:  20   |
    | 18        8     53:  60         10     11:  20   |
    | 19        8     61:  68         10     11:  20   |
    | 20        8     69:  76         10     11:  20   |
    | 21        8     77:  84         10     11:  20   |
    | 22        8     85:  92         10     11:  20   |
    | 23        8     93: 100         10     11:  20   |
    | 24        9      1:   9         10     21:  30   |
    | 25        9     10:  18         10     21:  30   |
    | 26        9     19:  27         10     21:  30   |
    | 27        9     28:  36         10     21:  30   |
    | 28        8     37:  44         10     21:  30   |
    | 29        8     45:  52         10     21:  30   |
    | 30        8     53:  60         10     21:  30   |
    | 31        8     61:  68         10     21:  30   |
    | 32        8     69:  76         10     21:  30   |
    | 33        8     77:  84         10     21:  30   |
    | 34        8     85:  92         10     21:  30   |
    | 35        8     93: 100         10     21:  30   |
    | 36        9      1:   9         10     31:  40   |
    | 37        9     10:  18         10     31:  40   |
    | 38        9     19:  27         10     31:  40   |
    | 39        9     28:  36         10     31:  40   |
    | 40        8     37:  44         10     31:  40   |
    | 41        8     45:  52         10     31:  40   |
    | 42        8     53:  60         10     31:  40   |
    | 43        8     61:  68         10     31:  40   |
    | 44        8     69:  76         10     31:  40   |
    | 45        8     77:  84         10     31:  40   |
    | 46        8     85:  92         10     31:  40   |
    | 47        8     93: 100         10     31:  40   |
    | 48        9      1:   9         10     41:  50   |
    | 49        9     10:  18         10     41:  50   |
    | 50        9     19:  27         10     41:  50   |
    | 51        9     28:  36         10     41:  50   |
    | 52        8     37:  44         10     41:  50   |
    | 53        8     45:  52         10     41:  50   |
    | 54        8     53:  60         10     41:  50   |
    | 55        8     61:  68         10     41:  50   |
    | 56        8     69:  76         10     41:  50   |
    | 57        8     77:  84         10     41:  50   |
    | 58        8     85:  92         10     41:  50   |
    | 59        8     93: 100         10     41:  50   |
    | 60        9      1:   9         10     51:  60   |
    | 61        9     10:  18         10     51:  60   |
    | 62        9     19:  27         10     51:  60   |
    | 63        9     28:  36         10     51:  60   |
    | 64        8     37:  44         10     51:  60   |
    | 65        8     45:  52         10     51:  60   |
    | 66        8     53:  60         10     51:  60   |
    | 67        8     61:  68         10     51:  60   |
    | 68        8     69:  76         10     51:  60   |
    | 69        8     77:  84         10     51:  60   |
    | 70        8     85:  92         10     51:  60   |
    | 71        8     93: 100         10     51:  60   |
    | 72        9      1:   9         10     61:  70   |
    | 73        9     10:  18         10     61:  70   |
    | 74        9     19:  27         10     61:  70   |
    | 75        9     28:  36         10     61:  70   |
    | 76        8     37:  44         10     61:  70   |
    | 77        8     45:  52         10     61:  70   |
    | 78        8     53:  60         10     61:  70   |
    | 79        8     61:  68         10     61:  70   |
    | 80        8     69:  76         10     61:  70   |
    | 81        8     77:  84         10     61:  70   |
    | 82        8     85:  92         10     61:  70   |
    | 83        8     93: 100         10     61:  70   |
    | 84        9      1:   9         10     71:  80   |
    | 85        9     10:  18         10     71:  80   |
    | 86        9     19:  27         10     71:  80   |
    | 87        9     28:  36         10     71:  80   |
    | 88        8     37:  44         10     71:  80   |
    | 89        8     45:  52         10     71:  80   |
    | 90        8     53:  60         10     71:  80   |
    | 91        8     61:  68         10     71:  80   |
    | 92        8     69:  76         10     71:  80   |
    | 93        8     77:  84         10     71:  80   |
    | 94        8     85:  92         10     71:  80   |
    | 95        8     93: 100         10     71:  80   |
    |__________________________________________________|
 
forrtl: severe (174): SIGSEGV, segmentation fault occurred
Image              PC                Routine            Line        Source             
libc.so.6          000014FCD6E681C0  Unknown               Unknown  Unknown
libmpi.so.12.0.0   000014FCD7C0F276  Unknown               Unknown  Unknown
libmpi.so.12.0.0   000014FCD7E2E57B  Unknown               Unknown  Unknown
libmpi.so.12.0.0   000014FCD7E2B9EE  Unknown               Unknown  Unknown
libmpi.so.12.0.0   000014FCD7B6315A  Unknown               Unknown  Unknown
libmpi.so.12.0.0   000014FCD7B62EAD  Unknown               Unknown  Unknown
libmpi.so.12.0.0   000014FCD7BCB5D3  Unknown               Unknown  Unknown
libmpi.so.12.0.0   000014FCD7BCB31F  Unknown               Unknown  Unknown
libmpi.so.12.0.0   000014FCD7BC8B37  Unknown               Unknown  Unknown
libmpi.so.12.0.0   000014FCD7BBB3F7  PMPI_Comm_dup         Unknown  Unknown
libmpifort.so.12.  000014FCD74F6FEB  pmpi_comm_dup_        Unknown  Unknown
CCTM_v6.exe        00000000004D56C4  se_init_module_mp         166  se_init_module.F
CCTM_v6.exe        0000000001296C73  cmaq_driver_              478  driver.F
CCTM_v6.exe        00000000012963FB  MAIN__                     97  cmaq_main.F
CCTM_v6.exe        000000000041503D  Unknown               Unknown  Unknown
libc.so.6          000014FCD6E5158E  Unknown               Unknown  Unknown
libc.so.6          000014FCD6E51649  __libc_start_main     Unknown  Unknown
CCTM_v6.exe        0000000000414F55  Unknown               Unknown  Unknown
forrtl: severe (174): SIGSEGV, segmentation fault occurred
Image              PC                Routine            Line        Source             
libc.so.6          00001511E2E681C0  Unknown               Unknown  Unknown
libmpi.so.12.0.0   00001511E3E0F276  Unknown               Unknown  Unknown
libmpi.so.12.0.0   00001511E402E57B  Unknown               Unknown  Unknown
libmpi.so.12.0.0   00001511E402B9EE  Unknown               Unknown  Unknown
libmpi.so.12.0.0   00001511E3D6315A  Unknown               Unknown  Unknown
libmpi.so.12.0.0   00001511E3D62EAD  Unknown               Unknown  Unknown
libmpi.so.12.0.0   00001511E3DCB5D3  Unknown               Unknown  Unknown
libmpi.so.12.0.0   00001511E3DCB31F  Unknown               Unknown  Unknown
libmpi.so.12.0.0   00001511E3DC8B37  Unknown               Unknown  Unknown
libmpi.so.12.0.0   00001511E3DBB3F7  PMPI_Comm_dup         Unknown  Unknown
libmpifort.so.12.  00001511E36F6FEB  pmpi_comm_dup_        Unknown  Unknown
CCTM_v6.exe        00000000004D56C4  se_init_module_mp         166  se_init_module.F
CCTM_v6.exe        0000000001296C73  cmaq_driver_              478  driver.F
CCTM_v6.exe        00000000012963FB  MAIN__                     97  cmaq_main.F
CCTM_v6.exe        000000000041503D  Unknown               Unknown  Unknown
libc.so.6          00001511E2E5158E  Unknown               Unknown  Unknown
libc.so.6          00001511E2E51649  __libc_start_main     Unknown  Unknown
CCTM_v6.exe        0000000000414F55  Unknown               Unknown  Unknown
forrtl: severe (174): SIGSEGV, segmentation fault occurred
Image              PC                Routine            Line        Source             
libc.so.6          00001545DF4681C0  Unknown               Unknown  Unknown
libmpi.so.12.0.0   00001545E020F276  Unknown               Unknown  Unknown
libmpi.so.12.0.0   00001545E042E57B  Unknown               Unknown  Unknown
libmpi.so.12.0.0   00001545E042B9EE  Unknown               Unknown  Unknown
libmpi.so.12.0.0   00001545E016315A  Unknown               Unknown  Unknown
libmpi.so.12.0.0   00001545E0162EAD  Unknown               Unknown  Unknown
libmpi.so.12.0.0   00001545E01CB5D3  Unknown               Unknown  Unknown
libmpi.so.12.0.0   00001545E01CB31F  Unknown               Unknown  Unknown
libmpi.so.12.0.0   00001545E01C8B37  Unknown               Unknown  Unknown
libmpi.so.12.0.0   00001545E01BB3F7  PMPI_Comm_dup         Unknown  Unknown
libmpifort.so.12.  00001545DFAF6FEB  pmpi_comm_dup_        Unknown  Unknown
CCTM_v6.exe        00000000004D56C4  se_init_module_mp         166  se_init_module.F
CCTM_v6.exe        0000000001296C73  cmaq_driver_              478  driver.F
CCTM_v6.exe        00000000012963FB  MAIN__                     97  cmaq_main.F
CCTM_v6.exe        000000000041503D  Unknown               Unknown  Unknown
libc.so.6          00001545DF45158E  Unknown               Unknown  Unknown
libc.so.6          00001545DF451649  __libc_start_main     Unknown  Unknown
CCTM_v6.exe        0000000000414F55  Unknown               Unknown  Unknown
forrtl: severe (174): SIGSEGV, segmentation fault occurred
Image              PC                Routine            Line        Source             
libc.so.6          0000153BAB2681C0  Unknown               Unknown  Unknown
libmpi.so.12.0.0   0000153BAC20F276  Unknown               Unknown  Unknown
libmpi.so.12.0.0   0000153BAC42E57B  Unknown               Unknown  Unknown
libmpi.so.12.0.0   0000153BAC42B9EE  Unknown               Unknown  Unknown
libmpi.so.12.0.0   0000153BAC16315A  Unknown               Unknown  Unknown
libmpi.so.12.0.0   0000153BAC162EAD  Unknown               Unknown  Unknown
libmpi.so.12.0.0   0000153BAC1CB5D3  Unknown               Unknown  Unknown
libmpi.so.12.0.0   0000153BAC1CB31F  Unknown               Unknown  Unknown
libmpi.so.12.0.0   0000153BAC1C8B37  Unknown               Unknown  Unknown
libmpi.so.12.0.0   0000153BAC1BB3F7  PMPI_Comm_dup         Unknown  Unknown
libmpifort.so.12.  0000153BABAF6FEB  pmpi_comm_dup_        Unknown  Unknown
CCTM_v6.exe        00000000004D56C4  se_init_module_mp         166  se_init_module.F
CCTM_v6.exe        0000000001296C73  cmaq_driver_              478  driver.F
CCTM_v6.exe        00000000012963FB  MAIN__                     97  cmaq_main.F
CCTM_v6.exe        000000000041503D  Unknown               Unknown  Unknown
libc.so.6          0000153BAB25158E  Unknown               Unknown  Unknown
libc.so.6          0000153BAB251649  __libc_start_main     Unknown  Unknown
CCTM_v6.exe        0000000000414F55  Unknown               Unknown  Unknown
forrtl: severe (174): SIGSEGV, segmentation fault occurred
Image              PC                Routine            Line        Source             
libc.so.6          000014CF43C681C0  Unknown               Unknown  Unknown
libmpi.so.12.0.0   000014CF44C0F276  Unknown               Unknown  Unknown
libmpi.so.12.0.0   000014CF44E2E57B  Unknown               Unknown  Unknown
libmpi.so.12.0.0   000014CF44E2B9EE  Unknown               Unknown  Unknown
libmpi.so.12.0.0   000014CF44B6315A  Unknown               Unknown  Unknown
libmpi.so.12.0.0   000014CF44B62EAD  Unknown               Unknown  Unknown
libmpi.so.12.0.0   000014CF44BCB5D3  Unknown               Unknown  Unknown
libmpi.so.12.0.0   000014CF44BCB31F  Unknown               Unknown  Unknown
libmpi.so.12.0.0   000014CF44BC8B37  Unknown               Unknown  Unknown
libmpi.so.12.0.0   000014CF44BBB3F7  PMPI_Comm_dup         Unknown  Unknown
libmpifort.so.12.  000014CF444F6FEB  pmpi_comm_dup_        Unknown  Unknown
CCTM_v6.exe        00000000004D56C4  se_init_module_mp         166  se_init_module.F
CCTM_v6.exe        0000000001296C73  cmaq_driver_              478  driver.F
CCTM_v6.exe        00000000012963FB  MAIN__                     97  cmaq_main.F
CCTM_v6.exe        000000000041503D  Unknown               Unknown  Unknown
libc.so.6          000014CF43C5158E  Unknown               Unknown  Unknown
libc.so.6          000014CF43C51649  __libc_start_main     Unknown  Unknown
CCTM_v6.exe        0000000000414F55  Unknown               Unknown  Unknown
forrtl: severe (174): SIGSEGV, segmentation fault occurred
Image              PC                Routine            Line        Source             
libc.so.6          00001513C5A681C0  Unknown               Unknown  Unknown
libmpi.so.12.0.0   00001513C6A0F276  Unknown               Unknown  Unknown
libmpi.so.12.0.0   00001513C6C2E57B  Unknown               Unknown  Unknown
libmpi.so.12.0.0   00001513C6C2B9EE  Unknown               Unknown  Unknown
libmpi.so.12.0.0   00001513C696315A  Unknown               Unknown  Unknown
libmpi.so.12.0.0   00001513C6962EAD  Unknown               Unknown  Unknown
libmpi.so.12.0.0   00001513C69CB5D3  Unknown               Unknown  Unknown
libmpi.so.12.0.0   00001513C69CB31F  Unknown               Unknown  Unknown
libmpi.so.12.0.0   00001513C69C8B37  Unknown               Unknown  Unknown
libmpi.so.12.0.0   00001513C69BB3F7  PMPI_Comm_dup         Unknown  Unknown
libmpifort.so.12.  00001513C62F6FEB  pmpi_comm_dup_        Unknown  Unknown
CCTM_v6.exe        00000000004D56C4  se_init_module_mp         166  se_init_module.F
CCTM_v6.exe        0000000001296C73  cmaq_driver_              478  driver.F
CCTM_v6.exe        00000000012963FB  MAIN__                     97  cmaq_main.F
CCTM_v6.exe        000000000041503D  Unknown               Unknown  Unknown
libc.so.6          00001513C5A5158E  Unknown               Unknown  Unknown
libc.so.6          00001513C5A51649  __libc_start_main     Unknown  Unknown
CCTM_v6.exe        0000000000414F55  Unknown               Unknown  Unknown
forrtl: severe (174): SIGSEGV, segmentation fault occurred
Image              PC                Routine            Line        Source             
libc.so.6          000014CDB68681C0  Unknown               Unknown  Unknown
libmpi.so.12.0.0   000014CDB760F276  Unknown               Unknown  Unknown
libmpi.so.12.0.0   000014CDB782E57B  Unknown               Unknown  Unknown
libmpi.so.12.0.0   000014CDB782B9EE  Unknown               Unknown  Unknown
libmpi.so.12.0.0   000014CDB756315A  Unknown               Unknown  Unknown
libmpi.so.12.0.0   000014CDB7562EAD  Unknown               Unknown  Unknown
libmpi.so.12.0.0   000014CDB75CB5D3  Unknown               Unknown  Unknown
libmpi.so.12.0.0   000014CDB75CB31F  Unknown               Unknown  Unknown
libmpi.so.12.0.0   000014CDB75C8B37  Unknown               Unknown  Unknown
libmpi.so.12.0.0   000014CDB75BB3F7  PMPI_Comm_dup         Unknown  Unknown
libmpifort.so.12.  000014CDB6EF6FEB  pmpi_comm_dup_        Unknown  Unknown
CCTM_v6.exe        00000000004D56C4  se_init_module_mp         166  se_init_module.F
CCTM_v6.exe        0000000001296C73  cmaq_driver_              478  driver.F
CCTM_v6.exe        00000000012963FB  MAIN__                     97  cmaq_main.F
CCTM_v6.exe        000000000041503D  Unknown               Unknown  Unknown
libc.so.6          000014CDB685158E  Unknown               Unknown  Unknown
libc.so.6          000014CDB6851649  __libc_start_main     Unknown  Unknown
CCTM_v6.exe        0000000000414F55  Unknown               Unknown  Unknown
forrtl: severe (174): SIGSEGV, segmentation fault occurred
Image              PC                Routine            Line        Source             
libc.so.6          0000152CB6E681C0  Unknown               Unknown  Unknown
libmpi.so.12.0.0   0000152CB7E0F276  Unknown               Unknown  Unknown
libmpi.so.12.0.0   0000152CB802E57B  Unknown               Unknown  Unknown
libmpi.so.12.0.0   0000152CB802B9EE  Unknown               Unknown  Unknown
libmpi.so.12.0.0   0000152CB7D6315A  Unknown               Unknown  Unknown
libmpi.so.12.0.0   0000152CB7D62EAD  Unknown               Unknown  Unknown
libmpi.so.12.0.0   0000152CB7DCB5D3  Unknown               Unknown  Unknown
libmpi.so.12.0.0   0000152CB7DCB31F  Unknown               Unknown  Unknown
libmpi.so.12.0.0   0000152CB7DC8B37  Unknown               Unknown  Unknown
libmpi.so.12.0.0   0000152CB7DBB3F7  PMPI_Comm_dup         Unknown  Unknown
libmpifort.so.12.  0000152CB76F6FEB  pmpi_comm_dup_        Unknown  Unknown
CCTM_v6.exe        00000000004D56C4  se_init_module_mp         166  se_init_module.F
CCTM_v6.exe        0000000001296C73  cmaq_driver_              478  driver.F
CCTM_v6.exe        00000000012963FB  MAIN__                     97  cmaq_main.F
CCTM_v6.exe        000000000041503D  Unknown               Unknown  Unknown
libc.so.6          0000152CB6E5158E  Unknown               Unknown  Unknown
libc.so.6          0000152CB6E51649  __libc_start_main     Unknown  Unknown
CCTM_v6.exe        0000000000414F55  Unknown               Unknown  Unknown
forrtl: severe (174): SIGSEGV, segmentation fault occurred
Image              PC                Routine            Line        Source             
libc.so.6          0000154771C681C0  Unknown               Unknown  Unknown
libmpi.so.12.0.0   0000154772A0F276  Unknown               Unknown  Unknown
libmpi.so.12.0.0   0000154772C2E57B  Unknown               Unknown  Unknown
libmpi.so.12.0.0   0000154772C2B9EE  Unknown               Unknown  Unknown
libmpi.so.12.0.0   000015477296315A  Unknown               Unknown  Unknown
libmpi.so.12.0.0   0000154772962EAD  Unknown               Unknown  Unknown
libmpi.so.12.0.0   00001547729CB5D3  Unknown               Unknown  Unknown
libmpi.so.12.0.0   00001547729CB31F  Unknown               Unknown  Unknown
libmpi.so.12.0.0   00001547729C8B37  Unknown               Unknown  Unknown
libmpi.so.12.0.0   00001547729BB3F7  PMPI_Comm_dup         Unknown  Unknown
libmpifort.so.12.  00001547722F6FEB  pmpi_comm_dup_        Unknown  Unknown
CCTM_v6.exe        00000000004D56C4  se_init_module_mp         166  se_init_module.F
CCTM_v6.exe        0000000001296C73  cmaq_driver_              478  driver.F
CCTM_v6.exe        00000000012963FB  MAIN__                     97  cmaq_main.F
CCTM_v6.exe        000000000041503D  Unknown               Unknown  Unknown
libc.so.6          0000154771C5158E  Unknown               Unknown  Unknown
libc.so.6          0000154771C51649  __libc_start_main     Unknown  Unknown
CCTM_v6.exe        0000000000414F55  Unknown               Unknown  Unknown
forrtl: severe (174): SIGSEGV, segmentation fault occurred
Image              PC                Routine            Line        Source             
libc.so.6          0000145A57E681C0  Unknown               Unknown  Unknown
libmpi.so.12.0.0   0000145A58E0F276  Unknown               Unknown  Unknown
libmpi.so.12.0.0   0000145A5902E57B  Unknown               Unknown  Unknown
libmpi.so.12.0.0   0000145A5902B9EE  Unknown               Unknown  Unknown
libmpi.so.12.0.0   0000145A58D6315A  Unknown               Unknown  Unknown
libmpi.so.12.0.0   0000145A58D62EAD  Unknown               Unknown  Unknown
libmpi.so.12.0.0   0000145A58DCB5D3  Unknown               Unknown  Unknown
libmpi.so.12.0.0   0000145A58DCB31F  Unknown               Unknown  Unknown
libmpi.so.12.0.0   0000145A58DC8B37  Unknown               Unknown  Unknown
libmpi.so.12.0.0   0000145A58DBB3F7  PMPI_Comm_dup         Unknown  Unknown
libmpifort.so.12.  0000145A586F6FEB  pmpi_comm_dup_        Unknown  Unknown
CCTM_v6.exe        00000000004D56C4  se_init_module_mp         166  se_init_module.F
CCTM_v6.exe        0000000001296C73  cmaq_driver_              478  driver.F
CCTM_v6.exe        00000000012963FB  MAIN__                     97  cmaq_main.F
CCTM_v6.exe        000000000041503D  Unknown               Unknown  Unknown
libc.so.6          0000145A57E5158E  Unknown               Unknown  Unknown
libc.so.6          0000145A57E51649  __libc_start_main     Unknown  Unknown
CCTM_v6.exe        0000000000414F55  Unknown               Unknown  Unknown
forrtl: severe (174): SIGSEGV, segmentation fault occurred
Image              PC                Routine            Line        Source             
libc.so.6          000014EC77A681C0  Unknown               Unknown  Unknown
libmpi.so.12.0.0   000014EC7880F276  Unknown               Unknown  Unknown
libmpi.so.12.0.0   000014EC78A2E57B  Unknown               Unknown  Unknown
libmpi.so.12.0.0   000014EC78A2B9EE  Unknown               Unknown  Unknown
libmpi.so.12.0.0   000014EC7876315A  Unknown               Unknown  Unknown
libmpi.so.12.0.0   000014EC78762EAD  Unknown               Unknown  Unknown
libmpi.so.12.0.0   000014EC787CB5D3  Unknown               Unknown  Unknown
libmpi.so.12.0.0   000014EC787CB31F  Unknown               Unknown  Unknown
libmpi.so.12.0.0   000014EC787C8B37  Unknown               Unknown  Unknown
libmpi.so.12.0.0   000014EC787BB3F7  PMPI_Comm_dup         Unknown  Unknown
libmpifort.so.12.  000014EC780F6FEB  pmpi_comm_dup_        Unknown  Unknown
CCTM_v6.exe        00000000004D56C4  se_init_module_mp         166  se_init_module.F
CCTM_v6.exe        0000000001296C73  cmaq_driver_              478  driver.F
CCTM_v6.exe        00000000012963FB  MAIN__                     97  cmaq_main.F
CCTM_v6.exe        000000000041503D  Unknown               Unknown  Unknown
libc.so.6          000014EC77A5158E  Unknown               Unknown  Unknown
libc.so.6          000014EC77A51649  __libc_start_main     Unknown  Unknown
CCTM_v6.exe        0000000000414F55  Unknown               Unknown  Unknown
forrtl: severe (174): SIGSEGV, segmentation fault occurred
Image              PC                Routine            Line        Source             
libc.so.6          00001456A1C681C0  Unknown               Unknown  Unknown
libmpi.so.12.0.0   00001456A2A0F276  Unknown               Unknown  Unknown
libmpi.so.12.0.0   00001456A2C2E57B  Unknown               Unknown  Unknown
libmpi.so.12.0.0   00001456A2C2B9EE  Unknown               Unknown  Unknown
libmpi.so.12.0.0   00001456A296315A  Unknown               Unknown  Unknown
libmpi.so.12.0.0   00001456A2962EAD  Unknown               Unknown  Unknown
libmpi.so.12.0.0   00001456A29CB5D3  Unknown               Unknown  Unknown
libmpi.so.12.0.0   00001456A29CB31F  Unknown               Unknown  Unknown
libmpi.so.12.0.0   00001456A29C8B37  Unknown               Unknown  Unknown
libmpi.so.12.0.0   00001456A29BB3F7  PMPI_Comm_dup         Unknown  Unknown
libmpifort.so.12.  00001456A22F6FEB  pmpi_comm_dup_        Unknown  Unknown
CCTM_v6.exe        00000000004D56C4  se_init_module_mp         166  se_init_module.F
CCTM_v6.exe        0000000001296C73  cmaq_driver_              478  driver.F
CCTM_v6.exe        00000000012963FB  MAIN__                     97  cmaq_main.F
CCTM_v6.exe        000000000041503D  Unknown               Unknown  Unknown
libc.so.6          00001456A1C5158E  Unknown               Unknown  Unknown
libc.so.6          00001456A1C51649  __libc_start_main     Unknown  Unknown
CCTM_v6.exe        0000000000414F55  Unknown               Unknown  Unknown
forrtl: severe (174): SIGSEGV, segmentation fault occurred
Image              PC                Routine            Line        Source             
libc.so.6          00001545EC2681C0  Unknown               Unknown  Unknown
libmpi.so.12.0.0   00001545ED00F276  Unknown               Unknown  Unknown
libmpi.so.12.0.0   00001545ED22E57B  Unknown               Unknown  Unknown
libmpi.so.12.0.0   00001545ED22B9EE  Unknown               Unknown  Unknown
libmpi.so.12.0.0   00001545ECF6315A  Unknown               Unknown  Unknown
libmpi.so.12.0.0   00001545ECF62EAD  Unknown               Unknown  Unknown
libmpi.so.12.0.0   00001545ECFCB5D3  Unknown               Unknown  Unknown
libmpi.so.12.0.0   00001545ECFCB31F  Unknown               Unknown  Unknown
libmpi.so.12.0.0   00001545ECFC8B37  Unknown               Unknown  Unknown
libmpi.so.12.0.0   00001545ECFBB3F7  PMPI_Comm_dup         Unknown  Unknown
libmpifort.so.12.  00001545EC8F6FEB  pmpi_comm_dup_        Unknown  Unknown
CCTM_v6.exe        00000000004D56C4  se_init_module_mp         166  se_init_module.F
CCTM_v6.exe        0000000001296C73  cmaq_driver_              478  driver.F
CCTM_v6.exe        00000000012963FB  MAIN__                     97  cmaq_main.F
CCTM_v6.exe        000000000041503D  Unknown               Unknown  Unknown
libc.so.6          00001545EC25158E  Unknown               Unknown  Unknown
libc.so.6          00001545EC251649  __libc_start_main     Unknown  Unknown
CCTM_v6.exe        0000000000414F55  Unknown               Unknown  Unknown
forrtl: severe (174): SIGSEGV, segmentation fault occurred
Image              PC                Routine            Line        Source             
libc.so.6          00001529D6E681C0  Unknown               Unknown  Unknown
libmpi.so.12.0.0   00001529D7C0F276  Unknown               Unknown  Unknown
libmpi.so.12.0.0   00001529D7E2E57B  Unknown               Unknown  Unknown
libmpi.so.12.0.0   00001529D7E2B9EE  Unknown               Unknown  Unknown
libmpi.so.12.0.0   00001529D7B6315A  Unknown               Unknown  Unknown
libmpi.so.12.0.0   00001529D7B62EAD  Unknown               Unknown  Unknown
libmpi.so.12.0.0   00001529D7BCB5D3  Unknown               Unknown  Unknown
libmpi.so.12.0.0   00001529D7BCB31F  Unknown               Unknown  Unknown
libmpi.so.12.0.0   00001529D7BC8B37  Unknown               Unknown  Unknown
libmpi.so.12.0.0   00001529D7BBB3F7  PMPI_Comm_dup         Unknown  Unknown
libmpifort.so.12.  00001529D74F6FEB  pmpi_comm_dup_        Unknown  Unknown
CCTM_v6.exe        00000000004D56C4  se_init_module_mp         166  se_init_module.F
CCTM_v6.exe        0000000001296C73  cmaq_driver_              478  driver.F
CCTM_v6.exe        00000000012963FB  MAIN__                     97  cmaq_main.F
CCTM_v6.exe        000000000041503D  Unknown               Unknown  Unknown
libc.so.6          00001529D6E5158E  Unknown               Unknown  Unknown
libc.so.6          00001529D6E51649  __libc_start_main     Unknown  Unknown
CCTM_v6.exe        0000000000414F55  Unknown               Unknown  Unknown
forrtl: severe (174): SIGSEGV, segmentation fault occurred
Image              PC                Routine            Line        Source             
libc.so.6          000014D0170681C0  Unknown               Unknown  Unknown
libmpi.so.12.0.0   000014D01800F276  Unknown               Unknown  Unknown
libmpi.so.12.0.0   000014D01822E57B  Unknown               Unknown  Unknown
libmpi.so.12.0.0   000014D01822B9EE  Unknown               Unknown  Unknown
libmpi.so.12.0.0   000014D017F6315A  Unknown               Unknown  Unknown
libmpi.so.12.0.0   000014D017F62EAD  Unknown               Unknown  Unknown
libmpi.so.12.0.0   000014D017FCB5D3  Unknown               Unknown  Unknown
libmpi.so.12.0.0   000014D017FCB31F  Unknown               Unknown  Unknown
libmpi.so.12.0.0   000014D017FC8B37  Unknown               Unknown  Unknown
libmpi.so.12.0.0   000014D017FBB3F7  PMPI_Comm_dup         Unknown  Unknown
libmpifort.so.12.  000014D0178F6FEB  pmpi_comm_dup_        Unknown  Unknown
CCTM_v6.exe        00000000004D56C4  se_init_module_mp         166  se_init_module.F
CCTM_v6.exe        0000000001296C73  cmaq_driver_              478  driver.F
CCTM_v6.exe        00000000012963FB  MAIN__                     97  cmaq_main.F
CCTM_v6.exe        000000000041503D  Unknown               Unknown  Unknown
libc.so.6          000014D01705158E  Unknown               Unknown  Unknown
libc.so.6          000014D017051649  __libc_start_main     Unknown  Unknown
CCTM_v6.exe        0000000000414F55  Unknown               Unknown  Unknown
forrtl: severe (174): SIGSEGV, segmentation fault occurred
Image              PC                Routine            Line        Source             
libc.so.6          000014D3272681C0  Unknown               Unknown  Unknown
libmpi.so.12.0.0   000014D32800F276  Unknown               Unknown  Unknown
libmpi.so.12.0.0   000014D32822E57B  Unknown               Unknown  Unknown
libmpi.so.12.0.0   000014D32822B9EE  Unknown               Unknown  Unknown
libmpi.so.12.0.0   000014D327F6315A  Unknown               Unknown  Unknown
libmpi.so.12.0.0   000014D327F62EAD  Unknown               Unknown  Unknown
libmpi.so.12.0.0   000014D327FCB5D3  Unknown               Unknown  Unknown
libmpi.so.12.0.0   000014D327FCB31F  Unknown               Unknown  Unknown
libmpi.so.12.0.0   000014D327FC8B37  Unknown               Unknown  Unknown
libmpi.so.12.0.0   000014D327FBB3F7  PMPI_Comm_dup         Unknown  Unknown
libmpifort.so.12.  000014D3278F6FEB  pmpi_comm_dup_        Unknown  Unknown
CCTM_v6.exe        00000000004D56C4  se_init_module_mp         166  se_init_module.F
CCTM_v6.exe        0000000001296C73  cmaq_driver_              478  driver.F
CCTM_v6.exe        00000000012963FB  MAIN__                     97  cmaq_main.F
CCTM_v6.exe        000000000041503D  Unknown               Unknown  Unknown
libc.so.6          000014D32725158E  Unknown               Unknown  Unknown
libc.so.6          000014D327251649  __libc_start_main     Unknown  Unknown
CCTM_v6.exe        0000000000414F55  Unknown               Unknown  Unknown
forrtl: severe (71): integer divide by zero
Image              PC                Routine            Line        Source             
libc.so.6          0000148FDAC681C0  Unknown               Unknown  Unknown
libmpi.so.12.0.0   0000148FDBBFA224  Unknown               Unknown  Unknown
libmpi.so.12.0.0   0000148FDBA08A94  Unknown               Unknown  Unknown
libmpi.so.12.0.0   0000148FDBC2D29B  Unknown               Unknown  Unknown
libmpi.so.12.0.0   0000148FDBC2B9EE  Unknown               Unknown  Unknown
libmpi.so.12.0.0   0000148FDB96315A  Unknown               Unknown  Unknown
libmpi.so.12.0.0   0000148FDB962EAD  Unknown               Unknown  Unknown
libmpi.so.12.0.0   0000148FDB9CB5D3  Unknown               Unknown  Unknown
libmpi.so.12.0.0   0000148FDB9CB31F  Unknown               Unknown  Unknown
libmpi.so.12.0.0   0000148FDB9C8B37  Unknown               Unknown  Unknown
libmpi.so.12.0.0   0000148FDB9BB3F7  PMPI_Comm_dup         Unknown  Unknown
libmpifort.so.12.  0000148FDB2F6FEB  pmpi_comm_dup_        Unknown  Unknown
CCTM_v6.exe        00000000004D56C4  se_init_module_mp         166  se_init_module.F
CCTM_v6.exe        0000000001296C73  cmaq_driver_              478  driver.F
CCTM_v6.exe        00000000012963FB  MAIN__                     97  cmaq_main.F
CCTM_v6.exe        000000000041503D  Unknown               Unknown  Unknown
libc.so.6          0000148FDAC5158E  Unknown               Unknown  Unknown
libc.so.6          0000148FDAC51649  __libc_start_main     Unknown  Unknown
CCTM_v6.exe        0000000000414F55  Unknown               Unknown  Unknown
forrtl: severe (174): SIGSEGV, segmentation fault occurred
Image              PC                Routine            Line        Source             
libc.so.6          000014A36D8681C0  Unknown               Unknown  Unknown
libmpi.so.12.0.0   000014A36E60F276  Unknown               Unknown  Unknown
libmpi.so.12.0.0   000014A36E82E57B  Unknown               Unknown  Unknown
libmpi.so.12.0.0   000014A36E82B9EE  Unknown               Unknown  Unknown
libmpi.so.12.0.0   000014A36E56315A  Unknown               Unknown  Unknown
libmpi.so.12.0.0   000014A36E562EAD  Unknown               Unknown  Unknown
libmpi.so.12.0.0   000014A36E5CB5D3  Unknown               Unknown  Unknown
libmpi.so.12.0.0   000014A36E5CB31F  Unknown               Unknown  Unknown
libmpi.so.12.0.0   000014A36E5C8B37  Unknown               Unknown  Unknown
libmpi.so.12.0.0   000014A36E5BB3F7  PMPI_Comm_dup         Unknown  Unknown
libmpifort.so.12.  000014A36DEF6FEB  pmpi_comm_dup_        Unknown  Unknown
CCTM_v6.exe        00000000004D56C4  se_init_module_mp         166  se_init_module.F
CCTM_v6.exe        0000000001296C73  cmaq_driver_              478  driver.F
CCTM_v6.exe        00000000012963FB  MAIN__                     97  cmaq_main.F
CCTM_v6.exe        000000000041503D  Unknown               Unknown  Unknown
libc.so.6          000014A36D85158E  Unknown               Unknown  Unknown
libc.so.6          000014A36D851649  __libc_start_main     Unknown  Unknown
CCTM_v6.exe        0000000000414F55  Unknown               Unknown  Unknown
forrtl: severe (174): SIGSEGV, segmentation fault occurred
Image              PC                Routine            Line        Source             
libc.so.6          0000153EFB8681C0  Unknown               Unknown  Unknown
libmpi.so.12.0.0   0000153EFC60F276  Unknown               Unknown  Unknown
libmpi.so.12.0.0   0000153EFC82E57B  Unknown               Unknown  Unknown
libmpi.so.12.0.0   0000153EFC82B9EE  Unknown               Unknown  Unknown
libmpi.so.12.0.0   0000153EFC56315A  Unknown               Unknown  Unknown
libmpi.so.12.0.0   0000153EFC562EAD  Unknown               Unknown  Unknown
libmpi.so.12.0.0   0000153EFC5CB5D3  Unknown               Unknown  Unknown
libmpi.so.12.0.0   0000153EFC5CB31F  Unknown               Unknown  Unknown
libmpi.so.12.0.0   0000153EFC5C8B37  Unknown               Unknown  Unknown
libmpi.so.12.0.0   0000153EFC5BB3F7  PMPI_Comm_dup         Unknown  Unknown
libmpifort.so.12.  0000153EFBEF6FEB  pmpi_comm_dup_        Unknown  Unknown
CCTM_v6.exe        00000000004D56C4  se_init_module_mp         166  se_init_module.F
CCTM_v6.exe        0000000001296C73  cmaq_driver_              478  driver.F
CCTM_v6.exe        00000000012963FB  MAIN__                     97  cmaq_main.F
CCTM_v6.exe        000000000041503D  Unknown               Unknown  Unknown
libc.so.6          0000153EFB85158E  Unknown               Unknown  Unknown
libc.so.6          0000153EFB851649  __libc_start_main     Unknown  Unknown
CCTM_v6.exe        0000000000414F55  Unknown               Unknown  Unknown
forrtl: severe (174): SIGSEGV, segmentation fault occurred
Image              PC                Routine            Line        Source             
libc.so.6          000014D401A681C0  Unknown               Unknown  Unknown
libmpi.so.12.0.0   000014D40280F276  Unknown               Unknown  Unknown
libmpi.so.12.0.0   000014D402A2E57B  Unknown               Unknown  Unknown
libmpi.so.12.0.0   000014D402A2B9EE  Unknown               Unknown  Unknown
libmpi.so.12.0.0   000014D40276315A  Unknown               Unknown  Unknown
libmpi.so.12.0.0   000014D402762EAD  Unknown               Unknown  Unknown
libmpi.so.12.0.0   000014D4027CB5D3  Unknown               Unknown  Unknown
libmpi.so.12.0.0   000014D4027CB31F  Unknown               Unknown  Unknown
libmpi.so.12.0.0   000014D4027C8B37  Unknown               Unknown  Unknown
libmpi.so.12.0.0   000014D4027BB3F7  PMPI_Comm_dup         Unknown  Unknown
libmpifort.so.12.  000014D4020F6FEB  pmpi_comm_dup_        Unknown  Unknown
CCTM_v6.exe        00000000004D56C4  se_init_module_mp         166  se_init_module.F
CCTM_v6.exe        0000000001296C73  cmaq_driver_              478  driver.F
CCTM_v6.exe        00000000012963FB  MAIN__                     97  cmaq_main.F
CCTM_v6.exe        000000000041503D  Unknown               Unknown  Unknown
libc.so.6          000014D401A5158E  Unknown               Unknown  Unknown
libc.so.6          000014D401A51649  __libc_start_main     Unknown  Unknown
CCTM_v6.exe        0000000000414F55  Unknown               Unknown  Unknown
forrtl: severe (174): SIGSEGV, segmentation fault occurred
Image              PC                Routine            Line        Source             
libc.so.6          0000151172C681C0  Unknown               Unknown  Unknown
libmpi.so.12.0.0   0000151173A0F276  Unknown               Unknown  Unknown
libmpi.so.12.0.0   0000151173C2E57B  Unknown               Unknown  Unknown
libmpi.so.12.0.0   0000151173C2B9EE  Unknown               Unknown  Unknown
libmpi.so.12.0.0   000015117396315A  Unknown               Unknown  Unknown
libmpi.so.12.0.0   0000151173962EAD  Unknown               Unknown  Unknown
libmpi.so.12.0.0   00001511739CB5D3  Unknown               Unknown  Unknown
libmpi.so.12.0.0   00001511739CB31F  Unknown               Unknown  Unknown
libmpi.so.12.0.0   00001511739C8B37  Unknown               Unknown  Unknown
libmpi.so.12.0.0   00001511739BB3F7  PMPI_Comm_dup         Unknown  Unknown
libmpifort.so.12.  00001511732F6FEB  pmpi_comm_dup_        Unknown  Unknown
CCTM_v6.exe        00000000004D56C4  se_init_module_mp         166  se_init_module.F
CCTM_v6.exe        0000000001296C73  cmaq_driver_              478  driver.F
CCTM_v6.exe        00000000012963FB  MAIN__                     97  cmaq_main.F
CCTM_v6.exe        000000000041503D  Unknown               Unknown  Unknown
libc.so.6          0000151172C5158E  Unknown               Unknown  Unknown
libc.so.6          0000151172C51649  __libc_start_main     Unknown  Unknown
CCTM_v6.exe        0000000000414F55  Unknown               Unknown  Unknown
forrtl: severe (174): SIGSEGV, segmentation fault occurred
Image              PC                Routine            Line        Source             
libc.so.6          000014A2BF4681C0  Unknown               Unknown  Unknown
libmpi.so.12.0.0   000014A2C020F276  Unknown               Unknown  Unknown
libmpi.so.12.0.0   000014A2C042E57B  Unknown               Unknown  Unknown
libmpi.so.12.0.0   000014A2C042B9EE  Unknown               Unknown  Unknown
libmpi.so.12.0.0   000014A2C016315A  Unknown               Unknown  Unknown
libmpi.so.12.0.0   000014A2C0162EAD  Unknown               Unknown  Unknown
libmpi.so.12.0.0   000014A2C01CB5D3  Unknown               Unknown  Unknown
libmpi.so.12.0.0   000014A2C01CB31F  Unknown               Unknown  Unknown
libmpi.so.12.0.0   000014A2C01C8B37  Unknown               Unknown  Unknown
libmpi.so.12.0.0   000014A2C01BB3F7  PMPI_Comm_dup         Unknown  Unknown
libmpifort.so.12.  000014A2BFAF6FEB  pmpi_comm_dup_        Unknown  Unknown
CCTM_v6.exe        00000000004D56C4  se_init_module_mp         166  se_init_module.F
CCTM_v6.exe        0000000001296C73  cmaq_driver_              478  driver.F
CCTM_v6.exe        00000000012963FB  MAIN__                     97  cmaq_main.F
CCTM_v6.exe        000000000041503D  Unknown               Unknown  Unknown
libc.so.6          000014A2BF45158E  Unknown               Unknown  Unknown
libc.so.6          000014A2BF451649  __libc_start_main     Unknown  Unknown
CCTM_v6.exe        0000000000414F55  Unknown               Unknown  Unknown
forrtl: severe (174): SIGSEGV, segmentation fault occurred
Image              PC                Routine            Line        Source             
libc.so.6          00001494C64681C0  Unknown               Unknown  Unknown
libmpi.so.12.0.0   00001494C720F276  Unknown               Unknown  Unknown
libmpi.so.12.0.0   00001494C742E57B  Unknown               Unknown  Unknown
libmpi.so.12.0.0   00001494C742B9EE  Unknown               Unknown  Unknown
libmpi.so.12.0.0   00001494C716315A  Unknown               Unknown  Unknown
libmpi.so.12.0.0   00001494C7162EAD  Unknown               Unknown  Unknown
libmpi.so.12.0.0   00001494C71CB5D3  Unknown               Unknown  Unknown
libmpi.so.12.0.0   00001494C71CB31F  Unknown               Unknown  Unknown
libmpi.so.12.0.0   00001494C71C8B37  Unknown               Unknown  Unknown
libmpi.so.12.0.0   00001494C71BB3F7  PMPI_Comm_dup         Unknown  Unknown
libmpifort.so.12.  00001494C6AF6FEB  pmpi_comm_dup_        Unknown  Unknown
CCTM_v6.exe        00000000004D56C4  se_init_module_mp         166  se_init_module.F
CCTM_v6.exe        0000000001296C73  cmaq_driver_              478  driver.F
CCTM_v6.exe        00000000012963FB  MAIN__                     97  cmaq_main.F
CCTM_v6.exe        000000000041503D  Unknown               Unknown  Unknown
libc.so.6          00001494C645158E  Unknown               Unknown  Unknown
libc.so.6          00001494C6451649  __libc_start_main     Unknown  Unknown
CCTM_v6.exe        0000000000414F55  Unknown               Unknown  Unknown
forrtl: severe (174): SIGSEGV, segmentation fault occurred
Image              PC                Routine            Line        Source             
libc.so.6          0000149C278681C0  Unknown               Unknown  Unknown
libmpi.so.12.0.0   0000149C2880F276  Unknown               Unknown  Unknown
libmpi.so.12.0.0   0000149C28A2E57B  Unknown               Unknown  Unknown
libmpi.so.12.0.0   0000149C28A2B9EE  Unknown               Unknown  Unknown
libmpi.so.12.0.0   0000149C2876315A  Unknown               Unknown  Unknown
libmpi.so.12.0.0   0000149C28762EAD  Unknown               Unknown  Unknown
libmpi.so.12.0.0   0000149C287CB5D3  Unknown               Unknown  Unknown
libmpi.so.12.0.0   0000149C287CB31F  Unknown               Unknown  Unknown
libmpi.so.12.0.0   0000149C287C8B37  Unknown               Unknown  Unknown
libmpi.so.12.0.0   0000149C287BB3F7  PMPI_Comm_dup         Unknown  Unknown
libmpifort.so.12.  0000149C280F6FEB  pmpi_comm_dup_        Unknown  Unknown
CCTM_v6.exe        00000000004D56C4  se_init_module_mp         166  se_init_module.F
CCTM_v6.exe        0000000001296C73  cmaq_driver_              478  driver.F
CCTM_v6.exe        00000000012963FB  MAIN__                     97  cmaq_main.F
CCTM_v6.exe        000000000041503D  Unknown               Unknown  Unknown
libc.so.6          0000149C2785158E  Unknown               Unknown  Unknown
libc.so.6          0000149C27851649  __libc_start_main     Unknown  Unknown
CCTM_v6.exe        0000000000414F55  Unknown               Unknown  Unknown
forrtl: severe (174): SIGSEGV, segmentation fault occurred
Image              PC                Routine            Line        Source             
libc.so.6          000015341CA681C0  Unknown               Unknown  Unknown
libmpi.so.12.0.0   000015341D80F276  Unknown               Unknown  Unknown
libmpi.so.12.0.0   000015341DA2E57B  Unknown               Unknown  Unknown
libmpi.so.12.0.0   000015341DA2B9EE  Unknown               Unknown  Unknown
libmpi.so.12.0.0   000015341D76315A  Unknown               Unknown  Unknown
libmpi.so.12.0.0   000015341D762EAD  Unknown               Unknown  Unknown
libmpi.so.12.0.0   000015341D7CB5D3  Unknown               Unknown  Unknown
libmpi.so.12.0.0   000015341D7CB31F  Unknown               Unknown  Unknown
libmpi.so.12.0.0   000015341D7C8B37  Unknown               Unknown  Unknown
libmpi.so.12.0.0   000015341D7BB3F7  PMPI_Comm_dup         Unknown  Unknown
libmpifort.so.12.  000015341D0F6FEB  pmpi_comm_dup_        Unknown  Unknown
CCTM_v6.exe        00000000004D56C4  se_init_module_mp         166  se_init_module.F
CCTM_v6.exe        0000000001296C73  cmaq_driver_              478  driver.F
CCTM_v6.exe        00000000012963FB  MAIN__                     97  cmaq_main.F
CCTM_v6.exe        000000000041503D  Unknown               Unknown  Unknown
libc.so.6          000015341CA5158E  Unknown               Unknown  Unknown
libc.so.6          000015341CA51649  __libc_start_main     Unknown  Unknown
CCTM_v6.exe        0000000000414F55  Unknown               Unknown  Unknown
forrtl: severe (174): SIGSEGV, segmentation fault occurred
Image              PC                Routine            Line        Source             
libc.so.6          000014E9D2A681C0  Unknown               Unknown  Unknown
libmpi.so.12.0.0   000014E9D380F276  Unknown               Unknown  Unknown
libmpi.so.12.0.0   000014E9D3A2E57B  Unknown               Unknown  Unknown
libmpi.so.12.0.0   000014E9D3A2B9EE  Unknown               Unknown  Unknown
libmpi.so.12.0.0   000014E9D376315A  Unknown               Unknown  Unknown
libmpi.so.12.0.0   000014E9D3762EAD  Unknown               Unknown  Unknown
libmpi.so.12.0.0   000014E9D37CB5D3  Unknown               Unknown  Unknown
libmpi.so.12.0.0   000014E9D37CB31F  Unknown               Unknown  Unknown
libmpi.so.12.0.0   000014E9D37C8B37  Unknown               Unknown  Unknown
libmpi.so.12.0.0   000014E9D37BB3F7  PMPI_Comm_dup         Unknown  Unknown
libmpifort.so.12.  000014E9D30F6FEB  pmpi_comm_dup_        Unknown  Unknown
CCTM_v6.exe        00000000004D56C4  se_init_module_mp         166  se_init_module.F
CCTM_v6.exe        0000000001296C73  cmaq_driver_              478  driver.F
CCTM_v6.exe        00000000012963FB  MAIN__                     97  cmaq_main.F
CCTM_v6.exe        000000000041503D  Unknown               Unknown  Unknown
libc.so.6          000014E9D2A5158E  Unknown               Unknown  Unknown
libc.so.6          000014E9D2A51649  __libc_start_main     Unknown  Unknown
CCTM_v6.exe        0000000000414F55  Unknown               Unknown  Unknown
forrtl: severe (174): SIGSEGV, segmentation fault occurred
Image              PC                Routine            Line        Source             
libc.so.6          0000146D24C681C0  Unknown               Unknown  Unknown
libmpi.so.12.0.0   0000146D25C0F276  Unknown               Unknown  Unknown
libmpi.so.12.0.0   0000146D25E2E57B  Unknown               Unknown  Unknown
libmpi.so.12.0.0   0000146D25E2B9EE  Unknown               Unknown  Unknown
libmpi.so.12.0.0   0000146D25B6315A  Unknown               Unknown  Unknown
libmpi.so.12.0.0   0000146D25B62EAD  Unknown               Unknown  Unknown
libmpi.so.12.0.0   0000146D25BCB5D3  Unknown               Unknown  Unknown
libmpi.so.12.0.0   0000146D25BCB31F  Unknown               Unknown  Unknown
libmpi.so.12.0.0   0000146D25BC8B37  Unknown               Unknown  Unknown
libmpi.so.12.0.0   0000146D25BBB3F7  PMPI_Comm_dup         Unknown  Unknown
libmpifort.so.12.  0000146D254F6FEB  pmpi_comm_dup_        Unknown  Unknown
CCTM_v6.exe        00000000004D56C4  se_init_module_mp         166  se_init_module.F
CCTM_v6.exe        0000000001296C73  cmaq_driver_              478  driver.F
CCTM_v6.exe        00000000012963FB  MAIN__                     97  cmaq_main.F
CCTM_v6.exe        000000000041503D  Unknown               Unknown  Unknown
libc.so.6          0000146D24C5158E  Unknown               Unknown  Unknown
libc.so.6          0000146D24C51649  __libc_start_main     Unknown  Unknown
CCTM_v6.exe        0000000000414F55  Unknown               Unknown  Unknown
forrtl: severe (174): SIGSEGV, segmentation fault occurred
Image              PC                Routine            Line        Source             
libc.so.6          000014FEB72681C0  Unknown               Unknown  Unknown
libmpi.so.12.0.0   000014FEB800F276  Unknown               Unknown  Unknown
libmpi.so.12.0.0   000014FEB822E57B  Unknown               Unknown  Unknown
libmpi.so.12.0.0   000014FEB822B9EE  Unknown               Unknown  Unknown
libmpi.so.12.0.0   000014FEB7F6315A  Unknown               Unknown  Unknown
libmpi.so.12.0.0   000014FEB7F62EAD  Unknown               Unknown  Unknown
libmpi.so.12.0.0   000014FEB7FCB5D3  Unknown               Unknown  Unknown
libmpi.so.12.0.0   000014FEB7FCB31F  Unknown               Unknown  Unknown
libmpi.so.12.0.0   000014FEB7FC8B37  Unknown               Unknown  Unknown
libmpi.so.12.0.0   000014FEB7FBB3F7  PMPI_Comm_dup         Unknown  Unknown
libmpifort.so.12.  000014FEB78F6FEB  pmpi_comm_dup_        Unknown  Unknown
CCTM_v6.exe        00000000004D56C4  se_init_module_mp         166  se_init_module.F
CCTM_v6.exe        0000000001296C73  cmaq_driver_              478  driver.F
CCTM_v6.exe        00000000012963FB  MAIN__                     97  cmaq_main.F
CCTM_v6.exe        000000000041503D  Unknown               Unknown  Unknown
libc.so.6          000014FEB725158E  Unknown               Unknown  Unknown
libc.so.6          000014FEB7251649  __libc_start_main     Unknown  Unknown
CCTM_v6.exe        0000000000414F55  Unknown               Unknown  Unknown
forrtl: severe (71): integer divide by zero
Image              PC                Routine            Line        Source             
libc.so.6          00001518D68681C0  Unknown               Unknown  Unknown
libmpi.so.12.0.0   00001518D79FA224  Unknown               Unknown  Unknown
libmpi.so.12.0.0   00001518D7808A94  Unknown               Unknown  Unknown
libmpi.so.12.0.0   00001518D7A2D29B  Unknown               Unknown  Unknown
libmpi.so.12.0.0   00001518D7A2B9EE  Unknown               Unknown  Unknown
libmpi.so.12.0.0   00001518D776315A  Unknown               Unknown  Unknown
libmpi.so.12.0.0   00001518D7762EAD  Unknown               Unknown  Unknown
libmpi.so.12.0.0   00001518D77CB5D3  Unknown               Unknown  Unknown
libmpi.so.12.0.0   00001518D77CB31F  Unknown               Unknown  Unknown
libmpi.so.12.0.0   00001518D77C8B37  Unknown               Unknown  Unknown
libmpi.so.12.0.0   00001518D77BB3F7  PMPI_Comm_dup         Unknown  Unknown
libmpifort.so.12.  00001518D70F6FEB  pmpi_comm_dup_        Unknown  Unknown
CCTM_v6.exe        00000000004D56C4  se_init_module_mp         166  se_init_module.F
CCTM_v6.exe        0000000001296C73  cmaq_driver_              478  driver.F
CCTM_v6.exe        00000000012963FB  MAIN__                     97  cmaq_main.F
CCTM_v6.exe        000000000041503D  Unknown               Unknown  Unknown
libc.so.6          00001518D685158E  Unknown               Unknown  Unknown
libc.so.6          00001518D6851649  __libc_start_main     Unknown  Unknown
CCTM_v6.exe        0000000000414F55  Unknown               Unknown  Unknown
forrtl: severe (174): SIGSEGV, segmentation fault occurred
Image              PC                Routine            Line        Source             
libc.so.6          0000152BCCE681C0  Unknown               Unknown  Unknown
libmpi.so.12.0.0   0000152BCDC0F276  Unknown               Unknown  Unknown
libmpi.so.12.0.0   0000152BCDE2E57B  Unknown               Unknown  Unknown
libmpi.so.12.0.0   0000152BCDE2B9EE  Unknown               Unknown  Unknown
libmpi.so.12.0.0   0000152BCDB6315A  Unknown               Unknown  Unknown
libmpi.so.12.0.0   0000152BCDB62EAD  Unknown               Unknown  Unknown
libmpi.so.12.0.0   0000152BCDBCB5D3  Unknown               Unknown  Unknown
libmpi.so.12.0.0   0000152BCDBCB31F  Unknown               Unknown  Unknown
libmpi.so.12.0.0   0000152BCDBC8B37  Unknown               Unknown  Unknown
libmpi.so.12.0.0   0000152BCDBBB3F7  PMPI_Comm_dup         Unknown  Unknown
libmpifort.so.12.  0000152BCD4F6FEB  pmpi_comm_dup_        Unknown  Unknown
CCTM_v6.exe        00000000004D56C4  se_init_module_mp         166  se_init_module.F
CCTM_v6.exe        0000000001296C73  cmaq_driver_              478  driver.F
CCTM_v6.exe        00000000012963FB  MAIN__                     97  cmaq_main.F
CCTM_v6.exe        000000000041503D  Unknown               Unknown  Unknown
libc.so.6          0000152BCCE5158E  Unknown               Unknown  Unknown
libc.so.6          0000152BCCE51649  __libc_start_main     Unknown  Unknown
CCTM_v6.exe        0000000000414F55  Unknown               Unknown  Unknown
forrtl: severe (174): SIGSEGV, segmentation fault occurred
Image              PC                Routine            Line        Source             
libc.so.6          00001554542681C0  Unknown               Unknown  Unknown
libmpi.so.12.0.0   000015545520F276  Unknown               Unknown  Unknown
libmpi.so.12.0.0   000015545542E57B  Unknown               Unknown  Unknown
libmpi.so.12.0.0   000015545542B9EE  Unknown               Unknown  Unknown
libmpi.so.12.0.0   000015545516315A  Unknown               Unknown  Unknown
libmpi.so.12.0.0   0000155455162EAD  Unknown               Unknown  Unknown
libmpi.so.12.0.0   00001554551CB5D3  Unknown               Unknown  Unknown
libmpi.so.12.0.0   00001554551CB31F  Unknown               Unknown  Unknown
libmpi.so.12.0.0   00001554551C8B37  Unknown               Unknown  Unknown
libmpi.so.12.0.0   00001554551BB3F7  PMPI_Comm_dup         Unknown  Unknown
libmpifort.so.12.  0000155454AF6FEB  pmpi_comm_dup_        Unknown  Unknown
CCTM_v6.exe        00000000004D56C4  se_init_module_mp         166  se_init_module.F
CCTM_v6.exe        0000000001296C73  cmaq_driver_              478  driver.F
CCTM_v6.exe        00000000012963FB  MAIN__                     97  cmaq_main.F
CCTM_v6.exe        000000000041503D  Unknown               Unknown  Unknown
libc.so.6          000015545425158E  Unknown               Unknown  Unknown
libc.so.6          0000155454251649  __libc_start_main     Unknown  Unknown
CCTM_v6.exe        0000000000414F55  Unknown               Unknown  Unknown
forrtl: severe (71): integer divide by zero
Image              PC                Routine            Line        Source             
libc.so.6          000015487B8681C0  Unknown               Unknown  Unknown
libmpi.so.12.0.0   000015487C7FA224  Unknown               Unknown  Unknown
libmpi.so.12.0.0   000015487C608A94  Unknown               Unknown  Unknown
libmpi.so.12.0.0   000015487C82D29B  Unknown               Unknown  Unknown
libmpi.so.12.0.0   000015487C82B9EE  Unknown               Unknown  Unknown
libmpi.so.12.0.0   000015487C56315A  Unknown               Unknown  Unknown
libmpi.so.12.0.0   000015487C562EAD  Unknown               Unknown  Unknown
libmpi.so.12.0.0   000015487C5CB5D3  Unknown               Unknown  Unknown
libmpi.so.12.0.0   000015487C5CB31F  Unknown               Unknown  Unknown
libmpi.so.12.0.0   000015487C5C8B37  Unknown               Unknown  Unknown
libmpi.so.12.0.0   000015487C5BB3F7  PMPI_Comm_dup         Unknown  Unknown
libmpifort.so.12.  000015487BEF6FEB  pmpi_comm_dup_        Unknown  Unknown
CCTM_v6.exe        00000000004D56C4  se_init_module_mp         166  se_init_module.F
CCTM_v6.exe        0000000001296C73  cmaq_driver_              478  driver.F
CCTM_v6.exe        00000000012963FB  MAIN__                     97  cmaq_main.F
CCTM_v6.exe        000000000041503D  Unknown               Unknown  Unknown
libc.so.6          000015487B85158E  Unknown               Unknown  Unknown
libc.so.6          000015487B851649  __libc_start_main     Unknown  Unknown
CCTM_v6.exe        0000000000414F55  Unknown               Unknown  Unknown
forrtl: severe (71): integer divide by zero
Image              PC                Routine            Line        Source             
libc.so.6          000014A04D8681C0  Unknown               Unknown  Unknown
libmpi.so.12.0.0   000014A04E7FA224  Unknown               Unknown  Unknown
libmpi.so.12.0.0   000014A04E608A94  Unknown               Unknown  Unknown
libmpi.so.12.0.0   000014A04E82D29B  Unknown               Unknown  Unknown
libmpi.so.12.0.0   000014A04E82B9EE  Unknown               Unknown  Unknown
libmpi.so.12.0.0   000014A04E56315A  Unknown               Unknown  Unknown
libmpi.so.12.0.0   000014A04E562EAD  Unknown               Unknown  Unknown
libmpi.so.12.0.0   000014A04E5CB5D3  Unknown               Unknown  Unknown
libmpi.so.12.0.0   000014A04E5CB31F  Unknown               Unknown  Unknown
libmpi.so.12.0.0   000014A04E5C8B37  Unknown               Unknown  Unknown
libmpi.so.12.0.0   000014A04E5BB3F7  PMPI_Comm_dup         Unknown  Unknown
libmpifort.so.12.  000014A04DEF6FEB  pmpi_comm_dup_        Unknown  Unknown
CCTM_v6.exe        00000000004D56C4  se_init_module_mp         166  se_init_module.F
CCTM_v6.exe        0000000001296C73  cmaq_driver_              478  driver.F
CCTM_v6.exe        00000000012963FB  MAIN__                     97  cmaq_main.F
CCTM_v6.exe        000000000041503D  Unknown               Unknown  Unknown
libc.so.6          000014A04D85158E  Unknown               Unknown  Unknown
libc.so.6          000014A04D851649  __libc_start_main     Unknown  Unknown
CCTM_v6.exe        0000000000414F55  Unknown               Unknown  Unknown
forrtl: severe (71): integer divide by zero
Image              PC                Routine            Line        Source             
libc.so.6          0000147492A681C0  Unknown               Unknown  Unknown
libmpi.so.12.0.0   00001474939FA224  Unknown               Unknown  Unknown
libmpi.so.12.0.0   0000147493808A94  Unknown               Unknown  Unknown
libmpi.so.12.0.0   0000147493A2D29B  Unknown               Unknown  Unknown
libmpi.so.12.0.0   0000147493A2B9EE  Unknown               Unknown  Unknown
libmpi.so.12.0.0   000014749376315A  Unknown               Unknown  Unknown
libmpi.so.12.0.0   0000147493762EAD  Unknown               Unknown  Unknown
libmpi.so.12.0.0   00001474937CB5D3  Unknown               Unknown  Unknown
libmpi.so.12.0.0   00001474937CB31F  Unknown               Unknown  Unknown
libmpi.so.12.0.0   00001474937C8B37  Unknown               Unknown  Unknown
libmpi.so.12.0.0   00001474937BB3F7  PMPI_Comm_dup         Unknown  Unknown
libmpifort.so.12.  00001474930F6FEB  pmpi_comm_dup_        Unknown  Unknown
CCTM_v6.exe        00000000004D56C4  se_init_module_mp         166  se_init_module.F
CCTM_v6.exe        0000000001296C73  cmaq_driver_              478  driver.F
CCTM_v6.exe        00000000012963FB  MAIN__                     97  cmaq_main.F
CCTM_v6.exe        000000000041503D  Unknown               Unknown  Unknown
libc.so.6          0000147492A5158E  Unknown               Unknown  Unknown
libc.so.6          0000147492A51649  __libc_start_main     Unknown  Unknown
CCTM_v6.exe        0000000000414F55  Unknown               Unknown  Unknown
forrtl: severe (71): integer divide by zero
Image              PC                Routine            Line        Source             
libc.so.6          00001542016681C0  Unknown               Unknown  Unknown
libmpi.so.12.0.0   00001542027FA224  Unknown               Unknown  Unknown
libmpi.so.12.0.0   0000154202608A94  Unknown               Unknown  Unknown
libmpi.so.12.0.0   000015420282D29B  Unknown               Unknown  Unknown
libmpi.so.12.0.0   000015420282B9EE  Unknown               Unknown  Unknown
libmpi.so.12.0.0   000015420256315A  Unknown               Unknown  Unknown
libmpi.so.12.0.0   0000154202562EAD  Unknown               Unknown  Unknown
libmpi.so.12.0.0   00001542025CB5D3  Unknown               Unknown  Unknown
libmpi.so.12.0.0   00001542025CB31F  Unknown               Unknown  Unknown
libmpi.so.12.0.0   00001542025C8B37  Unknown               Unknown  Unknown
libmpi.so.12.0.0   00001542025BB3F7  PMPI_Comm_dup         Unknown  Unknown
libmpifort.so.12.  0000154201EF6FEB  pmpi_comm_dup_        Unknown  Unknown
CCTM_v6.exe        00000000004D56C4  se_init_module_mp         166  se_init_module.F
CCTM_v6.exe        0000000001296C73  cmaq_driver_              478  driver.F
CCTM_v6.exe        00000000012963FB  MAIN__                     97  cmaq_main.F
CCTM_v6.exe        000000000041503D  Unknown               Unknown  Unknown
libc.so.6          000015420165158E  Unknown               Unknown  Unknown
libc.so.6          0000154201651649  __libc_start_main     Unknown  Unknown
CCTM_v6.exe        0000000000414F55  Unknown               Unknown  Unknown
forrtl: severe (71): integer divide by zero
Image              PC                Routine            Line        Source             
libc.so.6          000015446DE681C0  Unknown               Unknown  Unknown
libmpi.so.12.0.0   000015446EFFA224  Unknown               Unknown  Unknown
libmpi.so.12.0.0   000015446EE08A94  Unknown               Unknown  Unknown
libmpi.so.12.0.0   000015446F02D29B  Unknown               Unknown  Unknown
libmpi.so.12.0.0   000015446F02B9EE  Unknown               Unknown  Unknown
libmpi.so.12.0.0   000015446ED6315A  Unknown               Unknown  Unknown
libmpi.so.12.0.0   000015446ED62EAD  Unknown               Unknown  Unknown
libmpi.so.12.0.0   000015446EDCB5D3  Unknown               Unknown  Unknown
libmpi.so.12.0.0   000015446EDCB31F  Unknown               Unknown  Unknown
libmpi.so.12.0.0   000015446EDC8B37  Unknown               Unknown  Unknown
libmpi.so.12.0.0   000015446EDBB3F7  PMPI_Comm_dup         Unknown  Unknown
libmpifort.so.12.  000015446E6F6FEB  pmpi_comm_dup_        Unknown  Unknown
CCTM_v6.exe        00000000004D56C4  se_init_module_mp         166  se_init_module.F
CCTM_v6.exe        0000000001296C73  cmaq_driver_              478  driver.F
CCTM_v6.exe        00000000012963FB  MAIN__                     97  cmaq_main.F
CCTM_v6.exe        000000000041503D  Unknown               Unknown  Unknown
libc.so.6          000015446DE5158E  Unknown               Unknown  Unknown
libc.so.6          000015446DE51649  __libc_start_main     Unknown  Unknown
CCTM_v6.exe        0000000000414F55  Unknown               Unknown  Unknown
forrtl: severe (71): integer divide by zero
Image              PC                Routine            Line        Source             
libc.so.6          00001504DF4681C0  Unknown               Unknown  Unknown
libmpi.so.12.0.0   00001504E05FA224  Unknown               Unknown  Unknown
libmpi.so.12.0.0   00001504E0408A94  Unknown               Unknown  Unknown
libmpi.so.12.0.0   00001504E062D29B  Unknown               Unknown  Unknown
libmpi.so.12.0.0   00001504E062B9EE  Unknown               Unknown  Unknown
libmpi.so.12.0.0   00001504E036315A  Unknown               Unknown  Unknown
libmpi.so.12.0.0   00001504E0362EAD  Unknown               Unknown  Unknown
libmpi.so.12.0.0   00001504E03CB5D3  Unknown               Unknown  Unknown
libmpi.so.12.0.0   00001504E03CB31F  Unknown               Unknown  Unknown
libmpi.so.12.0.0   00001504E03C8B37  Unknown               Unknown  Unknown
libmpi.so.12.0.0   00001504E03BB3F7  PMPI_Comm_dup         Unknown  Unknown
libmpifort.so.12.  00001504DFCF6FEB  pmpi_comm_dup_        Unknown  Unknown
CCTM_v6.exe        00000000004D56C4  se_init_module_mp         166  se_init_module.F
CCTM_v6.exe        0000000001296C73  cmaq_driver_              478  driver.F
CCTM_v6.exe        00000000012963FB  MAIN__                     97  cmaq_main.F
CCTM_v6.exe        000000000041503D  Unknown               Unknown  Unknown
libc.so.6          00001504DF45158E  Unknown               Unknown  Unknown
libc.so.6          00001504DF451649  __libc_start_main     Unknown  Unknown
CCTM_v6.exe        0000000000414F55  Unknown               Unknown  Unknown
forrtl: severe (71): integer divide by zero
Image              PC                Routine            Line        Source             
libc.so.6          0000154D690681C0  Unknown               Unknown  Unknown
libmpi.so.12.0.0   0000154D6A1FA224  Unknown               Unknown  Unknown
libmpi.so.12.0.0   0000154D6A008A94  Unknown               Unknown  Unknown
libmpi.so.12.0.0   0000154D6A22D29B  Unknown               Unknown  Unknown
libmpi.so.12.0.0   0000154D6A22B9EE  Unknown               Unknown  Unknown
libmpi.so.12.0.0   0000154D69F6315A  Unknown               Unknown  Unknown
libmpi.so.12.0.0   0000154D69F62EAD  Unknown               Unknown  Unknown
libmpi.so.12.0.0   0000154D69FCB5D3  Unknown               Unknown  Unknown
libmpi.so.12.0.0   0000154D69FCB31F  Unknown               Unknown  Unknown
libmpi.so.12.0.0   0000154D69FC8B37  Unknown               Unknown  Unknown
libmpi.so.12.0.0   0000154D69FBB3F7  PMPI_Comm_dup         Unknown  Unknown
libmpifort.so.12.  0000154D698F6FEB  pmpi_comm_dup_        Unknown  Unknown
CCTM_v6.exe        00000000004D56C4  se_init_module_mp         166  se_init_module.F
CCTM_v6.exe        0000000001296C73  cmaq_driver_              478  driver.F
CCTM_v6.exe        00000000012963FB  MAIN__                     97  cmaq_main.F
CCTM_v6.exe        000000000041503D  Unknown               Unknown  Unknown
libc.so.6          0000154D6905158E  Unknown               Unknown  Unknown
libc.so.6          0000154D69051649  __libc_start_main     Unknown  Unknown
CCTM_v6.exe        0000000000414F55  Unknown               Unknown  Unknown
forrtl: severe (71): integer divide by zero
Image              PC                Routine            Line        Source             
libc.so.6          000014F56BC681C0  Unknown               Unknown  Unknown
libmpi.so.12.0.0   000014F56CDFA224  Unknown               Unknown  Unknown
libmpi.so.12.0.0   000014F56CC08A94  Unknown               Unknown  Unknown
libmpi.so.12.0.0   000014F56CE2D29B  Unknown               Unknown  Unknown
libmpi.so.12.0.0   000014F56CE2B9EE  Unknown               Unknown  Unknown
libmpi.so.12.0.0   000014F56CB6315A  Unknown               Unknown  Unknown
libmpi.so.12.0.0   000014F56CB62EAD  Unknown               Unknown  Unknown
libmpi.so.12.0.0   000014F56CBCB5D3  Unknown               Unknown  Unknown
libmpi.so.12.0.0   000014F56CBCB31F  Unknown               Unknown  Unknown
libmpi.so.12.0.0   000014F56CBC8B37  Unknown               Unknown  Unknown
libmpi.so.12.0.0   000014F56CBBB3F7  PMPI_Comm_dup         Unknown  Unknown
libmpifort.so.12.  000014F56C4F6FEB  pmpi_comm_dup_        Unknown  Unknown
CCTM_v6.exe        00000000004D56C4  se_init_module_mp         166  se_init_module.F
CCTM_v6.exe        0000000001296C73  cmaq_driver_              478  driver.F
CCTM_v6.exe        00000000012963FB  MAIN__                     97  cmaq_main.F
CCTM_v6.exe        000000000041503D  Unknown               Unknown  Unknown
libc.so.6          000014F56BC5158E  Unknown               Unknown  Unknown
libc.so.6          000014F56BC51649  __libc_start_main     Unknown  Unknown
CCTM_v6.exe        0000000000414F55  Unknown               Unknown  Unknown
forrtl: severe (71): integer divide by zero
Image              PC                Routine            Line        Source             
libc.so.6          000015194B2681C0  Unknown               Unknown  Unknown
libmpi.so.12.0.0   000015194C1FA224  Unknown               Unknown  Unknown
libmpi.so.12.0.0   000015194C008A94  Unknown               Unknown  Unknown
libmpi.so.12.0.0   000015194C22D29B  Unknown               Unknown  Unknown
libmpi.so.12.0.0   000015194C22B9EE  Unknown               Unknown  Unknown
libmpi.so.12.0.0   000015194BF6315A  Unknown               Unknown  Unknown
libmpi.so.12.0.0   000015194BF62EAD  Unknown               Unknown  Unknown
libmpi.so.12.0.0   000015194BFCB5D3  Unknown               Unknown  Unknown
libmpi.so.12.0.0   000015194BFCB31F  Unknown               Unknown  Unknown
libmpi.so.12.0.0   000015194BFC8B37  Unknown               Unknown  Unknown
libmpi.so.12.0.0   000015194BFBB3F7  PMPI_Comm_dup         Unknown  Unknown
libmpifort.so.12.  000015194B8F6FEB  pmpi_comm_dup_        Unknown  Unknown
CCTM_v6.exe        00000000004D56C4  se_init_module_mp         166  se_init_module.F
CCTM_v6.exe        0000000001296C73  cmaq_driver_              478  driver.F
CCTM_v6.exe        00000000012963FB  MAIN__                     97  cmaq_main.F
CCTM_v6.exe        000000000041503D  Unknown               Unknown  Unknown
libc.so.6          000015194B25158E  Unknown               Unknown  Unknown
libc.so.6          000015194B251649  __libc_start_main     Unknown  Unknown
CCTM_v6.exe        0000000000414F55  Unknown               Unknown  Unknown
forrtl: severe (71): integer divide by zero
Image              PC                Routine            Line        Source             
libc.so.6          00001495F3A681C0  Unknown               Unknown  Unknown
libmpi.so.12.0.0   00001495F4BFA224  Unknown               Unknown  Unknown
libmpi.so.12.0.0   00001495F4A08A94  Unknown               Unknown  Unknown
libmpi.so.12.0.0   00001495F4C2D29B  Unknown               Unknown  Unknown
libmpi.so.12.0.0   00001495F4C2B9EE  Unknown               Unknown  Unknown
libmpi.so.12.0.0   00001495F496315A  Unknown               Unknown  Unknown
libmpi.so.12.0.0   00001495F4962EAD  Unknown               Unknown  Unknown
libmpi.so.12.0.0   00001495F49CB5D3  Unknown               Unknown  Unknown
libmpi.so.12.0.0   00001495F49CB31F  Unknown               Unknown  Unknown
libmpi.so.12.0.0   00001495F49C8B37  Unknown               Unknown  Unknown
libmpi.so.12.0.0   00001495F49BB3F7  PMPI_Comm_dup         Unknown  Unknown
libmpifort.so.12.  00001495F42F6FEB  pmpi_comm_dup_        Unknown  Unknown
CCTM_v6.exe        00000000004D56C4  se_init_module_mp         166  se_init_module.F
CCTM_v6.exe        0000000001296C73  cmaq_driver_              478  driver.F
CCTM_v6.exe        00000000012963FB  MAIN__                     97  cmaq_main.F
CCTM_v6.exe        000000000041503D  Unknown               Unknown  Unknown
libc.so.6          00001495F3A5158E  Unknown               Unknown  Unknown
libc.so.6          00001495F3A51649  __libc_start_main     Unknown  Unknown
CCTM_v6.exe        0000000000414F55  Unknown               Unknown  Unknown
forrtl: severe (71): integer divide by zero
Image              PC                Routine            Line        Source             
libc.so.6          00001514B1E681C0  Unknown               Unknown  Unknown
libmpi.so.12.0.0   00001514B2FFA224  Unknown               Unknown  Unknown
libmpi.so.12.0.0   00001514B2E08A94  Unknown               Unknown  Unknown
libmpi.so.12.0.0   00001514B302D29B  Unknown               Unknown  Unknown
libmpi.so.12.0.0   00001514B302B9EE  Unknown               Unknown  Unknown
libmpi.so.12.0.0   00001514B2D6315A  Unknown               Unknown  Unknown
libmpi.so.12.0.0   00001514B2D62EAD  Unknown               Unknown  Unknown
libmpi.so.12.0.0   00001514B2DCB5D3  Unknown               Unknown  Unknown
libmpi.so.12.0.0   00001514B2DCB31F  Unknown               Unknown  Unknown
libmpi.so.12.0.0   00001514B2DC8B37  Unknown               Unknown  Unknown
libmpi.so.12.0.0   00001514B2DBB3F7  PMPI_Comm_dup         Unknown  Unknown
libmpifort.so.12.  00001514B26F6FEB  pmpi_comm_dup_        Unknown  Unknown
CCTM_v6.exe        00000000004D56C4  se_init_module_mp         166  se_init_module.F
CCTM_v6.exe        0000000001296C73  cmaq_driver_              478  driver.F
CCTM_v6.exe        00000000012963FB  MAIN__                     97  cmaq_main.F
CCTM_v6.exe        000000000041503D  Unknown               Unknown  Unknown
libc.so.6          00001514B1E5158E  Unknown               Unknown  Unknown
libc.so.6          00001514B1E51649  __libc_start_main     Unknown  Unknown
CCTM_v6.exe        0000000000414F55  Unknown               Unknown  Unknown
forrtl: severe (71): integer divide by zero
Image              PC                Routine            Line        Source             
libc.so.6          0000145A48E681C0  Unknown               Unknown  Unknown
libmpi.so.12.0.0   0000145A49DFA224  Unknown               Unknown  Unknown
libmpi.so.12.0.0   0000145A49C08A94  Unknown               Unknown  Unknown
libmpi.so.12.0.0   0000145A49E2D29B  Unknown               Unknown  Unknown
libmpi.so.12.0.0   0000145A49E2B9EE  Unknown               Unknown  Unknown
libmpi.so.12.0.0   0000145A49B6315A  Unknown               Unknown  Unknown
libmpi.so.12.0.0   0000145A49B62EAD  Unknown               Unknown  Unknown
libmpi.so.12.0.0   0000145A49BCB5D3  Unknown               Unknown  Unknown
libmpi.so.12.0.0   0000145A49BCB31F  Unknown               Unknown  Unknown
libmpi.so.12.0.0   0000145A49BC8B37  Unknown               Unknown  Unknown
libmpi.so.12.0.0   0000145A49BBB3F7  PMPI_Comm_dup         Unknown  Unknown
libmpifort.so.12.  0000145A494F6FEB  pmpi_comm_dup_        Unknown  Unknown
CCTM_v6.exe        00000000004D56C4  se_init_module_mp         166  se_init_module.F
CCTM_v6.exe        0000000001296C73  cmaq_driver_              478  driver.F
CCTM_v6.exe        00000000012963FB  MAIN__                     97  cmaq_main.F
CCTM_v6.exe        000000000041503D  Unknown               Unknown  Unknown
libc.so.6          0000145A48E5158E  Unknown               Unknown  Unknown
libc.so.6          0000145A48E51649  __libc_start_main     Unknown  Unknown
CCTM_v6.exe        0000000000414F55  Unknown               Unknown  Unknown
forrtl: severe (71): integer divide by zero
Image              PC                Routine            Line        Source             
libc.so.6          0000147F0A6681C0  Unknown               Unknown  Unknown
libmpi.so.12.0.0   0000147F0B5FA224  Unknown               Unknown  Unknown
libmpi.so.12.0.0   0000147F0B408A94  Unknown               Unknown  Unknown
libmpi.so.12.0.0   0000147F0B62D29B  Unknown               Unknown  Unknown
libmpi.so.12.0.0   0000147F0B62B9EE  Unknown               Unknown  Unknown
libmpi.so.12.0.0   0000147F0B36315A  Unknown               Unknown  Unknown
libmpi.so.12.0.0   0000147F0B362EAD  Unknown               Unknown  Unknown
libmpi.so.12.0.0   0000147F0B3CB5D3  Unknown               Unknown  Unknown
libmpi.so.12.0.0   0000147F0B3CB31F  Unknown               Unknown  Unknown
libmpi.so.12.0.0   0000147F0B3C8B37  Unknown               Unknown  Unknown
libmpi.so.12.0.0   0000147F0B3BB3F7  PMPI_Comm_dup         Unknown  Unknown
libmpifort.so.12.  0000147F0ACF6FEB  pmpi_comm_dup_        Unknown  Unknown
CCTM_v6.exe        00000000004D56C4  se_init_module_mp         166  se_init_module.F
CCTM_v6.exe        0000000001296C73  cmaq_driver_              478  driver.F
CCTM_v6.exe        00000000012963FB  MAIN__                     97  cmaq_main.F
CCTM_v6.exe        000000000041503D  Unknown               Unknown  Unknown
libc.so.6          0000147F0A65158E  Unknown               Unknown  Unknown
libc.so.6          0000147F0A651649  __libc_start_main     Unknown  Unknown
CCTM_v6.exe        0000000000414F55  Unknown               Unknown  Unknown
forrtl: severe (71): integer divide by zero
Image              PC                Routine            Line        Source             
libc.so.6          000014DDD6E681C0  Unknown               Unknown  Unknown
libmpi.so.12.0.0   000014DDD7DFA224  Unknown               Unknown  Unknown
libmpi.so.12.0.0   000014DDD7C08A94  Unknown               Unknown  Unknown
libmpi.so.12.0.0   000014DDD7E2D29B  Unknown               Unknown  Unknown
libmpi.so.12.0.0   000014DDD7E2B9EE  Unknown               Unknown  Unknown
libmpi.so.12.0.0   000014DDD7B6315A  Unknown               Unknown  Unknown
libmpi.so.12.0.0   000014DDD7B62EAD  Unknown               Unknown  Unknown
libmpi.so.12.0.0   000014DDD7BCB5D3  Unknown               Unknown  Unknown
libmpi.so.12.0.0   000014DDD7BCB31F  Unknown               Unknown  Unknown
libmpi.so.12.0.0   000014DDD7BC8B37  Unknown               Unknown  Unknown
libmpi.so.12.0.0   000014DDD7BBB3F7  PMPI_Comm_dup         Unknown  Unknown
libmpifort.so.12.  000014DDD74F6FEB  pmpi_comm_dup_        Unknown  Unknown
CCTM_v6.exe        00000000004D56C4  se_init_module_mp         166  se_init_module.F
CCTM_v6.exe        0000000001296C73  cmaq_driver_              478  driver.F
CCTM_v6.exe        00000000012963FB  MAIN__                     97  cmaq_main.F
CCTM_v6.exe        000000000041503D  Unknown               Unknown  Unknown
libc.so.6          000014DDD6E5158E  Unknown               Unknown  Unknown
libc.so.6          000014DDD6E51649  __libc_start_main     Unknown  Unknown
CCTM_v6.exe        0000000000414F55  Unknown               Unknown  Unknown
forrtl: severe (71): integer divide by zero
Image              PC                Routine            Line        Source             
libc.so.6          00001523BD2681C0  Unknown               Unknown  Unknown
libmpi.so.12.0.0   00001523BE1FA224  Unknown               Unknown  Unknown
libmpi.so.12.0.0   00001523BE008A94  Unknown               Unknown  Unknown
libmpi.so.12.0.0   00001523BE22D29B  Unknown               Unknown  Unknown
libmpi.so.12.0.0   00001523BE22B9EE  Unknown               Unknown  Unknown
libmpi.so.12.0.0   00001523BDF6315A  Unknown               Unknown  Unknown
libmpi.so.12.0.0   00001523BDF62EAD  Unknown               Unknown  Unknown
libmpi.so.12.0.0   00001523BDFCB5D3  Unknown               Unknown  Unknown
libmpi.so.12.0.0   00001523BDFCB31F  Unknown               Unknown  Unknown
libmpi.so.12.0.0   00001523BDFC8B37  Unknown               Unknown  Unknown
libmpi.so.12.0.0   00001523BDFBB3F7  PMPI_Comm_dup         Unknown  Unknown
libmpifort.so.12.  00001523BD8F6FEB  pmpi_comm_dup_        Unknown  Unknown
CCTM_v6.exe        00000000004D56C4  se_init_module_mp         166  se_init_module.F
CCTM_v6.exe        0000000001296C73  cmaq_driver_              478  driver.F
CCTM_v6.exe        00000000012963FB  MAIN__                     97  cmaq_main.F
CCTM_v6.exe        000000000041503D  Unknown               Unknown  Unknown
libc.so.6          00001523BD25158E  Unknown               Unknown  Unknown
libc.so.6          00001523BD251649  __libc_start_main     Unknown  Unknown
CCTM_v6.exe        0000000000414F55  Unknown               Unknown  Unknown
forrtl: severe (71): integer divide by zero
Image              PC                Routine            Line        Source             
libc.so.6          00001501DBE681C0  Unknown               Unknown  Unknown
libmpi.so.12.0.0   00001501DCDFA224  Unknown               Unknown  Unknown
libmpi.so.12.0.0   00001501DCC08A94  Unknown               Unknown  Unknown
libmpi.so.12.0.0   00001501DCE2D29B  Unknown               Unknown  Unknown
libmpi.so.12.0.0   00001501DCE2B9EE  Unknown               Unknown  Unknown
libmpi.so.12.0.0   00001501DCB6315A  Unknown               Unknown  Unknown
libmpi.so.12.0.0   00001501DCB62EAD  Unknown               Unknown  Unknown
libmpi.so.12.0.0   00001501DCBCB5D3  Unknown               Unknown  Unknown
libmpi.so.12.0.0   00001501DCBCB31F  Unknown               Unknown  Unknown
libmpi.so.12.0.0   00001501DCBC8B37  Unknown               Unknown  Unknown
libmpi.so.12.0.0   00001501DCBBB3F7  PMPI_Comm_dup         Unknown  Unknown
libmpifort.so.12.  00001501DC4F6FEB  pmpi_comm_dup_        Unknown  Unknown
CCTM_v6.exe        00000000004D56C4  se_init_module_mp         166  se_init_module.F
CCTM_v6.exe        0000000001296C73  cmaq_driver_              478  driver.F
CCTM_v6.exe        00000000012963FB  MAIN__                     97  cmaq_main.F
CCTM_v6.exe        000000000041503D  Unknown               Unknown  Unknown
libc.so.6          00001501DBE5158E  Unknown               Unknown  Unknown
libc.so.6          00001501DBE51649  __libc_start_main     Unknown  Unknown
CCTM_v6.exe        0000000000414F55  Unknown               Unknown  Unknown
forrtl: severe (71): integer divide by zero
Image              PC                Routine            Line        Source             
libc.so.6          00001540874681C0  Unknown               Unknown  Unknown
libmpi.so.12.0.0   00001540885FA224  Unknown               Unknown  Unknown
libmpi.so.12.0.0   0000154088408A94  Unknown               Unknown  Unknown
libmpi.so.12.0.0   000015408862D29B  Unknown               Unknown  Unknown
libmpi.so.12.0.0   000015408862B9EE  Unknown               Unknown  Unknown
libmpi.so.12.0.0   000015408836315A  Unknown               Unknown  Unknown
libmpi.so.12.0.0   0000154088362EAD  Unknown               Unknown  Unknown
libmpi.so.12.0.0   00001540883CB5D3  Unknown               Unknown  Unknown
libmpi.so.12.0.0   00001540883CB31F  Unknown               Unknown  Unknown
libmpi.so.12.0.0   00001540883C8B37  Unknown               Unknown  Unknown
libmpi.so.12.0.0   00001540883BB3F7  PMPI_Comm_dup         Unknown  Unknown
libmpifort.so.12.  0000154087CF6FEB  pmpi_comm_dup_        Unknown  Unknown
CCTM_v6.exe        00000000004D56C4  se_init_module_mp         166  se_init_module.F
CCTM_v6.exe        0000000001296C73  cmaq_driver_              478  driver.F
CCTM_v6.exe        00000000012963FB  MAIN__                     97  cmaq_main.F
CCTM_v6.exe        000000000041503D  Unknown               Unknown  Unknown
libc.so.6          000015408745158E  Unknown               Unknown  Unknown
libc.so.6          0000154087451649  __libc_start_main     Unknown  Unknown
CCTM_v6.exe        0000000000414F55  Unknown               Unknown  Unknown
forrtl: severe (71): integer divide by zero
Image              PC                Routine            Line        Source             
libc.so.6          000014A9C50681C0  Unknown               Unknown  Unknown
libmpi.so.12.0.0   000014A9C61FA224  Unknown               Unknown  Unknown
libmpi.so.12.0.0   000014A9C6008A94  Unknown               Unknown  Unknown
libmpi.so.12.0.0   000014A9C622D29B  Unknown               Unknown  Unknown
libmpi.so.12.0.0   000014A9C622B9EE  Unknown               Unknown  Unknown
libmpi.so.12.0.0   000014A9C5F6315A  Unknown               Unknown  Unknown
libmpi.so.12.0.0   000014A9C5F62EAD  Unknown               Unknown  Unknown
libmpi.so.12.0.0   000014A9C5FCB5D3  Unknown               Unknown  Unknown
libmpi.so.12.0.0   000014A9C5FCB31F  Unknown               Unknown  Unknown
libmpi.so.12.0.0   000014A9C5FC8B37  Unknown               Unknown  Unknown
libmpi.so.12.0.0   000014A9C5FBB3F7  PMPI_Comm_dup         Unknown  Unknown
libmpifort.so.12.  000014A9C58F6FEB  pmpi_comm_dup_        Unknown  Unknown
CCTM_v6.exe        00000000004D56C4  se_init_module_mp         166  se_init_module.F
CCTM_v6.exe        0000000001296C73  cmaq_driver_              478  driver.F
CCTM_v6.exe        00000000012963FB  MAIN__                     97  cmaq_main.F
CCTM_v6.exe        000000000041503D  Unknown               Unknown  Unknown
libc.so.6          000014A9C505158E  Unknown               Unknown  Unknown
libc.so.6          000014A9C5051649  __libc_start_main     Unknown  Unknown
CCTM_v6.exe        0000000000414F55  Unknown               Unknown  Unknown
forrtl: severe (71): integer divide by zero
Image              PC                Routine            Line        Source             
libc.so.6          00001511F7A681C0  Unknown               Unknown  Unknown
libmpi.so.12.0.0   00001511F89FA224  Unknown               Unknown  Unknown
libmpi.so.12.0.0   00001511F8808A94  Unknown               Unknown  Unknown
libmpi.so.12.0.0   00001511F8A2D29B  Unknown               Unknown  Unknown
libmpi.so.12.0.0   00001511F8A2B9EE  Unknown               Unknown  Unknown
libmpi.so.12.0.0   00001511F876315A  Unknown               Unknown  Unknown
libmpi.so.12.0.0   00001511F8762EAD  Unknown               Unknown  Unknown
libmpi.so.12.0.0   00001511F87CB5D3  Unknown               Unknown  Unknown
libmpi.so.12.0.0   00001511F87CB31F  Unknown               Unknown  Unknown
libmpi.so.12.0.0   00001511F87C8B37  Unknown               Unknown  Unknown
libmpi.so.12.0.0   00001511F87BB3F7  PMPI_Comm_dup         Unknown  Unknown
libmpifort.so.12.  00001511F80F6FEB  pmpi_comm_dup_        Unknown  Unknown
CCTM_v6.exe        00000000004D56C4  se_init_module_mp         166  se_init_module.F
CCTM_v6.exe        0000000001296C73  cmaq_driver_              478  driver.F
CCTM_v6.exe        00000000012963FB  MAIN__                     97  cmaq_main.F
CCTM_v6.exe        000000000041503D  Unknown               Unknown  Unknown
libc.so.6          00001511F7A5158E  Unknown               Unknown  Unknown
libc.so.6          00001511F7A51649  __libc_start_main     Unknown  Unknown
CCTM_v6.exe        0000000000414F55  Unknown               Unknown  Unknown
forrtl: severe (71): integer divide by zero
Image              PC                Routine            Line        Source             
libc.so.6          0000152EA76681C0  Unknown               Unknown  Unknown
libmpi.so.12.0.0   0000152EA87FA224  Unknown               Unknown  Unknown
libmpi.so.12.0.0   0000152EA8608A94  Unknown               Unknown  Unknown
libmpi.so.12.0.0   0000152EA882D29B  Unknown               Unknown  Unknown
libmpi.so.12.0.0   0000152EA882B9EE  Unknown               Unknown  Unknown
libmpi.so.12.0.0   0000152EA856315A  Unknown               Unknown  Unknown
libmpi.so.12.0.0   0000152EA8562EAD  Unknown               Unknown  Unknown
libmpi.so.12.0.0   0000152EA85CB5D3  Unknown               Unknown  Unknown
libmpi.so.12.0.0   0000152EA85CB31F  Unknown               Unknown  Unknown
libmpi.so.12.0.0   0000152EA85C8B37  Unknown               Unknown  Unknown
libmpi.so.12.0.0   0000152EA85BB3F7  PMPI_Comm_dup         Unknown  Unknown
libmpifort.so.12.  0000152EA7EF6FEB  pmpi_comm_dup_        Unknown  Unknown
CCTM_v6.exe        00000000004D56C4  se_init_module_mp         166  se_init_module.F
CCTM_v6.exe        0000000001296C73  cmaq_driver_              478  driver.F
CCTM_v6.exe        00000000012963FB  MAIN__                     97  cmaq_main.F
CCTM_v6.exe        000000000041503D  Unknown               Unknown  Unknown
libc.so.6          0000152EA765158E  Unknown               Unknown  Unknown
libc.so.6          0000152EA7651649  __libc_start_main     Unknown  Unknown
CCTM_v6.exe        0000000000414F55  Unknown               Unknown  Unknown
forrtl: severe (71): integer divide by zero
Image              PC                Routine            Line        Source             
libc.so.6          0000152C2CA681C0  Unknown               Unknown  Unknown
libmpi.so.12.0.0   0000152C2D9FA224  Unknown               Unknown  Unknown
libmpi.so.12.0.0   0000152C2D808A94  Unknown               Unknown  Unknown
libmpi.so.12.0.0   0000152C2DA2D29B  Unknown               Unknown  Unknown
libmpi.so.12.0.0   0000152C2DA2B9EE  Unknown               Unknown  Unknown
libmpi.so.12.0.0   0000152C2D76315A  Unknown               Unknown  Unknown
libmpi.so.12.0.0   0000152C2D762EAD  Unknown               Unknown  Unknown
libmpi.so.12.0.0   0000152C2D7CB5D3  Unknown               Unknown  Unknown
libmpi.so.12.0.0   0000152C2D7CB31F  Unknown               Unknown  Unknown
libmpi.so.12.0.0   0000152C2D7C8B37  Unknown               Unknown  Unknown
libmpi.so.12.0.0   0000152C2D7BB3F7  PMPI_Comm_dup         Unknown  Unknown
libmpifort.so.12.  0000152C2D0F6FEB  pmpi_comm_dup_        Unknown  Unknown
CCTM_v6.exe        00000000004D56C4  se_init_module_mp         166  se_init_module.F
CCTM_v6.exe        0000000001296C73  cmaq_driver_              478  driver.F
CCTM_v6.exe        00000000012963FB  MAIN__                     97  cmaq_main.F
CCTM_v6.exe        000000000041503D  Unknown               Unknown  Unknown
libc.so.6          0000152C2CA5158E  Unknown               Unknown  Unknown
libc.so.6          0000152C2CA51649  __libc_start_main     Unknown  Unknown
CCTM_v6.exe        0000000000414F55  Unknown               Unknown  Unknown
forrtl: severe (71): integer divide by zero
Image              PC                Routine            Line        Source             
libc.so.6          000014F2596681C0  Unknown               Unknown  Unknown
libmpi.so.12.0.0   000014F25A5FA224  Unknown               Unknown  Unknown
libmpi.so.12.0.0   000014F25A408A94  Unknown               Unknown  Unknown
libmpi.so.12.0.0   000014F25A62D29B  Unknown               Unknown  Unknown
libmpi.so.12.0.0   000014F25A62B9EE  Unknown               Unknown  Unknown
libmpi.so.12.0.0   000014F25A36315A  Unknown               Unknown  Unknown
libmpi.so.12.0.0   000014F25A362EAD  Unknown               Unknown  Unknown
libmpi.so.12.0.0   000014F25A3CB5D3  Unknown               Unknown  Unknown
libmpi.so.12.0.0   000014F25A3CB31F  Unknown               Unknown  Unknown
libmpi.so.12.0.0   000014F25A3C8B37  Unknown               Unknown  Unknown
libmpi.so.12.0.0   000014F25A3BB3F7  PMPI_Comm_dup         Unknown  Unknown
libmpifort.so.12.  000014F259CF6FEB  pmpi_comm_dup_        Unknown  Unknown
CCTM_v6.exe        00000000004D56C4  se_init_module_mp         166  se_init_module.F
CCTM_v6.exe        0000000001296C73  cmaq_driver_              478  driver.F
CCTM_v6.exe        00000000012963FB  MAIN__                     97  cmaq_main.F
CCTM_v6.exe        000000000041503D  Unknown               Unknown  Unknown
libc.so.6          000014F25965158E  Unknown               Unknown  Unknown
libc.so.6          000014F259651649  __libc_start_main     Unknown  Unknown
CCTM_v6.exe        0000000000414F55  Unknown               Unknown  Unknown
forrtl: severe (71): integer divide by zero
Image              PC                Routine            Line        Source             
libc.so.6          000014B5D30681C0  Unknown               Unknown  Unknown
libmpi.so.12.0.0   000014B5D3FFA224  Unknown               Unknown  Unknown
libmpi.so.12.0.0   000014B5D3E08A94  Unknown               Unknown  Unknown
libmpi.so.12.0.0   000014B5D402D29B  Unknown               Unknown  Unknown
libmpi.so.12.0.0   000014B5D402B9EE  Unknown               Unknown  Unknown
libmpi.so.12.0.0   000014B5D3D6315A  Unknown               Unknown  Unknown
libmpi.so.12.0.0   000014B5D3D62EAD  Unknown               Unknown  Unknown
libmpi.so.12.0.0   000014B5D3DCB5D3  Unknown               Unknown  Unknown
libmpi.so.12.0.0   000014B5D3DCB31F  Unknown               Unknown  Unknown
libmpi.so.12.0.0   000014B5D3DC8B37  Unknown               Unknown  Unknown
libmpi.so.12.0.0   000014B5D3DBB3F7  PMPI_Comm_dup         Unknown  Unknown
libmpifort.so.12.  000014B5D36F6FEB  pmpi_comm_dup_        Unknown  Unknown
CCTM_v6.exe        00000000004D56C4  se_init_module_mp         166  se_init_module.F
CCTM_v6.exe        0000000001296C73  cmaq_driver_              478  driver.F
CCTM_v6.exe        00000000012963FB  MAIN__                     97  cmaq_main.F
CCTM_v6.exe        000000000041503D  Unknown               Unknown  Unknown
libc.so.6          000014B5D305158E  Unknown               Unknown  Unknown
libc.so.6          000014B5D3051649  __libc_start_main     Unknown  Unknown
CCTM_v6.exe        0000000000414F55  Unknown               Unknown  Unknown
forrtl: severe (71): integer divide by zero
Image              PC                Routine            Line        Source             
libc.so.6          0000146A4D8681C0  Unknown               Unknown  Unknown
libmpi.so.12.0.0   0000146A4E7FA224  Unknown               Unknown  Unknown
libmpi.so.12.0.0   0000146A4E608A94  Unknown               Unknown  Unknown
libmpi.so.12.0.0   0000146A4E82D29B  Unknown               Unknown  Unknown
libmpi.so.12.0.0   0000146A4E82B9EE  Unknown               Unknown  Unknown
libmpi.so.12.0.0   0000146A4E56315A  Unknown               Unknown  Unknown
libmpi.so.12.0.0   0000146A4E562EAD  Unknown               Unknown  Unknown
libmpi.so.12.0.0   0000146A4E5CB5D3  Unknown               Unknown  Unknown
libmpi.so.12.0.0   0000146A4E5CB31F  Unknown               Unknown  Unknown
libmpi.so.12.0.0   0000146A4E5C8B37  Unknown               Unknown  Unknown
libmpi.so.12.0.0   0000146A4E5BB3F7  PMPI_Comm_dup         Unknown  Unknown
libmpifort.so.12.  0000146A4DEF6FEB  pmpi_comm_dup_        Unknown  Unknown
CCTM_v6.exe        00000000004D56C4  se_init_module_mp         166  se_init_module.F
CCTM_v6.exe        0000000001296C73  cmaq_driver_              478  driver.F
CCTM_v6.exe        00000000012963FB  MAIN__                     97  cmaq_main.F
CCTM_v6.exe        000000000041503D  Unknown               Unknown  Unknown
libc.so.6          0000146A4D85158E  Unknown               Unknown  Unknown
libc.so.6          0000146A4D851649  __libc_start_main     Unknown  Unknown
CCTM_v6.exe        0000000000414F55  Unknown               Unknown  Unknown
forrtl: severe (71): integer divide by zero
Image              PC                Routine            Line        Source             
libc.so.6          0000147C0CA681C0  Unknown               Unknown  Unknown
libmpi.so.12.0.0   0000147C0D9FA224  Unknown               Unknown  Unknown
libmpi.so.12.0.0   0000147C0D808A94  Unknown               Unknown  Unknown
libmpi.so.12.0.0   0000147C0DA2D29B  Unknown               Unknown  Unknown
libmpi.so.12.0.0   0000147C0DA2B9EE  Unknown               Unknown  Unknown
libmpi.so.12.0.0   0000147C0D76315A  Unknown               Unknown  Unknown
libmpi.so.12.0.0   0000147C0D762EAD  Unknown               Unknown  Unknown
libmpi.so.12.0.0   0000147C0D7CB5D3  Unknown               Unknown  Unknown
libmpi.so.12.0.0   0000147C0D7CB31F  Unknown               Unknown  Unknown
libmpi.so.12.0.0   0000147C0D7C8B37  Unknown               Unknown  Unknown
libmpi.so.12.0.0   0000147C0D7BB3F7  PMPI_Comm_dup         Unknown  Unknown
libmpifort.so.12.  0000147C0D0F6FEB  pmpi_comm_dup_        Unknown  Unknown
CCTM_v6.exe        00000000004D56C4  se_init_module_mp         166  se_init_module.F
CCTM_v6.exe        0000000001296C73  cmaq_driver_              478  driver.F
CCTM_v6.exe        00000000012963FB  MAIN__                     97  cmaq_main.F
CCTM_v6.exe        000000000041503D  Unknown               Unknown  Unknown
libc.so.6          0000147C0CA5158E  Unknown               Unknown  Unknown
libc.so.6          0000147C0CA51649  __libc_start_main     Unknown  Unknown
CCTM_v6.exe        0000000000414F55  Unknown               Unknown  Unknown
forrtl: severe (71): integer divide by zero
Image              PC                Routine            Line        Source             
libc.so.6          00001545A52681C0  Unknown               Unknown  Unknown
libmpi.so.12.0.0   00001545A61FA224  Unknown               Unknown  Unknown
libmpi.so.12.0.0   00001545A6008A94  Unknown               Unknown  Unknown
libmpi.so.12.0.0   00001545A622D29B  Unknown               Unknown  Unknown
libmpi.so.12.0.0   00001545A622B9EE  Unknown               Unknown  Unknown
libmpi.so.12.0.0   00001545A5F6315A  Unknown               Unknown  Unknown
libmpi.so.12.0.0   00001545A5F62EAD  Unknown               Unknown  Unknown
libmpi.so.12.0.0   00001545A5FCB5D3  Unknown               Unknown  Unknown
libmpi.so.12.0.0   00001545A5FCB31F  Unknown               Unknown  Unknown
libmpi.so.12.0.0   00001545A5FC8B37  Unknown               Unknown  Unknown
libmpi.so.12.0.0   00001545A5FBB3F7  PMPI_Comm_dup         Unknown  Unknown
libmpifort.so.12.  00001545A58F6FEB  pmpi_comm_dup_        Unknown  Unknown
CCTM_v6.exe        00000000004D56C4  se_init_module_mp         166  se_init_module.F
CCTM_v6.exe        0000000001296C73  cmaq_driver_              478  driver.F
CCTM_v6.exe        00000000012963FB  MAIN__                     97  cmaq_main.F
CCTM_v6.exe        000000000041503D  Unknown               Unknown  Unknown
libc.so.6          00001545A525158E  Unknown               Unknown  Unknown
libc.so.6          00001545A5251649  __libc_start_main     Unknown  Unknown
CCTM_v6.exe        0000000000414F55  Unknown               Unknown  Unknown
forrtl: severe (71): integer divide by zero
Image              PC                Routine            Line        Source             
libc.so.6          000014C6826681C0  Unknown               Unknown  Unknown
libmpi.so.12.0.0   000014C6835FA224  Unknown               Unknown  Unknown
libmpi.so.12.0.0   000014C683408A94  Unknown               Unknown  Unknown
libmpi.so.12.0.0   000014C68362D29B  Unknown               Unknown  Unknown
libmpi.so.12.0.0   000014C68362B9EE  Unknown               Unknown  Unknown
libmpi.so.12.0.0   000014C68336315A  Unknown               Unknown  Unknown
libmpi.so.12.0.0   000014C683362EAD  Unknown               Unknown  Unknown
libmpi.so.12.0.0   000014C6833CB5D3  Unknown               Unknown  Unknown
libmpi.so.12.0.0   000014C6833CB31F  Unknown               Unknown  Unknown
libmpi.so.12.0.0   000014C6833C8B37  Unknown               Unknown  Unknown
libmpi.so.12.0.0   000014C6833BB3F7  PMPI_Comm_dup         Unknown  Unknown
libmpifort.so.12.  000014C682CF6FEB  pmpi_comm_dup_        Unknown  Unknown
CCTM_v6.exe        00000000004D56C4  se_init_module_mp         166  se_init_module.F
CCTM_v6.exe        0000000001296C73  cmaq_driver_              478  driver.F
CCTM_v6.exe        00000000012963FB  MAIN__                     97  cmaq_main.F
CCTM_v6.exe        000000000041503D  Unknown               Unknown  Unknown
libc.so.6          000014C68265158E  Unknown               Unknown  Unknown
libc.so.6          000014C682651649  __libc_start_main     Unknown  Unknown
CCTM_v6.exe        0000000000414F55  Unknown               Unknown  Unknown
forrtl: severe (71): integer divide by zero
Image              PC                Routine            Line        Source             
libc.so.6          000014CF324681C0  Unknown               Unknown  Unknown
libmpi.so.12.0.0   000014CF333FA224  Unknown               Unknown  Unknown
libmpi.so.12.0.0   000014CF33208A94  Unknown               Unknown  Unknown
libmpi.so.12.0.0   000014CF3342D29B  Unknown               Unknown  Unknown
libmpi.so.12.0.0   000014CF3342B9EE  Unknown               Unknown  Unknown
libmpi.so.12.0.0   000014CF3316315A  Unknown               Unknown  Unknown
libmpi.so.12.0.0   000014CF33162EAD  Unknown               Unknown  Unknown
libmpi.so.12.0.0   000014CF331CB5D3  Unknown               Unknown  Unknown
libmpi.so.12.0.0   000014CF331CB31F  Unknown               Unknown  Unknown
libmpi.so.12.0.0   000014CF331C8B37  Unknown               Unknown  Unknown
libmpi.so.12.0.0   000014CF331BB3F7  PMPI_Comm_dup         Unknown  Unknown
libmpifort.so.12.  000014CF32AF6FEB  pmpi_comm_dup_        Unknown  Unknown
CCTM_v6.exe        00000000004D56C4  se_init_module_mp         166  se_init_module.F
CCTM_v6.exe        0000000001296C73  cmaq_driver_              478  driver.F
CCTM_v6.exe        00000000012963FB  MAIN__                     97  cmaq_main.F
CCTM_v6.exe        000000000041503D  Unknown               Unknown  Unknown
libc.so.6          000014CF3245158E  Unknown               Unknown  Unknown
libc.so.6          000014CF32451649  __libc_start_main     Unknown  Unknown
CCTM_v6.exe        0000000000414F55  Unknown               Unknown  Unknown
forrtl: severe (71): integer divide by zero
Image              PC                Routine            Line        Source             
libc.so.6          00001485D4E681C0  Unknown               Unknown  Unknown
libmpi.so.12.0.0   00001485D5FFA224  Unknown               Unknown  Unknown
libmpi.so.12.0.0   00001485D5E08A94  Unknown               Unknown  Unknown
libmpi.so.12.0.0   00001485D602D29B  Unknown               Unknown  Unknown
libmpi.so.12.0.0   00001485D602B9EE  Unknown               Unknown  Unknown
libmpi.so.12.0.0   00001485D5D6315A  Unknown               Unknown  Unknown
libmpi.so.12.0.0   00001485D5D62EAD  Unknown               Unknown  Unknown
libmpi.so.12.0.0   00001485D5DCB5D3  Unknown               Unknown  Unknown
libmpi.so.12.0.0   00001485D5DCB31F  Unknown               Unknown  Unknown
libmpi.so.12.0.0   00001485D5DC8B37  Unknown               Unknown  Unknown
libmpi.so.12.0.0   00001485D5DBB3F7  PMPI_Comm_dup         Unknown  Unknown
libmpifort.so.12.  00001485D56F6FEB  pmpi_comm_dup_        Unknown  Unknown
CCTM_v6.exe        00000000004D56C4  se_init_module_mp         166  se_init_module.F
CCTM_v6.exe        0000000001296C73  cmaq_driver_              478  driver.F
CCTM_v6.exe        00000000012963FB  MAIN__                     97  cmaq_main.F
CCTM_v6.exe        000000000041503D  Unknown               Unknown  Unknown
libc.so.6          00001485D4E5158E  Unknown               Unknown  Unknown
libc.so.6          00001485D4E51649  __libc_start_main     Unknown  Unknown
CCTM_v6.exe        0000000000414F55  Unknown               Unknown  Unknown
forrtl: severe (71): integer divide by zero
Image              PC                Routine            Line        Source             
libc.so.6          0000150CCDC681C0  Unknown               Unknown  Unknown
libmpi.so.12.0.0   0000150CCEBFA224  Unknown               Unknown  Unknown
libmpi.so.12.0.0   0000150CCEA08A94  Unknown               Unknown  Unknown
libmpi.so.12.0.0   0000150CCEC2D29B  Unknown               Unknown  Unknown
libmpi.so.12.0.0   0000150CCEC2B9EE  Unknown               Unknown  Unknown
libmpi.so.12.0.0   0000150CCE96315A  Unknown               Unknown  Unknown
libmpi.so.12.0.0   0000150CCE962EAD  Unknown               Unknown  Unknown
libmpi.so.12.0.0   0000150CCE9CB5D3  Unknown               Unknown  Unknown
libmpi.so.12.0.0   0000150CCE9CB31F  Unknown               Unknown  Unknown
libmpi.so.12.0.0   0000150CCE9C8B37  Unknown               Unknown  Unknown
libmpi.so.12.0.0   0000150CCE9BB3F7  PMPI_Comm_dup         Unknown  Unknown
libmpifort.so.12.  0000150CCE2F6FEB  pmpi_comm_dup_        Unknown  Unknown
CCTM_v6.exe        00000000004D56C4  se_init_module_mp         166  se_init_module.F
CCTM_v6.exe        0000000001296C73  cmaq_driver_              478  driver.F
CCTM_v6.exe        00000000012963FB  MAIN__                     97  cmaq_main.F
CCTM_v6.exe        000000000041503D  Unknown               Unknown  Unknown
libc.so.6          0000150CCDC5158E  Unknown               Unknown  Unknown
libc.so.6          0000150CCDC51649  __libc_start_main     Unknown  Unknown
CCTM_v6.exe        0000000000414F55  Unknown               Unknown  Unknown
forrtl: severe (174): SIGSEGV, segmentation fault occurred
Image              PC                Routine            Line        Source             
libc.so.6          000014780CE681C0  Unknown               Unknown  Unknown
libmpi.so.12.0.0   000014780DC0F276  Unknown               Unknown  Unknown
libmpi.so.12.0.0   000014780DE2E57B  Unknown               Unknown  Unknown
libmpi.so.12.0.0   000014780DE2B9EE  Unknown               Unknown  Unknown
libmpi.so.12.0.0   000014780DB6315A  Unknown               Unknown  Unknown
libmpi.so.12.0.0   000014780DB62EAD  Unknown               Unknown  Unknown
libmpi.so.12.0.0   000014780DBCB5D3  Unknown               Unknown  Unknown
libmpi.so.12.0.0   000014780DBCB31F  Unknown               Unknown  Unknown
libmpi.so.12.0.0   000014780DBC8B37  Unknown               Unknown  Unknown
libmpi.so.12.0.0   000014780DBBB3F7  PMPI_Comm_dup         Unknown  Unknown
libmpifort.so.12.  000014780D4F6FEB  pmpi_comm_dup_        Unknown  Unknown
CCTM_v6.exe        00000000004D56C4  se_init_module_mp         166  se_init_module.F
CCTM_v6.exe        0000000001296C73  cmaq_driver_              478  driver.F
CCTM_v6.exe        00000000012963FB  MAIN__                     97  cmaq_main.F
CCTM_v6.exe        000000000041503D  Unknown               Unknown  Unknown
libc.so.6          000014780CE5158E  Unknown               Unknown  Unknown
libc.so.6          000014780CE51649  __libc_start_main     Unknown  Unknown
CCTM_v6.exe        0000000000414F55  Unknown               Unknown  Unknown
forrtl: severe (174): SIGSEGV, segmentation fault occurred
Image              PC                Routine            Line        Source             
libc.so.6          0000153892E681C0  Unknown               Unknown  Unknown
libmpi.so.12.0.0   0000153893E0F276  Unknown               Unknown  Unknown
libmpi.so.12.0.0   000015389402E57B  Unknown               Unknown  Unknown
libmpi.so.12.0.0   000015389402B9EE  Unknown               Unknown  Unknown
libmpi.so.12.0.0   0000153893D6315A  Unknown               Unknown  Unknown
libmpi.so.12.0.0   0000153893D62EAD  Unknown               Unknown  Unknown
libmpi.so.12.0.0   0000153893DCB5D3  Unknown               Unknown  Unknown
libmpi.so.12.0.0   0000153893DCB31F  Unknown               Unknown  Unknown
libmpi.so.12.0.0   0000153893DC8B37  Unknown               Unknown  Unknown
libmpi.so.12.0.0   0000153893DBB3F7  PMPI_Comm_dup         Unknown  Unknown
libmpifort.so.12.  00001538936F6FEB  pmpi_comm_dup_        Unknown  Unknown
CCTM_v6.exe        00000000004D56C4  se_init_module_mp         166  se_init_module.F
CCTM_v6.exe        0000000001296C73  cmaq_driver_              478  driver.F
CCTM_v6.exe        00000000012963FB  MAIN__                     97  cmaq_main.F
CCTM_v6.exe        000000000041503D  Unknown               Unknown  Unknown
libc.so.6          0000153892E5158E  Unknown               Unknown  Unknown
libc.so.6          0000153892E51649  __libc_start_main     Unknown  Unknown
CCTM_v6.exe        0000000000414F55  Unknown               Unknown  Unknown
forrtl: severe (174): SIGSEGV, segmentation fault occurred
Image              PC                Routine            Line        Source             
libc.so.6          0000148B2E2681C0  Unknown               Unknown  Unknown
libmpi.so.12.0.0   0000148B2F00F276  Unknown               Unknown  Unknown
libmpi.so.12.0.0   0000148B2F22E57B  Unknown               Unknown  Unknown
libmpi.so.12.0.0   0000148B2F22B9EE  Unknown               Unknown  Unknown
libmpi.so.12.0.0   0000148B2EF6315A  Unknown               Unknown  Unknown
libmpi.so.12.0.0   0000148B2EF62EAD  Unknown               Unknown  Unknown
libmpi.so.12.0.0   0000148B2EFCB5D3  Unknown               Unknown  Unknown
libmpi.so.12.0.0   0000148B2EFCB31F  Unknown               Unknown  Unknown
libmpi.so.12.0.0   0000148B2EFC8B37  Unknown               Unknown  Unknown
libmpi.so.12.0.0   0000148B2EFBB3F7  PMPI_Comm_dup         Unknown  Unknown
libmpifort.so.12.  0000148B2E8F6FEB  pmpi_comm_dup_        Unknown  Unknown
CCTM_v6.exe        00000000004D56C4  se_init_module_mp         166  se_init_module.F
CCTM_v6.exe        0000000001296C73  cmaq_driver_              478  driver.F
CCTM_v6.exe        00000000012963FB  MAIN__                     97  cmaq_main.F
CCTM_v6.exe        000000000041503D  Unknown               Unknown  Unknown
libc.so.6          0000148B2E25158E  Unknown               Unknown  Unknown
libc.so.6          0000148B2E251649  __libc_start_main     Unknown  Unknown
CCTM_v6.exe        0000000000414F55  Unknown               Unknown  Unknown
srun: error: nep15080401: tasks 1,3,5,7,9,11,13,15,17,19,21,23,25,27,29,31,35,37,41,45,47,49,51,53,55,57,59,61,63: Exited with exit code 71
srun: Terminating StepId=4001883.0
srun: error: nep15080401: tasks 64-66,68-69,71-72,75-89,91-93,95: Exited with exit code 174
slurmstepd: error: *** STEP 4001883.0 ON nep15080401 CANCELLED AT 2026-08-17T11:18:21 ***
forrtl: error (78): process killed (SIGTERM)
Image              PC                Routine            Line        Source             
libc.so.6          0000145CECA681C0  Unknown               Unknown  Unknown
libmpi.so.12.0.0   0000145CED71809B  Unknown               Unknown  Unknown
libmpi.so.12.0.0   0000145CEDAA32F0  Unknown               Unknown  Unknown
libmpi.so.12.0.0   0000145CED806875  Unknown               Unknown  Unknown
libmpi.so.12.0.0   0000145CED80A2A4  Unknown               Unknown  Unknown
libmpi.so.12.0.0   0000145CEDA2D19E  Unknown               Unknown  Unknown
libmpi.so.12.0.0   0000145CEDA2B9EE  Unknown               Unknown  Unknown
libmpi.so.12.0.0   0000145CED76315A  Unknown               Unknown  Unknown
libmpi.so.12.0.0   0000145CED762EAD  Unknown               Unknown  Unknown
libmpi.so.12.0.0   0000145CED7CB5D3  Unknown               Unknown  Unknown
libmpi.so.12.0.0   0000145CED7CB31F  Unknown               Unknown  Unknown
libmpi.so.12.0.0   0000145CED7C8B37  Unknown               Unknown  Unknown
libmpi.so.12.0.0   0000145CED7BB3F7  PMPI_Comm_dup         Unknown  Unknown
libmpifort.so.12.  0000145CED0F6FEB  pmpi_comm_dup_        Unknown  Unknown
CCTM_v6.exe        00000000004D56C4  se_init_module_mp         166  se_init_module.F
CCTM_v6.exe        0000000001296C73  cmaq_driver_              478  driver.F
CCTM_v6.exe        00000000012963FB  MAIN__                     97  cmaq_main.F
CCTM_v6.exe        000000000041503D  Unknown               Unknown  Unknown
libc.so.6          0000145CECA5158E  Unknown               Unknown  Unknown
libc.so.6          0000145CECA51649  __libc_start_main     Unknown  Unknown
CCTM_v6.exe        0000000000414F55  Unknown               Unknown  Unknown
forrtl: error (78): process killed (SIGTERM)
Image              PC                Routine            Line        Source             
libc.so.6          000014C3524681C0  Unknown               Unknown  Unknown
libmpi.so.12.0.0   000014C3531180A8  Unknown               Unknown  Unknown
libmpi.so.12.0.0   000014C3534A32F0  Unknown               Unknown  Unknown
libmpi.so.12.0.0   000014C353206875  Unknown               Unknown  Unknown
libmpi.so.12.0.0   000014C35320A2A4  Unknown               Unknown  Unknown
libmpi.so.12.0.0   000014C35342D19E  Unknown               Unknown  Unknown
libmpi.so.12.0.0   000014C35342B9EE  Unknown               Unknown  Unknown
libmpi.so.12.0.0   000014C35316315A  Unknown               Unknown  Unknown
libmpi.so.12.0.0   000014C353162EAD  Unknown               Unknown  Unknown
libmpi.so.12.0.0   000014C3531CB5D3  Unknown               Unknown  Unknown
libmpi.so.12.0.0   000014C3531CB31F  Unknown               Unknown  Unknown
libmpi.so.12.0.0   000014C3531C8B37  Unknown               Unknown  Unknown
libmpi.so.12.0.0   000014C3531BB3F7  PMPI_Comm_dup         Unknown  Unknown
libmpifort.so.12.  000014C352AF6FEB  pmpi_comm_dup_        Unknown  Unknown
CCTM_v6.exe        00000000004D56C4  se_init_module_mp         166  se_init_module.F
CCTM_v6.exe        0000000001296C73  cmaq_driver_              478  driver.F
CCTM_v6.exe        00000000012963FB  MAIN__                     97  cmaq_main.F
CCTM_v6.exe        000000000041503D  Unknown               Unknown  Unknown
libc.so.6          000014C35245158E  Unknown               Unknown  Unknown
libc.so.6          000014C352451649  __libc_start_main     Unknown  Unknown
CCTM_v6.exe        0000000000414F55  Unknown               Unknown  Unknown
forrtl: error (78): process killed (SIGTERM)
Image              PC                Routine            Line        Source             
libc.so.6          000014DAF58681C0  Unknown               Unknown  Unknown
libmpi.so.12.0.0   000014DAF67180A8  Unknown               Unknown  Unknown
libmpi.so.12.0.0   000014DAF6AA32F0  Unknown               Unknown  Unknown
libmpi.so.12.0.0   000014DAF6806875  Unknown               Unknown  Unknown
libmpi.so.12.0.0   000014DAF680A2A4  Unknown               Unknown  Unknown
libmpi.so.12.0.0   000014DAF6A2D19E  Unknown               Unknown  Unknown
libmpi.so.12.0.0   000014DAF6A2B9EE  Unknown               Unknown  Unknown
libmpi.so.12.0.0   000014DAF676315A  Unknown               Unknown  Unknown
libmpi.so.12.0.0   000014DAF6762EAD  Unknown               Unknown  Unknown
libmpi.so.12.0.0   000014DAF67CB5D3  Unknown               Unknown  Unknown
libmpi.so.12.0.0   000014DAF67CB31F  Unknown               Unknown  Unknown
libmpi.so.12.0.0   000014DAF67C8B37  Unknown               Unknown  Unknown
libmpi.so.12.0.0   000014DAF67BB3F7  PMPI_Comm_dup         Unknown  Unknown
libmpifort.so.12.  000014DAF60F6FEB  pmpi_comm_dup_        Unknown  Unknown
CCTM_v6.exe        00000000004D56C4  se_init_module_mp         166  se_init_module.F
CCTM_v6.exe        0000000001296C73  cmaq_driver_              478  driver.F
CCTM_v6.exe        00000000012963FB  MAIN__                     97  cmaq_main.F
CCTM_v6.exe        000000000041503D  Unknown               Unknown  Unknown
libc.so.6          000014DAF585158E  Unknown               Unknown  Unknown
libc.so.6          000014DAF5851649  __libc_start_main     Unknown  Unknown
CCTM_v6.exe        0000000000414F55  Unknown               Unknown  Unknown
forrtl: error (78): process killed (SIGTERM)
Image              PC                Routine            Line        Source             
libc.so.6          00001458234681C0  Unknown               Unknown  Unknown
libmpi.so.12.0.0   00001458241180B1  Unknown               Unknown  Unknown
libmpi.so.12.0.0   00001458244A32F0  Unknown               Unknown  Unknown
libmpi.so.12.0.0   0000145824206875  Unknown               Unknown  Unknown
libmpi.so.12.0.0   000014582420A2A4  Unknown               Unknown  Unknown
libmpi.so.12.0.0   000014582442D19E  Unknown               Unknown  Unknown
libmpi.so.12.0.0   000014582442B9EE  Unknown               Unknown  Unknown
libmpi.so.12.0.0   000014582416315A  Unknown               Unknown  Unknown
libmpi.so.12.0.0   0000145824162EAD  Unknown               Unknown  Unknown
libmpi.so.12.0.0   00001458241CB5D3  Unknown               Unknown  Unknown
libmpi.so.12.0.0   00001458241CB31F  Unknown               Unknown  Unknown
libmpi.so.12.0.0   00001458241C8B37  Unknown               Unknown  Unknown
libmpi.so.12.0.0   00001458241BB3F7  PMPI_Comm_dup         Unknown  Unknown
libmpifort.so.12.  0000145823AF6FEB  pmpi_comm_dup_        Unknown  Unknown
CCTM_v6.exe        00000000004D56C4  se_init_module_mp         166  se_init_module.F
CCTM_v6.exe        0000000001296C73  cmaq_driver_              478  driver.F
CCTM_v6.exe        00000000012963FB  MAIN__                     97  cmaq_main.F
CCTM_v6.exe        000000000041503D  Unknown               Unknown  Unknown
libc.so.6          000014582345158E  Unknown               Unknown  Unknown
libc.so.6          0000145823451649  __libc_start_main     Unknown  Unknown
CCTM_v6.exe        0000000000414F55  Unknown               Unknown  Unknown
forrtl: error (78): process killed (SIGTERM)
Image              PC                Routine            Line        Source             
libc.so.6          00001531D1E681C0  Unknown               Unknown  Unknown
libmpi.so.12.0.0   00001531D2D180A8  Unknown               Unknown  Unknown
libmpi.so.12.0.0   00001531D30A32F0  Unknown               Unknown  Unknown
libmpi.so.12.0.0   00001531D2E06875  Unknown               Unknown  Unknown
libmpi.so.12.0.0   00001531D2E0A2A4  Unknown               Unknown  Unknown
libmpi.so.12.0.0   00001531D302D19E  Unknown               Unknown  Unknown
libmpi.so.12.0.0   00001531D302B9EE  Unknown               Unknown  Unknown
libmpi.so.12.0.0   00001531D2D6315A  Unknown               Unknown  Unknown
libmpi.so.12.0.0   00001531D2D62EAD  Unknown               Unknown  Unknown
libmpi.so.12.0.0   00001531D2DCB5D3  Unknown               Unknown  Unknown
libmpi.so.12.0.0   00001531D2DCB31F  Unknown               Unknown  Unknown
libmpi.so.12.0.0   00001531D2DC8B37  Unknown               Unknown  Unknown
libmpi.so.12.0.0   00001531D2DBB3F7  PMPI_Comm_dup         Unknown  Unknown
libmpifort.so.12.  00001531D26F6FEB  pmpi_comm_dup_        Unknown  Unknown
CCTM_v6.exe        00000000004D56C4  se_init_module_mp         166  se_init_module.F
CCTM_v6.exe        0000000001296C73  cmaq_driver_              478  driver.F
CCTM_v6.exe        00000000012963FB  MAIN__                     97  cmaq_main.F
CCTM_v6.exe        000000000041503D  Unknown               Unknown  Unknown
libc.so.6          00001531D1E5158E  Unknown               Unknown  Unknown
libc.so.6          00001531D1E51649  __libc_start_main     Unknown  Unknown
CCTM_v6.exe        0000000000414F55  Unknown               Unknown  Unknown
forrtl: error (78): process killed (SIGTERM)
Image              PC                Routine            Line        Source             
libc.so.6          00001526D1A681C0  Unknown               Unknown  Unknown
libmpi.so.12.0.0   00001526D27180BC  Unknown               Unknown  Unknown
libmpi.so.12.0.0   00001526D2AA32F0  Unknown               Unknown  Unknown
libmpi.so.12.0.0   00001526D2806875  Unknown               Unknown  Unknown
libmpi.so.12.0.0   00001526D280A2A4  Unknown               Unknown  Unknown
libmpi.so.12.0.0   00001526D2A2D19E  Unknown               Unknown  Unknown
libmpi.so.12.0.0   00001526D2A2B9EE  Unknown               Unknown  Unknown
libmpi.so.12.0.0   00001526D276315A  Unknown               Unknown  Unknown
libmpi.so.12.0.0   00001526D2762EAD  Unknown               Unknown  Unknown
libmpi.so.12.0.0   00001526D27CB5D3  Unknown               Unknown  Unknown
libmpi.so.12.0.0   00001526D27CB31F  Unknown               Unknown  Unknown
libmpi.so.12.0.0   00001526D27C8B37  Unknown               Unknown  Unknown
libmpi.so.12.0.0   00001526D27BB3F7  PMPI_Comm_dup         Unknown  Unknown
libmpifort.so.12.  00001526D20F6FEB  pmpi_comm_dup_        Unknown  Unknown
CCTM_v6.exe        00000000004D56C4  se_init_module_mp         166  se_init_module.F
CCTM_v6.exe        0000000001296C73  cmaq_driver_              478  driver.F
CCTM_v6.exe        00000000012963FB  MAIN__                     97  cmaq_main.F
CCTM_v6.exe        000000000041503D  Unknown               Unknown  Unknown
libc.so.6          00001526D1A5158E  Unknown               Unknown  Unknown
libc.so.6          00001526D1A51649  __libc_start_main     Unknown  Unknown
CCTM_v6.exe        0000000000414F55  Unknown               Unknown  Unknown
forrtl: error (78): process killed (SIGTERM)
Image              PC                Routine            Line        Source             
libc.so.6          0000146A3F2681C0  Unknown               Unknown  Unknown
libmpi.so.12.0.0   0000146A3FF17DFF  Unknown               Unknown  Unknown
libmpi.so.12.0.0   0000146A3FF180A8  Unknown               Unknown  Unknown
libmpi.so.12.0.0   0000146A402A32F0  Unknown               Unknown  Unknown
libmpi.so.12.0.0   0000146A40006875  Unknown               Unknown  Unknown
libmpi.so.12.0.0   0000146A4000A2A4  Unknown               Unknown  Unknown
libmpi.so.12.0.0   0000146A4022D19E  Unknown               Unknown  Unknown
libmpi.so.12.0.0   0000146A4022B9EE  Unknown               Unknown  Unknown
libmpi.so.12.0.0   0000146A3FF6315A  Unknown               Unknown  Unknown
libmpi.so.12.0.0   0000146A3FF62EAD  Unknown               Unknown  Unknown
libmpi.so.12.0.0   0000146A3FFCB5D3  Unknown               Unknown  Unknown
libmpi.so.12.0.0   0000146A3FFCB31F  Unknown               Unknown  Unknown
libmpi.so.12.0.0   0000146A3FFC8B37  Unknown               Unknown  Unknown
libmpi.so.12.0.0   0000146A3FFBB3F7  PMPI_Comm_dup         Unknown  Unknown
libmpifort.so.12.  0000146A3F8F6FEB  pmpi_comm_dup_        Unknown  Unknown
CCTM_v6.exe        00000000004D56C4  se_init_module_mp         166  se_init_module.F
CCTM_v6.exe        0000000001296C73  cmaq_driver_              478  driver.F
CCTM_v6.exe        00000000012963FB  MAIN__                     97  cmaq_main.F
CCTM_v6.exe        000000000041503D  Unknown               Unknown  Unknown
libc.so.6          0000146A3F25158E  Unknown               Unknown  Unknown
libc.so.6          0000146A3F251649  __libc_start_main     Unknown  Unknown
CCTM_v6.exe        0000000000414F55  Unknown               Unknown  Unknown
forrtl: error (78): process killed (SIGTERM)
Image              PC                Routine            Line        Source             
libc.so.6          000014BCF8C681C0  Unknown               Unknown  Unknown
libmpi.so.12.0.0   000014BCF9B17D84  Unknown               Unknown  Unknown
libmpi.so.12.0.0   000014BCF9B180A8  Unknown               Unknown  Unknown
libmpi.so.12.0.0   000014BCF9EA32F0  Unknown               Unknown  Unknown
libmpi.so.12.0.0   000014BCF9C06875  Unknown               Unknown  Unknown
libmpi.so.12.0.0   000014BCF9C0A2A4  Unknown               Unknown  Unknown
libmpi.so.12.0.0   000014BCF9E2D19E  Unknown               Unknown  Unknown
libmpi.so.12.0.0   000014BCF9E2B9EE  Unknown               Unknown  Unknown
libmpi.so.12.0.0   000014BCF9B6315A  Unknown               Unknown  Unknown
libmpi.so.12.0.0   000014BCF9B62EAD  Unknown               Unknown  Unknown
libmpi.so.12.0.0   000014BCF9BCB5D3  Unknown               Unknown  Unknown
libmpi.so.12.0.0   000014BCF9BCB31F  Unknown               Unknown  Unknown
libmpi.so.12.0.0   000014BCF9BC8B37  Unknown               Unknown  Unknown
libmpi.so.12.0.0   000014BCF9BBB3F7  PMPI_Comm_dup         Unknown  Unknown
libmpifort.so.12.  000014BCF94F6FEB  pmpi_comm_dup_        Unknown  Unknown
CCTM_v6.exe        00000000004D56C4  se_init_module_mp         166  se_init_module.F
CCTM_v6.exe        0000000001296C73  cmaq_driver_              478  driver.F
CCTM_v6.exe        00000000012963FB  MAIN__                     97  cmaq_main.F
CCTM_v6.exe        000000000041503D  Unknown               Unknown  Unknown
libc.so.6          000014BCF8C5158E  Unknown               Unknown  Unknown
libc.so.6          000014BCF8C51649  __libc_start_main     Unknown  Unknown
CCTM_v6.exe        0000000000414F55  Unknown               Unknown  Unknown
forrtl: error (78): process killed (SIGTERM)
Image              PC                Routine            Line        Source             
libc.so.6          00001483386681C0  Unknown               Unknown  Unknown
libmpi.so.12.0.0   0000148339517CE8  Unknown               Unknown  Unknown
libmpi.so.12.0.0   00001483395180A8  Unknown               Unknown  Unknown
libmpi.so.12.0.0   00001483398A32F0  Unknown               Unknown  Unknown
libmpi.so.12.0.0   0000148339606875  Unknown               Unknown  Unknown
libmpi.so.12.0.0   000014833960A2A4  Unknown               Unknown  Unknown
libmpi.so.12.0.0   000014833982D19E  Unknown               Unknown  Unknown
libmpi.so.12.0.0   000014833982B9EE  Unknown               Unknown  Unknown
libmpi.so.12.0.0   000014833956315A  Unknown               Unknown  Unknown
libmpi.so.12.0.0   0000148339562EAD  Unknown               Unknown  Unknown
libmpi.so.12.0.0   00001483395CB5D3  Unknown               Unknown  Unknown
libmpi.so.12.0.0   00001483395CB31F  Unknown               Unknown  Unknown
libmpi.so.12.0.0   00001483395C8B37  Unknown               Unknown  Unknown
libmpi.so.12.0.0   00001483395BB3F7  PMPI_Comm_dup         Unknown  Unknown
libmpifort.so.12.  0000148338EF6FEB  pmpi_comm_dup_        Unknown  Unknown
CCTM_v6.exe        00000000004D56C4  se_init_module_mp         166  se_init_module.F
CCTM_v6.exe        0000000001296C73  cmaq_driver_              478  driver.F
CCTM_v6.exe        00000000012963FB  MAIN__                     97  cmaq_main.F
CCTM_v6.exe        000000000041503D  Unknown               Unknown  Unknown
libc.so.6          000014833865158E  Unknown               Unknown  Unknown
libc.so.6          0000148338651649  __libc_start_main     Unknown  Unknown
CCTM_v6.exe        0000000000414F55  Unknown               Unknown  Unknown
forrtl: error (78): process killed (SIGTERM)
Image              PC                Routine            Line        Source             
libc.so.6          000014D8E98681C0  Unknown               Unknown  Unknown
libmpi.so.12.0.0   000014D8EA517CE1  Unknown               Unknown  Unknown
libmpi.so.12.0.0   000014D8EA5180A8  Unknown               Unknown  Unknown
libmpi.so.12.0.0   000014D8EA8A32F0  Unknown               Unknown  Unknown
libmpi.so.12.0.0   000014D8EA606875  Unknown               Unknown  Unknown
libmpi.so.12.0.0   000014D8EA60A2A4  Unknown               Unknown  Unknown
libmpi.so.12.0.0   000014D8EA82D19E  Unknown               Unknown  Unknown
libmpi.so.12.0.0   000014D8EA82B9EE  Unknown               Unknown  Unknown
libmpi.so.12.0.0   000014D8EA56315A  Unknown               Unknown  Unknown
libmpi.so.12.0.0   000014D8EA562EAD  Unknown               Unknown  Unknown
libmpi.so.12.0.0   000014D8EA5CB5D3  Unknown               Unknown  Unknown
libmpi.so.12.0.0   000014D8EA5CB31F  Unknown               Unknown  Unknown
libmpi.so.12.0.0   000014D8EA5C8B37  Unknown               Unknown  Unknown
libmpi.so.12.0.0   000014D8EA5BB3F7  PMPI_Comm_dup         Unknown  Unknown
libmpifort.so.12.  000014D8E9EF6FEB  pmpi_comm_dup_        Unknown  Unknown
CCTM_v6.exe        00000000004D56C4  se_init_module_mp         166  se_init_module.F
CCTM_v6.exe        0000000001296C73  cmaq_driver_              478  driver.F
CCTM_v6.exe        00000000012963FB  MAIN__                     97  cmaq_main.F
CCTM_v6.exe        000000000041503D  Unknown               Unknown  Unknown
libc.so.6          000014D8E985158E  Unknown               Unknown  Unknown
libc.so.6          000014D8E9851649  __libc_start_main     Unknown  Unknown
CCTM_v6.exe        0000000000414F55  Unknown               Unknown  Unknown
forrtl: error (78): process killed (SIGTERM)
Image              PC                Routine            Line        Source             
libc.so.6          000014B8B38681C0  Unknown               Unknown  Unknown
libmpi.so.12.0.0   000014B8B4517EC2  Unknown               Unknown  Unknown
libmpi.so.12.0.0   000014B8B45180A8  Unknown               Unknown  Unknown
libmpi.so.12.0.0   000014B8B48A32F0  Unknown               Unknown  Unknown
libmpi.so.12.0.0   000014B8B4606875  Unknown               Unknown  Unknown
libmpi.so.12.0.0   000014B8B460A2A4  Unknown               Unknown  Unknown
libmpi.so.12.0.0   000014B8B482D19E  Unknown               Unknown  Unknown
libmpi.so.12.0.0   000014B8B482B9EE  Unknown               Unknown  Unknown
libmpi.so.12.0.0   000014B8B456315A  Unknown               Unknown  Unknown
libmpi.so.12.0.0   000014B8B4562EAD  Unknown               Unknown  Unknown
libmpi.so.12.0.0   000014B8B45CB5D3  Unknown               Unknown  Unknown
libmpi.so.12.0.0   000014B8B45CB31F  Unknown               Unknown  Unknown
libmpi.so.12.0.0   000014B8B45C8B37  Unknown               Unknown  Unknown
libmpi.so.12.0.0   000014B8B45BB3F7  PMPI_Comm_dup         Unknown  Unknown
libmpifort.so.12.  000014B8B3EF6FEB  pmpi_comm_dup_        Unknown  Unknown
CCTM_v6.exe        00000000004D56C4  se_init_module_mp         166  se_init_module.F
CCTM_v6.exe        0000000001296C73  cmaq_driver_              478  driver.F
CCTM_v6.exe        00000000012963FB  MAIN__                     97  cmaq_main.F
CCTM_v6.exe        000000000041503D  Unknown               Unknown  Unknown
libc.so.6          000014B8B385158E  Unknown               Unknown  Unknown
libc.so.6          000014B8B3851649  __libc_start_main     Unknown  Unknown
CCTM_v6.exe        0000000000414F55  Unknown               Unknown  Unknown
forrtl: error (78): process killed (SIGTERM)
Image              PC                Routine            Line        Source             
libc.so.6          000014FAD32681C0  Unknown               Unknown  Unknown
libmpi.so.12.0.0   000014FAD3F17DFF  Unknown               Unknown  Unknown
libmpi.so.12.0.0   000014FAD3F180A8  Unknown               Unknown  Unknown
libmpi.so.12.0.0   000014FAD42A32F0  Unknown               Unknown  Unknown
libmpi.so.12.0.0   000014FAD4006875  Unknown               Unknown  Unknown
libmpi.so.12.0.0   000014FAD400A2A4  Unknown               Unknown  Unknown
libmpi.so.12.0.0   000014FAD422D19E  Unknown               Unknown  Unknown
libmpi.so.12.0.0   000014FAD422B9EE  Unknown               Unknown  Unknown
libmpi.so.12.0.0   000014FAD3F6315A  Unknown               Unknown  Unknown
libmpi.so.12.0.0   000014FAD3F62EAD  Unknown               Unknown  Unknown
libmpi.so.12.0.0   000014FAD3FCB5D3  Unknown               Unknown  Unknown
libmpi.so.12.0.0   000014FAD3FCB31F  Unknown               Unknown  Unknown
libmpi.so.12.0.0   000014FAD3FC8B37  Unknown               Unknown  Unknown
libmpi.so.12.0.0   000014FAD3FBB3F7  PMPI_Comm_dup         Unknown  Unknown
libmpifort.so.12.  000014FAD38F6FEB  pmpi_comm_dup_        Unknown  Unknown
CCTM_v6.exe        00000000004D56C4  se_init_module_mp         166  se_init_module.F
CCTM_v6.exe        0000000001296C73  cmaq_driver_              478  driver.F
CCTM_v6.exe        00000000012963FB  MAIN__                     97  cmaq_main.F
CCTM_v6.exe        000000000041503D  Unknown               Unknown  Unknown
libc.so.6          000014FAD325158E  Unknown               Unknown  Unknown
libc.so.6          000014FAD3251649  __libc_start_main     Unknown  Unknown
CCTM_v6.exe        0000000000414F55  Unknown               Unknown  Unknown
forrtl: error (78): process killed (SIGTERM)
Image              PC                Routine            Line        Source             
libc.so.6          000014911C0681C0  Unknown               Unknown  Unknown
libmpi.so.12.0.0   000014911CF17D99  Unknown               Unknown  Unknown
libmpi.so.12.0.0   000014911CF180A8  Unknown               Unknown  Unknown
libmpi.so.12.0.0   000014911D2A32F0  Unknown               Unknown  Unknown
libmpi.so.12.0.0   000014911D006875  Unknown               Unknown  Unknown
libmpi.so.12.0.0   000014911D00A2A4  Unknown               Unknown  Unknown
libmpi.so.12.0.0   000014911D22D19E  Unknown               Unknown  Unknown
libmpi.so.12.0.0   000014911D22B9EE  Unknown               Unknown  Unknown
libmpi.so.12.0.0   000014911CF6315A  Unknown               Unknown  Unknown
libmpi.so.12.0.0   000014911CF62EAD  Unknown               Unknown  Unknown
libmpi.so.12.0.0   000014911CFCB5D3  Unknown               Unknown  Unknown
libmpi.so.12.0.0   000014911CFCB31F  Unknown               Unknown  Unknown
libmpi.so.12.0.0   000014911CFC8B37  Unknown               Unknown  Unknown
libmpi.so.12.0.0   000014911CFBB3F7  PMPI_Comm_dup         Unknown  Unknown
libmpifort.so.12.  000014911C8F6FEB  pmpi_comm_dup_        Unknown  Unknown
CCTM_v6.exe        00000000004D56C4  se_init_module_mp         166  se_init_module.F
CCTM_v6.exe        0000000001296C73  cmaq_driver_              478  driver.F
CCTM_v6.exe        00000000012963FB  MAIN__                     97  cmaq_main.F
CCTM_v6.exe        000000000041503D  Unknown               Unknown  Unknown
libc.so.6          000014911C05158E  Unknown               Unknown  Unknown
libc.so.6          000014911C051649  __libc_start_main     Unknown  Unknown
CCTM_v6.exe        0000000000414F55  Unknown               Unknown  Unknown
forrtl: error (78): process killed (SIGTERM)
Image              PC                Routine            Line        Source             
libc.so.6          0000154D116681C0  Unknown               Unknown  Unknown
libmpi.so.12.0.0   0000154D12517D8F  Unknown               Unknown  Unknown
libmpi.so.12.0.0   0000154D125180A8  Unknown               Unknown  Unknown
libmpi.so.12.0.0   0000154D128A32F0  Unknown               Unknown  Unknown
libmpi.so.12.0.0   0000154D12606875  Unknown               Unknown  Unknown
libmpi.so.12.0.0   0000154D1260A2A4  Unknown               Unknown  Unknown
libmpi.so.12.0.0   0000154D1282D19E  Unknown               Unknown  Unknown
libmpi.so.12.0.0   0000154D1282B9EE  Unknown               Unknown  Unknown
libmpi.so.12.0.0   0000154D1256315A  Unknown               Unknown  Unknown
libmpi.so.12.0.0   0000154D12562EAD  Unknown               Unknown  Unknown
libmpi.so.12.0.0   0000154D125CB5D3  Unknown               Unknown  Unknown
libmpi.so.12.0.0   0000154D125CB31F  Unknown               Unknown  Unknown
libmpi.so.12.0.0   0000154D125C8B37  Unknown               Unknown  Unknown
libmpi.so.12.0.0   0000154D125BB3F7  PMPI_Comm_dup         Unknown  Unknown
libmpifort.so.12.  0000154D11EF6FEB  pmpi_comm_dup_        Unknown  Unknown
CCTM_v6.exe        00000000004D56C4  se_init_module_mp         166  se_init_module.F
CCTM_v6.exe        0000000001296C73  cmaq_driver_              478  driver.F
CCTM_v6.exe        00000000012963FB  MAIN__                     97  cmaq_main.F
CCTM_v6.exe        000000000041503D  Unknown               Unknown  Unknown
libc.so.6          0000154D1165158E  Unknown               Unknown  Unknown
libc.so.6          0000154D11651649  __libc_start_main     Unknown  Unknown
CCTM_v6.exe        0000000000414F55  Unknown               Unknown  Unknown
forrtl: error (78): process killed (SIGTERM)
Image              PC                Routine            Line        Source             
libc.so.6          00001456A64681C0  Unknown               Unknown  Unknown
libmpi.so.12.0.0   00001456A75515DB  Unknown               Unknown  Unknown
libmpi.so.12.0.0   00001456A71180B1  Unknown               Unknown  Unknown
libmpi.so.12.0.0   00001456A74A32F0  Unknown               Unknown  Unknown
libmpi.so.12.0.0   00001456A7206875  Unknown               Unknown  Unknown
libmpi.so.12.0.0   00001456A720A2A4  Unknown               Unknown  Unknown
libmpi.so.12.0.0   00001456A742D19E  Unknown               Unknown  Unknown
libmpi.so.12.0.0   00001456A742B9EE  Unknown               Unknown  Unknown
libmpi.so.12.0.0   00001456A716315A  Unknown               Unknown  Unknown
libmpi.so.12.0.0   00001456A7162EAD  Unknown               Unknown  Unknown
libmpi.so.12.0.0   00001456A71CB5D3  Unknown               Unknown  Unknown
libmpi.so.12.0.0   00001456A71CB31F  Unknown               Unknown  Unknown
libmpi.so.12.0.0   00001456A71C8B37  Unknown               Unknown  Unknown
libmpi.so.12.0.0   00001456A71BB3F7  PMPI_Comm_dup         Unknown  Unknown
libmpifort.so.12.  00001456A6AF6FEB  pmpi_comm_dup_        Unknown  Unknown
CCTM_v6.exe        00000000004D56C4  se_init_module_mp         166  se_init_module.F
CCTM_v6.exe        0000000001296C73  cmaq_driver_              478  driver.F
CCTM_v6.exe        00000000012963FB  MAIN__                     97  cmaq_main.F
CCTM_v6.exe        000000000041503D  Unknown               Unknown  Unknown
libc.so.6          00001456A645158E  Unknown               Unknown  Unknown
libc.so.6          00001456A6451649  __libc_start_main     Unknown  Unknown
CCTM_v6.exe        0000000000414F55  Unknown               Unknown  Unknown
forrtl: error (78): process killed (SIGTERM)
Image              PC                Routine            Line        Source             
libc.so.6          00001552FD4681C0  Unknown               Unknown  Unknown
libmpi.so.12.0.0   00001552FE317CE1  Unknown               Unknown  Unknown
libmpi.so.12.0.0   00001552FE3180A8  Unknown               Unknown  Unknown
libmpi.so.12.0.0   00001552FE6A32F0  Unknown               Unknown  Unknown
libmpi.so.12.0.0   00001552FE406875  Unknown               Unknown  Unknown
libmpi.so.12.0.0   00001552FE40A2A4  Unknown               Unknown  Unknown
libmpi.so.12.0.0   00001552FE62D19E  Unknown               Unknown  Unknown
libmpi.so.12.0.0   00001552FE62B9EE  Unknown               Unknown  Unknown
libmpi.so.12.0.0   00001552FE36315A  Unknown               Unknown  Unknown
libmpi.so.12.0.0   00001552FE362EAD  Unknown               Unknown  Unknown
libmpi.so.12.0.0   00001552FE3CB5D3  Unknown               Unknown  Unknown
libmpi.so.12.0.0   00001552FE3CB31F  Unknown               Unknown  Unknown
libmpi.so.12.0.0   00001552FE3C8B37  Unknown               Unknown  Unknown
libmpi.so.12.0.0   00001552FE3BB3F7  PMPI_Comm_dup         Unknown  Unknown
libmpifort.so.12.  00001552FDCF6FEB  pmpi_comm_dup_        Unknown  Unknown
CCTM_v6.exe        00000000004D56C4  se_init_module_mp         166  se_init_module.F
CCTM_v6.exe        0000000001296C73  cmaq_driver_              478  driver.F
CCTM_v6.exe        00000000012963FB  MAIN__                     97  cmaq_main.F
CCTM_v6.exe        000000000041503D  Unknown               Unknown  Unknown
libc.so.6          00001552FD45158E  Unknown               Unknown  Unknown
libc.so.6          00001552FD451649  __libc_start_main     Unknown  Unknown
CCTM_v6.exe        0000000000414F55  Unknown               Unknown  Unknown
forrtl: error (78): process killed (SIGTERM)
Image              PC                Routine            Line        Source             
libc.so.6          000014AFEB0681C0  Unknown               Unknown  Unknown
libmpi.so.12.0.0   000014AFEBD17D8F  Unknown               Unknown  Unknown
libmpi.so.12.0.0   000014AFEBD180A8  Unknown               Unknown  Unknown
libmpi.so.12.0.0   000014AFEC0A32F0  Unknown               Unknown  Unknown
libmpi.so.12.0.0   000014AFEBE06875  Unknown               Unknown  Unknown
libmpi.so.12.0.0   000014AFEBE0A2A4  Unknown               Unknown  Unknown
libmpi.so.12.0.0   000014AFEC02D19E  Unknown               Unknown  Unknown
libmpi.so.12.0.0   000014AFEC02B9EE  Unknown               Unknown  Unknown
libmpi.so.12.0.0   000014AFEBD6315A  Unknown               Unknown  Unknown
libmpi.so.12.0.0   000014AFEBD62EAD  Unknown               Unknown  Unknown
libmpi.so.12.0.0   000014AFEBDCB5D3  Unknown               Unknown  Unknown
libmpi.so.12.0.0   000014AFEBDCB31F  Unknown               Unknown  Unknown
libmpi.so.12.0.0   000014AFEBDC8B37  Unknown               Unknown  Unknown
libmpi.so.12.0.0   000014AFEBDBB3F7  PMPI_Comm_dup         Unknown  Unknown
libmpifort.so.12.  000014AFEB6F6FEB  pmpi_comm_dup_        Unknown  Unknown
CCTM_v6.exe        00000000004D56C4  se_init_module_mp         166  se_init_module.F
CCTM_v6.exe        0000000001296C73  cmaq_driver_              478  driver.F
CCTM_v6.exe        00000000012963FB  MAIN__                     97  cmaq_main.F
CCTM_v6.exe        000000000041503D  Unknown               Unknown  Unknown
libc.so.6          000014AFEB05158E  Unknown               Unknown  Unknown
libc.so.6          000014AFEB051649  __libc_start_main     Unknown  Unknown
CCTM_v6.exe        0000000000414F55  Unknown               Unknown  Unknown
forrtl: error (78): process killed (SIGTERM)
Image              PC                Routine            Line        Source             
libc.so.6          00001500104681C0  Unknown               Unknown  Unknown
libmpi.so.12.0.0   0000150011317D73  Unknown               Unknown  Unknown
libmpi.so.12.0.0   00001500113180A8  Unknown               Unknown  Unknown
libmpi.so.12.0.0   00001500116A32F0  Unknown               Unknown  Unknown
libmpi.so.12.0.0   0000150011406875  Unknown               Unknown  Unknown
libmpi.so.12.0.0   000015001140A2A4  Unknown               Unknown  Unknown
libmpi.so.12.0.0   000015001162D19E  Unknown               Unknown  Unknown
libmpi.so.12.0.0   000015001162B9EE  Unknown               Unknown  Unknown
libmpi.so.12.0.0   000015001136315A  Unknown               Unknown  Unknown
libmpi.so.12.0.0   0000150011362EAD  Unknown               Unknown  Unknown
libmpi.so.12.0.0   00001500113CB5D3  Unknown               Unknown  Unknown
libmpi.so.12.0.0   00001500113CB31F  Unknown               Unknown  Unknown
libmpi.so.12.0.0   00001500113C8B37  Unknown               Unknown  Unknown
libmpi.so.12.0.0   00001500113BB3F7  PMPI_Comm_dup         Unknown  Unknown
libmpifort.so.12.  0000150010CF6FEB  pmpi_comm_dup_        Unknown  Unknown
CCTM_v6.exe        00000000004D56C4  se_init_module_mp         166  se_init_module.F
CCTM_v6.exe        0000000001296C73  cmaq_driver_              478  driver.F
CCTM_v6.exe        00000000012963FB  MAIN__                     97  cmaq_main.F
CCTM_v6.exe        000000000041503D  Unknown               Unknown  Unknown
libc.so.6          000015001045158E  Unknown               Unknown  Unknown
libc.so.6          0000150010451649  __libc_start_main     Unknown  Unknown
CCTM_v6.exe        0000000000414F55  Unknown               Unknown  Unknown
forrtl: error (78): process killed (SIGTERM)
Image              PC                Routine            Line        Source             
libc.so.6          000014EDFDA681C0  Unknown               Unknown  Unknown
libmpi.so.12.0.0   000014EDFED515E2  Unknown               Unknown  Unknown
libmpi.so.12.0.0   000014EDFE9180B1  Unknown               Unknown  Unknown
libmpi.so.12.0.0   000014EDFECA32F0  Unknown               Unknown  Unknown
libmpi.so.12.0.0   000014EDFEA06875  Unknown               Unknown  Unknown
libmpi.so.12.0.0   000014EDFEA0A2A4  Unknown               Unknown  Unknown
libmpi.so.12.0.0   000014EDFEC2D19E  Unknown               Unknown  Unknown
libmpi.so.12.0.0   000014EDFEC2B9EE  Unknown               Unknown  Unknown
libmpi.so.12.0.0   000014EDFE96315A  Unknown               Unknown  Unknown
libmpi.so.12.0.0   000014EDFE962EAD  Unknown               Unknown  Unknown
libmpi.so.12.0.0   000014EDFE9CB5D3  Unknown               Unknown  Unknown
libmpi.so.12.0.0   000014EDFE9CB31F  Unknown               Unknown  Unknown
libmpi.so.12.0.0   000014EDFE9C8B37  Unknown               Unknown  Unknown
libmpi.so.12.0.0   000014EDFE9BB3F7  PMPI_Comm_dup         Unknown  Unknown
libmpifort.so.12.  000014EDFE2F6FEB  pmpi_comm_dup_        Unknown  Unknown
CCTM_v6.exe        00000000004D56C4  se_init_module_mp         166  se_init_module.F
CCTM_v6.exe        0000000001296C73  cmaq_driver_              478  driver.F
CCTM_v6.exe        00000000012963FB  MAIN__                     97  cmaq_main.F
CCTM_v6.exe        000000000041503D  Unknown               Unknown  Unknown
libc.so.6          000014EDFDA5158E  Unknown               Unknown  Unknown
libc.so.6          000014EDFDA51649  __libc_start_main     Unknown  Unknown
CCTM_v6.exe        0000000000414F55  Unknown               Unknown  Unknown
forrtl: error (78): process killed (SIGTERM)
Image              PC                Routine            Line        Source             
libc.so.6          000014A8770681C0  Unknown               Unknown  Unknown
libmpi.so.12.0.0   000014A8781515E8  Unknown               Unknown  Unknown
libmpi.so.12.0.0   000014A877D180B1  Unknown               Unknown  Unknown
libmpi.so.12.0.0   000014A8780A32F0  Unknown               Unknown  Unknown
libmpi.so.12.0.0   000014A877E06875  Unknown               Unknown  Unknown
libmpi.so.12.0.0   000014A877E0A2A4  Unknown               Unknown  Unknown
libmpi.so.12.0.0   000014A87802D19E  Unknown               Unknown  Unknown
libmpi.so.12.0.0   000014A87802B9EE  Unknown               Unknown  Unknown
libmpi.so.12.0.0   000014A877D6315A  Unknown               Unknown  Unknown
libmpi.so.12.0.0   000014A877D62EAD  Unknown               Unknown  Unknown
libmpi.so.12.0.0   000014A877DCB5D3  Unknown               Unknown  Unknown
libmpi.so.12.0.0   000014A877DCB31F  Unknown               Unknown  Unknown
libmpi.so.12.0.0   000014A877DC8B37  Unknown               Unknown  Unknown
libmpi.so.12.0.0   000014A877DBB3F7  PMPI_Comm_dup         Unknown  Unknown
libmpifort.so.12.  000014A8776F6FEB  pmpi_comm_dup_        Unknown  Unknown
CCTM_v6.exe        00000000004D56C4  se_init_module_mp         166  se_init_module.F
CCTM_v6.exe        0000000001296C73  cmaq_driver_              478  driver.F
CCTM_v6.exe        00000000012963FB  MAIN__                     97  cmaq_main.F
CCTM_v6.exe        000000000041503D  Unknown               Unknown  Unknown
libc.so.6          000014A87705158E  Unknown               Unknown  Unknown
libc.so.6          000014A877051649  __libc_start_main     Unknown  Unknown
CCTM_v6.exe        0000000000414F55  Unknown               Unknown  Unknown
forrtl: error (78): process killed (SIGTERM)
Image              PC                Routine            Line        Source             
libc.so.6          000014DCB7A681C0  Unknown               Unknown  Unknown
libmpi.so.12.0.0   000014DCB8BA9445  Unknown               Unknown  Unknown
libmpi.so.12.0.0   000014DCB8917D84  Unknown               Unknown  Unknown
libmpi.so.12.0.0   000014DCB89180A8  Unknown               Unknown  Unknown
libmpi.so.12.0.0   000014DCB8CA32F0  Unknown               Unknown  Unknown
libmpi.so.12.0.0   000014DCB8A06875  Unknown               Unknown  Unknown
libmpi.so.12.0.0   000014DCB8A0A2A4  Unknown               Unknown  Unknown
libmpi.so.12.0.0   000014DCB8C2D19E  Unknown               Unknown  Unknown
libmpi.so.12.0.0   000014DCB8C2B9EE  Unknown               Unknown  Unknown
libmpi.so.12.0.0   000014DCB896315A  Unknown               Unknown  Unknown
libmpi.so.12.0.0   000014DCB8962EAD  Unknown               Unknown  Unknown
libmpi.so.12.0.0   000014DCB89CB5D3  Unknown               Unknown  Unknown
libmpi.so.12.0.0   000014DCB89CB31F  Unknown               Unknown  Unknown
libmpi.so.12.0.0   000014DCB89C8B37  Unknown               Unknown  Unknown
libmpi.so.12.0.0   000014DCB89BB3F7  PMPI_Comm_dup         Unknown  Unknown
libmpifort.so.12.  000014DCB82F6FEB  pmpi_comm_dup_        Unknown  Unknown
CCTM_v6.exe        00000000004D56C4  se_init_module_mp         166  se_init_module.F
CCTM_v6.exe        0000000001296C73  cmaq_driver_              478  driver.F
CCTM_v6.exe        00000000012963FB  MAIN__                     97  cmaq_main.F
CCTM_v6.exe        000000000041503D  Unknown               Unknown  Unknown
libc.so.6          000014DCB7A5158E  Unknown               Unknown  Unknown
libc.so.6          000014DCB7A51649  __libc_start_main     Unknown  Unknown
CCTM_v6.exe        0000000000414F55  Unknown               Unknown  Unknown
forrtl: error (78): process killed (SIGTERM)
Image              PC                Routine            Line        Source             
libc.so.6          00001462290681C0  Unknown               Unknown  Unknown
libmpi.so.12.0.0   0000146229FA941D  Unknown               Unknown  Unknown
libmpi.so.12.0.0   0000146229D17D84  Unknown               Unknown  Unknown
libmpi.so.12.0.0   0000146229D180A8  Unknown               Unknown  Unknown
libmpi.so.12.0.0   000014622A0A32F0  Unknown               Unknown  Unknown
libmpi.so.12.0.0   0000146229E06875  Unknown               Unknown  Unknown
libmpi.so.12.0.0   0000146229E0A2A4  Unknown               Unknown  Unknown
libmpi.so.12.0.0   000014622A02D19E  Unknown               Unknown  Unknown
libmpi.so.12.0.0   000014622A02B9EE  Unknown               Unknown  Unknown
libmpi.so.12.0.0   0000146229D6315A  Unknown               Unknown  Unknown
libmpi.so.12.0.0   0000146229D62EAD  Unknown               Unknown  Unknown
libmpi.so.12.0.0   0000146229DCB5D3  Unknown               Unknown  Unknown
libmpi.so.12.0.0   0000146229DCB31F  Unknown               Unknown  Unknown
libmpi.so.12.0.0   0000146229DC8B37  Unknown               Unknown  Unknown
libmpi.so.12.0.0   0000146229DBB3F7  PMPI_Comm_dup         Unknown  Unknown
libmpifort.so.12.  00001462296F6FEB  pmpi_comm_dup_        Unknown  Unknown
CCTM_v6.exe        00000000004D56C4  se_init_module_mp         166  se_init_module.F
CCTM_v6.exe        0000000001296C73  cmaq_driver_              478  driver.F
CCTM_v6.exe        00000000012963FB  MAIN__                     97  cmaq_main.F
CCTM_v6.exe        000000000041503D  Unknown               Unknown  Unknown
libc.so.6          000014622905158E  Unknown               Unknown  Unknown
libc.so.6          0000146229051649  __libc_start_main     Unknown  Unknown
CCTM_v6.exe        0000000000414F55  Unknown               Unknown  Unknown
forrtl: error (78): process killed (SIGTERM)
Image              PC                Routine            Line        Source             
libc.so.6          0000153F7B2681C0  Unknown               Unknown  Unknown
libmpi.so.12.0.0   0000153F7C3A9468  Unknown               Unknown  Unknown
libmpi.so.12.0.0   0000153F7C117D84  Unknown               Unknown  Unknown
libmpi.so.12.0.0   0000153F7C1180A8  Unknown               Unknown  Unknown
libmpi.so.12.0.0   0000153F7C4A32F0  Unknown               Unknown  Unknown
libmpi.so.12.0.0   0000153F7C206875  Unknown               Unknown  Unknown
libmpi.so.12.0.0   0000153F7C20A2A4  Unknown               Unknown  Unknown
libmpi.so.12.0.0   0000153F7C42D19E  Unknown               Unknown  Unknown
libmpi.so.12.0.0   0000153F7C42B9EE  Unknown               Unknown  Unknown
libmpi.so.12.0.0   0000153F7C16315A  Unknown               Unknown  Unknown
libmpi.so.12.0.0   0000153F7C162EAD  Unknown               Unknown  Unknown
libmpi.so.12.0.0   0000153F7C1CB5D3  Unknown               Unknown  Unknown
libmpi.so.12.0.0   0000153F7C1CB31F  Unknown               Unknown  Unknown
libmpi.so.12.0.0   0000153F7C1C8B37  Unknown               Unknown  Unknown
libmpi.so.12.0.0   0000153F7C1BB3F7  PMPI_Comm_dup         Unknown  Unknown
libmpifort.so.12.  0000153F7BAF6FEB  pmpi_comm_dup_        Unknown  Unknown
CCTM_v6.exe        00000000004D56C4  se_init_module_mp         166  se_init_module.F
CCTM_v6.exe        0000000001296C73  cmaq_driver_              478  driver.F
CCTM_v6.exe        00000000012963FB  MAIN__                     97  cmaq_main.F
CCTM_v6.exe        000000000041503D  Unknown               Unknown  Unknown
libc.so.6          0000153F7B25158E  Unknown               Unknown  Unknown
libc.so.6          0000153F7B251649  __libc_start_main     Unknown  Unknown
CCTM_v6.exe        0000000000414F55  Unknown               Unknown  Unknown
forrtl: error (78): process killed (SIGTERM)
Image              PC                Routine            Line        Source             
libc.so.6          00001516EA4681C0  Unknown               Unknown  Unknown
libmpi.so.12.0.0   00001516EB3A9484  Unknown               Unknown  Unknown
libmpi.so.12.0.0   00001516EB117D84  Unknown               Unknown  Unknown
libmpi.so.12.0.0   00001516EB1180A8  Unknown               Unknown  Unknown
libmpi.so.12.0.0   00001516EB4A32F0  Unknown               Unknown  Unknown
libmpi.so.12.0.0   00001516EB206875  Unknown               Unknown  Unknown
libmpi.so.12.0.0   00001516EB20A2A4  Unknown               Unknown  Unknown
libmpi.so.12.0.0   00001516EB42D19E  Unknown               Unknown  Unknown
libmpi.so.12.0.0   00001516EB42B9EE  Unknown               Unknown  Unknown
libmpi.so.12.0.0   00001516EB16315A  Unknown               Unknown  Unknown
libmpi.so.12.0.0   00001516EB162EAD  Unknown               Unknown  Unknown
libmpi.so.12.0.0   00001516EB1CB5D3  Unknown               Unknown  Unknown
libmpi.so.12.0.0   00001516EB1CB31F  Unknown               Unknown  Unknown
libmpi.so.12.0.0   00001516EB1C8B37  Unknown               Unknown  Unknown
libmpi.so.12.0.0   00001516EB1BB3F7  PMPI_Comm_dup         Unknown  Unknown
libmpifort.so.12.  00001516EAAF6FEB  pmpi_comm_dup_        Unknown  Unknown
CCTM_v6.exe        00000000004D56C4  se_init_module_mp         166  se_init_module.F
CCTM_v6.exe        0000000001296C73  cmaq_driver_              478  driver.F
CCTM_v6.exe        00000000012963FB  MAIN__                     97  cmaq_main.F
CCTM_v6.exe        000000000041503D  Unknown               Unknown  Unknown
libc.so.6          00001516EA45158E  Unknown               Unknown  Unknown
libc.so.6          00001516EA451649  __libc_start_main     Unknown  Unknown
CCTM_v6.exe        0000000000414F55  Unknown               Unknown  Unknown
forrtl: error (78): process killed (SIGTERM)
Image              PC                Routine            Line        Source             
libc.so.6          0000145E2BE681C0  Unknown               Unknown  Unknown
libmpi.so.12.0.0   0000145E2CFA9426  Unknown               Unknown  Unknown
libmpi.so.12.0.0   0000145E2CD17D84  Unknown               Unknown  Unknown
libmpi.so.12.0.0   0000145E2CD180A8  Unknown               Unknown  Unknown
libmpi.so.12.0.0   0000145E2D0A32F0  Unknown               Unknown  Unknown
libmpi.so.12.0.0   0000145E2CE06875  Unknown               Unknown  Unknown
libmpi.so.12.0.0   0000145E2CE0A2A4  Unknown               Unknown  Unknown
libmpi.so.12.0.0   0000145E2D02D19E  Unknown               Unknown  Unknown
libmpi.so.12.0.0   0000145E2D02B9EE  Unknown               Unknown  Unknown
libmpi.so.12.0.0   0000145E2CD6315A  Unknown               Unknown  Unknown
libmpi.so.12.0.0   0000145E2CD62EAD  Unknown               Unknown  Unknown
libmpi.so.12.0.0   0000145E2CDCB5D3  Unknown               Unknown  Unknown
libmpi.so.12.0.0   0000145E2CDCB31F  Unknown               Unknown  Unknown
libmpi.so.12.0.0   0000145E2CDC8B37  Unknown               Unknown  Unknown
libmpi.so.12.0.0   0000145E2CDBB3F7  PMPI_Comm_dup         Unknown  Unknown
libmpifort.so.12.  0000145E2C6F6FEB  pmpi_comm_dup_        Unknown  Unknown
CCTM_v6.exe        00000000004D56C4  se_init_module_mp         166  se_init_module.F
CCTM_v6.exe        0000000001296C73  cmaq_driver_              478  driver.F
CCTM_v6.exe        00000000012963FB  MAIN__                     97  cmaq_main.F
CCTM_v6.exe        000000000041503D  Unknown               Unknown  Unknown
libc.so.6          0000145E2BE5158E  Unknown               Unknown  Unknown
libc.so.6          0000145E2BE51649  __libc_start_main     Unknown  Unknown
CCTM_v6.exe        0000000000414F55  Unknown               Unknown  Unknown
forrtl: error (78): process killed (SIGTERM)
Image              PC                Routine            Line        Source             
libc.so.6          00001520408681C0  Unknown               Unknown  Unknown
libmpi.so.12.0.0   00001520419A9487  Unknown               Unknown  Unknown
libmpi.so.12.0.0   0000152041717D84  Unknown               Unknown  Unknown
libmpi.so.12.0.0   00001520417180A8  Unknown               Unknown  Unknown
libmpi.so.12.0.0   0000152041AA32F0  Unknown               Unknown  Unknown
libmpi.so.12.0.0   0000152041806875  Unknown               Unknown  Unknown
libmpi.so.12.0.0   000015204180A2A4  Unknown               Unknown  Unknown
libmpi.so.12.0.0   0000152041A2D19E  Unknown               Unknown  Unknown
libmpi.so.12.0.0   0000152041A2B9EE  Unknown               Unknown  Unknown
libmpi.so.12.0.0   000015204176315A  Unknown               Unknown  Unknown
libmpi.so.12.0.0   0000152041762EAD  Unknown               Unknown  Unknown
libmpi.so.12.0.0   00001520417CB5D3  Unknown               Unknown  Unknown
libmpi.so.12.0.0   00001520417CB31F  Unknown               Unknown  Unknown
libmpi.so.12.0.0   00001520417C8B37  Unknown               Unknown  Unknown
libmpi.so.12.0.0   00001520417BB3F7  PMPI_Comm_dup         Unknown  Unknown
libmpifort.so.12.  00001520410F6FEB  pmpi_comm_dup_        Unknown  Unknown
CCTM_v6.exe        00000000004D56C4  se_init_module_mp         166  se_init_module.F
CCTM_v6.exe        0000000001296C73  cmaq_driver_              478  driver.F
CCTM_v6.exe        00000000012963FB  MAIN__                     97  cmaq_main.F
CCTM_v6.exe        000000000041503D  Unknown               Unknown  Unknown
libc.so.6          000015204085158E  Unknown               Unknown  Unknown
libc.so.6          0000152040851649  __libc_start_main     Unknown  Unknown
CCTM_v6.exe        0000000000414F55  Unknown               Unknown  Unknown
forrtl: error (78): process killed (SIGTERM)
Image              PC                Routine            Line        Source             
libc.so.6          000014A75B8681C0  Unknown               Unknown  Unknown
libmpi.so.12.0.0   000014A75C9A94C1  Unknown               Unknown  Unknown
libmpi.so.12.0.0   000014A75C717D84  Unknown               Unknown  Unknown
libmpi.so.12.0.0   000014A75C7180A8  Unknown               Unknown  Unknown
libmpi.so.12.0.0   000014A75CAA32F0  Unknown               Unknown  Unknown
libmpi.so.12.0.0   000014A75C806875  Unknown               Unknown  Unknown
libmpi.so.12.0.0   000014A75C80A2A4  Unknown               Unknown  Unknown
libmpi.so.12.0.0   000014A75CA2D19E  Unknown               Unknown  Unknown
libmpi.so.12.0.0   000014A75CA2B9EE  Unknown               Unknown  Unknown
libmpi.so.12.0.0   000014A75C76315A  Unknown               Unknown  Unknown
libmpi.so.12.0.0   000014A75C762EAD  Unknown               Unknown  Unknown
libmpi.so.12.0.0   000014A75C7CB5D3  Unknown               Unknown  Unknown
libmpi.so.12.0.0   000014A75C7CB31F  Unknown               Unknown  Unknown
libmpi.so.12.0.0   000014A75C7C8B37  Unknown               Unknown  Unknown
libmpi.so.12.0.0   000014A75C7BB3F7  PMPI_Comm_dup         Unknown  Unknown
libmpifort.so.12.  000014A75C0F6FEB  pmpi_comm_dup_        Unknown  Unknown
CCTM_v6.exe        00000000004D56C4  se_init_module_mp         166  se_init_module.F
CCTM_v6.exe        0000000001296C73  cmaq_driver_              478  driver.F
CCTM_v6.exe        00000000012963FB  MAIN__                     97  cmaq_main.F
CCTM_v6.exe        000000000041503D  Unknown               Unknown  Unknown
libc.so.6          000014A75B85158E  Unknown               Unknown  Unknown
libc.so.6          000014A75B851649  __libc_start_main     Unknown  Unknown
CCTM_v6.exe        0000000000414F55  Unknown               Unknown  Unknown
forrtl: error (78): process killed (SIGTERM)
Image              PC                Routine            Line        Source             
libc.so.6          0000145CD02681C0  Unknown               Unknown  Unknown
libmpi.so.12.0.0   0000145CD13A9484  Unknown               Unknown  Unknown
libmpi.so.12.0.0   0000145CD1117D84  Unknown               Unknown  Unknown
libmpi.so.12.0.0   0000145CD11180A8  Unknown               Unknown  Unknown
libmpi.so.12.0.0   0000145CD14A32F0  Unknown               Unknown  Unknown
libmpi.so.12.0.0   0000145CD1206875  Unknown               Unknown  Unknown
libmpi.so.12.0.0   0000145CD120A2A4  Unknown               Unknown  Unknown
libmpi.so.12.0.0   0000145CD142D19E  Unknown               Unknown  Unknown
libmpi.so.12.0.0   0000145CD142B9EE  Unknown               Unknown  Unknown
libmpi.so.12.0.0   0000145CD116315A  Unknown               Unknown  Unknown
libmpi.so.12.0.0   0000145CD1162EAD  Unknown               Unknown  Unknown
libmpi.so.12.0.0   0000145CD11CB5D3  Unknown               Unknown  Unknown
libmpi.so.12.0.0   0000145CD11CB31F  Unknown               Unknown  Unknown
libmpi.so.12.0.0   0000145CD11C8B37  Unknown               Unknown  Unknown
libmpi.so.12.0.0   0000145CD11BB3F7  PMPI_Comm_dup         Unknown  Unknown
libmpifort.so.12.  0000145CD0AF6FEB  pmpi_comm_dup_        Unknown  Unknown
CCTM_v6.exe        00000000004D56C4  se_init_module_mp         166  se_init_module.F
CCTM_v6.exe        0000000001296C73  cmaq_driver_              478  driver.F
CCTM_v6.exe        00000000012963FB  MAIN__                     97  cmaq_main.F
CCTM_v6.exe        000000000041503D  Unknown               Unknown  Unknown
libc.so.6          0000145CD025158E  Unknown               Unknown  Unknown
libc.so.6          0000145CD0251649  __libc_start_main     Unknown  Unknown
CCTM_v6.exe        0000000000414F55  Unknown               Unknown  Unknown
forrtl: error (78): process killed (SIGTERM)
Image              PC                Routine            Line        Source             
libc.so.6          000014A8300681C0  Unknown               Unknown  Unknown
libmpi.so.12.0.0   000014A8311A9484  Unknown               Unknown  Unknown
libmpi.so.12.0.0   000014A830F17D84  Unknown               Unknown  Unknown
libmpi.so.12.0.0   000014A830F180A8  Unknown               Unknown  Unknown
libmpi.so.12.0.0   000014A8312A32F0  Unknown               Unknown  Unknown
libmpi.so.12.0.0   000014A831006875  Unknown               Unknown  Unknown
libmpi.so.12.0.0   000014A83100A2A4  Unknown               Unknown  Unknown
libmpi.so.12.0.0   000014A83122D19E  Unknown               Unknown  Unknown
libmpi.so.12.0.0   000014A83122B9EE  Unknown               Unknown  Unknown
libmpi.so.12.0.0   000014A830F6315A  Unknown               Unknown  Unknown
libmpi.so.12.0.0   000014A830F62EAD  Unknown               Unknown  Unknown
libmpi.so.12.0.0   000014A830FCB5D3  Unknown               Unknown  Unknown
libmpi.so.12.0.0   000014A830FCB31F  Unknown               Unknown  Unknown
libmpi.so.12.0.0   000014A830FC8B37  Unknown               Unknown  Unknown
libmpi.so.12.0.0   000014A830FBB3F7  PMPI_Comm_dup         Unknown  Unknown
libmpifort.so.12.  000014A8308F6FEB  pmpi_comm_dup_        Unknown  Unknown
CCTM_v6.exe        00000000004D56C4  se_init_module_mp         166  se_init_module.F
CCTM_v6.exe        0000000001296C73  cmaq_driver_              478  driver.F
CCTM_v6.exe        00000000012963FB  MAIN__                     97  cmaq_main.F
CCTM_v6.exe        000000000041503D  Unknown               Unknown  Unknown
libc.so.6          000014A83005158E  Unknown               Unknown  Unknown
libc.so.6          000014A830051649  __libc_start_main     Unknown  Unknown
CCTM_v6.exe        0000000000414F55  Unknown               Unknown  Unknown
forrtl: error (78): process killed (SIGTERM)
Image              PC                Routine            Line        Source             
libc.so.6          000014A757C681C0  Unknown               Unknown  Unknown
libmpi.so.12.0.0   000014A758BA9484  Unknown               Unknown  Unknown
libmpi.so.12.0.0   000014A758917D84  Unknown               Unknown  Unknown
libmpi.so.12.0.0   000014A7589180A8  Unknown               Unknown  Unknown
libmpi.so.12.0.0   000014A758CA32F0  Unknown               Unknown  Unknown
libmpi.so.12.0.0   000014A758A06875  Unknown               Unknown  Unknown
libmpi.so.12.0.0   000014A758A0A2A4  Unknown               Unknown  Unknown
libmpi.so.12.0.0   000014A758C2D19E  Unknown               Unknown  Unknown
libmpi.so.12.0.0   000014A758C2B9EE  Unknown               Unknown  Unknown
libmpi.so.12.0.0   000014A75896315A  Unknown               Unknown  Unknown
libmpi.so.12.0.0   000014A758962EAD  Unknown               Unknown  Unknown
libmpi.so.12.0.0   000014A7589CB5D3  Unknown               Unknown  Unknown
libmpi.so.12.0.0   000014A7589CB31F  Unknown               Unknown  Unknown
libmpi.so.12.0.0   000014A7589C8B37  Unknown               Unknown  Unknown
libmpi.so.12.0.0   000014A7589BB3F7  PMPI_Comm_dup         Unknown  Unknown
libmpifort.so.12.  000014A7582F6FEB  pmpi_comm_dup_        Unknown  Unknown
CCTM_v6.exe        00000000004D56C4  se_init_module_mp         166  se_init_module.F
CCTM_v6.exe        0000000001296C73  cmaq_driver_              478  driver.F
CCTM_v6.exe        00000000012963FB  MAIN__                     97  cmaq_main.F
CCTM_v6.exe        000000000041503D  Unknown               Unknown  Unknown
libc.so.6          000014A757C5158E  Unknown               Unknown  Unknown
libc.so.6          000014A757C51649  __libc_start_main     Unknown  Unknown
CCTM_v6.exe        0000000000414F55  Unknown               Unknown  Unknown
forrtl: error (78): process killed (SIGTERM)
Image              PC                Routine            Line        Source             
libc.so.6          0000146D57A681C0  Unknown               Unknown  Unknown
libmpi.so.12.0.0   0000146D58BA9484  Unknown               Unknown  Unknown
libmpi.so.12.0.0   0000146D58917D84  Unknown               Unknown  Unknown
libmpi.so.12.0.0   0000146D589180A8  Unknown               Unknown  Unknown
libmpi.so.12.0.0   0000146D58CA32F0  Unknown               Unknown  Unknown
libmpi.so.12.0.0   0000146D58A06875  Unknown               Unknown  Unknown
libmpi.so.12.0.0   0000146D58A0A2A4  Unknown               Unknown  Unknown
libmpi.so.12.0.0   0000146D58C2D19E  Unknown               Unknown  Unknown
libmpi.so.12.0.0   0000146D58C2B9EE  Unknown               Unknown  Unknown
libmpi.so.12.0.0   0000146D5896315A  Unknown               Unknown  Unknown
libmpi.so.12.0.0   0000146D58962EAD  Unknown               Unknown  Unknown
libmpi.so.12.0.0   0000146D589CB5D3  Unknown               Unknown  Unknown
libmpi.so.12.0.0   0000146D589CB31F  Unknown               Unknown  Unknown
libmpi.so.12.0.0   0000146D589C8B37  Unknown               Unknown  Unknown
libmpi.so.12.0.0   0000146D589BB3F7  PMPI_Comm_dup         Unknown  Unknown
libmpifort.so.12.  0000146D582F6FEB  pmpi_comm_dup_        Unknown  Unknown
CCTM_v6.exe        00000000004D56C4  se_init_module_mp         166  se_init_module.F
CCTM_v6.exe        0000000001296C73  cmaq_driver_              478  driver.F
CCTM_v6.exe        00000000012963FB  MAIN__                     97  cmaq_main.F
CCTM_v6.exe        000000000041503D  Unknown               Unknown  Unknown
libc.so.6          0000146D57A5158E  Unknown               Unknown  Unknown
libc.so.6          0000146D57A51649  __libc_start_main     Unknown  Unknown
CCTM_v6.exe        0000000000414F55  Unknown               Unknown  Unknown
forrtl: error (78): process killed (SIGTERM)
Image              PC                Routine            Line        Source             
libc.so.6          000014B9B58681C0  Unknown               Unknown  Unknown
libmpi.so.12.0.0   000014B9B67A9487  Unknown               Unknown  Unknown
libmpi.so.12.0.0   000014B9B6517D84  Unknown               Unknown  Unknown
libmpi.so.12.0.0   000014B9B65180A8  Unknown               Unknown  Unknown
libmpi.so.12.0.0   000014B9B68A32F0  Unknown               Unknown  Unknown
libmpi.so.12.0.0   000014B9B6606875  Unknown               Unknown  Unknown
libmpi.so.12.0.0   000014B9B660A2A4  Unknown               Unknown  Unknown
libmpi.so.12.0.0   000014B9B682D19E  Unknown               Unknown  Unknown
libmpi.so.12.0.0   000014B9B682B9EE  Unknown               Unknown  Unknown
libmpi.so.12.0.0   000014B9B656315A  Unknown               Unknown  Unknown
libmpi.so.12.0.0   000014B9B6562EAD  Unknown               Unknown  Unknown
libmpi.so.12.0.0   000014B9B65CB5D3  Unknown               Unknown  Unknown
libmpi.so.12.0.0   000014B9B65CB31F  Unknown               Unknown  Unknown
libmpi.so.12.0.0   000014B9B65C8B37  Unknown               Unknown  Unknown
libmpi.so.12.0.0   000014B9B65BB3F7  PMPI_Comm_dup         Unknown  Unknown
libmpifort.so.12.  000014B9B5EF6FEB  pmpi_comm_dup_        Unknown  Unknown
CCTM_v6.exe        00000000004D56C4  se_init_module_mp         166  se_init_module.F
CCTM_v6.exe        0000000001296C73  cmaq_driver_              478  driver.F
CCTM_v6.exe        00000000012963FB  MAIN__                     97  cmaq_main.F
CCTM_v6.exe        000000000041503D  Unknown               Unknown  Unknown
libc.so.6          000014B9B585158E  Unknown               Unknown  Unknown
libc.so.6          000014B9B5851649  __libc_start_main     Unknown  Unknown
CCTM_v6.exe        0000000000414F55  Unknown               Unknown  Unknown
srun: error: nep15080401: tasks 0,2,6,8,12,14,16,18,20,22,24,26,28,30,32,34,36,38,40,42,44,46,48,50,52,54,56,58,60,62: Exited with exit code 1
srun: error: nep15080401: tasks 4,10: Exited with exit code 1
srun: error: nep15080401: tasks 33,39,43: Exited with exit code 71
srun: error: nep15080401: tasks 67,70,73-74,90,94: Exited with exit code 174

**************************************************************
** Runscript Detected an Error: CGRID file was not written. **
**   This indicates that CMAQ was interrupted or an issue   **
**   exists with writing output. The runscript will now     **
**   abort rather than proceeding to subsequent days.       **
**************************************************************

==================================
  ***** CMAQ TIMING REPORT *****
==================================
Start Day: 2022-07-01
End Day:   2022-07-02
Number of Simulation Days: 1
Domain Name:               SE60BENCH
Number of Grid Cells:      280000  (ROW x COL x LAY)
Number of Layers:          35
Number of Processes:       96
   All times are in seconds.

Num  Day        Wall Time
01   2022-07-01   15080401
     Total Time = 15080401.00
      Avg. Time = 15080401.00
