Start Model Run At  Fri Aug 14 10:02:56 PM EDT 2026
Compiler is set to intel
0: Event not found.

Working Directory is /proj/ie/proj/CMAS/CMASOps2026/CMAQ_CMAS_6/intelmpi_intel_4.6.2_2024_longleaf/CCTM/scripts
Build Directory is /proj/ie/proj/CMAS/CMASOps2026/CMAQ_CMAS_6/intelmpi_intel_4.6.2_2024_longleaf/CCTM/scripts/BLD_CCTM_v6_intel
Output Directory is /work/users/l/i/lizadams/CMAQv6.0_2022_12SE1_Benchmark_2day//output_CCTM_v6_intel_Bench_2022_12SE1
Log Directory is /work/users/l/i/lizadams/CMAQv6.0_2022_12SE1_Benchmark_2day//output_CCTM_v6_intel_Bench_2022_12SE1/LOGS
Executable Name is CCTM_v6.exe

---CMAQ EXECUTION ID: CMAQ_CCTMv6_lizadams_20260815_020256_497782397 ---

Set up input and output files for Day 2022-07-01.

Existing Logs and Output Files for Day 2022-07-01 Will Be Deleted

CMAQ Processing of Day 20220701 Began at Fri Aug 14 10:02:56 PM EDT 2026

MPI startup(): PMI server not found. Please set I_MPI_PMI_LIBRARY variable if it is not a singleton case.
MPI startup(): PMI server not found. Please set I_MPI_PMI_LIBRARY variable if it is not a singleton case.
MPI startup(): PMI server not found. Please set I_MPI_PMI_LIBRARY variable if it is not a singleton case.
MPI startup(): PMI server not found. Please set I_MPI_PMI_LIBRARY variable if it is not a singleton case.
MPI startup(): PMI server not found. Please set I_MPI_PMI_LIBRARY variable if it is not a singleton case.
MPI startup(): PMI server not found. Please set I_MPI_PMI_LIBRARY variable if it is not a singleton case.
MPI startup(): PMI server not found. Please set I_MPI_PMI_LIBRARY variable if it is not a singleton case.
MPI startup(): PMI server not found. Please set I_MPI_PMI_LIBRARY variable if it is not a singleton case.
MPI startup(): PMI server not found. Please set I_MPI_PMI_LIBRARY variable if it is not a singleton case.
MPI startup(): PMI server not found. Please set I_MPI_PMI_LIBRARY variable if it is not a singleton case.
MPI startup(): PMI server not found. Please set I_MPI_PMI_LIBRARY variable if it is not a singleton case.
MPI startup(): PMI server not found. Please set I_MPI_PMI_LIBRARY variable if it is not a singleton case.
MPI startup(): PMI server not found. Please set I_MPI_PMI_LIBRARY variable if it is not a singleton case.
MPI startup(): PMI server not found. Please set I_MPI_PMI_LIBRARY variable if it is not a singleton case.
MPI startup(): PMI server not found. Please set I_MPI_PMI_LIBRARY variable if it is not a singleton case.
MPI startup(): PMI server not found. Please set I_MPI_PMI_LIBRARY variable if it is not a singleton case.
                  CTM_APPL  |  v6_intel_Bench_2022_12SE1_20220701
                  CTM_APPL  |  v6_intel_Bench_2022_12SE1_20220701
                  CTM_APPL  |  v6_intel_Bench_2022_12SE1_20220701
                  CTM_APPL  |  v6_intel_Bench_2022_12SE1_20220701
                  CTM_APPL  |  v6_intel_Bench_2022_12SE1_20220701
                  CTM_APPL  |  v6_intel_Bench_2022_12SE1_20220701
#================================================================================#        
#|                                                                              |#        
#|               The Community Multiscale Air Quality (CMAQ) Model              |#        
#|                                  Version 6.0_alpha1                          |#        
#|                                                                              |#        
#|                          Built and Maintained by the                         |#        
#|                        Office of Research and Development                    |#        
#|                   United States Environmental Protection Agency              |#        
#|                                                                              |#        
#|                            https://www.epa.gov/cmaq                          |#        
#|                                                                              |#        
#|       Source Code:   https://www.github.com/USEPA/cmaq/tree/master           |#        
#|       Documentation: https://www.github.com/USEPA/cmaq/tree/master/DOCS      |#        
#|                                                                              |#        
#|         The CMAQ Model is tested and released with cooperation from          |#        
#|         the Community Modeling and Analysis System (CMAS) Center via         |#        
#|         contract support. CMAS is managed by the Institute for the           |#        
#|         Environment, University of North Carolina at Chapel Hill.            |#        
#|         CMAS URL: (https://www.cmascenter.org)                               |#        
#|                                                                              |#        
#================================================================================#        
#================================================================================#        
#|                                                                              |#        
#|               The Community Multiscale Air Quality (CMAQ) Model              |#        
#|                                  Version 6.0_alpha1                          |#        
#|                                                                              |#        
#|                          Built and Maintained by the                         |#        
#|                        Office of Research and Development                    |#        
#|                   United States Environmental Protection Agency              |#        
#|                                                                              |#        
#|                            https://www.epa.gov/cmaq                          |#        
#|                                                                              |#        
#|       Source Code:   https://www.github.com/USEPA/cmaq/tree/master           |#        
#|       Documentation: https://www.github.com/USEPA/cmaq/tree/master/DOCS      |#        
#|                                                                              |#        
#|         The CMAQ Model is tested and released with cooperation from          |#        
#|         the Community Modeling and Analysis System (CMAS) Center via         |#        
#|         contract support. CMAS is managed by the Institute for the           |#        
#|         Environment, University of North Carolina at Chapel Hill.            |#        
#|         CMAS URL: (https://www.cmascenter.org)                               |#        
#|                                                                              |#        
#================================================================================#        
                  CTM_APPL  |  v6_intel_Bench_2022_12SE1_20220701
                  CTM_APPL  |  v6_intel_Bench_2022_12SE1_20220701
#================================================================================#        
#|                                                                              |#        
#|               The Community Multiscale Air Quality (CMAQ) Model              |#        
#|                                  Version 6.0_alpha1                          |#        
#|                                                                              |#        
#|                          Built and Maintained by the                         |#        
#|                        Office of Research and Development                    |#        
#|                   United States Environmental Protection Agency              |#        
#|                                                                              |#        
#|                            https://www.epa.gov/cmaq                          |#        
#|                                                                              |#        
#|       Source Code:   https://www.github.com/USEPA/cmaq/tree/master           |#        
#|       Documentation: https://www.github.com/USEPA/cmaq/tree/master/DOCS      |#        
#|                                                                              |#        
#|         The CMAQ Model is tested and released with cooperation from          |#        
#|         the Community Modeling and Analysis System (CMAS) Center via         |#        
#|         contract support. CMAS is managed by the Institute for the           |#        
#|         Environment, University of North Carolina at Chapel Hill.            |#        
#|         CMAS URL: (https://www.cmascenter.org)                               |#        
#|                                                                              |#        
#================================================================================#        
#|                                                                              |#        
#|               The Community Multiscale Air Quality (CMAQ) Model              |#        
#|                                  Version 6.0_alpha1                          |#        
#|                                                                              |#        
#|                          Built and Maintained by the                         |#        
#|                        Office of Research and Development                    |#        
#|                   United States Environmental Protection Agency              |#        
#|                                                                              |#        
#|                            https://www.epa.gov/cmaq                          |#        
#|                                                                              |#        
#|       Source Code:   https://www.github.com/USEPA/cmaq/tree/master           |#        
#|       Documentation: https://www.github.com/USEPA/cmaq/tree/master/DOCS      |#        
#|                                                                              |#        
#|         The CMAQ Model is tested and released with cooperation from          |#        
#|         the Community Modeling and Analysis System (CMAS) Center via         |#        
#|         contract support. CMAS is managed by the Institute for the           |#        
#|         Environment, University of North Carolina at Chapel Hill.            |#        
#|         CMAS URL: (https://www.cmascenter.org)                               |#        
#|                                                                              |#        
#================================================================================#        
#================================================================================#        
                  CTM_APPL  |  v6_intel_Bench_2022_12SE1_20220701
                  CTM_APPL  |  v6_intel_Bench_2022_12SE1_20220701
#================================================================================#        
#|                                                                              |#        
#|               The Community Multiscale Air Quality (CMAQ) Model              |#        
#|                                  Version 6.0_alpha1                          |#        
#|                                                                              |#        
#|                          Built and Maintained by the                         |#        
#|                        Office of Research and Development                    |#        
                  CTM_APPL  |  v6_intel_Bench_2022_12SE1_20220701
#|                   United States Environmental Protection Agency              |#        
#|                                                                              |#        
#|                            https://www.epa.gov/cmaq                          |#        
#|                                                                              |#        
#|       Source Code:   https://www.github.com/USEPA/cmaq/tree/master           |#        
#|       Documentation: https://www.github.com/USEPA/cmaq/tree/master/DOCS      |#        
#|                                                                              |#        
#|         The CMAQ Model is tested and released with cooperation from          |#        
#|         the Community Modeling and Analysis System (CMAS) Center via         |#        
#|         contract support. CMAS is managed by the Institute for the           |#        
#|         Environment, University of North Carolina at Chapel Hill.            |#        
#|         CMAS URL: (https://www.cmascenter.org)                               |#        
#|                                                                              |#        
#================================================================================#        
                  CTM_APPL  |  v6_intel_Bench_2022_12SE1_20220701
                  CTM_APPL  |  v6_intel_Bench_2022_12SE1_20220701
#================================================================================#        
#|                                                                              |#        
#|               The Community Multiscale Air Quality (CMAQ) Model              |#        
#|                                  Version 6.0_alpha1                          |#        
#|                                                                              |#        
#|                          Built and Maintained by the                         |#        
#|                        Office of Research and Development                    |#        
#|                   United States Environmental Protection Agency              |#        
#|                                                                              |#        
#|                            https://www.epa.gov/cmaq                          |#        
#|                                                                              |#        
#|       Source Code:   https://www.github.com/USEPA/cmaq/tree/master           |#        
#|       Documentation: https://www.github.com/USEPA/cmaq/tree/master/DOCS      |#        
#|                                                                              |#        
#|         The CMAQ Model is tested and released with cooperation from          |#        
#|         the Community Modeling and Analysis System (CMAS) Center via         |#        
#|         contract support. CMAS is managed by the Institute for the           |#        
#|         Environment, University of North Carolina at Chapel Hill.            |#        
#|         CMAS URL: (https://www.cmascenter.org)                               |#        
#|                                                                              |#        
#================================================================================#        
                  CTM_APPL  |  v6_intel_Bench_2022_12SE1_20220701
#================================================================================#        
#|                                                                              |#        
#|               The Community Multiscale Air Quality (CMAQ) Model              |#        
#|                                  Version 6.0_alpha1                          |#        
#|                                                                              |#        
#|                          Built and Maintained by the                         |#        
#|                        Office of Research and Development                    |#        
#|                   United States Environmental Protection Agency              |#        
#|                                                                              |#        
#|                            https://www.epa.gov/cmaq                          |#        
#|                                                                              |#        
#|       Source Code:   https://www.github.com/USEPA/cmaq/tree/master           |#        
#|       Documentation: https://www.github.com/USEPA/cmaq/tree/master/DOCS      |#        
#|                                                                              |#        
#|         The CMAQ Model is tested and released with cooperation from          |#        
#|         the Community Modeling and Analysis System (CMAS) Center via         |#        
#|         contract support. CMAS is managed by the Institute for the           |#        
#|         Environment, University of North Carolina at Chapel Hill.            |#        
#|         CMAS URL: (https://www.cmascenter.org)                               |#        
#|                                                                              |#        
#================================================================================#        
                  CTM_APPL  |  v6_intel_Bench_2022_12SE1_20220701
#================================================================================#        
#|                                                                              |#        
#|               The Community Multiscale Air Quality (CMAQ) Model              |#        
#|                                  Version 6.0_alpha1                          |#        
#|                                                                              |#        
#|                          Built and Maintained by the                         |#        
#|                        Office of Research and Development                    |#        
#|                   United States Environmental Protection Agency              |#        
#|                                                                              |#        
#|                            https://www.epa.gov/cmaq                          |#        
#|                                                                              |#        
#|       Source Code:   https://www.github.com/USEPA/cmaq/tree/master           |#        
#|       Documentation: https://www.github.com/USEPA/cmaq/tree/master/DOCS      |#        
#|                                                                              |#        
#|         The CMAQ Model is tested and released with cooperation from          |#        
#|         the Community Modeling and Analysis System (CMAS) Center via         |#        
#|         contract support. CMAS is managed by the Institute for the           |#        
#|         Environment, University of North Carolina at Chapel Hill.            |#        
#|         CMAS URL: (https://www.cmascenter.org)                               |#        
#|                                                                              |#        
#================================================================================#        
#================================================================================#        
#|                                                                              |#        
#|               The Community Multiscale Air Quality (CMAQ) Model              |#        
#|                                  Version 6.0_alpha1                          |#        
#|                                                                              |#        
#|                          Built and Maintained by the                         |#        
#|                        Office of Research and Development                    |#        
#|                   United States Environmental Protection Agency              |#        
#|                                                                              |#        
#|                            https://www.epa.gov/cmaq                          |#        
#|                                                                              |#        
#|       Source Code:   https://www.github.com/USEPA/cmaq/tree/master           |#        
#================================================================================#        
#|                                                                              |#        
#|               The Community Multiscale Air Quality (CMAQ) Model              |#        
#|                                  Version 6.0_alpha1                          |#        
#|                                                                              |#        
#|                          Built and Maintained by the                         |#        
#|                        Office of Research and Development                    |#        
#|                   United States Environmental Protection Agency              |#        
#|                                                                              |#        
#|                            https://www.epa.gov/cmaq                          |#        
#|                                                                              |#        
#|       Source Code:   https://www.github.com/USEPA/cmaq/tree/master           |#        
#|       Documentation: https://www.github.com/USEPA/cmaq/tree/master/DOCS      |#        
#|                                                                              |#        
#|         The CMAQ Model is tested and released with cooperation from          |#        
#|         the Community Modeling and Analysis System (CMAS) Center via         |#        
#|       Documentation: https://www.github.com/USEPA/cmaq/tree/master/DOCS      |#        
#|                                                                              |#        
#|         The CMAQ Model is tested and released with cooperation from          |#        
#|         the Community Modeling and Analysis System (CMAS) Center via         |#        
#|         contract support. CMAS is managed by the Institute for the           |#        
#|         Environment, University of North Carolina at Chapel Hill.            |#        
#|         CMAS URL: (https://www.cmascenter.org)                               |#        
#|                                                                              |#        
#================================================================================#        
#|         contract support. CMAS is managed by the Institute for the           |#        
#|         Environment, University of North Carolina at Chapel Hill.            |#        
#|         CMAS URL: (https://www.cmascenter.org)                               |#        
#|                                                                              |#        
#================================================================================#        
#================================================================================#        
#|                                                                              |#        
#|               The Community Multiscale Air Quality (CMAQ) Model              |#        
#|                                  Version 6.0_alpha1                          |#        
#|                                                                              |#        
#|                          Built and Maintained by the                         |#        
#|                        Office of Research and Development                    |#        
#|                   United States Environmental Protection Agency              |#        
#|                                                                              |#        
#|                            https://www.epa.gov/cmaq                          |#        
#|                                                                              |#        
#|       Source Code:   https://www.github.com/USEPA/cmaq/tree/master           |#        
#|       Documentation: https://www.github.com/USEPA/cmaq/tree/master/DOCS      |#        
#|                                                                              |#        
#|         The CMAQ Model is tested and released with cooperation from          |#        
#|         the Community Modeling and Analysis System (CMAS) Center via         |#        
#================================================================================#        
#|                                                                              |#        
#|               The Community Multiscale Air Quality (CMAQ) Model              |#        
#|                                  Version 6.0_alpha1                          |#        
#|                                                                              |#        
#|                          Built and Maintained by the                         |#        
#|                        Office of Research and Development                    |#        
#|                   United States Environmental Protection Agency              |#        
#|                                                                              |#        
#|                            https://www.epa.gov/cmaq                          |#        
#|                                                                              |#        
#|       Source Code:   https://www.github.com/USEPA/cmaq/tree/master           |#        
#|       Documentation: https://www.github.com/USEPA/cmaq/tree/master/DOCS      |#        
#|                                                                              |#        
#|         The CMAQ Model is tested and released with cooperation from          |#        
#|         the Community Modeling and Analysis System (CMAS) Center via         |#        
#|         contract support. CMAS is managed by the Institute for the           |#        
#|         Environment, University of North Carolina at Chapel Hill.            |#        
#|         CMAS URL: (https://www.cmascenter.org)                               |#        
#|                                                                              |#        
#================================================================================#        
#|         contract support. CMAS is managed by the Institute for the           |#        
#|         Environment, University of North Carolina at Chapel Hill.            |#        
#|         CMAS URL: (https://www.cmascenter.org)                               |#        
#|                                                                              |#        
#================================================================================#        
#================================================================================#        
#|                                                                              |#        
#|               The Community Multiscale Air Quality (CMAQ) Model              |#        
#|                                  Version 6.0_alpha1                          |#        
#|                                                                              |#        
#|                          Built and Maintained by the                         |#        
#|                        Office of Research and Development                    |#        
#|                   United States Environmental Protection Agency              |#        
#|                                                                              |#        
#|                            https://www.epa.gov/cmaq                          |#        
#|                                                                              |#        
#|       Source Code:   https://www.github.com/USEPA/cmaq/tree/master           |#        
#|       Documentation: https://www.github.com/USEPA/cmaq/tree/master/DOCS      |#        
#|                                                                              |#        
#|         The CMAQ Model is tested and released with cooperation from          |#        
#|         the Community Modeling and Analysis System (CMAS) Center via         |#        
#|         contract support. CMAS is managed by the Institute for the           |#        
#|         Environment, University of North Carolina at Chapel Hill.            |#        
#|         CMAS URL: (https://www.cmascenter.org)                               |#        
#|                                                                              |#        
#================================================================================#        
#================================================================================#        
#|                                                                              |#        
#|               The Community Multiscale Air Quality (CMAQ) Model              |#        
#|                                  Version 6.0_alpha1                          |#        
#|                                                                              |#        
#|                          Built and Maintained by the                         |#        
#|                        Office of Research and Development                    |#        
#|                   United States Environmental Protection Agency              |#        
#|                                                                              |#        
#|                            https://www.epa.gov/cmaq                          |#        
#|                                                                              |#        
#|       Source Code:   https://www.github.com/USEPA/cmaq/tree/master           |#        
#|       Documentation: https://www.github.com/USEPA/cmaq/tree/master/DOCS      |#        
#|                                                                              |#        
#|         The CMAQ Model is tested and released with cooperation from          |#        
#|         the Community Modeling and Analysis System (CMAS) Center via         |#        
#|         contract support. CMAS is managed by the Institute for the           |#        
#|         Environment, University of North Carolina at Chapel Hill.            |#        
#|         CMAS URL: (https://www.cmascenter.org)                               |#        
#|                                                                              |#        
#================================================================================#        
#================================================================================#        
#|                                                                              |#        
#|               The Community Multiscale Air Quality (CMAQ) Model              |#        
#|                                  Version 6.0_alpha1                          |#        
#|                                                                              |#        
#|                          Built and Maintained by the                         |#        
#|                        Office of Research and Development                    |#        
#|                   United States Environmental Protection Agency              |#        
#|                                                                              |#        
#|                            https://www.epa.gov/cmaq                          |#        
#|                                                                              |#        
#|       Source Code:   https://www.github.com/USEPA/cmaq/tree/master           |#        
#|       Documentation: https://www.github.com/USEPA/cmaq/tree/master/DOCS      |#        
#|                                                                              |#        
#|         The CMAQ Model is tested and released with cooperation from          |#        
#|         the Community Modeling and Analysis System (CMAS) Center via         |#        
#|         contract support. CMAS is managed by the Institute for the           |#        
#|         Environment, University of North Carolina at Chapel Hill.            |#        
#|         CMAS URL: (https://www.cmascenter.org)                               |#        
#|                                                                              |#        
#================================================================================#        
                  CTM_APPL  |  v6_intel_Bench_2022_12SE1_20220701
#================================================================================#        
#|                                                                              |#        
#|               The Community Multiscale Air Quality (CMAQ) Model              |#        
#|                                  Version 6.0_alpha1                          |#        
#|                                                                              |#        
#|                          Built and Maintained by the                         |#        
#|                        Office of Research and Development                    |#        
#|                   United States Environmental Protection Agency              |#        
#|                                                                              |#        
#|                            https://www.epa.gov/cmaq                          |#        
#|                                                                              |#        
#|       Source Code:   https://www.github.com/USEPA/cmaq/tree/master           |#        
#|       Documentation: https://www.github.com/USEPA/cmaq/tree/master/DOCS      |#        
#|                                                                              |#        
#|         The CMAQ Model is tested and released with cooperation from          |#        
#|         the Community Modeling and Analysis System (CMAS) Center via         |#        
#|         contract support. CMAS is managed by the Institute for the           |#        
#|         Environment, University of North Carolina at Chapel Hill.            |#        
#|         CMAS URL: (https://www.cmascenter.org)                               |#        
#|                                                                              |#        
#================================================================================#        
 
 
 
 
     ==================================
     |>---   INITIALIZE I/O-API   ---<|
     ==================================
     ==================================
     |>---   INITIALIZE I/O-API   ---<|
     ==================================
 
 
 
 
     ==================================
     |>---   INITIALIZE I/O-API   ---<|
     ==================================
 
 
     ==================================
     |>---   INITIALIZE I/O-API   ---<|
     ==================================
 
 
     ==================================
     |>---   INITIALIZE I/O-API   ---<|
     ==================================
 
 
     ==================================
     |>---   INITIALIZE I/O-API   ---<|
     ==================================
 
 
     ==================================
     |>---   INITIALIZE I/O-API   ---<|
     ==================================
     ==================================
     |>---   INITIALIZE I/O-API   ---<|
     ==================================
 
 
     ==================================
     |>---   INITIALIZE I/O-API   ---<|
     ==================================
 
 
     ==================================
     |>---   INITIALIZE I/O-API   ---<|
     ==================================
 
 
     ==================================
     |>---   INITIALIZE I/O-API   ---<|
 
 
     ==================================
     |>---   INITIALIZE I/O-API   ---<|
     ==================================
 
 
     ==================================
     |>---   INITIALIZE I/O-API   ---<|
     ==================================
     ==================================
 
 
     ==================================
     |>---   INITIALIZE I/O-API   ---<|
     ==================================
 
 
     ==================================
     |>---   INITIALIZE I/O-API   ---<|
     ==================================
 
 
                                                                     
     This program uses the EPA-AREAL/MCNC-EnvPgms/BAMS/ UNC IE       
     Models-3 I/O Applications Programming Interface, [I/O API]      
     which is built on top of the netCDF I/O library (Copyright      
     993, 1996 University Corporation for Atmospheric Research       
     Unidata Program) and the PVM parallel-programming library       
     (from Oak Ridge National Laboratory).                           
     ==================================
     |>---   INITIALIZE I/O-API   ---<|
     ==================================
     Copyright (C) 1992-2002 MCNC,                                   
     (C) 1992-2018 Carlie J. Coats, Jr.,                             
     (C) 2003-2012 Baron Advanced Meteorological Systems, LLC, and   
     (C) 2014-2023 UNC Institute for the Environment.                
     Released under the GNU LGPL  License, version 2.1.  See URL     
                                                                     
         https://www.gnu.org/licenses/old-licenses/lgpl-2.1.html     
                                                                     
     for conditions of use.                                          
                                                                     
     ioapi-3.2: $Id: init3.F90 247 2023-03-22 15:59:19Z coats $
     netCDF version 4.8.1 of Nov 21 2021 00:00:00 $
      

     ***  ERROR in INIT3/INITLOG3  ***
     Error opening log file on unit        99
     I/O STATUS =        10
     DESCRIPTION: cannot overwrite existing file, unit 99, file /proj/ie/proj/CMAS/CMASOps2026/CMAQ_CMAS_6/intelmpi_intel_4.6.2_2024_longleaf/CCTM/scripts/CTM_LOG_000.v6_intel_Bench_2022_12SE1_20220701

     File: CTM_LOG_000.v6_intel_Bench_2022_12SE1_20220701


     ***  ERROR in INIT3/INITLOG3  ***
     Error opening log file on unit        99
     I/O STATUS =        10
     DESCRIPTION: cannot overwrite existing file, unit 99, file /proj/ie/proj/CMAS/CMASOps2026/CMAQ_CMAS_6/intelmpi_intel_4.6.2_2024_longleaf/CCTM/scripts/CTM_LOG_000.v6_intel_Bench_2022_12SE1_20220701

     File: CTM_LOG_000.v6_intel_Bench_2022_12SE1_20220701


     ***  ERROR in INIT3/INITLOG3  ***
     Error opening log file on unit        99
     I/O STATUS =        10
     DESCRIPTION: cannot overwrite existing file, unit 99, file /proj/ie/proj/CMAS/CMASOps2026/CMAQ_CMAS_6/intelmpi_intel_4.6.2_2024_longleaf/CCTM/scripts/CTM_LOG_000.v6_intel_Bench_2022_12SE1_20220701

     File: CTM_LOG_000.v6_intel_Bench_2022_12SE1_20220701

                                                                     
     This program uses the EPA-AREAL/MCNC-EnvPgms/BAMS/ UNC IE       
     Models-3 I/O Applications Programming Interface, [I/O API]      
     which is built on top of the netCDF I/O library (Copyright      
     993, 1996 University Corporation for Atmospheric Research       
     Unidata Program) and the PVM parallel-programming library       
     (from Oak Ridge National Laboratory).                           
     Copyright (C) 1992-2002 MCNC,                                   
     (C) 1992-2018 Carlie J. Coats, Jr.,                             
     (C) 2003-2012 Baron Advanced Meteorological Systems, LLC, and   
     (C) 2014-2023 UNC Institute for the Environment.                
     Released under the GNU LGPL  License, version 2.1.  See URL     
                                                                     
         https://www.gnu.org/licenses/old-licenses/lgpl-2.1.html     
                                                                     
     for conditions of use.                                          
                                                                     
     ioapi-3.2: $Id: init3.F90 247 2023-03-22 15:59:19Z coats $
     netCDF version 4.8.1 of Nov 21 2021 00:00:00 $
      
                                                                     
     This program uses the EPA-AREAL/MCNC-EnvPgms/BAMS/ UNC IE       
     Models-3 I/O Applications Programming Interface, [I/O API]      
     which is built on top of the netCDF I/O library (Copyright      
     993, 1996 University Corporation for Atmospheric Research       
     Unidata Program) and the PVM parallel-programming library       
     (from Oak Ridge National Laboratory).                           
     Copyright (C) 1992-2002 MCNC,                                   
     (C) 1992-2018 Carlie J. Coats, Jr.,                             
     (C) 2003-2012 Baron Advanced Meteorological Systems, LLC, and   
     (C) 2014-2023 UNC Institute for the Environment.                
     Released under the GNU LGPL  License, version 2.1.  See URL     
                                                                     
         https://www.gnu.org/licenses/old-licenses/lgpl-2.1.html     
                                                                     
     for conditions of use.                                          
                                                                     
     ioapi-3.2: $Id: init3.F90 247 2023-03-22 15:59:19Z coats $
     netCDF version 4.8.1 of Nov 21 2021 00:00:00 $
      
                                                                     
     This program uses the EPA-AREAL/MCNC-EnvPgms/BAMS/ UNC IE       
     Models-3 I/O Applications Programming Interface, [I/O API]      
     which is built on top of the netCDF I/O library (Copyright      
     993, 1996 University Corporation for Atmospheric Research       
     Unidata Program) and the PVM parallel-programming library       
     (from Oak Ridge National Laboratory).                           
     Copyright (C) 1992-2002 MCNC,                                   
     (C) 1992-2018 Carlie J. Coats, Jr.,                             
     (C) 2003-2012 Baron Advanced Meteorological Systems, LLC, and   
     (C) 2014-2023 UNC Institute for the Environment.                
     Released under the GNU LGPL  License, version 2.1.  See URL     
                                                                     
         https://www.gnu.org/licenses/old-licenses/lgpl-2.1.html     
                                                                     
     for conditions of use.                                          
                                                                     
     ioapi-3.2: $Id: init3.F90 247 2023-03-22 15:59:19Z coats $
     netCDF version 4.8.1 of Nov 21 2021 00:00:00 $
      
                                                                     
     This program uses the EPA-AREAL/MCNC-EnvPgms/BAMS/ UNC IE       
     Models-3 I/O Applications Programming Interface, [I/O API]      
     which is built on top of the netCDF I/O library (Copyright      
     993, 1996 University Corporation for Atmospheric Research       
     Unidata Program) and the PVM parallel-programming library       
     (from Oak Ridge National Laboratory).                           
     Copyright (C) 1992-2002 MCNC,                                   
     (C) 1992-2018 Carlie J. Coats, Jr.,                             
     (C) 2003-2012 Baron Advanced Meteorological Systems, LLC, and   
     (C) 2014-2023 UNC Institute for the Environment.                
     Released under the GNU LGPL  License, version 2.1.  See URL     
                                                                     
         https://www.gnu.org/licenses/old-licenses/lgpl-2.1.html     
                                                                     
     for conditions of use.                                          
                                                                     
     ioapi-3.2: $Id: init3.F90 247 2023-03-22 15:59:19Z coats $
     netCDF version 4.8.1 of Nov 21 2021 00:00:00 $
      
                                                                     
     This program uses the EPA-AREAL/MCNC-EnvPgms/BAMS/ UNC IE       
     Models-3 I/O Applications Programming Interface, [I/O API]      
     which is built on top of the netCDF I/O library (Copyright      
     993, 1996 University Corporation for Atmospheric Research       
     Unidata Program) and the PVM parallel-programming library       
     (from Oak Ridge National Laboratory).                           
     Copyright (C) 1992-2002 MCNC,                                   
     (C) 1992-2018 Carlie J. Coats, Jr.,                             
     (C) 2003-2012 Baron Advanced Meteorological Systems, LLC, and   
     (C) 2014-2023 UNC Institute for the Environment.                
     Released under the GNU LGPL  License, version 2.1.  See URL     
                                                                     
         https://www.gnu.org/licenses/old-licenses/lgpl-2.1.html     
                                                                     
     for conditions of use.                                          
                                                                     
     ioapi-3.2: $Id: init3.F90 247 2023-03-22 15:59:19Z coats $
     netCDF version 4.8.1 of Nov 21 2021 00:00:00 $
      
                                                                     
     This program uses the EPA-AREAL/MCNC-EnvPgms/BAMS/ UNC IE       
     Models-3 I/O Applications Programming Interface, [I/O API]      
     which is built on top of the netCDF I/O library (Copyright      
     993, 1996 University Corporation for Atmospheric Research       
     Unidata Program) and the PVM parallel-programming library       
     (from Oak Ridge National Laboratory).                           
     Copyright (C) 1992-2002 MCNC,                                   
     (C) 1992-2018 Carlie J. Coats, Jr.,                             
     (C) 2003-2012 Baron Advanced Meteorological Systems, LLC, and   
     (C) 2014-2023 UNC Institute for the Environment.                
     Released under the GNU LGPL  License, version 2.1.  See URL     
                                                                     
         https://www.gnu.org/licenses/old-licenses/lgpl-2.1.html     
                                                                     
     for conditions of use.                                          
                                                                     
     ioapi-3.2: $Id: init3.F90 247 2023-03-22 15:59:19Z coats $
     netCDF version 4.8.1 of Nov 21 2021 00:00:00 $
      
                                                                     
     This program uses the EPA-AREAL/MCNC-EnvPgms/BAMS/ UNC IE       
     Models-3 I/O Applications Programming Interface, [I/O API]      
     which is built on top of the netCDF I/O library (Copyright      
     993, 1996 University Corporation for Atmospheric Research       
     Unidata Program) and the PVM parallel-programming library       
     (from Oak Ridge National Laboratory).                           
     Copyright (C) 1992-2002 MCNC,                                   
     (C) 1992-2018 Carlie J. Coats, Jr.,                             
     (C) 2003-2012 Baron Advanced Meteorological Systems, LLC, and   
     (C) 2014-2023 UNC Institute for the Environment.                
     Released under the GNU LGPL  License, version 2.1.  See URL     
                                                                     
         https://www.gnu.org/licenses/old-licenses/lgpl-2.1.html     
                                                                     
     for conditions of use.                                          
                                                                     
     ioapi-3.2: $Id: init3.F90 247 2023-03-22 15:59:19Z coats $
     netCDF version 4.8.1 of Nov 21 2021 00:00:00 $
      
                                                                     
     This program uses the EPA-AREAL/MCNC-EnvPgms/BAMS/ UNC IE       
     Models-3 I/O Applications Programming Interface, [I/O API]      
     which is built on top of the netCDF I/O library (Copyright      
     993, 1996 University Corporation for Atmospheric Research       
     Unidata Program) and the PVM parallel-programming library       
     (from Oak Ridge National Laboratory).                           
     Copyright (C) 1992-2002 MCNC,                                   
     (C) 1992-2018 Carlie J. Coats, Jr.,                             
     (C) 2003-2012 Baron Advanced Meteorological Systems, LLC, and   
     (C) 2014-2023 UNC Institute for the Environment.                
     Released under the GNU LGPL  License, version 2.1.  See URL     
                                                                     
         https://www.gnu.org/licenses/old-licenses/lgpl-2.1.html     
                                                                     
     for conditions of use.                                          
                                                                     
     ioapi-3.2: $Id: init3.F90 247 2023-03-22 15:59:19Z coats $
     netCDF version 4.8.1 of Nov 21 2021 00:00:00 $
                                                                     
     This program uses the EPA-AREAL/MCNC-EnvPgms/BAMS/ UNC IE       
     Models-3 I/O Applications Programming Interface, [I/O API]      
     which is built on top of the netCDF I/O library (Copyright      
     993, 1996 University Corporation for Atmospheric Research       
     Unidata Program) and the PVM parallel-programming library       
     (from Oak Ridge National Laboratory).                           
     Copyright (C) 1992-2002 MCNC,                                   
     (C) 1992-2018 Carlie J. Coats, Jr.,                             
     (C) 2003-2012 Baron Advanced Meteorological Systems, LLC, and   
     (C) 2014-2023 UNC Institute for the Environment.                
     Released under the GNU LGPL  License, version 2.1.  See URL     
                                                                     
         https://www.gnu.org/licenses/old-licenses/lgpl-2.1.html     
                                                                     
     for conditions of use.                                          
                                                                     
     ioapi-3.2: $Id: init3.F90 247 2023-03-22 15:59:19Z coats $
     netCDF version 4.8.1 of Nov 21 2021 00:00:00 $
      
                                                                     
     This program uses the EPA-AREAL/MCNC-EnvPgms/BAMS/ UNC IE       
     Models-3 I/O Applications Programming Interface, [I/O API]      
     which is built on top of the netCDF I/O library (Copyright      
     993, 1996 University Corporation for Atmospheric Research       
     Unidata Program) and the PVM parallel-programming library       
     (from Oak Ridge National Laboratory).                           
     Copyright (C) 1992-2002 MCNC,                                   
     (C) 1992-2018 Carlie J. Coats, Jr.,                             
     (C) 2003-2012 Baron Advanced Meteorological Systems, LLC, and   
     (C) 2014-2023 UNC Institute for the Environment.                
     Released under the GNU LGPL  License, version 2.1.  See URL     
                                                                     
         https://www.gnu.org/licenses/old-licenses/lgpl-2.1.html     
                                                                     
     for conditions of use.                                          
                                                                     
     ioapi-3.2: $Id: init3.F90 247 2023-03-22 15:59:19Z coats $
     netCDF version 4.8.1 of Nov 21 2021 00:00:00 $
      
                                                                     
     This program uses the EPA-AREAL/MCNC-EnvPgms/BAMS/ UNC IE       
     Models-3 I/O Applications Programming Interface, [I/O API]      
     which is built on top of the netCDF I/O library (Copyright      
     993, 1996 University Corporation for Atmospheric Research       
     Unidata Program) and the PVM parallel-programming library       
     (from Oak Ridge National Laboratory).                           
     Copyright (C) 1992-2002 MCNC,                                   
     (C) 1992-2018 Carlie J. Coats, Jr.,                             
     (C) 2003-2012 Baron Advanced Meteorological Systems, LLC, and   
     (C) 2014-2023 UNC Institute for the Environment.                
     Released under the GNU LGPL  License, version 2.1.  See URL     
                                                                     
         https://www.gnu.org/licenses/old-licenses/lgpl-2.1.html     
                                                                     
     for conditions of use.                                          
                                                                     
     ioapi-3.2: $Id: init3.F90 247 2023-03-22 15:59:19Z coats $
     netCDF version 4.8.1 of Nov 21 2021 00:00:00 $
      
      
                                                                     
     This program uses the EPA-AREAL/MCNC-EnvPgms/BAMS/ UNC IE       
     Models-3 I/O Applications Programming Interface, [I/O API]      
     which is built on top of the netCDF I/O library (Copyright      
     993, 1996 University Corporation for Atmospheric Research       
     Unidata Program) and the PVM parallel-programming library       
     (from Oak Ridge National Laboratory).                           
     Copyright (C) 1992-2002 MCNC,                                   
     (C) 1992-2018 Carlie J. Coats, Jr.,                             
     (C) 2003-2012 Baron Advanced Meteorological Systems, LLC, and   
     (C) 2014-2023 UNC Institute for the Environment.                
     Released under the GNU LGPL  License, version 2.1.  See URL     
                                                                     
         https://www.gnu.org/licenses/old-licenses/lgpl-2.1.html     
                                                                     
     for conditions of use.                                          
                                                                     
     ioapi-3.2: $Id: init3.F90 247 2023-03-22 15:59:19Z coats $
     netCDF version 4.8.1 of Nov 21 2021 00:00:00 $
      
 
 
     ===========================================
     |>---   ENVIRONMENT VARIABLE REPORT   ---<|
     ===========================================

     |> Grid and High-Level Model Parameters:
     +=========================================
        ---Env Variable---  |  ---Value---
      --------------------------------------------------------------------------------
                       BLD  |             (default)
                    OUTDIR  |  /work/users/l/i/lizadams/CMAQv6.0_2022_12SE1_Benchmark_2day//output_CCTM_v6_intel_Bench_2022_12SE1
                 NEW_START  |           T
            IGNORE_SOILINP  |           F (default)
              EXECUTION_ID  |  CMAQ_CCTMv6_lizadams_20260815_020256_497782397
                 GRID_NAME  |  SE60BENCH
                 CTM_TSTEP  |       10000
                CTM_RUNLEN  |      240000
              CTM_PROGNAME  |  DRIVER (default)
                CTM_STDATE  |     2022182
                CTM_STTIME  |           0
               CTM_MAXSYNC  |         300
               CTM_MINSYNC  |          60

     |> Multiprocess control, output and error checking:
     +====================================================
        ---Env Variable---  |  ---Value---
      --------------------------------------------------------------------------------
           PRINT_PROC_TIME  |           T
               FL_ERR_STOP  |           F
              CTM_MIO_FILE  |           F (default)
                 CTM_CKSUM  |           T
          AVG_FILE_ENDTIME  |           F
             AVG_CONC_SPCS  |  ALL
                 CONC_SPCS  |  O3 NO ANO3I ANO3J NO2 NH3 ANH4I ANH4J ASO4I ASO4J
           ACONC_BLEV_ELEV  |   1 1
            CONC_BLEV_ELEV  |   1 1
           IOAPI_LOG_WRITE  |           F
                   VERTEXT  |           F
        VERTEXT_COORD_PATH  |  /proj/ie/proj/CMAS/CMASOps2026/CMAQ_CMAS_6/intelmpi_intel_4.6.2_2024_longleaf/CCTM/scripts/lonlat.csv
             gc_matrix_nml  |  /proj/ie/proj/CMAS/CMASOps2026/CMAQ_CMAS_6/intelmpi_intel_4.6.2_2024_longleaf/CCTM/scripts/BLD_CCTM_v6_intel/GC_cracmm3.nml
             ae_matrix_nml  |  /proj/ie/proj/CMAS/CMASOps2026/CMAQ_CMAS_6/intelmpi_intel_4.6.2_2024_longleaf/CCTM/scripts/BLD_CCTM_v6_intel/AE_cracmm3.nml
             nr_matrix_nml  |  /proj/ie/proj/CMAS/CMASOps2026/CMAQ_CMAS_6/intelmpi_intel_4.6.2_2024_longleaf/CCTM/scripts/BLD_CCTM_v6_intel/NR_cracmm3.nml
             tr_matrix_nml  |  /proj/ie/proj/CMAS/CMASOps2026/CMAQ_CMAS_6/intelmpi_intel_4.6.2_2024_longleaf/CCTM/scripts/BLD_CCTM_v6_intel/Species_Table_TR_0.nml

     |> Chemistry and Photolysis:
     +=============================
        ---Env Variable---  |  ---Value---
      --------------------------------------------------------------------------------
                      MECH  |  cracmm3
              CTM_PHOTDIAG  |           F
            AEROSOL_OPTICS  |           3

      --ATOL settings are in ppmV.--

             GEAR_MAX_ATOL  |   0.100E-06 (default)
             GEAR_MIN_ATOL  |   0.100E-08 (default)
           GEAR_CONC_FLOOR  |   0.100E-11 (default)
                 GEAR_RTOL  |   0.100E-02 (default)
                   RB_RTOL  |   0.100E-02 (default)
                   RB_ATOL  |   0.100E-06 (default)
                  CTM_PVO3  |           F

     |> Aerosols:
     +=============
        ---Env Variable---  |  ---Value---
      --------------------------------------------------------------------------------
                   AERO_MT  |  HYB
            AERO_DYN_TSTEP  |          90
             BC_AERO_M2WET  |           F
             BC_AERO_M2USE  |           T
              STM_SO4TRACK  |           F

     |> Cloud Processes:
     +====================
        ---Env Variable---  |  ---Value---
      --------------------------------------------------------------------------------
                  CLD_DIAG  |           F

     |> Air-Surface Exchange Processes:
     +===================================
        ---Env Variable---  |  ---Value---
      --------------------------------------------------------------------------------
                PX_VERSION  |           T
                CTM_ABFLUX  |           T
                CTM_MOSAIC  |           F
              CTM_SFC_HONO  |           T
               CLM_VERSION  |           F
              NOAH_VERSION  |           F
             CTM_DEPV_FILE  |           F
                CTM_HGBIDI  |           F
         CTM_BIDI_FERT_NH3  |           T
             CTM_USE_STAGE  |           T
           CTM_WBDUST_BELD  |  UNKNOWN (default)
             STAGECTRL_NML  |  /proj/ie/proj/CMAS/CMASOps2026/CMAQ_CMAS_6/intelmpi_intel_4.6.2_2024_longleaf/CCTM/scripts/BLD_CCTM_v6_intel/CMAQ_Control_STAGE.nml
             CTM_STAGE_P22  |           F
             CTM_STAGE_E20  |           T
             CTM_STAGE_S22  |           F

     |> Transport Processes:
     +========================
        ---Env Variable---  |  ---Value---
      --------------------------------------------------------------------------------
           VDIFF_DIAG_FILE  |           F
            SIGMA_SYNC_TOP  |   0.700E+00
              ADV_HDIV_LIM  |   0.900E+00 (default)
               CTM_ADV_CFL  |   0.950E+00
                     KZMIN  |           T
                KZU_CUSTOM  |   0.100E+01 (default)
                  CTM_WVEL  |           T
             CTM_GRAV_SETL  |           T

     |> Emissions Parameters:
     +=========================
        ---Env Variable---  |  ---Value---
      --------------------------------------------------------------------------------
             CMAQ_CTRL_NML  |  /proj/ie/proj/CMAS/CMASOps2026/CMAQ_CMAS_6/intelmpi_intel_4.6.2_2024_longleaf/CCTM/scripts/BLD_CCTM_v6_intel/CMAQ_Control.nml
          CMAQ_CH_CTRL_NML  |  /proj/ie/proj/CMAS/CMASOps2026/CMAQ_CMAS_6/intelmpi_intel_4.6.2_2024_longleaf/CCTM/scripts/BLD_CCTM_v6_intel/CMAQ_Chem_Control_cracmm3.nml
                 N_EMIS_GR  |           2
                 N_EMIS_TR  |           0 (default)
               CTM_EMISCHK  |           F
           CTM_BIOGEMIS_BE  |           T
           CTM_BIOGEMIS_MG  |           F
             USE_MEGAN_LAI  |           F (default)
              MGN_ONLN_DEP  |           F (default)
               BDSNP_MEGAN  |           F
                USE_SEGA_N  |           F
             USE_SEGA_N_EF  |           F
                 BIOG_SPRO  |  DEFAULT (default)
                B3GTS_DIAG  |           F
              CTM_MGEMDIAG  |           F (default)
            CTM_OCEAN_CHEM  |           T
               CTM_WB_DUST  |           T
             CTM_BROWN_VEG  |           T
           CTM_DUSTEM_DIAG  |           F
              CTM_SSEMDIAG  |           F
              CTM_MET_EMIS  |           F (default)
         CTM_MET_EMIS_DIAG  |           F (default)
          CTM_MET_EMIS_HUM  |           F (default)
            CTM_LNO_ONLINE  |           T
             LTNG_ASSIM_DT  |           0 (default)
             USE_LTNG_DATA  |           T
                  LTNGDIAG  |           F
                   MOLSNCG  |   0.350E+03 (default)
                   MOLSNIC  |   0.350E+03 (default)
                LNO_OPTION  |           1
                 N_EMIS_PT  |          11
                    IPVERT  |           0 (default)
             EMIS_SYM_DATE  |           F (default)

     |> Process Analysis Parameters:
     +================================
        ---Env Variable---  |  ---Value---
      --------------------------------------------------------------------------------
                CTM_PROCAN  |           F
                CTM_BUDGET  |  /work/users/l/i/lizadams/CMAQv6.0_2022_12SE1_Benchmark_2day//output_CCTM_v6_intel_Bench_2022_12SE1/CCTM_BUDGET_v6_intel_Bench_2022_12SE1_20220701.txt -v
 
 
     ===========================================
     |>---   ENVIRONMENT VARIABLE REPORT   ---<|
     ===========================================

     |> Grid and High-Level Model Parameters:
     +=========================================
        ---Env Variable---  |  ---Value---
      --------------------------------------------------------------------------------
                       BLD  |             (default)
                    OUTDIR  |  /work/users/l/i/lizadams/CMAQv6.0_2022_12SE1_Benchmark_2day//output_CCTM_v6_intel_Bench_2022_12SE1
                 NEW_START  |           T
            IGNORE_SOILINP  |           F (default)
              EXECUTION_ID  |  CMAQ_CCTMv6_lizadams_20260815_020256_497782397
                 GRID_NAME  |  SE60BENCH
                 CTM_TSTEP  |       10000
                CTM_RUNLEN  |      240000
              CTM_PROGNAME  |  DRIVER (default)
                CTM_STDATE  |     2022182
                CTM_STTIME  |           0
 
 
     ===========================================
     |>---   ENVIRONMENT VARIABLE REPORT   ---<|
     ===========================================

     |> Grid and High-Level Model Parameters:
     +=========================================
 
 
     ===========================================
     |>---   ENVIRONMENT VARIABLE REPORT   ---<|
     ===========================================

     |> Grid and High-Level Model Parameters:
     +=========================================
        ---Env Variable---  |  ---Value---
      --------------------------------------------------------------------------------
               CTM_MAXSYNC  |         300
               CTM_MINSYNC  |          60

     |> Multiprocess control, output and error checking:
     +====================================================
        ---Env Variable---  |  ---Value---
      --------------------------------------------------------------------------------
           PRINT_PROC_TIME  |           T
               FL_ERR_STOP  |           F
              CTM_MIO_FILE  |           F (default)
                 CTM_CKSUM  |           T
          AVG_FILE_ENDTIME  |           F
             AVG_CONC_SPCS  |  ALL
 
 
     ===========================================
     |>---   ENVIRONMENT VARIABLE REPORT   ---<|
     ===========================================

     |> Grid and High-Level Model Parameters:
     +=========================================
        ---Env Variable---  |  ---Value---
      --------------------------------------------------------------------------------
                       BLD  |             (default)
                    OUTDIR  |  /work/users/l/i/lizadams/CMAQv6.0_2022_12SE1_Benchmark_2day//output_CCTM_v6_intel_Bench_2022_12SE1
 
 
     ===========================================
     |>---   ENVIRONMENT VARIABLE REPORT   ---<|
     ===========================================

     |> Grid and High-Level Model Parameters:
     +=========================================
        ---Env Variable---  |  ---Value---
      --------------------------------------------------------------------------------
                       BLD  |             (default)
                    OUTDIR  |  /work/users/l/i/lizadams/CMAQv6.0_2022_12SE1_Benchmark_2day//output_CCTM_v6_intel_Bench_2022_12SE1
                 NEW_START  |           T
            IGNORE_SOILINP  |           F (default)
 
 
     ===========================================
     |>---   ENVIRONMENT VARIABLE REPORT   ---<|
     ===========================================

     |> Grid and High-Level Model Parameters:
     +=========================================
        ---Env Variable---  |  ---Value---
      --------------------------------------------------------------------------------
                       BLD  |             (default)
                    OUTDIR  |  /work/users/l/i/lizadams/CMAQv6.0_2022_12SE1_Benchmark_2day//output_CCTM_v6_intel_Bench_2022_12SE1
                 NEW_START  |           T
            IGNORE_SOILINP  |           F (default)
              EXECUTION_ID  |  CMAQ_CCTMv6_lizadams_20260815_020256_497782397
                 GRID_NAME  |  SE60BENCH
                 CTM_TSTEP  |       10000
                CTM_RUNLEN  |      240000
              CTM_PROGNAME  |  DRIVER (default)
                CTM_STDATE  |     2022182
                CTM_STTIME  |           0
               CTM_MAXSYNC  |         300
               CTM_MINSYNC  |          60

     |> Multiprocess control, output and error checking:
     +====================================================
        ---Env Variable---  |  ---Value---
      --------------------------------------------------------------------------------
           PRINT_PROC_TIME  |           T
               FL_ERR_STOP  |           F
              CTM_MIO_FILE  |           F (default)
                 CTM_CKSUM  |           T
          AVG_FILE_ENDTIME  |           F
        ---Env Variable---  |  ---Value---
      --------------------------------------------------------------------------------
                       BLD  |             (default)
                    OUTDIR  |  /work/users/l/i/lizadams/CMAQv6.0_2022_12SE1_Benchmark_2day//output_CCTM_v6_intel_Bench_2022_12SE1
                 NEW_START  |           T
            IGNORE_SOILINP  |           F (default)
              EXECUTION_ID  |  CMAQ_CCTMv6_lizadams_20260815_020256_497782397
                 GRID_NAME  |  SE60BENCH
                 CTM_TSTEP  |       10000
                CTM_RUNLEN  |      240000
              CTM_PROGNAME  |  DRIVER (default)
                CTM_STDATE  |     2022182
                       BLD  |             (default)
                    OUTDIR  |  /work/users/l/i/lizadams/CMAQv6.0_2022_12SE1_Benchmark_2day//output_CCTM_v6_intel_Bench_2022_12SE1
                 NEW_START  |           T
            IGNORE_SOILINP  |           F (default)
              EXECUTION_ID  |  CMAQ_CCTMv6_lizadams_20260815_020256_497782397
                 GRID_NAME  |  SE60BENCH
                 CTM_TSTEP  |       10000
                CTM_RUNLEN  |      240000
              CTM_PROGNAME  |  DRIVER (default)
                CTM_STDATE  |     2022182
                CTM_STTIME  |           0
                 CONC_SPCS  |  O3 NO ANO3I ANO3J NO2 NH3 ANH4I ANH4J ASO4I ASO4J
           ACONC_BLEV_ELEV  |   1 1
                 NEW_START  |           T
            IGNORE_SOILINP  |           F (default)
              EXECUTION_ID  |  CMAQ_CCTMv6_lizadams_20260815_020256_497782397
                 GRID_NAME  |  SE60BENCH
                 CTM_TSTEP  |       10000
                CTM_RUNLEN  |      240000
              CTM_PROGNAME  |  DRIVER (default)
                CTM_STDATE  |     2022182
                CTM_STTIME  |           0
               CTM_MAXSYNC  |         300
               CTM_MINSYNC  |          60

     |> Multiprocess control, output and error checking:
     +====================================================
        ---Env Variable---  |  ---Value---
      --------------------------------------------------------------------------------
           PRINT_PROC_TIME  |           T
               FL_ERR_STOP  |           F
              EXECUTION_ID  |  CMAQ_CCTMv6_lizadams_20260815_020256_497782397
                 GRID_NAME  |  SE60BENCH
                 CTM_TSTEP  |       10000
                CTM_RUNLEN  |      240000
              CTM_PROGNAME  |  DRIVER (default)
                CTM_STDATE  |     2022182
                CTM_STTIME  |           0
               CTM_MAXSYNC  |         300
               CTM_MINSYNC  |          60

     |> Multiprocess control, output and error checking:
     +====================================================
        ---Env Variable---  |  ---Value---
      --------------------------------------------------------------------------------
           PRINT_PROC_TIME  |           T
               FL_ERR_STOP  |           F
              CTM_MIO_FILE  |           F (default)
                 CTM_CKSUM  |           T
          AVG_FILE_ENDTIME  |           F
             AVG_CONC_SPCS  |  ALL
                CTM_STTIME  |           0
               CTM_MAXSYNC  |         300
               CTM_MINSYNC  |          60

     |> Multiprocess control, output and error checking:
     +====================================================
        ---Env Variable---  |  ---Value---
      --------------------------------------------------------------------------------
           PRINT_PROC_TIME  |           T
               FL_ERR_STOP  |           F
              CTM_MIO_FILE  |           F (default)
                 CTM_CKSUM  |           T
          AVG_FILE_ENDTIME  |           F
             AVG_CONC_SPCS  |  ALL
               CTM_MAXSYNC  |         300
               CTM_MINSYNC  |          60

     |> Multiprocess control, output and error checking:
     +====================================================
        ---Env Variable---  |  ---Value---
      --------------------------------------------------------------------------------
           PRINT_PROC_TIME  |           T
               FL_ERR_STOP  |           F
              CTM_MIO_FILE  |           F (default)
                 CTM_CKSUM  |           T
          AVG_FILE_ENDTIME  |           F
             AVG_CONC_SPCS  |  ALL
            CONC_BLEV_ELEV  |   1 1
           IOAPI_LOG_WRITE  |           F
                   VERTEXT  |           F
        VERTEXT_COORD_PATH  |  /proj/ie/proj/CMAS/CMASOps2026/CMAQ_CMAS_6/intelmpi_intel_4.6.2_2024_longleaf/CCTM/scripts/lonlat.csv
             gc_matrix_nml  |  /proj/ie/proj/CMAS/CMASOps2026/CMAQ_CMAS_6/intelmpi_intel_4.6.2_2024_longleaf/CCTM/scripts/BLD_CCTM_v6_intel/GC_cracmm3.nml
             ae_matrix_nml  |  /proj/ie/proj/CMAS/CMASOps2026/CMAQ_CMAS_6/intelmpi_intel_4.6.2_2024_longleaf/CCTM/scripts/BLD_CCTM_v6_intel/AE_cracmm3.nml
             nr_matrix_nml  |  /proj/ie/proj/CMAS/CMASOps2026/CMAQ_CMAS_6/intelmpi_intel_4.6.2_2024_longleaf/CCTM/scripts/BLD_CCTM_v6_intel/NR_cracmm3.nml
             tr_matrix_nml  |  /proj/ie/proj/CMAS/CMASOps2026/CMAQ_CMAS_6/intelmpi_intel_4.6.2_2024_longleaf/CCTM/scripts/BLD_CCTM_v6_intel/Species_Table_TR_0.nml

     |> Chemistry and Photolysis:
     +=============================
        ---Env Variable---  |  ---Value---
      --------------------------------------------------------------------------------
                      MECH  |  cracmm3
              CTM_PHOTDIAG  |           F
            AEROSOL_OPTICS  |           3

      --ATOL settings are in ppmV.--

             GEAR_MAX_ATOL  |   0.100E-06 (default)
             GEAR_MIN_ATOL  |   0.100E-08 (default)
           GEAR_CONC_FLOOR  |   0.100E-11 (default)
                 GEAR_RTOL  |   0.100E-02 (default)
                   RB_RTOL  |   0.100E-02 (default)
                   RB_ATOL  |   0.100E-06 (default)
                  CTM_PVO3  |           F

     |> Aerosols:
     +=============
        ---Env Variable---  |  ---Value---
      --------------------------------------------------------------------------------
                   AERO_MT  |  HYB
            AERO_DYN_TSTEP  |          90
             BC_AERO_M2WET  |           F
             BC_AERO_M2USE  |           T
              STM_SO4TRACK  |           F

     |> Cloud Processes:
     +====================
        ---Env Variable---  |  ---Value---
      --------------------------------------------------------------------------------
                  CLD_DIAG  |           F

     |> Air-Surface Exchange Processes:
     +===================================
        ---Env Variable---  |  ---Value---
      --------------------------------------------------------------------------------
                PX_VERSION  |           T
                CTM_ABFLUX  |           T
                CTM_MOSAIC  |           F
              CTM_SFC_HONO  |           T
               CLM_VERSION  |           F
              NOAH_VERSION  |           F
             CTM_DEPV_FILE  |           F
                CTM_HGBIDI  |           F
         CTM_BIDI_FERT_NH3  |           T
             CTM_USE_STAGE  |           T
           CTM_WBDUST_BELD  |  UNKNOWN (default)
              CTM_MIO_FILE  |           F (default)
                 CTM_CKSUM  |           T
          AVG_FILE_ENDTIME  |           F
             AVG_CONC_SPCS  |  ALL
             AVG_CONC_SPCS  |  ALL
                 CONC_SPCS  |  O3 NO ANO3I ANO3J NO2 NH3 ANH4I ANH4J ASO4I ASO4J
 
 
     ===========================================
     |>---   ENVIRONMENT VARIABLE REPORT   ---<|
     ===========================================

     |> Grid and High-Level Model Parameters:
     +=========================================
        ---Env Variable---  |  ---Value---
      --------------------------------------------------------------------------------
                       BLD  |             (default)
                    OUTDIR  |  /work/users/l/i/lizadams/CMAQv6.0_2022_12SE1_Benchmark_2day//output_CCTM_v6_intel_Bench_2022_12SE1
             STAGECTRL_NML  |  /proj/ie/proj/CMAS/CMASOps2026/CMAQ_CMAS_6/intelmpi_intel_4.6.2_2024_longleaf/CCTM/scripts/BLD_CCTM_v6_intel/CMAQ_Control_STAGE.nml
             CTM_STAGE_P22  |           F
             CTM_STAGE_E20  |           T
             CTM_STAGE_S22  |           F

     |> Transport Processes:
     +========================
        ---Env Variable---  |  ---Value---
      --------------------------------------------------------------------------------
           VDIFF_DIAG_FILE  |           F
            SIGMA_SYNC_TOP  |   0.700E+00
              ADV_HDIV_LIM  |   0.900E+00 (default)
               CTM_ADV_CFL  |   0.950E+00
                     KZMIN  |           T
                KZU_CUSTOM  |   0.100E+01 (default)
                  CTM_WVEL  |           T
             CTM_GRAV_SETL  |           T

     |> Emissions Parameters:
     +=========================
        ---Env Variable---  |  ---Value---
      --------------------------------------------------------------------------------
             CMAQ_CTRL_NML  |  /proj/ie/proj/CMAS/CMASOps2026/CMAQ_CMAS_6/intelmpi_intel_4.6.2_2024_longleaf/CCTM/scripts/BLD_CCTM_v6_intel/CMAQ_Control.nml
          CMAQ_CH_CTRL_NML  |  /proj/ie/proj/CMAS/CMASOps2026/CMAQ_CMAS_6/intelmpi_intel_4.6.2_2024_longleaf/CCTM/scripts/BLD_CCTM_v6_intel/CMAQ_Chem_Control_cracmm3.nml
                 N_EMIS_GR  |           2
                 N_EMIS_TR  |           0 (default)
               CTM_EMISCHK  |           F
           CTM_BIOGEMIS_BE  |           T
           CTM_BIOGEMIS_MG  |           F
             USE_MEGAN_LAI  |           F (default)
              MGN_ONLN_DEP  |           F (default)
               BDSNP_MEGAN  |           F
                USE_SEGA_N  |           F
 
 
     ===========================================
     |>---   ENVIRONMENT VARIABLE REPORT   ---<|
     ===========================================

     |> Grid and High-Level Model Parameters:
     +=========================================
        ---Env Variable---  |  ---Value---
      --------------------------------------------------------------------------------
                       BLD  |             (default)
                    OUTDIR  |  /work/users/l/i/lizadams/CMAQv6.0_2022_12SE1_Benchmark_2day//output_CCTM_v6_intel_Bench_2022_12SE1
                 NEW_START  |           T
            IGNORE_SOILINP  |           F (default)
              EXECUTION_ID  |  CMAQ_CCTMv6_lizadams_20260815_020256_497782397
                 GRID_NAME  |  SE60BENCH
                 CTM_TSTEP  |       10000
                CTM_RUNLEN  |      240000
              CTM_PROGNAME  |  DRIVER (default)
                CTM_STDATE  |     2022182
                CTM_STTIME  |           0
               CTM_MAXSYNC  |         300
               CTM_MINSYNC  |          60

     |> Multiprocess control, output and error checking:
     +====================================================
        ---Env Variable---  |  ---Value---
      --------------------------------------------------------------------------------
           PRINT_PROC_TIME  |           T
           ACONC_BLEV_ELEV  |   1 1
            CONC_BLEV_ELEV  |   1 1
           IOAPI_LOG_WRITE  |           F
                   VERTEXT  |           F
        VERTEXT_COORD_PATH  |  /proj/ie/proj/CMAS/CMASOps2026/CMAQ_CMAS_6/intelmpi_intel_4.6.2_2024_longleaf/CCTM/scripts/lonlat.csv
             gc_matrix_nml  |  /proj/ie/proj/CMAS/CMASOps2026/CMAQ_CMAS_6/intelmpi_intel_4.6.2_2024_longleaf/CCTM/scripts/BLD_CCTM_v6_intel/GC_cracmm3.nml
             ae_matrix_nml  |  /proj/ie/proj/CMAS/CMASOps2026/CMAQ_CMAS_6/intelmpi_intel_4.6.2_2024_longleaf/CCTM/scripts/BLD_CCTM_v6_intel/AE_cracmm3.nml
             nr_matrix_nml  |  /proj/ie/proj/CMAS/CMASOps2026/CMAQ_CMAS_6/intelmpi_intel_4.6.2_2024_longleaf/CCTM/scripts/BLD_CCTM_v6_intel/NR_cracmm3.nml
             tr_matrix_nml  |  /proj/ie/proj/CMAS/CMASOps2026/CMAQ_CMAS_6/intelmpi_intel_4.6.2_2024_longleaf/CCTM/scripts/BLD_CCTM_v6_intel/Species_Table_TR_0.nml

     |> Chemistry and Photolysis:
     +=============================
        ---Env Variable---  |  ---Value---
      --------------------------------------------------------------------------------
                      MECH  |  cracmm3
              CTM_PHOTDIAG  |           F
            AEROSOL_OPTICS  |           3

      --ATOL settings are in ppmV.--

             GEAR_MAX_ATOL  |   0.100E-06 (default)
             GEAR_MIN_ATOL  |   0.100E-08 (default)
           GEAR_CONC_FLOOR  |   0.100E-11 (default)
                 GEAR_RTOL  |   0.100E-02 (default)
                   RB_RTOL  |   0.100E-02 (default)
                   RB_ATOL  |   0.100E-06 (default)
                  CTM_PVO3  |           F

     |> Aerosols:
     +=============
        ---Env Variable---  |  ---Value---
      --------------------------------------------------------------------------------
                   AERO_MT  |  HYB
                 CONC_SPCS  |  O3 NO ANO3I ANO3J NO2 NH3 ANH4I ANH4J ASO4I ASO4J
                 CONC_SPCS  |  O3 NO ANO3I ANO3J NO2 NH3 ANH4I ANH4J ASO4I ASO4J
                 NEW_START  |           T
            IGNORE_SOILINP  |           F (default)
              EXECUTION_ID  |  CMAQ_CCTMv6_lizadams_20260815_020256_497782397
                 GRID_NAME  |  SE60BENCH
                 CTM_TSTEP  |       10000
                CTM_RUNLEN  |      240000
              CTM_PROGNAME  |  DRIVER (default)
                CTM_STDATE  |     2022182
                CTM_STTIME  |           0
               CTM_MAXSYNC  |         300
               CTM_MINSYNC  |          60

     |> Multiprocess control, output and error checking:
     +====================================================
        ---Env Variable---  |  ---Value---
      --------------------------------------------------------------------------------
           PRINT_PROC_TIME  |           T
               FL_ERR_STOP  |           F
              CTM_MIO_FILE  |           F (default)
                 CTM_CKSUM  |           T
          AVG_FILE_ENDTIME  |           F
             AVG_CONC_SPCS  |  ALL
 
 
     ===========================================
     |>---   ENVIRONMENT VARIABLE REPORT   ---<|
     ===========================================

     |> Grid and High-Level Model Parameters:
     +=========================================
        ---Env Variable---  |  ---Value---
      --------------------------------------------------------------------------------
                       BLD  |             (default)
                    OUTDIR  |  /work/users/l/i/lizadams/CMAQv6.0_2022_12SE1_Benchmark_2day//output_CCTM_v6_intel_Bench_2022_12SE1
                 NEW_START  |           T
            IGNORE_SOILINP  |           F (default)
              EXECUTION_ID  |  CMAQ_CCTMv6_lizadams_20260815_020256_497782397
                 GRID_NAME  |  SE60BENCH
                 CTM_TSTEP  |       10000
                CTM_RUNLEN  |      240000
              CTM_PROGNAME  |  DRIVER (default)
                CTM_STDATE  |     2022182
             USE_SEGA_N_EF  |           F
                 BIOG_SPRO  |  DEFAULT (default)
                B3GTS_DIAG  |           F
              CTM_MGEMDIAG  |           F (default)
            CTM_OCEAN_CHEM  |           T
               CTM_WB_DUST  |           T
             CTM_BROWN_VEG  |           T
           CTM_DUSTEM_DIAG  |           F
              CTM_SSEMDIAG  |           F
              CTM_MET_EMIS  |           F (default)
         CTM_MET_EMIS_DIAG  |           F (default)
          CTM_MET_EMIS_HUM  |           F (default)
            CTM_LNO_ONLINE  |           T
             LTNG_ASSIM_DT  |           0 (default)
             USE_LTNG_DATA  |           T
                  LTNGDIAG  |           F
                   MOLSNCG  |   0.350E+03 (default)
                   MOLSNIC  |   0.350E+03 (default)
                LNO_OPTION  |           1
                 N_EMIS_PT  |          11
                    IPVERT  |           0 (default)
             EMIS_SYM_DATE  |           F (default)

     |> Process Analysis Parameters:
     +================================
        ---Env Variable---  |  ---Value---
      --------------------------------------------------------------------------------
                CTM_PROCAN  |           F
                CTM_BUDGET  |  /work/users/l/i/lizadams/CMAQv6.0_2022_12SE1_Benchmark_2day//output_CCTM_v6_intel_Bench_2022_12SE1/CCTM_BUDGET_v6_intel_Bench_2022_12SE1_20220701.txt -v
               FL_ERR_STOP  |           F
              CTM_MIO_FILE  |           F (default)
                 CTM_CKSUM  |           T
          AVG_FILE_ENDTIME  |           F
             AVG_CONC_SPCS  |  ALL
                 CONC_SPCS  |  O3 NO ANO3I ANO3J NO2 NH3 ANH4I ANH4J ASO4I ASO4J
                 CONC_SPCS  |  O3 NO ANO3I ANO3J NO2 NH3 ANH4I ANH4J ASO4I ASO4J
            AERO_DYN_TSTEP  |          90
             BC_AERO_M2WET  |           F
             BC_AERO_M2USE  |           T
              STM_SO4TRACK  |           F

     |> Cloud Processes:
     +====================
        ---Env Variable---  |  ---Value---
      --------------------------------------------------------------------------------
                  CLD_DIAG  |           F

     |> Air-Surface Exchange Processes:
     +===================================
        ---Env Variable---  |  ---Value---
      --------------------------------------------------------------------------------
                PX_VERSION  |           T
                CTM_ABFLUX  |           T
                CTM_MOSAIC  |           F
              CTM_SFC_HONO  |           T
               CLM_VERSION  |           F
              NOAH_VERSION  |           F
             CTM_DEPV_FILE  |           F
                CTM_HGBIDI  |           F
         CTM_BIDI_FERT_NH3  |           T
             CTM_USE_STAGE  |           T
           CTM_WBDUST_BELD  |  UNKNOWN (default)
             STAGECTRL_NML  |  /proj/ie/proj/CMAS/CMASOps2026/CMAQ_CMAS_6/intelmpi_intel_4.6.2_2024_longleaf/CCTM/scripts/BLD_CCTM_v6_intel/CMAQ_Control_STAGE.nml
             CTM_STAGE_P22  |           F
             CTM_STAGE_E20  |           T
             CTM_STAGE_S22  |           F

     |> Transport Processes:
     +========================
        ---Env Variable---  |  ---Value---
      --------------------------------------------------------------------------------
           VDIFF_DIAG_FILE  |           F
            SIGMA_SYNC_TOP  |   0.700E+00
              ADV_HDIV_LIM  |   0.900E+00 (default)
               CTM_ADV_CFL  |   0.950E+00
                     KZMIN  |           T
                KZU_CUSTOM  |   0.100E+01 (default)
                  CTM_WVEL  |           T
             CTM_GRAV_SETL  |           T

     |> Emissions Parameters:
     +=========================
        ---Env Variable---  |  ---Value---
      --------------------------------------------------------------------------------
             CMAQ_CTRL_NML  |  /proj/ie/proj/CMAS/CMASOps2026/CMAQ_CMAS_6/intelmpi_intel_4.6.2_2024_longleaf/CCTM/scripts/BLD_CCTM_v6_intel/CMAQ_Control.nml
          CMAQ_CH_CTRL_NML  |  /proj/ie/proj/CMAS/CMASOps2026/CMAQ_CMAS_6/intelmpi_intel_4.6.2_2024_longleaf/CCTM/scripts/BLD_CCTM_v6_intel/CMAQ_Chem_Control_cracmm3.nml
                 N_EMIS_GR  |           2
                 N_EMIS_TR  |           0 (default)
               CTM_EMISCHK  |           F
           CTM_BIOGEMIS_BE  |           T
           CTM_BIOGEMIS_MG  |           F
             USE_MEGAN_LAI  |           F (default)
              MGN_ONLN_DEP  |           F (default)
               BDSNP_MEGAN  |           F
                USE_SEGA_N  |           F
 
 
     ===========================================
     |>---   ENVIRONMENT VARIABLE REPORT   ---<|
     ===========================================

     |> Grid and High-Level Model Parameters:
     +=========================================
        ---Env Variable---  |  ---Value---
      --------------------------------------------------------------------------------
                       BLD  |             (default)
                    OUTDIR  |  /work/users/l/i/lizadams/CMAQv6.0_2022_12SE1_Benchmark_2day//output_CCTM_v6_intel_Bench_2022_12SE1
                 NEW_START  |           T
            IGNORE_SOILINP  |           F (default)
              EXECUTION_ID  |  CMAQ_CCTMv6_lizadams_20260815_020256_497782397
                 GRID_NAME  |  SE60BENCH
                 CTM_TSTEP  |       10000
                CTM_RUNLEN  |      240000
           ACONC_BLEV_ELEV  |   1 1
            CONC_BLEV_ELEV  |   1 1
           IOAPI_LOG_WRITE  |           F
                   VERTEXT  |           F
        VERTEXT_COORD_PATH  |  /proj/ie/proj/CMAS/CMASOps2026/CMAQ_CMAS_6/intelmpi_intel_4.6.2_2024_longleaf/CCTM/scripts/lonlat.csv
             gc_matrix_nml  |  /proj/ie/proj/CMAS/CMASOps2026/CMAQ_CMAS_6/intelmpi_intel_4.6.2_2024_longleaf/CCTM/scripts/BLD_CCTM_v6_intel/GC_cracmm3.nml
             ae_matrix_nml  |  /proj/ie/proj/CMAS/CMASOps2026/CMAQ_CMAS_6/intelmpi_intel_4.6.2_2024_longleaf/CCTM/scripts/BLD_CCTM_v6_intel/AE_cracmm3.nml
             nr_matrix_nml  |  /proj/ie/proj/CMAS/CMASOps2026/CMAQ_CMAS_6/intelmpi_intel_4.6.2_2024_longleaf/CCTM/scripts/BLD_CCTM_v6_intel/NR_cracmm3.nml
             tr_matrix_nml  |  /proj/ie/proj/CMAS/CMASOps2026/CMAQ_CMAS_6/intelmpi_intel_4.6.2_2024_longleaf/CCTM/scripts/BLD_CCTM_v6_intel/Species_Table_TR_0.nml

     |> Chemistry and Photolysis:
     +=============================
        ---Env Variable---  |  ---Value---
      --------------------------------------------------------------------------------
                      MECH  |  cracmm3
              CTM_PHOTDIAG  |           F
            AEROSOL_OPTICS  |           3

      --ATOL settings are in ppmV.--

           ACONC_BLEV_ELEV  |   1 1
            CONC_BLEV_ELEV  |   1 1
           IOAPI_LOG_WRITE  |           F
                   VERTEXT  |           F
        VERTEXT_COORD_PATH  |  /proj/ie/proj/CMAS/CMASOps2026/CMAQ_CMAS_6/intelmpi_intel_4.6.2_2024_longleaf/CCTM/scripts/lonlat.csv
                 CONC_SPCS  |  O3 NO ANO3I ANO3J NO2 NH3 ANH4I ANH4J ASO4I ASO4J
                CTM_STTIME  |           0
               CTM_MAXSYNC  |         300
               CTM_MINSYNC  |          60

     |> Multiprocess control, output and error checking:
     +====================================================
        ---Env Variable---  |  ---Value---
      --------------------------------------------------------------------------------
           PRINT_PROC_TIME  |           T
               FL_ERR_STOP  |           F
              CTM_MIO_FILE  |           F (default)
                 CTM_CKSUM  |           T
          AVG_FILE_ENDTIME  |           F
             AVG_CONC_SPCS  |  ALL
                 CONC_SPCS  |  O3 NO ANO3I ANO3J NO2 NH3 ANH4I ANH4J ASO4I ASO4J
           ACONC_BLEV_ELEV  |   1 1
            CONC_BLEV_ELEV  |   1 1
 
 
     ===========================================
     |>---   ENVIRONMENT VARIABLE REPORT   ---<|
     ===========================================

     |> Grid and High-Level Model Parameters:
     +=========================================
        ---Env Variable---  |  ---Value---
      --------------------------------------------------------------------------------
                       BLD  |             (default)
                    OUTDIR  |  /work/users/l/i/lizadams/CMAQv6.0_2022_12SE1_Benchmark_2day//output_CCTM_v6_intel_Bench_2022_12SE1
                 NEW_START  |           T
            IGNORE_SOILINP  |           F (default)
              EXECUTION_ID  |  CMAQ_CCTMv6_lizadams_20260815_020256_497782397
                 GRID_NAME  |  SE60BENCH
                 CTM_TSTEP  |       10000
                CTM_RUNLEN  |      240000
              CTM_PROGNAME  |  DRIVER (default)
                CTM_STDATE  |     2022182
                CTM_STTIME  |           0
               CTM_MAXSYNC  |         300
               CTM_MINSYNC  |          60
 
 
     ===========================================
     |>---   ENVIRONMENT VARIABLE REPORT   ---<|
     ===========================================

     |> Grid and High-Level Model Parameters:
     +=========================================
        ---Env Variable---  |  ---Value---
      --------------------------------------------------------------------------------
                       BLD  |             (default)
                    OUTDIR  |  /work/users/l/i/lizadams/CMAQv6.0_2022_12SE1_Benchmark_2day//output_CCTM_v6_intel_Bench_2022_12SE1
                 NEW_START  |           T
            IGNORE_SOILINP  |           F (default)
              EXECUTION_ID  |  CMAQ_CCTMv6_lizadams_20260815_020256_497782397
                 GRID_NAME  |  SE60BENCH
                 CTM_TSTEP  |       10000
                CTM_RUNLEN  |      240000
              CTM_PROGNAME  |  DRIVER (default)
                CTM_STDATE  |     2022182
                CTM_STTIME  |           0
               CTM_MAXSYNC  |         300
               CTM_MINSYNC  |          60

     |> Multiprocess control, output and error checking:
     +====================================================
        ---Env Variable---  |  ---Value---
      --------------------------------------------------------------------------------
           PRINT_PROC_TIME  |           T
               FL_ERR_STOP  |           F
              CTM_MIO_FILE  |           F (default)
                 CTM_CKSUM  |           T
          AVG_FILE_ENDTIME  |           F
             AVG_CONC_SPCS  |  ALL
                 CONC_SPCS  |  O3 NO ANO3I ANO3J NO2 NH3 ANH4I ANH4J ASO4I ASO4J
             USE_SEGA_N_EF  |           F
                 BIOG_SPRO  |  DEFAULT (default)
                B3GTS_DIAG  |           F
              CTM_MGEMDIAG  |           F (default)
            CTM_OCEAN_CHEM  |           T
               CTM_WB_DUST  |           T
             CTM_BROWN_VEG  |           T
           CTM_DUSTEM_DIAG  |           F
              CTM_SSEMDIAG  |           F
              CTM_MET_EMIS  |           F (default)
         CTM_MET_EMIS_DIAG  |           F (default)
          CTM_MET_EMIS_HUM  |           F (default)
            CTM_LNO_ONLINE  |           T
             LTNG_ASSIM_DT  |           0 (default)
             USE_LTNG_DATA  |           T
                  LTNGDIAG  |           F
                   MOLSNCG  |   0.350E+03 (default)
                   MOLSNIC  |   0.350E+03 (default)
                LNO_OPTION  |           1
                 N_EMIS_PT  |          11
                    IPVERT  |           0 (default)
             EMIS_SYM_DATE  |           F (default)

     |> Process Analysis Parameters:
     +================================
        ---Env Variable---  |  ---Value---
      --------------------------------------------------------------------------------
                CTM_PROCAN  |           F
                CTM_BUDGET  |  /work/users/l/i/lizadams/CMAQv6.0_2022_12SE1_Benchmark_2day//output_CCTM_v6_intel_Bench_2022_12SE1/CCTM_BUDGET_v6_intel_Bench_2022_12SE1_20220701.txt -v
              CTM_PROGNAME  |  DRIVER (default)
                CTM_STDATE  |     2022182
                CTM_STTIME  |           0
               CTM_MAXSYNC  |         300
               CTM_MINSYNC  |          60

     |> Multiprocess control, output and error checking:
     +====================================================
        ---Env Variable---  |  ---Value---
      --------------------------------------------------------------------------------
           PRINT_PROC_TIME  |           T
               FL_ERR_STOP  |           F
              CTM_MIO_FILE  |           F (default)
                 CTM_CKSUM  |           T
          AVG_FILE_ENDTIME  |           F
             AVG_CONC_SPCS  |  ALL
             GEAR_MAX_ATOL  |   0.100E-06 (default)
             GEAR_MIN_ATOL  |   0.100E-08 (default)
           GEAR_CONC_FLOOR  |   0.100E-11 (default)
                 GEAR_RTOL  |   0.100E-02 (default)
                   RB_RTOL  |   0.100E-02 (default)
                   RB_ATOL  |   0.100E-06 (default)
                  CTM_PVO3  |           F

     |> Aerosols:
     +=============
        ---Env Variable---  |  ---Value---
      --------------------------------------------------------------------------------
                   AERO_MT  |  HYB
            AERO_DYN_TSTEP  |          90
             BC_AERO_M2WET  |           F
             BC_AERO_M2USE  |           T
              STM_SO4TRACK  |           F

     |> Cloud Processes:
     +====================
        ---Env Variable---  |  ---Value---
      --------------------------------------------------------------------------------
                  CLD_DIAG  |           F

     |> Air-Surface Exchange Processes:
     +===================================
        ---Env Variable---  |  ---Value---
      --------------------------------------------------------------------------------
                PX_VERSION  |           T
                CTM_ABFLUX  |           T
                CTM_MOSAIC  |           F
              CTM_SFC_HONO  |           T
               CLM_VERSION  |           F
              NOAH_VERSION  |           F
             CTM_DEPV_FILE  |           F
                CTM_HGBIDI  |           F
         CTM_BIDI_FERT_NH3  |           T
             CTM_USE_STAGE  |           T
             gc_matrix_nml  |  /proj/ie/proj/CMAS/CMASOps2026/CMAQ_CMAS_6/intelmpi_intel_4.6.2_2024_longleaf/CCTM/scripts/BLD_CCTM_v6_intel/GC_cracmm3.nml
             ae_matrix_nml  |  /proj/ie/proj/CMAS/CMASOps2026/CMAQ_CMAS_6/intelmpi_intel_4.6.2_2024_longleaf/CCTM/scripts/BLD_CCTM_v6_intel/AE_cracmm3.nml
             nr_matrix_nml  |  /proj/ie/proj/CMAS/CMASOps2026/CMAQ_CMAS_6/intelmpi_intel_4.6.2_2024_longleaf/CCTM/scripts/BLD_CCTM_v6_intel/NR_cracmm3.nml
             tr_matrix_nml  |  /proj/ie/proj/CMAS/CMASOps2026/CMAQ_CMAS_6/intelmpi_intel_4.6.2_2024_longleaf/CCTM/scripts/BLD_CCTM_v6_intel/Species_Table_TR_0.nml

     |> Chemistry and Photolysis:
     +=============================
        ---Env Variable---  |  ---Value---
      --------------------------------------------------------------------------------
                      MECH  |  cracmm3
              CTM_PHOTDIAG  |           F
            AEROSOL_OPTICS  |           3

      --ATOL settings are in ppmV.--

             GEAR_MAX_ATOL  |   0.100E-06 (default)
             GEAR_MIN_ATOL  |   0.100E-08 (default)
           GEAR_CONC_FLOOR  |   0.100E-11 (default)
                 GEAR_RTOL  |   0.100E-02 (default)
                   RB_RTOL  |   0.100E-02 (default)
                   RB_ATOL  |   0.100E-06 (default)
                  CTM_PVO3  |           F

     |> Aerosols:
     +=============
        ---Env Variable---  |  ---Value---
      --------------------------------------------------------------------------------
                   AERO_MT  |  HYB
            AERO_DYN_TSTEP  |          90
             BC_AERO_M2WET  |           F
             BC_AERO_M2USE  |           T
              STM_SO4TRACK  |           F
           ACONC_BLEV_ELEV  |   1 1
            CONC_BLEV_ELEV  |   1 1
           IOAPI_LOG_WRITE  |           F
                   VERTEXT  |           F
        VERTEXT_COORD_PATH  |  /proj/ie/proj/CMAS/CMASOps2026/CMAQ_CMAS_6/intelmpi_intel_4.6.2_2024_longleaf/CCTM/scripts/lonlat.csv
             gc_matrix_nml  |  /proj/ie/proj/CMAS/CMASOps2026/CMAQ_CMAS_6/intelmpi_intel_4.6.2_2024_longleaf/CCTM/scripts/BLD_CCTM_v6_intel/GC_cracmm3.nml
             ae_matrix_nml  |  /proj/ie/proj/CMAS/CMASOps2026/CMAQ_CMAS_6/intelmpi_intel_4.6.2_2024_longleaf/CCTM/scripts/BLD_CCTM_v6_intel/AE_cracmm3.nml
             nr_matrix_nml  |  /proj/ie/proj/CMAS/CMASOps2026/CMAQ_CMAS_6/intelmpi_intel_4.6.2_2024_longleaf/CCTM/scripts/BLD_CCTM_v6_intel/NR_cracmm3.nml
             tr_matrix_nml  |  /proj/ie/proj/CMAS/CMASOps2026/CMAQ_CMAS_6/intelmpi_intel_4.6.2_2024_longleaf/CCTM/scripts/BLD_CCTM_v6_intel/Species_Table_TR_0.nml

     |> Chemistry and Photolysis:
     +=============================
        ---Env Variable---  |  ---Value---
      --------------------------------------------------------------------------------
                      MECH  |  cracmm3
              CTM_PHOTDIAG  |           F
            AEROSOL_OPTICS  |           3

      --ATOL settings are in ppmV.--

             GEAR_MAX_ATOL  |   0.100E-06 (default)
             GEAR_MIN_ATOL  |   0.100E-08 (default)
           GEAR_CONC_FLOOR  |   0.100E-11 (default)
                 GEAR_RTOL  |   0.100E-02 (default)
                   RB_RTOL  |   0.100E-02 (default)
                   RB_ATOL  |   0.100E-06 (default)
                  CTM_PVO3  |           F

     |> Aerosols:
     +=============
        ---Env Variable---  |  ---Value---
      --------------------------------------------------------------------------------
                 CONC_SPCS  |  O3 NO ANO3I ANO3J NO2 NH3 ANH4I ANH4J ASO4I ASO4J
           ACONC_BLEV_ELEV  |   1 1
            CONC_BLEV_ELEV  |   1 1
           IOAPI_LOG_WRITE  |           F
                   VERTEXT  |           F
        VERTEXT_COORD_PATH  |  /proj/ie/proj/CMAS/CMASOps2026/CMAQ_CMAS_6/intelmpi_intel_4.6.2_2024_longleaf/CCTM/scripts/lonlat.csv
             gc_matrix_nml  |  /proj/ie/proj/CMAS/CMASOps2026/CMAQ_CMAS_6/intelmpi_intel_4.6.2_2024_longleaf/CCTM/scripts/BLD_CCTM_v6_intel/GC_cracmm3.nml
             ae_matrix_nml  |  /proj/ie/proj/CMAS/CMASOps2026/CMAQ_CMAS_6/intelmpi_intel_4.6.2_2024_longleaf/CCTM/scripts/BLD_CCTM_v6_intel/AE_cracmm3.nml
             nr_matrix_nml  |  /proj/ie/proj/CMAS/CMASOps2026/CMAQ_CMAS_6/intelmpi_intel_4.6.2_2024_longleaf/CCTM/scripts/BLD_CCTM_v6_intel/NR_cracmm3.nml
           ACONC_BLEV_ELEV  |   1 1
            CONC_BLEV_ELEV  |   1 1
           IOAPI_LOG_WRITE  |           F
                   VERTEXT  |           F
        VERTEXT_COORD_PATH  |  /proj/ie/proj/CMAS/CMASOps2026/CMAQ_CMAS_6/intelmpi_intel_4.6.2_2024_longleaf/CCTM/scripts/lonlat.csv
             gc_matrix_nml  |  /proj/ie/proj/CMAS/CMASOps2026/CMAQ_CMAS_6/intelmpi_intel_4.6.2_2024_longleaf/CCTM/scripts/BLD_CCTM_v6_intel/GC_cracmm3.nml
             ae_matrix_nml  |  /proj/ie/proj/CMAS/CMASOps2026/CMAQ_CMAS_6/intelmpi_intel_4.6.2_2024_longleaf/CCTM/scripts/BLD_CCTM_v6_intel/AE_cracmm3.nml
             nr_matrix_nml  |  /proj/ie/proj/CMAS/CMASOps2026/CMAQ_CMAS_6/intelmpi_intel_4.6.2_2024_longleaf/CCTM/scripts/BLD_CCTM_v6_intel/NR_cracmm3.nml
             tr_matrix_nml  |  /proj/ie/proj/CMAS/CMASOps2026/CMAQ_CMAS_6/intelmpi_intel_4.6.2_2024_longleaf/CCTM/scripts/BLD_CCTM_v6_intel/Species_Table_TR_0.nml

     |> Chemistry and Photolysis:
     +=============================
        ---Env Variable---  |  ---Value---
      --------------------------------------------------------------------------------
                      MECH  |  cracmm3
              CTM_PHOTDIAG  |           F
            AEROSOL_OPTICS  |           3

      --ATOL settings are in ppmV.--

             GEAR_MAX_ATOL  |   0.100E-06 (default)
             GEAR_MIN_ATOL  |   0.100E-08 (default)
           GEAR_CONC_FLOOR  |   0.100E-11 (default)
                 GEAR_RTOL  |   0.100E-02 (default)
                   RB_RTOL  |   0.100E-02 (default)
                   RB_ATOL  |   0.100E-06 (default)
                  CTM_PVO3  |           F

     |> Aerosols:
     +=============
        ---Env Variable---  |  ---Value---
      --------------------------------------------------------------------------------
                   AERO_MT  |  HYB
            AERO_DYN_TSTEP  |          90
             BC_AERO_M2WET  |           F
             BC_AERO_M2USE  |           T
              STM_SO4TRACK  |           F

     |> Cloud Processes:
     +====================
        ---Env Variable---  |  ---Value---
      --------------------------------------------------------------------------------
                  CLD_DIAG  |           F

     |> Air-Surface Exchange Processes:
     +===================================
        ---Env Variable---  |  ---Value---
      --------------------------------------------------------------------------------
                PX_VERSION  |           T
                CTM_ABFLUX  |           T
                CTM_MOSAIC  |           F
              CTM_SFC_HONO  |           T
               CLM_VERSION  |           F
              NOAH_VERSION  |           F
             CTM_DEPV_FILE  |           F
                CTM_HGBIDI  |           F
           IOAPI_LOG_WRITE  |           F
                   VERTEXT  |           F
        VERTEXT_COORD_PATH  |  /proj/ie/proj/CMAS/CMASOps2026/CMAQ_CMAS_6/intelmpi_intel_4.6.2_2024_longleaf/CCTM/scripts/lonlat.csv
             gc_matrix_nml  |  /proj/ie/proj/CMAS/CMASOps2026/CMAQ_CMAS_6/intelmpi_intel_4.6.2_2024_longleaf/CCTM/scripts/BLD_CCTM_v6_intel/GC_cracmm3.nml
             ae_matrix_nml  |  /proj/ie/proj/CMAS/CMASOps2026/CMAQ_CMAS_6/intelmpi_intel_4.6.2_2024_longleaf/CCTM/scripts/BLD_CCTM_v6_intel/AE_cracmm3.nml
             nr_matrix_nml  |  /proj/ie/proj/CMAS/CMASOps2026/CMAQ_CMAS_6/intelmpi_intel_4.6.2_2024_longleaf/CCTM/scripts/BLD_CCTM_v6_intel/NR_cracmm3.nml
             tr_matrix_nml  |  /proj/ie/proj/CMAS/CMASOps2026/CMAQ_CMAS_6/intelmpi_intel_4.6.2_2024_longleaf/CCTM/scripts/BLD_CCTM_v6_intel/Species_Table_TR_0.nml

     |> Chemistry and Photolysis:
     +=============================
        ---Env Variable---  |  ---Value---
      --------------------------------------------------------------------------------
                      MECH  |  cracmm3
              CTM_PHOTDIAG  |           F
            AEROSOL_OPTICS  |           3

      --ATOL settings are in ppmV.--

             GEAR_MAX_ATOL  |   0.100E-06 (default)
             GEAR_MIN_ATOL  |   0.100E-08 (default)
           GEAR_CONC_FLOOR  |   0.100E-11 (default)
                 GEAR_RTOL  |   0.100E-02 (default)
                   RB_RTOL  |   0.100E-02 (default)
                   RB_ATOL  |   0.100E-06 (default)
                  CTM_PVO3  |           F

     |> Aerosols:
     +=============
        ---Env Variable---  |  ---Value---
      --------------------------------------------------------------------------------
                   AERO_MT  |  HYB
            AERO_DYN_TSTEP  |          90
             BC_AERO_M2WET  |           F
             BC_AERO_M2USE  |           T
              STM_SO4TRACK  |           F

     |> Cloud Processes:
     +====================
        ---Env Variable---  |  ---Value---
      --------------------------------------------------------------------------------
                  CLD_DIAG  |           F

     |> Air-Surface Exchange Processes:
     +===================================
        ---Env Variable---  |  ---Value---
      --------------------------------------------------------------------------------
                PX_VERSION  |           T
                CTM_ABFLUX  |           T
                CTM_MOSAIC  |           F
              CTM_SFC_HONO  |           T
               CLM_VERSION  |           F
              NOAH_VERSION  |           F
             CTM_DEPV_FILE  |           F
                CTM_HGBIDI  |           F

     |> Multiprocess control, output and error checking:
     +====================================================
        ---Env Variable---  |  ---Value---
      --------------------------------------------------------------------------------
           PRINT_PROC_TIME  |           T
               FL_ERR_STOP  |           F
              CTM_MIO_FILE  |           F (default)
                 CTM_CKSUM  |           T
          AVG_FILE_ENDTIME  |           F
             AVG_CONC_SPCS  |  ALL
                 CONC_SPCS  |  O3 NO ANO3I ANO3J NO2 NH3 ANH4I ANH4J ASO4I ASO4J
           ACONC_BLEV_ELEV  |   1 1
            CONC_BLEV_ELEV  |   1 1
           IOAPI_LOG_WRITE  |           F
                   VERTEXT  |           F
        VERTEXT_COORD_PATH  |  /proj/ie/proj/CMAS/CMASOps2026/CMAQ_CMAS_6/intelmpi_intel_4.6.2_2024_longleaf/CCTM/scripts/lonlat.csv
             gc_matrix_nml  |  /proj/ie/proj/CMAS/CMASOps2026/CMAQ_CMAS_6/intelmpi_intel_4.6.2_2024_longleaf/CCTM/scripts/BLD_CCTM_v6_intel/GC_cracmm3.nml
             ae_matrix_nml  |  /proj/ie/proj/CMAS/CMASOps2026/CMAQ_CMAS_6/intelmpi_intel_4.6.2_2024_longleaf/CCTM/scripts/BLD_CCTM_v6_intel/AE_cracmm3.nml
             nr_matrix_nml  |  /proj/ie/proj/CMAS/CMASOps2026/CMAQ_CMAS_6/intelmpi_intel_4.6.2_2024_longleaf/CCTM/scripts/BLD_CCTM_v6_intel/NR_cracmm3.nml
             tr_matrix_nml  |  /proj/ie/proj/CMAS/CMASOps2026/CMAQ_CMAS_6/intelmpi_intel_4.6.2_2024_longleaf/CCTM/scripts/BLD_CCTM_v6_intel/Species_Table_TR_0.nml

     |> Chemistry and Photolysis:
     +=============================
        ---Env Variable---  |  ---Value---
      --------------------------------------------------------------------------------
                      MECH  |  cracmm3
              CTM_PHOTDIAG  |           F
            AEROSOL_OPTICS  |           3

      --ATOL settings are in ppmV.--

             GEAR_MAX_ATOL  |   0.100E-06 (default)
             GEAR_MIN_ATOL  |   0.100E-08 (default)
           GEAR_CONC_FLOOR  |   0.100E-11 (default)
                 GEAR_RTOL  |   0.100E-02 (default)
                   RB_RTOL  |   0.100E-02 (default)
                   RB_ATOL  |   0.100E-06 (default)
                  CTM_PVO3  |           F

     |> Aerosols:
     +=============
        ---Env Variable---  |  ---Value---
      --------------------------------------------------------------------------------
                   AERO_MT  |  HYB
            AERO_DYN_TSTEP  |          90
             BC_AERO_M2WET  |           F
             BC_AERO_M2USE  |           T
              STM_SO4TRACK  |           F

     |> Cloud Processes:
     +====================
        ---Env Variable---  |  ---Value---
      --------------------------------------------------------------------------------
                  CLD_DIAG  |           F

     |> Air-Surface Exchange Processes:
     +===================================
        ---Env Variable---  |  ---Value---
      --------------------------------------------------------------------------------
                PX_VERSION  |           T
                CTM_ABFLUX  |           T
                CTM_MOSAIC  |           F
              CTM_SFC_HONO  |           T
               CLM_VERSION  |           F
              NOAH_VERSION  |           F
             CTM_DEPV_FILE  |           F
                CTM_HGBIDI  |           F
         CTM_BIDI_FERT_NH3  |           T
             CTM_USE_STAGE  |           T
           CTM_WBDUST_BELD  |  UNKNOWN (default)
             STAGECTRL_NML  |  /proj/ie/proj/CMAS/CMASOps2026/CMAQ_CMAS_6/intelmpi_intel_4.6.2_2024_longleaf/CCTM/scripts/BLD_CCTM_v6_intel/CMAQ_Control_STAGE.nml
             CTM_STAGE_P22  |           F
             CTM_STAGE_E20  |           T
             CTM_STAGE_S22  |           F

     |> Transport Processes:
     +========================
        ---Env Variable---  |  ---Value---
      --------------------------------------------------------------------------------
           VDIFF_DIAG_FILE  |           F
            SIGMA_SYNC_TOP  |   0.700E+00
              ADV_HDIV_LIM  |   0.900E+00 (default)
               CTM_ADV_CFL  |   0.950E+00
                     KZMIN  |           T
                KZU_CUSTOM  |   0.100E+01 (default)
                  CTM_WVEL  |           T
             CTM_GRAV_SETL  |           T

     |> Emissions Parameters:
     +=========================
        ---Env Variable---  |  ---Value---
      --------------------------------------------------------------------------------
           ACONC_BLEV_ELEV  |   1 1
            CONC_BLEV_ELEV  |   1 1
           IOAPI_LOG_WRITE  |           F
                   VERTEXT  |           F
        VERTEXT_COORD_PATH  |  /proj/ie/proj/CMAS/CMASOps2026/CMAQ_CMAS_6/intelmpi_intel_4.6.2_2024_longleaf/CCTM/scripts/lonlat.csv
             gc_matrix_nml  |  /proj/ie/proj/CMAS/CMASOps2026/CMAQ_CMAS_6/intelmpi_intel_4.6.2_2024_longleaf/CCTM/scripts/BLD_CCTM_v6_intel/GC_cracmm3.nml
             ae_matrix_nml  |  /proj/ie/proj/CMAS/CMASOps2026/CMAQ_CMAS_6/intelmpi_intel_4.6.2_2024_longleaf/CCTM/scripts/BLD_CCTM_v6_intel/AE_cracmm3.nml
             nr_matrix_nml  |  /proj/ie/proj/CMAS/CMASOps2026/CMAQ_CMAS_6/intelmpi_intel_4.6.2_2024_longleaf/CCTM/scripts/BLD_CCTM_v6_intel/NR_cracmm3.nml
             tr_matrix_nml  |  /proj/ie/proj/CMAS/CMASOps2026/CMAQ_CMAS_6/intelmpi_intel_4.6.2_2024_longleaf/CCTM/scripts/BLD_CCTM_v6_intel/Species_Table_TR_0.nml

     |> Chemistry and Photolysis:
     +=============================
        ---Env Variable---  |  ---Value---
      --------------------------------------------------------------------------------
                      MECH  |  cracmm3
              CTM_PHOTDIAG  |           F
            AEROSOL_OPTICS  |           3

      --ATOL settings are in ppmV.--

             GEAR_MAX_ATOL  |   0.100E-06 (default)
             GEAR_MIN_ATOL  |   0.100E-08 (default)
           GEAR_CONC_FLOOR  |   0.100E-11 (default)
                 GEAR_RTOL  |   0.100E-02 (default)
                   RB_RTOL  |   0.100E-02 (default)
                   RB_ATOL  |   0.100E-06 (default)
                  CTM_PVO3  |           F

     |> Aerosols:
     +=============
        ---Env Variable---  |  ---Value---
      --------------------------------------------------------------------------------
                   AERO_MT  |  HYB
            AERO_DYN_TSTEP  |          90
             BC_AERO_M2WET  |           F
             BC_AERO_M2USE  |           T
              STM_SO4TRACK  |           F

     |> Cloud Processes:
     +====================
        ---Env Variable---  |  ---Value---
      --------------------------------------------------------------------------------
                  CLD_DIAG  |           F

     |> Air-Surface Exchange Processes:
     +===================================
        ---Env Variable---  |  ---Value---
      --------------------------------------------------------------------------------
                PX_VERSION  |           T
                CTM_ABFLUX  |           T
                CTM_MOSAIC  |           F
              CTM_SFC_HONO  |           T
               CLM_VERSION  |           F
              NOAH_VERSION  |           F
             CTM_DEPV_FILE  |           F
                CTM_HGBIDI  |           F
         CTM_BIDI_FERT_NH3  |           T
             CTM_USE_STAGE  |           T
           CTM_WBDUST_BELD  |  UNKNOWN (default)
             STAGECTRL_NML  |  /proj/ie/proj/CMAS/CMASOps2026/CMAQ_CMAS_6/intelmpi_intel_4.6.2_2024_longleaf/CCTM/scripts/BLD_CCTM_v6_intel/CMAQ_Control_STAGE.nml
             CTM_STAGE_P22  |           F
                 CONC_SPCS  |  O3 NO ANO3I ANO3J NO2 NH3 ANH4I ANH4J ASO4I ASO4J
           ACONC_BLEV_ELEV  |   1 1
            CONC_BLEV_ELEV  |   1 1
           IOAPI_LOG_WRITE  |           F
                   VERTEXT  |           F
        VERTEXT_COORD_PATH  |  /proj/ie/proj/CMAS/CMASOps2026/CMAQ_CMAS_6/intelmpi_intel_4.6.2_2024_longleaf/CCTM/scripts/lonlat.csv
             gc_matrix_nml  |  /proj/ie/proj/CMAS/CMASOps2026/CMAQ_CMAS_6/intelmpi_intel_4.6.2_2024_longleaf/CCTM/scripts/BLD_CCTM_v6_intel/GC_cracmm3.nml
             ae_matrix_nml  |  /proj/ie/proj/CMAS/CMASOps2026/CMAQ_CMAS_6/intelmpi_intel_4.6.2_2024_longleaf/CCTM/scripts/BLD_CCTM_v6_intel/AE_cracmm3.nml
             nr_matrix_nml  |  /proj/ie/proj/CMAS/CMASOps2026/CMAQ_CMAS_6/intelmpi_intel_4.6.2_2024_longleaf/CCTM/scripts/BLD_CCTM_v6_intel/NR_cracmm3.nml
             tr_matrix_nml  |  /proj/ie/proj/CMAS/CMASOps2026/CMAQ_CMAS_6/intelmpi_intel_4.6.2_2024_longleaf/CCTM/scripts/BLD_CCTM_v6_intel/Species_Table_TR_0.nml

     |> Chemistry and Photolysis:
     +=============================
        ---Env Variable---  |  ---Value---
      --------------------------------------------------------------------------------
                      MECH  |  cracmm3
              CTM_PHOTDIAG  |           F
            AEROSOL_OPTICS  |           3

      --ATOL settings are in ppmV.--

             GEAR_MAX_ATOL  |   0.100E-06 (default)
             GEAR_MIN_ATOL  |   0.100E-08 (default)
           GEAR_CONC_FLOOR  |   0.100E-11 (default)
                 GEAR_RTOL  |   0.100E-02 (default)
                   RB_RTOL  |   0.100E-02 (default)
                   RB_ATOL  |   0.100E-06 (default)
                  CTM_PVO3  |           F

     |> Aerosols:
     +=============
        ---Env Variable---  |  ---Value---
      --------------------------------------------------------------------------------
                   AERO_MT  |  HYB
            AERO_DYN_TSTEP  |          90
             BC_AERO_M2WET  |           F
             BC_AERO_M2USE  |           T
              STM_SO4TRACK  |           F

     |> Cloud Processes:
     +====================
        ---Env Variable---  |  ---Value---
      --------------------------------------------------------------------------------
                  CLD_DIAG  |           F

     |> Air-Surface Exchange Processes:
     +===================================
        ---Env Variable---  |  ---Value---
      --------------------------------------------------------------------------------
                PX_VERSION  |           T
                CTM_ABFLUX  |           T
                CTM_MOSAIC  |           F
              CTM_SFC_HONO  |           T
               CLM_VERSION  |           F
              NOAH_VERSION  |           F
             CTM_DEPV_FILE  |           F
                CTM_HGBIDI  |           F
           CTM_WBDUST_BELD  |  UNKNOWN (default)
             STAGECTRL_NML  |  /proj/ie/proj/CMAS/CMASOps2026/CMAQ_CMAS_6/intelmpi_intel_4.6.2_2024_longleaf/CCTM/scripts/BLD_CCTM_v6_intel/CMAQ_Control_STAGE.nml
             CTM_STAGE_P22  |           F
             CTM_STAGE_E20  |           T
             CTM_STAGE_S22  |           F

     |> Transport Processes:
     +========================
        ---Env Variable---  |  ---Value---
      --------------------------------------------------------------------------------
           VDIFF_DIAG_FILE  |           F
            SIGMA_SYNC_TOP  |   0.700E+00
              ADV_HDIV_LIM  |   0.900E+00 (default)
               CTM_ADV_CFL  |   0.950E+00
                     KZMIN  |           T
                KZU_CUSTOM  |   0.100E+01 (default)
                  CTM_WVEL  |           T
             CTM_GRAV_SETL  |           T

     |> Emissions Parameters:
     +=========================
        ---Env Variable---  |  ---Value---
      --------------------------------------------------------------------------------
             CMAQ_CTRL_NML  |  /proj/ie/proj/CMAS/CMASOps2026/CMAQ_CMAS_6/intelmpi_intel_4.6.2_2024_longleaf/CCTM/scripts/BLD_CCTM_v6_intel/CMAQ_Control.nml
          CMAQ_CH_CTRL_NML  |  /proj/ie/proj/CMAS/CMASOps2026/CMAQ_CMAS_6/intelmpi_intel_4.6.2_2024_longleaf/CCTM/scripts/BLD_CCTM_v6_intel/CMAQ_Chem_Control_cracmm3.nml
                 N_EMIS_GR  |           2
                 N_EMIS_TR  |           0 (default)
               CTM_EMISCHK  |           F
           CTM_BIOGEMIS_BE  |           T
           CTM_BIOGEMIS_MG  |           F
             USE_MEGAN_LAI  |           F (default)
              MGN_ONLN_DEP  |           F (default)
               BDSNP_MEGAN  |           F
                USE_SEGA_N  |           F
             USE_SEGA_N_EF  |           F
                 BIOG_SPRO  |  DEFAULT (default)
                B3GTS_DIAG  |           F
              CTM_MGEMDIAG  |           F (default)
            CTM_OCEAN_CHEM  |           T
               CTM_WB_DUST  |           T
             CTM_BROWN_VEG  |           T
           CTM_DUSTEM_DIAG  |           F
              CTM_SSEMDIAG  |           F
              CTM_MET_EMIS  |           F (default)
         CTM_MET_EMIS_DIAG  |           F (default)
          CTM_MET_EMIS_HUM  |           F (default)
            CTM_LNO_ONLINE  |           T
             LTNG_ASSIM_DT  |           0 (default)
             USE_LTNG_DATA  |           T
                  LTNGDIAG  |           F
                   MOLSNCG  |   0.350E+03 (default)
                   MOLSNIC  |   0.350E+03 (default)
                LNO_OPTION  |           1
                 N_EMIS_PT  |          11
                    IPVERT  |           0 (default)
             EMIS_SYM_DATE  |           F (default)

     |> Process Analysis Parameters:
     +================================
        ---Env Variable---  |  ---Value---
      --------------------------------------------------------------------------------
                CTM_PROCAN  |           F
                CTM_BUDGET  |  /work/users/l/i/lizadams/CMAQv6.0_2022_12SE1_Benchmark_2day//output_CCTM_v6_intel_Bench_2022_12SE1/CCTM_BUDGET_v6_intel_Bench_2022_12SE1_20220701.txt -v

     |> Cloud Processes:
     +====================
        ---Env Variable---  |  ---Value---
      --------------------------------------------------------------------------------
                  CLD_DIAG  |           F

     |> Air-Surface Exchange Processes:
     +===================================
        ---Env Variable---  |  ---Value---
      --------------------------------------------------------------------------------
                PX_VERSION  |           T
                CTM_ABFLUX  |           T
                CTM_MOSAIC  |           F
              CTM_SFC_HONO  |           T
               CLM_VERSION  |           F
              NOAH_VERSION  |           F
             CTM_DEPV_FILE  |           F
                CTM_HGBIDI  |           F
         CTM_BIDI_FERT_NH3  |           T
             CTM_USE_STAGE  |           T
           CTM_WBDUST_BELD  |  UNKNOWN (default)
             STAGECTRL_NML  |  /proj/ie/proj/CMAS/CMASOps2026/CMAQ_CMAS_6/intelmpi_intel_4.6.2_2024_longleaf/CCTM/scripts/BLD_CCTM_v6_intel/CMAQ_Control_STAGE.nml
             CTM_STAGE_P22  |           F
             CTM_STAGE_E20  |           T
             CTM_STAGE_S22  |           F

     |> Transport Processes:
     +========================
        ---Env Variable---  |  ---Value---
      --------------------------------------------------------------------------------
           VDIFF_DIAG_FILE  |           F
            SIGMA_SYNC_TOP  |   0.700E+00
              ADV_HDIV_LIM  |   0.900E+00 (default)
               CTM_ADV_CFL  |   0.950E+00
                     KZMIN  |           T
                KZU_CUSTOM  |   0.100E+01 (default)
                  CTM_WVEL  |           T
             CTM_GRAV_SETL  |           T

     |> Emissions Parameters:
     +=========================
        ---Env Variable---  |  ---Value---
      --------------------------------------------------------------------------------
             CMAQ_CTRL_NML  |  /proj/ie/proj/CMAS/CMASOps2026/CMAQ_CMAS_6/intelmpi_intel_4.6.2_2024_longleaf/CCTM/scripts/BLD_CCTM_v6_intel/CMAQ_Control.nml
          CMAQ_CH_CTRL_NML  |  /proj/ie/proj/CMAS/CMASOps2026/CMAQ_CMAS_6/intelmpi_intel_4.6.2_2024_longleaf/CCTM/scripts/BLD_CCTM_v6_intel/CMAQ_Chem_Control_cracmm3.nml
                 N_EMIS_GR  |           2
                 N_EMIS_TR  |           0 (default)
               CTM_EMISCHK  |           F
           CTM_BIOGEMIS_BE  |           T
           CTM_BIOGEMIS_MG  |           F
             USE_MEGAN_LAI  |           F (default)
              MGN_ONLN_DEP  |           F (default)
               BDSNP_MEGAN  |           F
                USE_SEGA_N  |           F
             USE_SEGA_N_EF  |           F
                 BIOG_SPRO  |  DEFAULT (default)
                B3GTS_DIAG  |           F
              CTM_MGEMDIAG  |           F (default)
            CTM_OCEAN_CHEM  |           T
               CTM_WB_DUST  |           T
             CTM_BROWN_VEG  |           T
           CTM_DUSTEM_DIAG  |           F
              CTM_SSEMDIAG  |           F
              CTM_MET_EMIS  |           F (default)
         CTM_MET_EMIS_DIAG  |           F (default)
          CTM_MET_EMIS_HUM  |           F (default)
            CTM_LNO_ONLINE  |           T
             LTNG_ASSIM_DT  |           0 (default)
             USE_LTNG_DATA  |           T
                  LTNGDIAG  |           F
                   MOLSNCG  |   0.350E+03 (default)
                   MOLSNIC  |   0.350E+03 (default)
                LNO_OPTION  |           1
                   AERO_MT  |  HYB
            AERO_DYN_TSTEP  |          90
             BC_AERO_M2WET  |           F
             BC_AERO_M2USE  |           T
              STM_SO4TRACK  |           F

     |> Cloud Processes:
     +====================
        ---Env Variable---  |  ---Value---
      --------------------------------------------------------------------------------
                  CLD_DIAG  |           F

     |> Air-Surface Exchange Processes:
     +===================================
        ---Env Variable---  |  ---Value---
      --------------------------------------------------------------------------------
                PX_VERSION  |           T
                CTM_ABFLUX  |           T
                CTM_MOSAIC  |           F
              CTM_SFC_HONO  |           T
               CLM_VERSION  |           F
              NOAH_VERSION  |           F
             CTM_DEPV_FILE  |           F
                CTM_HGBIDI  |           F
         CTM_BIDI_FERT_NH3  |           T
             CTM_USE_STAGE  |           T
           CTM_WBDUST_BELD  |  UNKNOWN (default)
             STAGECTRL_NML  |  /proj/ie/proj/CMAS/CMASOps2026/CMAQ_CMAS_6/intelmpi_intel_4.6.2_2024_longleaf/CCTM/scripts/BLD_CCTM_v6_intel/CMAQ_Control_STAGE.nml
             CTM_STAGE_P22  |           F
             CTM_STAGE_E20  |           T
             CTM_STAGE_S22  |           F

     |> Transport Processes:
     +========================
        ---Env Variable---  |  ---Value---
      --------------------------------------------------------------------------------
           VDIFF_DIAG_FILE  |           F
            SIGMA_SYNC_TOP  |   0.700E+00
              ADV_HDIV_LIM  |   0.900E+00 (default)
               CTM_ADV_CFL  |   0.950E+00
                     KZMIN  |           T
                KZU_CUSTOM  |   0.100E+01 (default)
                  CTM_WVEL  |           T
             CTM_GRAV_SETL  |           T

     |> Emissions Parameters:
     +=========================
        ---Env Variable---  |  ---Value---
      --------------------------------------------------------------------------------
             CMAQ_CTRL_NML  |  /proj/ie/proj/CMAS/CMASOps2026/CMAQ_CMAS_6/intelmpi_intel_4.6.2_2024_longleaf/CCTM/scripts/BLD_CCTM_v6_intel/CMAQ_Control.nml
          CMAQ_CH_CTRL_NML  |  /proj/ie/proj/CMAS/CMASOps2026/CMAQ_CMAS_6/intelmpi_intel_4.6.2_2024_longleaf/CCTM/scripts/BLD_CCTM_v6_intel/CMAQ_Chem_Control_cracmm3.nml
                 N_EMIS_GR  |           2
                 N_EMIS_TR  |           0 (default)
               CTM_EMISCHK  |           F
           CTM_BIOGEMIS_BE  |           T
           CTM_BIOGEMIS_MG  |           F
             USE_MEGAN_LAI  |           F (default)
              MGN_ONLN_DEP  |           F (default)
               BDSNP_MEGAN  |           F
                USE_SEGA_N  |           F
             USE_SEGA_N_EF  |           F
                 BIOG_SPRO  |  DEFAULT (default)
                B3GTS_DIAG  |           F
              CTM_MGEMDIAG  |           F (default)
            CTM_OCEAN_CHEM  |           T
               CTM_WB_DUST  |           T
             CTM_BROWN_VEG  |           T
           CTM_DUSTEM_DIAG  |           F
              CTM_SSEMDIAG  |           F
              CTM_MET_EMIS  |           F (default)
         CTM_MET_EMIS_DIAG  |           F (default)
          CTM_MET_EMIS_HUM  |           F (default)
            CTM_LNO_ONLINE  |           T
             LTNG_ASSIM_DT  |           0 (default)
             USE_LTNG_DATA  |           T
                  LTNGDIAG  |           F
                   MOLSNCG  |   0.350E+03 (default)
                   MOLSNIC  |   0.350E+03 (default)
                LNO_OPTION  |           1
                 N_EMIS_PT  |          11
                    IPVERT  |           0 (default)
             EMIS_SYM_DATE  |           F (default)

     |> Process Analysis Parameters:
     +================================
        ---Env Variable---  |  ---Value---
             tr_matrix_nml  |  /proj/ie/proj/CMAS/CMASOps2026/CMAQ_CMAS_6/intelmpi_intel_4.6.2_2024_longleaf/CCTM/scripts/BLD_CCTM_v6_intel/Species_Table_TR_0.nml

     |> Chemistry and Photolysis:
     +=============================
        ---Env Variable---  |  ---Value---
      --------------------------------------------------------------------------------
                      MECH  |  cracmm3
              CTM_PHOTDIAG  |           F
            AEROSOL_OPTICS  |           3

      --ATOL settings are in ppmV.--

             GEAR_MAX_ATOL  |   0.100E-06 (default)
             GEAR_MIN_ATOL  |   0.100E-08 (default)
           GEAR_CONC_FLOOR  |   0.100E-11 (default)
                 GEAR_RTOL  |   0.100E-02 (default)
                   RB_RTOL  |   0.100E-02 (default)
                   RB_ATOL  |   0.100E-06 (default)
                  CTM_PVO3  |           F

     |> Aerosols:
     +=============
        ---Env Variable---  |  ---Value---
      --------------------------------------------------------------------------------
                   AERO_MT  |  HYB
            AERO_DYN_TSTEP  |          90
             BC_AERO_M2WET  |           F
             BC_AERO_M2USE  |           T
              STM_SO4TRACK  |           F

     |> Cloud Processes:
     +====================
        ---Env Variable---  |  ---Value---
      --------------------------------------------------------------------------------
                  CLD_DIAG  |           F

     |> Air-Surface Exchange Processes:
     +===================================
        ---Env Variable---  |  ---Value---
      --------------------------------------------------------------------------------
                PX_VERSION  |           T
                CTM_ABFLUX  |           T
                CTM_MOSAIC  |           F
              CTM_SFC_HONO  |           T
               CLM_VERSION  |           F
              NOAH_VERSION  |           F
             CTM_DEPV_FILE  |           F
                CTM_HGBIDI  |           F
         CTM_BIDI_FERT_NH3  |           T
             CTM_USE_STAGE  |           T
           CTM_WBDUST_BELD  |  UNKNOWN (default)
             STAGECTRL_NML  |  /proj/ie/proj/CMAS/CMASOps2026/CMAQ_CMAS_6/intelmpi_intel_4.6.2_2024_longleaf/CCTM/scripts/BLD_CCTM_v6_intel/CMAQ_Control_STAGE.nml
             CTM_STAGE_P22  |           F
             CTM_STAGE_E20  |           T
             CTM_STAGE_S22  |           F

     |> Transport Processes:
     +========================
        ---Env Variable---  |  ---Value---
      --------------------------------------------------------------------------------
           VDIFF_DIAG_FILE  |           F
            SIGMA_SYNC_TOP  |   0.700E+00
              ADV_HDIV_LIM  |   0.900E+00 (default)
               CTM_ADV_CFL  |   0.950E+00
                     KZMIN  |           T
                KZU_CUSTOM  |   0.100E+01 (default)
                  CTM_WVEL  |           T
             CTM_GRAV_SETL  |           T

     |> Emissions Parameters:
     +=========================
        ---Env Variable---  |  ---Value---
      --------------------------------------------------------------------------------
             CMAQ_CTRL_NML  |  /proj/ie/proj/CMAS/CMASOps2026/CMAQ_CMAS_6/intelmpi_intel_4.6.2_2024_longleaf/CCTM/scripts/BLD_CCTM_v6_intel/CMAQ_Control.nml
          CMAQ_CH_CTRL_NML  |  /proj/ie/proj/CMAS/CMASOps2026/CMAQ_CMAS_6/intelmpi_intel_4.6.2_2024_longleaf/CCTM/scripts/BLD_CCTM_v6_intel/CMAQ_Chem_Control_cracmm3.nml
                 N_EMIS_GR  |           2
                 N_EMIS_TR  |           0 (default)
               CTM_EMISCHK  |           F
           CTM_BIOGEMIS_BE  |           T
           CTM_BIOGEMIS_MG  |           F
             USE_MEGAN_LAI  |           F (default)
              MGN_ONLN_DEP  |           F (default)
               BDSNP_MEGAN  |           F
                USE_SEGA_N  |           F
             USE_SEGA_N_EF  |           F
                 BIOG_SPRO  |  DEFAULT (default)
                B3GTS_DIAG  |           F
         CTM_BIDI_FERT_NH3  |           T
             CTM_USE_STAGE  |           T
           CTM_WBDUST_BELD  |  UNKNOWN (default)
             STAGECTRL_NML  |  /proj/ie/proj/CMAS/CMASOps2026/CMAQ_CMAS_6/intelmpi_intel_4.6.2_2024_longleaf/CCTM/scripts/BLD_CCTM_v6_intel/CMAQ_Control_STAGE.nml
             CTM_STAGE_P22  |           F
             CTM_STAGE_E20  |           T
             CTM_STAGE_S22  |           F

     |> Transport Processes:
     +========================
        ---Env Variable---  |  ---Value---
      --------------------------------------------------------------------------------
           VDIFF_DIAG_FILE  |           F
            SIGMA_SYNC_TOP  |   0.700E+00
              ADV_HDIV_LIM  |   0.900E+00 (default)
               CTM_ADV_CFL  |   0.950E+00
                     KZMIN  |           T
                KZU_CUSTOM  |   0.100E+01 (default)
                  CTM_WVEL  |           T
             CTM_GRAV_SETL  |           T

     |> Emissions Parameters:
     +=========================
        ---Env Variable---  |  ---Value---
      --------------------------------------------------------------------------------
             CMAQ_CTRL_NML  |  /proj/ie/proj/CMAS/CMASOps2026/CMAQ_CMAS_6/intelmpi_intel_4.6.2_2024_longleaf/CCTM/scripts/BLD_CCTM_v6_intel/CMAQ_Control.nml
          CMAQ_CH_CTRL_NML  |  /proj/ie/proj/CMAS/CMASOps2026/CMAQ_CMAS_6/intelmpi_intel_4.6.2_2024_longleaf/CCTM/scripts/BLD_CCTM_v6_intel/CMAQ_Chem_Control_cracmm3.nml
                 N_EMIS_GR  |           2
                 N_EMIS_TR  |           0 (default)
               CTM_EMISCHK  |           F
           CTM_BIOGEMIS_BE  |           T
           CTM_BIOGEMIS_MG  |           F
             USE_MEGAN_LAI  |           F (default)
              MGN_ONLN_DEP  |           F (default)
               BDSNP_MEGAN  |           F
                USE_SEGA_N  |           F
             USE_SEGA_N_EF  |           F
                 BIOG_SPRO  |  DEFAULT (default)
                B3GTS_DIAG  |           F
              CTM_MGEMDIAG  |           F (default)
            CTM_OCEAN_CHEM  |           T
               CTM_WB_DUST  |           T
             CTM_BROWN_VEG  |           T
           CTM_DUSTEM_DIAG  |           F
              CTM_SSEMDIAG  |           F
              CTM_MET_EMIS  |           F (default)
         CTM_MET_EMIS_DIAG  |           F (default)
          CTM_MET_EMIS_HUM  |           F (default)
            CTM_LNO_ONLINE  |           T
             LTNG_ASSIM_DT  |           0 (default)
             USE_LTNG_DATA  |           T
                  LTNGDIAG  |           F
                   MOLSNCG  |   0.350E+03 (default)
                   MOLSNIC  |   0.350E+03 (default)
                LNO_OPTION  |           1
                 N_EMIS_PT  |          11
                    IPVERT  |           0 (default)
             EMIS_SYM_DATE  |           F (default)

     |> Process Analysis Parameters:
     +================================
        ---Env Variable---  |  ---Value---
      --------------------------------------------------------------------------------
                CTM_PROCAN  |           F
                CTM_BUDGET  |  /work/users/l/i/lizadams/CMAQv6.0_2022_12SE1_Benchmark_2day//output_CCTM_v6_intel_Bench_2022_12SE1/CCTM_BUDGET_v6_intel_Bench_2022_12SE1_20220701.txt -v
         CTM_BIDI_FERT_NH3  |           T
             CTM_USE_STAGE  |           T
           CTM_WBDUST_BELD  |  UNKNOWN (default)
             STAGECTRL_NML  |  /proj/ie/proj/CMAS/CMASOps2026/CMAQ_CMAS_6/intelmpi_intel_4.6.2_2024_longleaf/CCTM/scripts/BLD_CCTM_v6_intel/CMAQ_Control_STAGE.nml
             CTM_STAGE_P22  |           F
             CTM_STAGE_E20  |           T
             CTM_STAGE_S22  |           F

     |> Transport Processes:
     +========================
        ---Env Variable---  |  ---Value---
      --------------------------------------------------------------------------------
           VDIFF_DIAG_FILE  |           F
            SIGMA_SYNC_TOP  |   0.700E+00
              ADV_HDIV_LIM  |   0.900E+00 (default)
               CTM_ADV_CFL  |   0.950E+00
                     KZMIN  |           T
                KZU_CUSTOM  |   0.100E+01 (default)
                  CTM_WVEL  |           T
             CTM_GRAV_SETL  |           T

     |> Emissions Parameters:
     +=========================
        ---Env Variable---  |  ---Value---
      --------------------------------------------------------------------------------
             CMAQ_CTRL_NML  |  /proj/ie/proj/CMAS/CMASOps2026/CMAQ_CMAS_6/intelmpi_intel_4.6.2_2024_longleaf/CCTM/scripts/BLD_CCTM_v6_intel/CMAQ_Control.nml
          CMAQ_CH_CTRL_NML  |  /proj/ie/proj/CMAS/CMASOps2026/CMAQ_CMAS_6/intelmpi_intel_4.6.2_2024_longleaf/CCTM/scripts/BLD_CCTM_v6_intel/CMAQ_Chem_Control_cracmm3.nml
                 N_EMIS_GR  |           2
                 N_EMIS_TR  |           0 (default)
               CTM_EMISCHK  |           F
           CTM_BIOGEMIS_BE  |           T
           CTM_BIOGEMIS_MG  |           F
             USE_MEGAN_LAI  |           F (default)
              MGN_ONLN_DEP  |           F (default)
               BDSNP_MEGAN  |           F
                USE_SEGA_N  |           F
             USE_SEGA_N_EF  |           F
                 BIOG_SPRO  |  DEFAULT (default)
                B3GTS_DIAG  |           F
              CTM_MGEMDIAG  |           F (default)
            CTM_OCEAN_CHEM  |           T
               CTM_WB_DUST  |           T
             CTM_BROWN_VEG  |           T
           CTM_DUSTEM_DIAG  |           F
              CTM_SSEMDIAG  |           F
              CTM_MET_EMIS  |           F (default)
         CTM_MET_EMIS_DIAG  |           F (default)
          CTM_MET_EMIS_HUM  |           F (default)
            CTM_LNO_ONLINE  |           T
             LTNG_ASSIM_DT  |           0 (default)
             USE_LTNG_DATA  |           T
                  LTNGDIAG  |           F
                   MOLSNCG  |   0.350E+03 (default)
                   MOLSNIC  |   0.350E+03 (default)
                LNO_OPTION  |           1
                 N_EMIS_PT  |          11
                    IPVERT  |           0 (default)
             EMIS_SYM_DATE  |           F (default)

     |> Process Analysis Parameters:
     +================================
        ---Env Variable---  |  ---Value---
      --------------------------------------------------------------------------------
                CTM_PROCAN  |           F
                CTM_BUDGET  |  /work/users/l/i/lizadams/CMAQv6.0_2022_12SE1_Benchmark_2day//output_CCTM_v6_intel_Bench_2022_12SE1/CCTM_BUDGET_v6_intel_Bench_2022_12SE1_20220701.txt -v
           ACONC_BLEV_ELEV  |   1 1
            CONC_BLEV_ELEV  |   1 1
           IOAPI_LOG_WRITE  |           F
                   VERTEXT  |           F
        VERTEXT_COORD_PATH  |  /proj/ie/proj/CMAS/CMASOps2026/CMAQ_CMAS_6/intelmpi_intel_4.6.2_2024_longleaf/CCTM/scripts/lonlat.csv
             gc_matrix_nml  |  /proj/ie/proj/CMAS/CMASOps2026/CMAQ_CMAS_6/intelmpi_intel_4.6.2_2024_longleaf/CCTM/scripts/BLD_CCTM_v6_intel/GC_cracmm3.nml
             ae_matrix_nml  |  /proj/ie/proj/CMAS/CMASOps2026/CMAQ_CMAS_6/intelmpi_intel_4.6.2_2024_longleaf/CCTM/scripts/BLD_CCTM_v6_intel/AE_cracmm3.nml
             nr_matrix_nml  |  /proj/ie/proj/CMAS/CMASOps2026/CMAQ_CMAS_6/intelmpi_intel_4.6.2_2024_longleaf/CCTM/scripts/BLD_CCTM_v6_intel/NR_cracmm3.nml
             tr_matrix_nml  |  /proj/ie/proj/CMAS/CMASOps2026/CMAQ_CMAS_6/intelmpi_intel_4.6.2_2024_longleaf/CCTM/scripts/BLD_CCTM_v6_intel/Species_Table_TR_0.nml

     |> Chemistry and Photolysis:
     +=============================
        ---Env Variable---  |  ---Value---
      --------------------------------------------------------------------------------
                      MECH  |  cracmm3
              CTM_PHOTDIAG  |           F
            AEROSOL_OPTICS  |           3

      --ATOL settings are in ppmV.--

             GEAR_MAX_ATOL  |   0.100E-06 (default)
             GEAR_MIN_ATOL  |   0.100E-08 (default)
           GEAR_CONC_FLOOR  |   0.100E-11 (default)
                 GEAR_RTOL  |   0.100E-02 (default)
                   RB_RTOL  |   0.100E-02 (default)
                   RB_ATOL  |   0.100E-06 (default)
                  CTM_PVO3  |           F

     |> Aerosols:
     +=============
        ---Env Variable---  |  ---Value---
      --------------------------------------------------------------------------------
                   AERO_MT  |  HYB
            AERO_DYN_TSTEP  |          90
             BC_AERO_M2WET  |           F
             BC_AERO_M2USE  |           T
              STM_SO4TRACK  |           F

     |> Cloud Processes:
     +====================
        ---Env Variable---  |  ---Value---
      --------------------------------------------------------------------------------
                  CLD_DIAG  |           F

     |> Air-Surface Exchange Processes:
     +===================================
        ---Env Variable---  |  ---Value---
      --------------------------------------------------------------------------------
                PX_VERSION  |           T
                CTM_ABFLUX  |           T
                CTM_MOSAIC  |           F
              CTM_SFC_HONO  |           T
               CLM_VERSION  |           F
              NOAH_VERSION  |           F
             CTM_DEPV_FILE  |           F
                CTM_HGBIDI  |           F
         CTM_BIDI_FERT_NH3  |           T
             CTM_USE_STAGE  |           T
           CTM_WBDUST_BELD  |  UNKNOWN (default)
             STAGECTRL_NML  |  /proj/ie/proj/CMAS/CMASOps2026/CMAQ_CMAS_6/intelmpi_intel_4.6.2_2024_longleaf/CCTM/scripts/BLD_CCTM_v6_intel/CMAQ_Control_STAGE.nml
             CTM_STAGE_P22  |           F
             CTM_STAGE_E20  |           T
             CTM_STAGE_S22  |           F

     |> Transport Processes:
     +========================
        ---Env Variable---  |  ---Value---
      --------------------------------------------------------------------------------
           VDIFF_DIAG_FILE  |           F
            SIGMA_SYNC_TOP  |   0.700E+00
              ADV_HDIV_LIM  |   0.900E+00 (default)
               CTM_ADV_CFL  |   0.950E+00
                     KZMIN  |           T
                KZU_CUSTOM  |   0.100E+01 (default)
                  CTM_WVEL  |           T
             CTM_GRAV_SETL  |           T

     |> Emissions Parameters:
     +=========================
        ---Env Variable---  |  ---Value---
      --------------------------------------------------------------------------------
             CMAQ_CTRL_NML  |  /proj/ie/proj/CMAS/CMASOps2026/CMAQ_CMAS_6/intelmpi_intel_4.6.2_2024_longleaf/CCTM/scripts/BLD_CCTM_v6_intel/CMAQ_Control.nml
          CMAQ_CH_CTRL_NML  |  /proj/ie/proj/CMAS/CMASOps2026/CMAQ_CMAS_6/intelmpi_intel_4.6.2_2024_longleaf/CCTM/scripts/BLD_CCTM_v6_intel/CMAQ_Chem_Control_cracmm3.nml
                 N_EMIS_GR  |           2
                 N_EMIS_TR  |           0 (default)
               CTM_EMISCHK  |           F
           CTM_BIOGEMIS_BE  |           T
           CTM_BIOGEMIS_MG  |           F
             USE_MEGAN_LAI  |           F (default)
              MGN_ONLN_DEP  |           F (default)
               BDSNP_MEGAN  |           F
                USE_SEGA_N  |           F
             USE_SEGA_N_EF  |           F
                 BIOG_SPRO  |  DEFAULT (default)
                B3GTS_DIAG  |           F
              CTM_MGEMDIAG  |           F (default)
            CTM_OCEAN_CHEM  |           T
               CTM_WB_DUST  |           T
             CTM_BROWN_VEG  |           T
           CTM_DUSTEM_DIAG  |           F
              CTM_SSEMDIAG  |           F
              CTM_MET_EMIS  |           F (default)
         CTM_MET_EMIS_DIAG  |           F (default)
          CTM_MET_EMIS_HUM  |           F (default)
            CTM_LNO_ONLINE  |           T
             LTNG_ASSIM_DT  |           0 (default)
             USE_LTNG_DATA  |           T
                  LTNGDIAG  |           F
                   MOLSNCG  |   0.350E+03 (default)
                   MOLSNIC  |   0.350E+03 (default)
                LNO_OPTION  |           1
                 N_EMIS_PT  |          11
                    IPVERT  |           0 (default)
             EMIS_SYM_DATE  |           F (default)

     |> Process Analysis Parameters:
     +================================
        ---Env Variable---  |  ---Value---
      --------------------------------------------------------------------------------
                CTM_PROCAN  |           F
                CTM_BUDGET  |  /work/users/l/i/lizadams/CMAQv6.0_2022_12SE1_Benchmark_2day//output_CCTM_v6_intel_Bench_2022_12SE1/CCTM_BUDGET_v6_intel_Bench_2022_12SE1_20220701.txt -v
             CTM_STAGE_E20  |           T
             CTM_STAGE_S22  |           F

     |> Transport Processes:
     +========================
        ---Env Variable---  |  ---Value---
      --------------------------------------------------------------------------------
           VDIFF_DIAG_FILE  |           F
            SIGMA_SYNC_TOP  |   0.700E+00
              ADV_HDIV_LIM  |   0.900E+00 (default)
               CTM_ADV_CFL  |   0.950E+00
                     KZMIN  |           T
                KZU_CUSTOM  |   0.100E+01 (default)
                  CTM_WVEL  |           T
             CTM_GRAV_SETL  |           T

     |> Emissions Parameters:
     +=========================
        ---Env Variable---  |  ---Value---
      --------------------------------------------------------------------------------
             CMAQ_CTRL_NML  |  /proj/ie/proj/CMAS/CMASOps2026/CMAQ_CMAS_6/intelmpi_intel_4.6.2_2024_longleaf/CCTM/scripts/BLD_CCTM_v6_intel/CMAQ_Control.nml
          CMAQ_CH_CTRL_NML  |  /proj/ie/proj/CMAS/CMASOps2026/CMAQ_CMAS_6/intelmpi_intel_4.6.2_2024_longleaf/CCTM/scripts/BLD_CCTM_v6_intel/CMAQ_Chem_Control_cracmm3.nml
                 N_EMIS_GR  |           2
                 N_EMIS_TR  |           0 (default)
               CTM_EMISCHK  |           F
           CTM_BIOGEMIS_BE  |           T
           CTM_BIOGEMIS_MG  |           F
             USE_MEGAN_LAI  |           F (default)
              MGN_ONLN_DEP  |           F (default)
               BDSNP_MEGAN  |           F
                USE_SEGA_N  |           F
             USE_SEGA_N_EF  |           F
                 BIOG_SPRO  |  DEFAULT (default)
                B3GTS_DIAG  |           F
              CTM_MGEMDIAG  |           F (default)
            CTM_OCEAN_CHEM  |           T
               CTM_WB_DUST  |           T
             CTM_BROWN_VEG  |           T
           CTM_DUSTEM_DIAG  |           F
              CTM_SSEMDIAG  |           F
              CTM_MET_EMIS  |           F (default)
         CTM_MET_EMIS_DIAG  |           F (default)
          CTM_MET_EMIS_HUM  |           F (default)
            CTM_LNO_ONLINE  |           T
             LTNG_ASSIM_DT  |           0 (default)
             USE_LTNG_DATA  |           T
                  LTNGDIAG  |           F
                   MOLSNCG  |   0.350E+03 (default)
                   MOLSNIC  |   0.350E+03 (default)
                LNO_OPTION  |           1
                 N_EMIS_PT  |          11
                    IPVERT  |           0 (default)
             EMIS_SYM_DATE  |           F (default)

     |> Process Analysis Parameters:
     +================================
        ---Env Variable---  |  ---Value---
      --------------------------------------------------------------------------------
                CTM_PROCAN  |           F
                CTM_BUDGET  |  /work/users/l/i/lizadams/CMAQv6.0_2022_12SE1_Benchmark_2day//output_CCTM_v6_intel_Bench_2022_12SE1/CCTM_BUDGET_v6_intel_Bench_2022_12SE1_20220701.txt -v
         CTM_BIDI_FERT_NH3  |           T
             CTM_USE_STAGE  |           T
           CTM_WBDUST_BELD  |  UNKNOWN (default)
             STAGECTRL_NML  |  /proj/ie/proj/CMAS/CMASOps2026/CMAQ_CMAS_6/intelmpi_intel_4.6.2_2024_longleaf/CCTM/scripts/BLD_CCTM_v6_intel/CMAQ_Control_STAGE.nml
             CTM_STAGE_P22  |           F
             CTM_STAGE_E20  |           T
             CTM_STAGE_S22  |           F

     |> Transport Processes:
     +========================
        ---Env Variable---  |  ---Value---
      --------------------------------------------------------------------------------
           VDIFF_DIAG_FILE  |           F
            SIGMA_SYNC_TOP  |   0.700E+00
              ADV_HDIV_LIM  |   0.900E+00 (default)
               CTM_ADV_CFL  |   0.950E+00
                     KZMIN  |           T
                KZU_CUSTOM  |   0.100E+01 (default)
                  CTM_WVEL  |           T
             CTM_GRAV_SETL  |           T

     |> Emissions Parameters:
     +=========================
        ---Env Variable---  |  ---Value---
      --------------------------------------------------------------------------------
             CMAQ_CTRL_NML  |  /proj/ie/proj/CMAS/CMASOps2026/CMAQ_CMAS_6/intelmpi_intel_4.6.2_2024_longleaf/CCTM/scripts/BLD_CCTM_v6_intel/CMAQ_Control.nml
          CMAQ_CH_CTRL_NML  |  /proj/ie/proj/CMAS/CMASOps2026/CMAQ_CMAS_6/intelmpi_intel_4.6.2_2024_longleaf/CCTM/scripts/BLD_CCTM_v6_intel/CMAQ_Chem_Control_cracmm3.nml
                 N_EMIS_GR  |           2
                 N_EMIS_TR  |           0 (default)
               CTM_EMISCHK  |           F
           CTM_BIOGEMIS_BE  |           T
           CTM_BIOGEMIS_MG  |           F
             USE_MEGAN_LAI  |           F (default)
              MGN_ONLN_DEP  |           F (default)
               BDSNP_MEGAN  |           F
                USE_SEGA_N  |           F
             USE_SEGA_N_EF  |           F
                 BIOG_SPRO  |  DEFAULT (default)
                B3GTS_DIAG  |           F
              CTM_MGEMDIAG  |           F (default)
            CTM_OCEAN_CHEM  |           T
               CTM_WB_DUST  |           T
             CTM_BROWN_VEG  |           T
           CTM_DUSTEM_DIAG  |           F
              CTM_SSEMDIAG  |           F
              CTM_MET_EMIS  |           F (default)
         CTM_MET_EMIS_DIAG  |           F (default)
          CTM_MET_EMIS_HUM  |           F (default)
            CTM_LNO_ONLINE  |           T
             LTNG_ASSIM_DT  |           0 (default)
             USE_LTNG_DATA  |           T
                  LTNGDIAG  |           F
                   MOLSNCG  |   0.350E+03 (default)
                   MOLSNIC  |   0.350E+03 (default)
                LNO_OPTION  |           1
                 N_EMIS_PT  |          11
                    IPVERT  |           0 (default)
             EMIS_SYM_DATE  |           F (default)

     |> Process Analysis Parameters:
     +================================
        ---Env Variable---  |  ---Value---
      --------------------------------------------------------------------------------
                CTM_PROCAN  |           F
                CTM_BUDGET  |  /work/users/l/i/lizadams/CMAQv6.0_2022_12SE1_Benchmark_2day//output_CCTM_v6_intel_Bench_2022_12SE1/CCTM_BUDGET_v6_intel_Bench_2022_12SE1_20220701.txt -v
                 N_EMIS_PT  |          11
                    IPVERT  |           0 (default)
             EMIS_SYM_DATE  |           F (default)

     |> Process Analysis Parameters:
     +================================
        ---Env Variable---  |  ---Value---
      --------------------------------------------------------------------------------
                CTM_PROCAN  |           F
                CTM_BUDGET  |  /work/users/l/i/lizadams/CMAQv6.0_2022_12SE1_Benchmark_2day//output_CCTM_v6_intel_Bench_2022_12SE1/CCTM_BUDGET_v6_intel_Bench_2022_12SE1_20220701.txt -v
      --------------------------------------------------------------------------------
                CTM_PROCAN  |           F
                CTM_BUDGET  |  /work/users/l/i/lizadams/CMAQv6.0_2022_12SE1_Benchmark_2day//output_CCTM_v6_intel_Bench_2022_12SE1/CCTM_BUDGET_v6_intel_Bench_2022_12SE1_20220701.txt -v
              CTM_MGEMDIAG  |           F (default)
            CTM_OCEAN_CHEM  |           T
               CTM_WB_DUST  |           T
             CTM_BROWN_VEG  |           T
           CTM_DUSTEM_DIAG  |           F
              CTM_SSEMDIAG  |           F
              CTM_MET_EMIS  |           F (default)
         CTM_MET_EMIS_DIAG  |           F (default)
          CTM_MET_EMIS_HUM  |           F (default)
            CTM_LNO_ONLINE  |           T
             LTNG_ASSIM_DT  |           0 (default)
             USE_LTNG_DATA  |           T
                  LTNGDIAG  |           F
                   MOLSNCG  |   0.350E+03 (default)
                   MOLSNIC  |   0.350E+03 (default)
                LNO_OPTION  |           1
                 N_EMIS_PT  |          11
                    IPVERT  |           0 (default)
             EMIS_SYM_DATE  |           F (default)

     |> Process Analysis Parameters:
     +================================
        ---Env Variable---  |  ---Value---
      --------------------------------------------------------------------------------
                CTM_PROCAN  |           F
                CTM_BUDGET  |  /work/users/l/i/lizadams/CMAQv6.0_2022_12SE1_Benchmark_2day//output_CCTM_v6_intel_Bench_2022_12SE1/CCTM_BUDGET_v6_intel_Bench_2022_12SE1_20220701.txt -v
             CMAQ_CTRL_NML  |  /proj/ie/proj/CMAS/CMASOps2026/CMAQ_CMAS_6/intelmpi_intel_4.6.2_2024_longleaf/CCTM/scripts/BLD_CCTM_v6_intel/CMAQ_Control.nml
          CMAQ_CH_CTRL_NML  |  /proj/ie/proj/CMAS/CMASOps2026/CMAQ_CMAS_6/intelmpi_intel_4.6.2_2024_longleaf/CCTM/scripts/BLD_CCTM_v6_intel/CMAQ_Chem_Control_cracmm3.nml
                 N_EMIS_GR  |           2
                 N_EMIS_TR  |           0 (default)
               CTM_EMISCHK  |           F
           CTM_BIOGEMIS_BE  |           T
           CTM_BIOGEMIS_MG  |           F
             USE_MEGAN_LAI  |           F (default)
              MGN_ONLN_DEP  |           F (default)
               BDSNP_MEGAN  |           F
                USE_SEGA_N  |           F
             USE_SEGA_N_EF  |           F
                 BIOG_SPRO  |  DEFAULT (default)
                B3GTS_DIAG  |           F
              CTM_MGEMDIAG  |           F (default)
            CTM_OCEAN_CHEM  |           T
               CTM_WB_DUST  |           T
             CTM_BROWN_VEG  |           T
           CTM_DUSTEM_DIAG  |           F
              CTM_SSEMDIAG  |           F
              CTM_MET_EMIS  |           F (default)
         CTM_MET_EMIS_DIAG  |           F (default)
          CTM_MET_EMIS_HUM  |           F (default)
            CTM_LNO_ONLINE  |           T
             LTNG_ASSIM_DT  |           0 (default)
             USE_LTNG_DATA  |           T
                  LTNGDIAG  |           F
                   MOLSNCG  |   0.350E+03 (default)
                   MOLSNIC  |   0.350E+03 (default)
                LNO_OPTION  |           1
                 N_EMIS_PT  |          11
                    IPVERT  |           0 (default)
             EMIS_SYM_DATE  |           F (default)

     |> Process Analysis Parameters:
     +================================
        ---Env Variable---  |  ---Value---
      --------------------------------------------------------------------------------
                CTM_PROCAN  |           F
                CTM_BUDGET  |  /work/users/l/i/lizadams/CMAQv6.0_2022_12SE1_Benchmark_2day//output_CCTM_v6_intel_Bench_2022_12SE1/CCTM_BUDGET_v6_intel_Bench_2022_12SE1_20220701.txt -v
                 MET_TSTEP  |       10000 (default)

     MET data determined based on WRF ARW version 4.4.2

                 MET_TSTEP  |       10000 (default)

     MET data determined based on WRF ARW version 4.4.2

                 MET_TSTEP  |       10000 (default)

     MET data determined based on WRF ARW version 4.4.2

                 MET_TSTEP  |       10000 (default)

     MET data determined based on WRF ARW version 4.4.2

                 MET_TSTEP  |       10000 (default)

     MET data determined based on WRF ARW version 4.4.2

                 MET_TSTEP  |       10000 (default)

     MET data determined based on WRF ARW version 4.4.2

                 MET_TSTEP  |       10000 (default)

     MET data determined based on WRF ARW version 4.4.2

                 MET_TSTEP  |       10000 (default)

     MET data determined based on WRF ARW version 4.4.2

                 MET_TSTEP  |       10000 (default)

     MET data determined based on WRF ARW version 4.4.2

                 MET_TSTEP  |       10000 (default)

     MET data determined based on WRF ARW version 4.4.2

                 MET_TSTEP  |       10000 (default)

     MET data determined based on WRF ARW version 4.4.2

                 MET_TSTEP  |       10000 (default)

     MET data determined based on WRF ARW version 4.4.2

                 MET_TSTEP  |       10000 (default)

     MET data determined based on WRF ARW version 4.4.2

srun: error: t0601: tasks 0,2,15: Exited with exit code 2
 
          -=-  MPP Processor-to-Subdomain Map  -=-
                 Number of Processors =   1
    ____________________________________________________
    |                                                  |
    |  PE    #Cols    Col_Range     #Rows    Row_Range |
    |__________________________________________________|
    |                                                  |
    |  0      100      1: 100         80      1:  80   |
    |__________________________________________________|
 
 
          -=-  MPP Processor-to-Subdomain Map  -=-
                 Number of Processors =   1
    ____________________________________________________
    |                                                  |
    |  PE    #Cols    Col_Range     #Rows    Row_Range |
    |__________________________________________________|
    |                                                  |
    |  0      100      1: 100         80      1:  80   |
    |__________________________________________________|
 
 
          -=-  MPP Processor-to-Subdomain Map  -=-
                 Number of Processors =   1
    ____________________________________________________
    |                                                  |
    |  PE    #Cols    Col_Range     #Rows    Row_Range |
    |__________________________________________________|
    |                                                  |
    |  0      100      1: 100         80      1:  80   |
    |__________________________________________________|
 
 
          -=-  MPP Processor-to-Subdomain Map  -=-
                 Number of Processors =   1
    ____________________________________________________
    |                                                  |
    |  PE    #Cols    Col_Range     #Rows    Row_Range |
    |__________________________________________________|
    |                                                  |
    |  0      100      1: 100         80      1:  80   |
    |__________________________________________________|
 
 
          -=-  MPP Processor-to-Subdomain Map  -=-
                 Number of Processors =   1
    ____________________________________________________
    |                                                  |
    |  PE    #Cols    Col_Range     #Rows    Row_Range |
    |__________________________________________________|
    |                                                  |
    |  0      100      1: 100         80      1:  80   |
    |__________________________________________________|
 
 
          -=-  MPP Processor-to-Subdomain Map  -=-
                 Number of Processors =   1
    ____________________________________________________
    |                                                  |
    |  PE    #Cols    Col_Range     #Rows    Row_Range |
    |__________________________________________________|
    |                                                  |
 
          -=-  MPP Processor-to-Subdomain Map  -=-
                 Number of Processors =   1
    ____________________________________________________
    |                                                  |
    |  PE    #Cols    Col_Range     #Rows    Row_Range |
    |__________________________________________________|
    |                                                  |
    |  0      100      1: 100         80      1:  80   |
    |__________________________________________________|
 
 
          -=-  MPP Processor-to-Subdomain Map  -=-
                 Number of Processors =   1
    ____________________________________________________
    |                                                  |
    |  PE    #Cols    Col_Range     #Rows    Row_Range |
    |__________________________________________________|
    |  0      100      1: 100         80      1:  80   |
    |__________________________________________________|
 
    |                                                  |
    |  0      100      1: 100         80      1:  80   |
    |__________________________________________________|
 
 
          -=-  MPP Processor-to-Subdomain Map  -=-
                 Number of Processors =   1
    ____________________________________________________
    |                                                  |
    |  PE    #Cols    Col_Range     #Rows    Row_Range |
    |__________________________________________________|
    |                                                  |
    |  0      100      1: 100         80      1:  80   |
    |__________________________________________________|
 
 
          -=-  MPP Processor-to-Subdomain Map  -=-
                 Number of Processors =   1
    ____________________________________________________
    |                                                  |
 
          -=-  MPP Processor-to-Subdomain Map  -=-
                 Number of Processors =   1
    ____________________________________________________
    |                                                  |
    |  PE    #Cols    Col_Range     #Rows    Row_Range |
    |__________________________________________________|
    |                                                  |
    |  0      100      1: 100         80      1:  80   |
    |__________________________________________________|
 
 
          -=-  MPP Processor-to-Subdomain Map  -=-
                 Number of Processors =   1
    ____________________________________________________
    |                                                  |
    |  PE    #Cols    Col_Range     #Rows    Row_Range |
    |__________________________________________________|
    |                                                  |
    |  0      100      1: 100         80      1:  80   |
    |__________________________________________________|
 
    |  PE    #Cols    Col_Range     #Rows    Row_Range |
    |__________________________________________________|
    |                                                  |
    |  0      100      1: 100         80      1:  80   |
    |__________________________________________________|
 
 
          -=-  MPP Processor-to-Subdomain Map  -=-
                 Number of Processors =   1
    ____________________________________________________
    |                                                  |
    |  PE    #Cols    Col_Range     #Rows    Row_Range |
    |__________________________________________________|
    |                                                  |
    |  0      100      1: 100         80      1:  80   |
    |__________________________________________________|
 
 
 
     ================================
     |>---   TIME INTEGRATION   ---<|
     ================================
 
 
     ================================
     |>---   TIME INTEGRATION   ---<|
     ================================


     *** ERROR ABORT in subroutine STAGE_OPDDEP on PE 000    
     Could not create CTM_DRY_DEP_1    file
Abort(1) on node 0 (rank 0 in comm 0): application called MPI_Abort(MPI_COMM_WORLD, 1) - process 0
srun: error: t0601: task 9: Exited with exit code 1
 
 
     ================================
     |>---   TIME INTEGRATION   ---<|
     ================================
 
 
     ================================
     |>---   TIME INTEGRATION   ---<|
     ================================
 
 
     ================================
     |>---   TIME INTEGRATION   ---<|
     ================================
 
 
     ================================
     |>---   TIME INTEGRATION   ---<|
     ================================
 
 
     ================================
     |>---   TIME INTEGRATION   ---<|
     ================================



     *** ERROR ABORT in subroutine OPASX_MEDIA on PE 000     
     Could not create MEDIA_CONC file

     *** ERROR ABORT in subroutine OPASX_MEDIA on PE 000     
     Could not create MEDIA_CONC file
Abort(1) on node 0 (rank 0 in comm 0): application called MPI_Abort(MPI_COMM_WORLD, 1) - process 0
Abort(1) on node 0 (rank 0 in comm 0): application called MPI_Abort(MPI_COMM_WORLD, 1) - process 0


     *** ERROR ABORT in subroutine OPASX_MEDIA on PE 000     
     Could not create MEDIA_CONC file
Abort(1) on node 0 (rank 0 in comm 0): application called MPI_Abort(MPI_COMM_WORLD, 1) - process 0


     *** ERROR ABORT in subroutine OPASX_MEDIA on PE 000     
     Could not create MEDIA_CONC file


     *** ERROR ABORT in subroutine OPASX_MEDIA on PE 000     
     Could not create MEDIA_CONC file
Abort(1) on node 0 (rank 0 in comm 0): application called MPI_Abort(MPI_COMM_WORLD, 1) - process 0
Abort(1) on node 0 (rank 0 in comm 0): application called MPI_Abort(MPI_COMM_WORLD, 1) - process 0
 
 
     ================================
     |>---   TIME INTEGRATION   ---<|
     ================================
 
 
     ================================
     |>---   TIME INTEGRATION   ---<|
     ================================
 
 
     ================================
     |>---   TIME INTEGRATION   ---<|
     ================================
 
 
     ================================
     |>---   TIME INTEGRATION   ---<|
     ================================
 
 
     ================================
     |>---   TIME INTEGRATION   ---<|
     ================================
 
 
     ================================
     |>---   TIME INTEGRATION   ---<|
     ================================


     *** ERROR ABORT in subroutine OPASX_MEDIA on PE 000     
     Could not create MEDIA_CONC file
Abort(1) on node 0 (rank 0 in comm 0): application called MPI_Abort(MPI_COMM_WORLD, 1) - process 0


     *** ERROR ABORT in subroutine OPASX_MEDIA on PE 000     
     Could not create MEDIA_CONC file
Abort(1) on node 0 (rank 0 in comm 0): application called MPI_Abort(MPI_COMM_WORLD, 1) - process 0


     *** ERROR ABORT in subroutine OPASX_MEDIA on PE 000     
     Could not create MEDIA_CONC file


     *** ERROR ABORT in subroutine OPASX_MEDIA on PE 000     
     Could not create MEDIA_CONC file


     *** ERROR ABORT in subroutine OPASX_MEDIA on PE 000     
     Could not create MEDIA_CONC file
Abort(1) on node 0 (rank 0 in comm 0): application called MPI_Abort(MPI_COMM_WORLD, 1) - process 0
Abort(1) on node 0 (rank 0 in comm 0): application called MPI_Abort(MPI_COMM_WORLD, 1) - process 0
Abort(1) on node 0 (rank 0 in comm 0): application called MPI_Abort(MPI_COMM_WORLD, 1) - process 0


     *** ERROR ABORT in subroutine OPASX_MEDIA on PE 000     
     Could not create MEDIA_CONC file
Abort(1) on node 0 (rank 0 in comm 0): application called MPI_Abort(MPI_COMM_WORLD, 1) - process 0
srun: error: t0601: tasks 1,3-8,11-14: Exited with exit code 1
 
     Processing Day/Time [YYYYDDD:HHMMSS]: 2022182:000000
       Which is Equivalent to (UTC): 0:00:00  Friday,  July 1, 2022
       Time-Step Length (HHMMSS): 000500
                 VDIFF completed...      24.7552 seconds
                COUPLE completed...       0.2581 seconds
                  HADV completed...       4.2831 seconds
                  ZADV completed...       1.9010 seconds
                 HDIFF completed...       0.5052 seconds
              DECOUPLE completed...       0.3217 seconds
                  PHOT completed...       8.1140 seconds
               CLDPROC completed...       1.1503 seconds
                  CHEM completed...      29.1224 seconds
                  AERO completed...      19.2278 seconds
            Master Time Step
            Processing completed...      89.6393 seconds
 
     Processing Day/Time [YYYYDDD:HHMMSS]: 2022182:000500
       Which is Equivalent to (UTC): 0:05:00  Friday,  July 1, 2022
       Time-Step Length (HHMMSS): 000500
                 VDIFF completed...      18.3540 seconds
                COUPLE completed...       0.2719 seconds
                  HADV completed...       4.3940 seconds
                  ZADV completed...       1.9808 seconds
                 HDIFF completed...       0.5090 seconds
              DECOUPLE completed...       0.3327 seconds
                  PHOT completed...       4.2238 seconds
               CLDPROC completed...       1.0902 seconds
                  CHEM completed...      27.9425 seconds
                  AERO completed...      19.4423 seconds
            Master Time Step
            Processing completed...      78.5416 seconds
 
     Processing Day/Time [YYYYDDD:HHMMSS]: 2022182:001000
       Which is Equivalent to (UTC): 0:10:00  Friday,  July 1, 2022
       Time-Step Length (HHMMSS): 000500
                 VDIFF completed...      17.2718 seconds
                COUPLE completed...       0.2621 seconds
                  HADV completed...       4.2982 seconds
                  ZADV completed...       1.9390 seconds
                 HDIFF completed...       0.4956 seconds
              DECOUPLE completed...       0.3298 seconds
                  PHOT completed...       3.9683 seconds
               CLDPROC completed...       1.1474 seconds
                  CHEM completed...      27.1925 seconds
                  AERO completed...      19.0746 seconds
            Master Time Step
            Processing completed...      75.9795 seconds
 
     Processing Day/Time [YYYYDDD:HHMMSS]: 2022182:001500
       Which is Equivalent to (UTC): 0:15:00  Friday,  July 1, 2022
       Time-Step Length (HHMMSS): 000500
                 VDIFF completed...      16.5830 seconds
                COUPLE completed...       0.2561 seconds
                  HADV completed...       4.3019 seconds
                  ZADV completed...       1.9345 seconds
                 HDIFF completed...       0.5057 seconds
              DECOUPLE completed...       0.3435 seconds
                  PHOT completed...       3.4905 seconds
               CLDPROC completed...       1.1061 seconds
                  CHEM completed...      25.9710 seconds
                  AERO completed...      19.2956 seconds
            Master Time Step
            Processing completed...      73.7882 seconds
 
     Processing Day/Time [YYYYDDD:HHMMSS]: 2022182:002000
       Which is Equivalent to (UTC): 0:20:00  Friday,  July 1, 2022
       Time-Step Length (HHMMSS): 000500
                 VDIFF completed...      15.9831 seconds
                COUPLE completed...       0.2569 seconds
                  HADV completed...       4.2173 seconds
                  ZADV completed...       1.8948 seconds
                 HDIFF completed...       0.4865 seconds
              DECOUPLE completed...       0.3185 seconds
                  PHOT completed...       3.0151 seconds
               CLDPROC completed...       1.1069 seconds
                  CHEM completed...      24.5659 seconds
                  AERO completed...      19.1164 seconds
            Master Time Step
            Processing completed...      70.9617 seconds
 
     Processing Day/Time [YYYYDDD:HHMMSS]: 2022182:002500
       Which is Equivalent to (UTC): 0:25:00  Friday,  July 1, 2022
       Time-Step Length (HHMMSS): 000500
                 VDIFF completed...      16.6544 seconds
                COUPLE completed...       0.2559 seconds
                  HADV completed...       4.3034 seconds
                  ZADV completed...       1.9315 seconds
                 HDIFF completed...       0.4929 seconds
              DECOUPLE completed...       0.3467 seconds
                  PHOT completed...       2.6563 seconds
               CLDPROC completed...       1.1233 seconds
                  CHEM completed...      23.7799 seconds
                  AERO completed...      18.9982 seconds
            Master Time Step
            Processing completed...      70.5429 seconds
 
     Processing Day/Time [YYYYDDD:HHMMSS]: 2022182:003000
       Which is Equivalent to (UTC): 0:30:00  Friday,  July 1, 2022
       Time-Step Length (HHMMSS): 000500
                 VDIFF completed...      17.4266 seconds
                COUPLE completed...       0.2713 seconds
                  HADV completed...       4.3880 seconds
                  ZADV completed...       1.9184 seconds
                 HDIFF completed...       0.4931 seconds
              DECOUPLE completed...       0.3222 seconds
                  PHOT completed...       2.2498 seconds
               CLDPROC completed...       1.1017 seconds
                  CHEM completed...      22.1051 seconds
                  AERO completed...      19.0342 seconds
            Master Time Step
            Processing completed...      69.3108 seconds
 
     Processing Day/Time [YYYYDDD:HHMMSS]: 2022182:003500
       Which is Equivalent to (UTC): 0:35:00  Friday,  July 1, 2022
       Time-Step Length (HHMMSS): 000500
                 VDIFF completed...      16.5421 seconds
                COUPLE completed...       0.2661 seconds
                  HADV completed...       4.2566 seconds
                  ZADV completed...       1.9030 seconds
                 HDIFF completed...       0.4905 seconds
              DECOUPLE completed...       0.3268 seconds
                  PHOT completed...       1.8769 seconds
               CLDPROC completed...       1.1009 seconds
                  CHEM completed...      21.0373 seconds
                  AERO completed...      19.0183 seconds
            Master Time Step
            Processing completed...      66.8187 seconds
 
     Processing Day/Time [YYYYDDD:HHMMSS]: 2022182:004000
       Which is Equivalent to (UTC): 0:40:00  Friday,  July 1, 2022
       Time-Step Length (HHMMSS): 000500
                 VDIFF completed...      16.0448 seconds
                COUPLE completed...       0.2724 seconds
                  HADV completed...       4.2830 seconds
                  ZADV completed...       1.9007 seconds
                 HDIFF completed...       0.4905 seconds
              DECOUPLE completed...       0.3319 seconds
                  PHOT completed...       1.5719 seconds
               CLDPROC completed...       1.1228 seconds
                  CHEM completed...      19.7832 seconds
                  AERO completed...      18.8273 seconds
            Master Time Step
            Processing completed...      64.6288 seconds
 
     Processing Day/Time [YYYYDDD:HHMMSS]: 2022182:004500
       Which is Equivalent to (UTC): 0:45:00  Friday,  July 1, 2022
       Time-Step Length (HHMMSS): 000500
                 VDIFF completed...      15.4574 seconds
                COUPLE completed...       0.2546 seconds
                  HADV completed...       4.2027 seconds
                  ZADV completed...       1.8876 seconds
                 HDIFF completed...       0.4959 seconds
              DECOUPLE completed...       0.3468 seconds
                  PHOT completed...       1.3389 seconds
               CLDPROC completed...       1.0918 seconds
                  CHEM completed...      18.7679 seconds
                  AERO completed...      18.6080 seconds
            Master Time Step
            Processing completed...      62.4519 seconds
 
     Processing Day/Time [YYYYDDD:HHMMSS]: 2022182:005000
       Which is Equivalent to (UTC): 0:50:00  Friday,  July 1, 2022
       Time-Step Length (HHMMSS): 000500
                 VDIFF completed...      16.0434 seconds
                COUPLE completed...       0.3270 seconds
                  HADV completed...       4.3182 seconds
                  ZADV completed...       1.9211 seconds
                 HDIFF completed...       0.4941 seconds
              DECOUPLE completed...       0.3181 seconds
                  PHOT completed...       1.0143 seconds
               CLDPROC completed...       1.0778 seconds
                  CHEM completed...      18.0358 seconds
                  AERO completed...      18.0014 seconds
            Master Time Step
            Processing completed...      61.5516 seconds
 
     Processing Day/Time [YYYYDDD:HHMMSS]: 2022182:005500
       Which is Equivalent to (UTC): 0:55:00  Friday,  July 1, 2022
       Time-Step Length (HHMMSS): 000500
                 VDIFF completed...      14.9019 seconds
                COUPLE completed...       0.2603 seconds
                  HADV completed...       3.9313 seconds
                  ZADV completed...       1.8338 seconds
                 HDIFF completed...       0.4766 seconds
              DECOUPLE completed...       0.3156 seconds
                  PHOT completed...       0.7561 seconds
               CLDPROC completed...       1.1084 seconds
                  CHEM completed...      16.3946 seconds
                  AERO completed...      17.2646 seconds
            Master Time Step
            Processing completed...      57.2435 seconds
 
      =--> Data Output completed...       0.0900 seconds
 
     Processing Day/Time [YYYYDDD:HHMMSS]: 2022182:010000
       Which is Equivalent to (UTC): 1:00:00  Friday,  July 1, 2022
       Time-Step Length (HHMMSS): 000500
                 VDIFF completed...      16.8262 seconds
                COUPLE completed...       0.2584 seconds
                  HADV completed...       4.3743 seconds
                  ZADV completed...       1.8702 seconds
                 HDIFF completed...       0.4862 seconds
              DECOUPLE completed...       0.3247 seconds
                  PHOT completed...       0.5854 seconds
               CLDPROC completed...       1.0781 seconds
                  CHEM completed...      16.6811 seconds
                  AERO completed...      17.3784 seconds
            Master Time Step
            Processing completed...      59.8633 seconds
 
     Processing Day/Time [YYYYDDD:HHMMSS]: 2022182:010500
       Which is Equivalent to (UTC): 1:05:00  Friday,  July 1, 2022
       Time-Step Length (HHMMSS): 000500
                 VDIFF completed...      15.3237 seconds
                COUPLE completed...       0.2451 seconds
                  HADV completed...       4.0177 seconds
                  ZADV completed...       1.8388 seconds
                 HDIFF completed...       0.4566 seconds
              DECOUPLE completed...       0.3036 seconds
                  PHOT completed...       0.4282 seconds
               CLDPROC completed...       1.1127 seconds
                  CHEM completed...      16.6741 seconds
                  AERO completed...      18.1493 seconds
            Master Time Step
            Processing completed...      58.5501 seconds
 
     Processing Day/Time [YYYYDDD:HHMMSS]: 2022182:011000
       Which is Equivalent to (UTC): 1:10:00  Friday,  July 1, 2022
       Time-Step Length (HHMMSS): 000500
                 VDIFF completed...      15.5748 seconds
                COUPLE completed...       0.2589 seconds
                  HADV completed...       4.2101 seconds
                  ZADV completed...       1.9045 seconds
                 HDIFF completed...       0.4783 seconds
              DECOUPLE completed...       0.3219 seconds
                  PHOT completed...       0.4142 seconds
               CLDPROC completed...       1.0988 seconds
                  CHEM completed...      16.9517 seconds
                  AERO completed...      18.1929 seconds
            Master Time Step
            Processing completed...      59.4064 seconds
 
     Processing Day/Time [YYYYDDD:HHMMSS]: 2022182:011500
       Which is Equivalent to (UTC): 1:15:00  Friday,  July 1, 2022
       Time-Step Length (HHMMSS): 000500
                 VDIFF completed...      15.5508 seconds
                COUPLE completed...       0.2758 seconds
                  HADV completed...       4.1235 seconds
                  ZADV completed...       1.8870 seconds
                 HDIFF completed...       0.5134 seconds
              DECOUPLE completed...       0.3182 seconds
                  PHOT completed...       0.2602 seconds
               CLDPROC completed...       1.0895 seconds
                  CHEM completed...      16.8540 seconds
                  AERO completed...      17.9125 seconds
            Master Time Step
            Processing completed...      58.7852 seconds
 
     Processing Day/Time [YYYYDDD:HHMMSS]: 2022182:012000
       Which is Equivalent to (UTC): 1:20:00  Friday,  July 1, 2022
       Time-Step Length (HHMMSS): 000500
                 VDIFF completed...      15.1937 seconds
                COUPLE completed...       0.2549 seconds
                  HADV completed...       4.0437 seconds
                  ZADV completed...       1.8741 seconds
                 HDIFF completed...       0.5076 seconds
              DECOUPLE completed...       0.3398 seconds
                  PHOT completed...       0.2741 seconds
               CLDPROC completed...       1.0740 seconds
                  CHEM completed...      16.3810 seconds
                  AERO completed...      18.7476 seconds
            Master Time Step
            Processing completed...      58.6910 seconds
 
     Processing Day/Time [YYYYDDD:HHMMSS]: 2022182:012500
       Which is Equivalent to (UTC): 1:25:00  Friday,  July 1, 2022
       Time-Step Length (HHMMSS): 000500
                 VDIFF completed...      15.6065 seconds
                COUPLE completed...       0.2589 seconds
                  HADV completed...       4.1602 seconds
                  ZADV completed...       1.8787 seconds
                 HDIFF completed...       0.4860 seconds
              DECOUPLE completed...       0.3221 seconds
                  PHOT completed...       0.2648 seconds
               CLDPROC completed...       1.1125 seconds
                  CHEM completed...      16.5492 seconds
                  AERO completed...      18.4196 seconds
            Master Time Step
            Processing completed...      59.0588 seconds
 
     Processing Day/Time [YYYYDDD:HHMMSS]: 2022182:013000
       Which is Equivalent to (UTC): 1:30:00  Friday,  July 1, 2022
       Time-Step Length (HHMMSS): 000500
                 VDIFF completed...      15.7707 seconds
                COUPLE completed...       0.2658 seconds
                  HADV completed...       4.2847 seconds
                  ZADV completed...       1.8950 seconds
                 HDIFF completed...       0.4856 seconds
              DECOUPLE completed...       0.3200 seconds
                  PHOT completed...       0.2651 seconds
               CLDPROC completed...       1.1115 seconds
                  CHEM completed...      16.5506 seconds
                  AERO completed...      18.7506 seconds
            Master Time Step
            Processing completed...      59.6997 seconds
 
     Processing Day/Time [YYYYDDD:HHMMSS]: 2022182:013500
       Which is Equivalent to (UTC): 1:35:00  Friday,  July 1, 2022
       Time-Step Length (HHMMSS): 000500
                 VDIFF completed...      15.6484 seconds
                COUPLE completed...       0.2596 seconds
                  HADV completed...       4.2092 seconds
                  ZADV completed...       1.9457 seconds
                 HDIFF completed...       0.5065 seconds
              DECOUPLE completed...       0.3390 seconds
                  PHOT completed...       0.2673 seconds
               CLDPROC completed...       1.1075 seconds
                  CHEM completed...      16.9649 seconds
                  AERO completed...      19.0765 seconds
            Master Time Step
            Processing completed...      60.3247 seconds
 
     Processing Day/Time [YYYYDDD:HHMMSS]: 2022182:014000
       Which is Equivalent to (UTC): 1:40:00  Friday,  July 1, 2022
       Time-Step Length (HHMMSS): 000500
                 VDIFF completed...      15.8654 seconds
                COUPLE completed...       0.2650 seconds
                  HADV completed...       4.3214 seconds
                  ZADV completed...       1.9276 seconds
                 HDIFF completed...       0.5006 seconds
              DECOUPLE completed...       0.3321 seconds
                  PHOT completed...       0.2775 seconds
               CLDPROC completed...       1.1533 seconds
                  CHEM completed...      16.9319 seconds
                  AERO completed...      19.0735 seconds
            Master Time Step
            Processing completed...      60.6486 seconds
 
     Processing Day/Time [YYYYDDD:HHMMSS]: 2022182:014500
       Which is Equivalent to (UTC): 1:45:00  Friday,  July 1, 2022
       Time-Step Length (HHMMSS): 000500
                 VDIFF completed...      16.4498 seconds
                COUPLE completed...       0.2817 seconds
                  HADV completed...       4.3900 seconds
                  ZADV completed...       1.9319 seconds
                 HDIFF completed...       0.5077 seconds
              DECOUPLE completed...       0.3491 seconds
                  PHOT completed...       0.2839 seconds
               CLDPROC completed...       1.1241 seconds
                  CHEM completed...      16.1940 seconds
                  AERO completed...      18.3034 seconds
            Master Time Step
            Processing completed...      59.8161 seconds
 
     Processing Day/Time [YYYYDDD:HHMMSS]: 2022182:015000
       Which is Equivalent to (UTC): 1:50:00  Friday,  July 1, 2022
       Time-Step Length (HHMMSS): 000500
                 VDIFF completed...      15.9381 seconds
                COUPLE completed...       0.2608 seconds
                  HADV completed...       4.1570 seconds
                  ZADV completed...       1.9094 seconds
                 HDIFF completed...       0.4996 seconds
              DECOUPLE completed...       0.3280 seconds
                  PHOT completed...       0.2701 seconds
               CLDPROC completed...       1.1040 seconds
                  CHEM completed...      16.0551 seconds
                  AERO completed...      18.2303 seconds
            Master Time Step
            Processing completed...      58.7525 seconds
 
     Processing Day/Time [YYYYDDD:HHMMSS]: 2022182:015500
       Which is Equivalent to (UTC): 1:55:00  Friday,  July 1, 2022
       Time-Step Length (HHMMSS): 000500
                 VDIFF completed...      16.6598 seconds
                COUPLE completed...       0.3056 seconds
                  HADV completed...       4.3119 seconds
                  ZADV completed...       1.9755 seconds
                 HDIFF completed...       0.5249 seconds
              DECOUPLE completed...       0.3493 seconds
                  PHOT completed...       0.2795 seconds
               CLDPROC completed...       1.1909 seconds
                  CHEM completed...      16.8498 seconds
                  AERO completed...      19.1426 seconds
            Master Time Step
            Processing completed...      61.5902 seconds
 
      =--> Data Output completed...       0.0977 seconds
 
     Processing Day/Time [YYYYDDD:HHMMSS]: 2022182:020000
       Which is Equivalent to (UTC): 2:00:00  Friday,  July 1, 2022
       Time-Step Length (HHMMSS): 000500
                 VDIFF completed...      17.5302 seconds
                COUPLE completed...       0.2618 seconds
                  HADV completed...       4.1997 seconds
                  ZADV completed...       1.9390 seconds
                 HDIFF completed...       0.4893 seconds
              DECOUPLE completed...       0.3367 seconds
                  PHOT completed...       0.3091 seconds
               CLDPROC completed...       1.0673 seconds
                  CHEM completed...      16.6574 seconds
                  AERO completed...      19.0847 seconds
            Master Time Step
            Processing completed...      61.8754 seconds
 
     Processing Day/Time [YYYYDDD:HHMMSS]: 2022182:020500
       Which is Equivalent to (UTC): 2:05:00  Friday,  July 1, 2022
       Time-Step Length (HHMMSS): 000500
                 VDIFF completed...      16.2040 seconds
                COUPLE completed...       0.2577 seconds
                  HADV completed...       4.0892 seconds
                  ZADV completed...       1.9552 seconds
                 HDIFF completed...       0.4934 seconds
              DECOUPLE completed...       0.3339 seconds
                  PHOT completed...       0.2740 seconds
               CLDPROC completed...       1.1170 seconds
                  CHEM completed...      16.5320 seconds
                  AERO completed...      18.8637 seconds
            Master Time Step
            Processing completed...      60.1203 seconds
 
     Processing Day/Time [YYYYDDD:HHMMSS]: 2022182:021000
       Which is Equivalent to (UTC): 2:10:00  Friday,  July 1, 2022
       Time-Step Length (HHMMSS): 000500
                 VDIFF completed...      15.9478 seconds
                COUPLE completed...       0.2566 seconds
                  HADV completed...       4.1036 seconds
                  ZADV completed...       1.9394 seconds
                 HDIFF completed...       0.5121 seconds
              DECOUPLE completed...       0.3522 seconds
                  PHOT completed...       0.2790 seconds
               CLDPROC completed...       1.1412 seconds
                  CHEM completed...      16.6841 seconds
                  AERO completed...      19.1586 seconds
            Master Time Step
            Processing completed...      60.3748 seconds
 
     Processing Day/Time [YYYYDDD:HHMMSS]: 2022182:021500
       Which is Equivalent to (UTC): 2:15:00  Friday,  July 1, 2022
       Time-Step Length (HHMMSS): 000500
                 VDIFF completed...      16.4494 seconds
                COUPLE completed...       0.2677 seconds
                  HADV completed...       4.1365 seconds
                  ZADV completed...       1.9628 seconds
                 HDIFF completed...       0.5171 seconds
              DECOUPLE completed...       0.3430 seconds
                  PHOT completed...       0.2802 seconds
               CLDPROC completed...       1.1338 seconds
                  CHEM completed...      16.8731 seconds
                  AERO completed...      19.1477 seconds
            Master Time Step
            Processing completed...      61.1117 seconds
 
     Processing Day/Time [YYYYDDD:HHMMSS]: 2022182:022000
       Which is Equivalent to (UTC): 2:20:00  Friday,  July 1, 2022
       Time-Step Length (HHMMSS): 000500
                 VDIFF completed...      16.5701 seconds
                COUPLE completed...       0.2788 seconds
                  HADV completed...       4.1116 seconds
                  ZADV completed...       1.9680 seconds
                 HDIFF completed...       0.5093 seconds
              DECOUPLE completed...       0.3342 seconds
                  PHOT completed...       0.2722 seconds
               CLDPROC completed...       1.1435 seconds
                  CHEM completed...      16.6493 seconds
                  AERO completed...      19.1433 seconds
            Master Time Step
            Processing completed...      60.9805 seconds
 
     Processing Day/Time [YYYYDDD:HHMMSS]: 2022182:022500
       Which is Equivalent to (UTC): 2:25:00  Friday,  July 1, 2022
       Time-Step Length (HHMMSS): 000500
                 VDIFF completed...      15.9366 seconds
                COUPLE completed...       0.2789 seconds
                  HADV completed...       4.1323 seconds
                  ZADV completed...       1.9554 seconds
                 HDIFF completed...       0.5027 seconds
              DECOUPLE completed...       0.3317 seconds
                  PHOT completed...       0.2701 seconds
               CLDPROC completed...       1.1161 seconds
                  CHEM completed...      16.6574 seconds
                  AERO completed...      19.2787 seconds
            Master Time Step
            Processing completed...      60.4601 seconds
 
     Processing Day/Time [YYYYDDD:HHMMSS]: 2022182:023000
       Which is Equivalent to (UTC): 2:30:00  Friday,  July 1, 2022
       Time-Step Length (HHMMSS): 000500
                 VDIFF completed...      15.6984 seconds
                COUPLE completed...       0.2723 seconds
                  HADV completed...       4.1513 seconds
                  ZADV completed...       1.9611 seconds
                 HDIFF completed...       0.5032 seconds
              DECOUPLE completed...       0.3322 seconds
                  PHOT completed...       0.2763 seconds
               CLDPROC completed...       1.1499 seconds
                  CHEM completed...      16.6330 seconds
                  AERO completed...      19.1674 seconds
            Master Time Step
            Processing completed...      60.1453 seconds
 
     Processing Day/Time [YYYYDDD:HHMMSS]: 2022182:023500
       Which is Equivalent to (UTC): 2:35:00  Friday,  July 1, 2022
       Time-Step Length (HHMMSS): 000500
                 VDIFF completed...      15.2418 seconds
                COUPLE completed...       0.2650 seconds
                  HADV completed...       4.0296 seconds
                  ZADV completed...       1.9283 seconds
                 HDIFF completed...       0.4983 seconds
              DECOUPLE completed...       0.3293 seconds
                  PHOT completed...       0.2697 seconds
               CLDPROC completed...       1.1169 seconds
                  CHEM completed...      16.4687 seconds
                  AERO completed...      18.5692 seconds
            Master Time Step
            Processing completed...      58.7172 seconds
 
     Processing Day/Time [YYYYDDD:HHMMSS]: 2022182:024000
       Which is Equivalent to (UTC): 2:40:00  Friday,  July 1, 2022
       Time-Step Length (HHMMSS): 000500
                 VDIFF completed...      15.4419 seconds
                COUPLE completed...       0.2587 seconds
                  HADV completed...       4.0772 seconds
                  ZADV completed...       1.8908 seconds
                 HDIFF completed...       0.4960 seconds
              DECOUPLE completed...       0.3277 seconds
                  PHOT completed...       0.2669 seconds
               CLDPROC completed...       1.1152 seconds
                  CHEM completed...      16.2220 seconds
                  AERO completed...      18.6159 seconds
            Master Time Step
            Processing completed...      58.7125 seconds
 
     Processing Day/Time [YYYYDDD:HHMMSS]: 2022182:024500
       Which is Equivalent to (UTC): 2:45:00  Friday,  July 1, 2022
       Time-Step Length (HHMMSS): 000500
                 VDIFF completed...      16.3888 seconds
                COUPLE completed...       0.2617 seconds
                  HADV completed...       3.9812 seconds
                  ZADV completed...       1.8922 seconds
                 HDIFF completed...       0.4879 seconds
              DECOUPLE completed...       0.3183 seconds
                  PHOT completed...       0.2618 seconds
               CLDPROC completed...       1.1115 seconds
                  CHEM completed...      15.9705 seconds
                  AERO completed...      19.0473 seconds
            Master Time Step
            Processing completed...      59.7215 seconds
 
     Processing Day/Time [YYYYDDD:HHMMSS]: 2022182:025000
       Which is Equivalent to (UTC): 2:50:00  Friday,  July 1, 2022
       Time-Step Length (HHMMSS): 000500
                 VDIFF completed...      16.3111 seconds
                COUPLE completed...       0.2664 seconds
                  HADV completed...       4.1067 seconds
                  ZADV completed...       1.9316 seconds
                 HDIFF completed...       0.5051 seconds
              DECOUPLE completed...       0.3306 seconds
                  PHOT completed...       0.2721 seconds
               CLDPROC completed...       1.1402 seconds
                  CHEM completed...      16.5417 seconds
                  AERO completed...      18.9182 seconds
            Master Time Step
            Processing completed...      60.3238 seconds
 
     Processing Day/Time [YYYYDDD:HHMMSS]: 2022182:025500
       Which is Equivalent to (UTC): 2:55:00  Friday,  July 1, 2022
       Time-Step Length (HHMMSS): 000500
                 VDIFF completed...      16.3143 seconds
                COUPLE completed...       0.3027 seconds
                  HADV completed...       4.2049 seconds
                  ZADV completed...       1.9701 seconds
                 HDIFF completed...       0.5110 seconds
              DECOUPLE completed...       0.3431 seconds
                  PHOT completed...       0.2761 seconds
               CLDPROC completed...       1.1907 seconds
                  CHEM completed...      16.3978 seconds
                  AERO completed...      19.0325 seconds
            Master Time Step
            Processing completed...      60.5436 seconds
 
      =--> Data Output completed...       0.1030 seconds
 
     Processing Day/Time [YYYYDDD:HHMMSS]: 2022182:030000
       Which is Equivalent to (UTC): 3:00:00  Friday,  July 1, 2022
       Time-Step Length (HHMMSS): 000500
                 VDIFF completed...      17.3036 seconds
                COUPLE completed...       0.2582 seconds
                  HADV completed...       4.1278 seconds
                  ZADV completed...       1.9538 seconds
                 HDIFF completed...       0.5137 seconds
              DECOUPLE completed...       0.3401 seconds
                  PHOT completed...       0.3159 seconds
               CLDPROC completed...       1.1789 seconds
                  CHEM completed...      16.4798 seconds
                  AERO completed...      18.7759 seconds
            Master Time Step
            Processing completed...      61.2479 seconds
 
     Processing Day/Time [YYYYDDD:HHMMSS]: 2022182:030500
       Which is Equivalent to (UTC): 3:05:00  Friday,  July 1, 2022
       Time-Step Length (HHMMSS): 000500
                 VDIFF completed...      15.3397 seconds
                COUPLE completed...       0.2647 seconds
                  HADV completed...       3.8627 seconds
                  ZADV completed...       1.9073 seconds
                 HDIFF completed...       0.4908 seconds
              DECOUPLE completed...       0.3269 seconds
                  PHOT completed...       0.2683 seconds
               CLDPROC completed...       1.0975 seconds
                  CHEM completed...      15.9746 seconds
                  AERO completed...      18.7674 seconds
            Master Time Step
            Processing completed...      58.3001 seconds
 
     Processing Day/Time [YYYYDDD:HHMMSS]: 2022182:031000
       Which is Equivalent to (UTC): 3:10:00  Friday,  July 1, 2022
       Time-Step Length (HHMMSS): 000500
                 VDIFF completed...      15.6669 seconds
                COUPLE completed...       0.2681 seconds
                  HADV completed...       3.8924 seconds
                  ZADV completed...       1.9751 seconds
                 HDIFF completed...       0.5057 seconds
              DECOUPLE completed...       0.3439 seconds
                  PHOT completed...       0.2712 seconds
               CLDPROC completed...       1.1228 seconds
                  CHEM completed...      16.2493 seconds
                  AERO completed...      18.6034 seconds
            Master Time Step
            Processing completed...      58.8992 seconds
 
     Processing Day/Time [YYYYDDD:HHMMSS]: 2022182:031500
       Which is Equivalent to (UTC): 3:15:00  Friday,  July 1, 2022
       Time-Step Length (HHMMSS): 000500
                 VDIFF completed...      15.7140 seconds
                COUPLE completed...       0.2715 seconds
                  HADV completed...       3.9725 seconds
                  ZADV completed...       1.9666 seconds
                 HDIFF completed...       0.5046 seconds
              DECOUPLE completed...       0.3287 seconds
                  PHOT completed...       0.2676 seconds
               CLDPROC completed...       1.0819 seconds
                  CHEM completed...      16.1803 seconds
                  AERO completed...      18.3794 seconds
            Master Time Step
            Processing completed...      58.6674 seconds
 
     Processing Day/Time [YYYYDDD:HHMMSS]: 2022182:032000
       Which is Equivalent to (UTC): 3:20:00  Friday,  July 1, 2022
       Time-Step Length (HHMMSS): 000500
                 VDIFF completed...      15.1741 seconds
                COUPLE completed...       0.2846 seconds
                  HADV completed...       3.8675 seconds
                  ZADV completed...       1.8816 seconds
                 HDIFF completed...       0.4883 seconds
              DECOUPLE completed...       0.3211 seconds
                  PHOT completed...       0.2645 seconds
               CLDPROC completed...       1.0745 seconds
                  CHEM completed...      16.0546 seconds
                  AERO completed...      18.6370 seconds
            Master Time Step
            Processing completed...      58.0482 seconds
 
     Processing Day/Time [YYYYDDD:HHMMSS]: 2022182:032500
       Which is Equivalent to (UTC): 3:25:00  Friday,  July 1, 2022
       Time-Step Length (HHMMSS): 000500
                 VDIFF completed...      15.4006 seconds
                COUPLE completed...       0.2737 seconds
                  HADV completed...       3.9744 seconds
                  ZADV completed...       1.9316 seconds
                 HDIFF completed...       0.4902 seconds
              DECOUPLE completed...       0.3207 seconds
                  PHOT completed...       0.2622 seconds
               CLDPROC completed...       1.0930 seconds
                  CHEM completed...      16.0241 seconds
                  AERO completed...      18.7925 seconds
            Master Time Step
            Processing completed...      58.5632 seconds
 
     Processing Day/Time [YYYYDDD:HHMMSS]: 2022182:033000
       Which is Equivalent to (UTC): 3:30:00  Friday,  July 1, 2022
       Time-Step Length (HHMMSS): 000500
                 VDIFF completed...      15.6565 seconds
                COUPLE completed...       0.2595 seconds
                  HADV completed...       3.9600 seconds
                  ZADV completed...       1.9300 seconds
                 HDIFF completed...       0.4908 seconds
              DECOUPLE completed...       0.3190 seconds
                  PHOT completed...       0.2613 seconds
               CLDPROC completed...       1.1837 seconds
                  CHEM completed...      16.3986 seconds
                  AERO completed...      18.7624 seconds
            Master Time Step
            Processing completed...      59.2221 seconds
 
     Processing Day/Time [YYYYDDD:HHMMSS]: 2022182:033500
       Which is Equivalent to (UTC): 3:35:00  Friday,  July 1, 2022
       Time-Step Length (HHMMSS): 000500
                 VDIFF completed...      15.6138 seconds
                COUPLE completed...       0.2688 seconds
                  HADV completed...       3.8748 seconds
                  ZADV completed...       1.9417 seconds
                 HDIFF completed...       0.5081 seconds
              DECOUPLE completed...       0.3323 seconds
                  PHOT completed...       0.2732 seconds
               CLDPROC completed...       1.1246 seconds
                  CHEM completed...      15.8887 seconds
                  AERO completed...      18.8737 seconds
            Master Time Step
            Processing completed...      58.7000 seconds
 
     Processing Day/Time [YYYYDDD:HHMMSS]: 2022182:034000
       Which is Equivalent to (UTC): 3:40:00  Friday,  July 1, 2022
       Time-Step Length (HHMMSS): 000500
                 VDIFF completed...      15.8539 seconds
                COUPLE completed...       0.2906 seconds
                  HADV completed...       4.0222 seconds
                  ZADV completed...       1.9026 seconds
                 HDIFF completed...       0.4927 seconds
              DECOUPLE completed...       0.3391 seconds
                  PHOT completed...       0.2923 seconds
               CLDPROC completed...       1.1107 seconds
                  CHEM completed...      16.3178 seconds
                  AERO completed...      18.8555 seconds
            Master Time Step
            Processing completed...      59.4777 seconds
 
     Processing Day/Time [YYYYDDD:HHMMSS]: 2022182:034500
       Which is Equivalent to (UTC): 3:45:00  Friday,  July 1, 2022
       Time-Step Length (HHMMSS): 000500
                 VDIFF completed...      16.3236 seconds
                COUPLE completed...       0.2588 seconds
                  HADV completed...       3.9060 seconds
                  ZADV completed...       2.0146 seconds
                 HDIFF completed...       0.6251 seconds
              DECOUPLE completed...       0.3269 seconds
                  PHOT completed...       0.2739 seconds
               CLDPROC completed...       1.3217 seconds
                  CHEM completed...      15.8247 seconds
                  AERO completed...      18.5259 seconds
            Master Time Step
            Processing completed...      59.4015 seconds
 
     Processing Day/Time [YYYYDDD:HHMMSS]: 2022182:035000
       Which is Equivalent to (UTC): 3:50:00  Friday,  July 1, 2022
       Time-Step Length (HHMMSS): 000500
                 VDIFF completed...      15.5196 seconds
                COUPLE completed...       0.2614 seconds
                  HADV completed...       3.8827 seconds
                  ZADV completed...       1.9069 seconds
                 HDIFF completed...       0.4900 seconds
              DECOUPLE completed...       0.3225 seconds
                  PHOT completed...       0.2696 seconds
               CLDPROC completed...       1.1108 seconds
                  CHEM completed...      15.8539 seconds
                  AERO completed...      18.5079 seconds
            Master Time Step
            Processing completed...      58.1256 seconds
 
     Processing Day/Time [YYYYDDD:HHMMSS]: 2022182:035500
       Which is Equivalent to (UTC): 3:55:00  Friday,  July 1, 2022
       Time-Step Length (HHMMSS): 000500
                 VDIFF completed...      16.1051 seconds
                COUPLE completed...       0.2714 seconds
                  HADV completed...       4.0544 seconds
                  ZADV completed...       1.9579 seconds
                 HDIFF completed...       0.5092 seconds
              DECOUPLE completed...       0.3289 seconds
                  PHOT completed...       0.2770 seconds
               CLDPROC completed...       1.1472 seconds
                  CHEM completed...      16.3747 seconds
                  AERO completed...      19.0972 seconds
            Master Time Step
            Processing completed...      60.1233 seconds
 
      =--> Data Output completed...       0.1044 seconds
 
     Processing Day/Time [YYYYDDD:HHMMSS]: 2022182:040000
       Which is Equivalent to (UTC): 4:00:00  Friday,  July 1, 2022
       Time-Step Length (HHMMSS): 000500
                 VDIFF completed...      17.9159 seconds
                COUPLE completed...       0.3190 seconds
                  HADV completed...       4.1428 seconds
                  ZADV completed...       1.9817 seconds
                 HDIFF completed...       0.5073 seconds
              DECOUPLE completed...       0.3273 seconds
                  PHOT completed...       0.3242 seconds
               CLDPROC completed...       1.2002 seconds
                  CHEM completed...      16.5676 seconds
                  AERO completed...      19.1140 seconds
            Master Time Step
            Processing completed...      62.4003 seconds
 
     Processing Day/Time [YYYYDDD:HHMMSS]: 2022182:040500
       Which is Equivalent to (UTC): 4:05:00  Friday,  July 1, 2022
       Time-Step Length (HHMMSS): 000500
                 VDIFF completed...      15.6960 seconds
                COUPLE completed...       0.3121 seconds
                  HADV completed...       3.9239 seconds
                  ZADV completed...       1.9565 seconds
                 HDIFF completed...       0.5070 seconds
              DECOUPLE completed...       0.3311 seconds
                  PHOT completed...       0.2772 seconds
               CLDPROC completed...       1.1457 seconds
                  CHEM completed...      16.2075 seconds
                  AERO completed...      19.2207 seconds
            Master Time Step
            Processing completed...      59.5780 seconds
 
     Processing Day/Time [YYYYDDD:HHMMSS]: 2022182:041000
       Which is Equivalent to (UTC): 4:10:00  Friday,  July 1, 2022
       Time-Step Length (HHMMSS): 000500
                 VDIFF completed...      16.3948 seconds
                COUPLE completed...       0.2721 seconds
                  HADV completed...       3.9380 seconds
                  ZADV completed...       1.9522 seconds
                 HDIFF completed...       0.5093 seconds
              DECOUPLE completed...       0.3352 seconds
                  PHOT completed...       0.2841 seconds
               CLDPROC completed...       1.1862 seconds
                  CHEM completed...      16.5020 seconds
                  AERO completed...      19.0894 seconds
            Master Time Step
            Processing completed...      60.4637 seconds
 
     Processing Day/Time [YYYYDDD:HHMMSS]: 2022182:041500
       Which is Equivalent to (UTC): 4:15:00  Friday,  July 1, 2022
       Time-Step Length (HHMMSS): 000500
                 VDIFF completed...      16.0678 seconds
                COUPLE completed...       0.2656 seconds
                  HADV completed...       3.8772 seconds
                  ZADV completed...       1.9706 seconds
                 HDIFF completed...       0.5147 seconds
              DECOUPLE completed...       0.3383 seconds
                  PHOT completed...       0.2845 seconds
               CLDPROC completed...       1.1141 seconds
                  CHEM completed...      16.5365 seconds
                  AERO completed...      19.1568 seconds
            Master Time Step
            Processing completed...      60.1263 seconds
 
     Processing Day/Time [YYYYDDD:HHMMSS]: 2022182:042000
       Which is Equivalent to (UTC): 4:20:00  Friday,  July 1, 2022
       Time-Step Length (HHMMSS): 000500
                 VDIFF completed...      15.9413 seconds
                COUPLE completed...       0.2607 seconds
                  HADV completed...       3.8846 seconds
                  ZADV completed...       1.9571 seconds
                 HDIFF completed...       0.4897 seconds
              DECOUPLE completed...       0.3288 seconds
                  PHOT completed...       0.2663 seconds
               CLDPROC completed...       1.1521 seconds
                  CHEM completed...      16.2820 seconds
                  AERO completed...      19.1141 seconds
            Master Time Step
            Processing completed...      59.6770 seconds
 
     Processing Day/Time [YYYYDDD:HHMMSS]: 2022182:042500
       Which is Equivalent to (UTC): 4:25:00  Friday,  July 1, 2022
       Time-Step Length (HHMMSS): 000500
                 VDIFF completed...      16.0105 seconds
                COUPLE completed...       0.2613 seconds
                  HADV completed...       3.8909 seconds
                  ZADV completed...       1.9614 seconds
                 HDIFF completed...       0.5130 seconds
              DECOUPLE completed...       0.3210 seconds
                  PHOT completed...       0.2717 seconds
               CLDPROC completed...       1.1250 seconds
                  CHEM completed...      15.9785 seconds
                  AERO completed...      18.5314 seconds
            Master Time Step
            Processing completed...      58.8649 seconds
 
     Processing Day/Time [YYYYDDD:HHMMSS]: 2022182:043000
       Which is Equivalent to (UTC): 4:30:00  Friday,  July 1, 2022
       Time-Step Length (HHMMSS): 000500
                 VDIFF completed...      15.7656 seconds
                COUPLE completed...       0.3201 seconds
                  HADV completed...       3.8277 seconds
                  ZADV completed...       1.9171 seconds
                 HDIFF completed...       0.5066 seconds
              DECOUPLE completed...       0.3278 seconds
                  PHOT completed...       0.2705 seconds
               CLDPROC completed...       1.0589 seconds
                  CHEM completed...      15.8487 seconds
                  AERO completed...      18.6738 seconds
            Master Time Step
            Processing completed...      58.5171 seconds
 
     Processing Day/Time [YYYYDDD:HHMMSS]: 2022182:043500
       Which is Equivalent to (UTC): 4:35:00  Friday,  July 1, 2022
       Time-Step Length (HHMMSS): 000500
                 VDIFF completed...      16.1987 seconds
                COUPLE completed...       0.2769 seconds
                  HADV completed...       3.8906 seconds
                  ZADV completed...       1.9050 seconds
                 HDIFF completed...       0.4923 seconds
              DECOUPLE completed...       0.3288 seconds
                  PHOT completed...       0.2801 seconds
               CLDPROC completed...       1.1067 seconds
                  CHEM completed...      15.9956 seconds
                  AERO completed...      19.0977 seconds
            Master Time Step
            Processing completed...      59.5726 seconds
 
     Processing Day/Time [YYYYDDD:HHMMSS]: 2022182:044000
       Which is Equivalent to (UTC): 4:40:00  Friday,  July 1, 2022
       Time-Step Length (HHMMSS): 000500
                 VDIFF completed...      15.9244 seconds
                COUPLE completed...       0.2735 seconds
                  HADV completed...       3.9228 seconds
                  ZADV completed...       2.0305 seconds
                 HDIFF completed...       0.5364 seconds
              DECOUPLE completed...       0.3415 seconds
                  PHOT completed...       0.2688 seconds
               CLDPROC completed...       1.0757 seconds
                  CHEM completed...      16.2928 seconds
                  AERO completed...      19.0819 seconds
            Master Time Step
            Processing completed...      59.7486 seconds
 
     Processing Day/Time [YYYYDDD:HHMMSS]: 2022182:044500
       Which is Equivalent to (UTC): 4:45:00  Friday,  July 1, 2022
       Time-Step Length (HHMMSS): 000500
                 VDIFF completed...      15.3696 seconds
                COUPLE completed...       0.2663 seconds
                  HADV completed...       3.7501 seconds
                  ZADV completed...       1.9073 seconds
                 HDIFF completed...       0.4879 seconds
              DECOUPLE completed...       0.3208 seconds
                  PHOT completed...       0.2633 seconds
               CLDPROC completed...       1.0374 seconds
                  CHEM completed...      15.6260 seconds
                  AERO completed...      18.4646 seconds
            Master Time Step
            Processing completed...      57.4936 seconds
 
     Processing Day/Time [YYYYDDD:HHMMSS]: 2022182:045000
       Which is Equivalent to (UTC): 4:50:00  Friday,  July 1, 2022
       Time-Step Length (HHMMSS): 000500
                 VDIFF completed...      15.4940 seconds
                COUPLE completed...       0.2695 seconds
                  HADV completed...       3.8564 seconds
                  ZADV completed...       1.9043 seconds
                 HDIFF completed...       0.4927 seconds
              DECOUPLE completed...       0.3237 seconds
                  PHOT completed...       0.2671 seconds
               CLDPROC completed...       1.0685 seconds
                  CHEM completed...      15.8840 seconds
                  AERO completed...      18.5896 seconds
            Master Time Step
            Processing completed...      58.1501 seconds
 
     Processing Day/Time [YYYYDDD:HHMMSS]: 2022182:045500
       Which is Equivalent to (UTC): 4:55:00  Friday,  July 1, 2022
       Time-Step Length (HHMMSS): 000500
                 VDIFF completed...      15.8224 seconds
                COUPLE completed...       0.3093 seconds
                  HADV completed...       3.9809 seconds
                  ZADV completed...       1.9590 seconds
                 HDIFF completed...       0.6221 seconds
              DECOUPLE completed...       0.4179 seconds
                  PHOT completed...       0.3447 seconds
               CLDPROC completed...       1.0876 seconds
                  CHEM completed...      15.9557 seconds
                  AERO completed...      18.2362 seconds
            Master Time Step
            Processing completed...      58.7361 seconds
 
      =--> Data Output completed...       0.0978 seconds
 
     Processing Day/Time [YYYYDDD:HHMMSS]: 2022182:050000
       Which is Equivalent to (UTC): 5:00:00  Friday,  July 1, 2022
       Time-Step Length (HHMMSS): 000500
                 VDIFF completed...      17.3952 seconds
                COUPLE completed...       0.2599 seconds
                  HADV completed...       4.1312 seconds
                  ZADV completed...       2.0253 seconds
                 HDIFF completed...       0.5336 seconds
              DECOUPLE completed...       0.3734 seconds
                  PHOT completed...       0.3120 seconds
               CLDPROC completed...       1.1243 seconds
                  CHEM completed...      15.7363 seconds
                  AERO completed...      18.4755 seconds
            Master Time Step
            Processing completed...      60.3670 seconds
 
     Processing Day/Time [YYYYDDD:HHMMSS]: 2022182:050500
       Which is Equivalent to (UTC): 5:05:00  Friday,  July 1, 2022
       Time-Step Length (HHMMSS): 000500
                 VDIFF completed...      16.0686 seconds
                COUPLE completed...       0.2783 seconds
                  HADV completed...       3.9130 seconds
                  ZADV completed...       2.0097 seconds
                 HDIFF completed...       0.5219 seconds
              DECOUPLE completed...       0.3325 seconds
                  PHOT completed...       0.2721 seconds
               CLDPROC completed...       1.0916 seconds
                  CHEM completed...      16.2261 seconds
                  AERO completed...      19.0373 seconds
            Master Time Step
            Processing completed...      59.7515 seconds
 
     Processing Day/Time [YYYYDDD:HHMMSS]: 2022182:051000
       Which is Equivalent to (UTC): 5:10:00  Friday,  July 1, 2022
       Time-Step Length (HHMMSS): 000500
                 VDIFF completed...      15.9887 seconds
                COUPLE completed...       0.2648 seconds
                  HADV completed...       3.9257 seconds
                  ZADV completed...       1.9907 seconds
                 HDIFF completed...       0.5108 seconds
              DECOUPLE completed...       0.3352 seconds
                  PHOT completed...       0.2877 seconds
               CLDPROC completed...       1.1036 seconds
                  CHEM completed...      16.3909 seconds
                  AERO completed...      18.9704 seconds
            Master Time Step
            Processing completed...      59.7689 seconds
 
     Processing Day/Time [YYYYDDD:HHMMSS]: 2022182:051500
       Which is Equivalent to (UTC): 5:15:00  Friday,  July 1, 2022
       Time-Step Length (HHMMSS): 000500
                 VDIFF completed...      15.5716 seconds
                COUPLE completed...       0.2627 seconds
                  HADV completed...       3.8792 seconds
                  ZADV completed...       1.9613 seconds
                 HDIFF completed...       0.5057 seconds
              DECOUPLE completed...       0.3328 seconds
                  PHOT completed...       0.2716 seconds
               CLDPROC completed...       1.0867 seconds
                  CHEM completed...      16.0797 seconds
                  AERO completed...      18.8941 seconds
            Master Time Step
            Processing completed...      58.8457 seconds
 
     Processing Day/Time [YYYYDDD:HHMMSS]: 2022182:052000
       Which is Equivalent to (UTC): 5:20:00  Friday,  July 1, 2022
       Time-Step Length (HHMMSS): 000500
                 VDIFF completed...      15.9232 seconds
                COUPLE completed...       0.2948 seconds
                  HADV completed...       3.9923 seconds
                  ZADV completed...       1.9662 seconds
                 HDIFF completed...       0.5119 seconds
              DECOUPLE completed...       0.3374 seconds
                  PHOT completed...       0.2750 seconds
               CLDPROC completed...       1.0956 seconds
                  CHEM completed...      15.9503 seconds
                  AERO completed...      18.5066 seconds
            Master Time Step
            Processing completed...      58.8535 seconds
 
     Processing Day/Time [YYYYDDD:HHMMSS]: 2022182:052500
       Which is Equivalent to (UTC): 5:25:00  Friday,  July 1, 2022
       Time-Step Length (HHMMSS): 000500
                 VDIFF completed...      17.0325 seconds
                COUPLE completed...       0.2578 seconds
                  HADV completed...       3.7466 seconds
                  ZADV completed...       1.9064 seconds
                 HDIFF completed...       0.4896 seconds
              DECOUPLE completed...       0.3248 seconds
                  PHOT completed...       0.2666 seconds
               CLDPROC completed...       1.0559 seconds
                  CHEM completed...      15.6879 seconds
                  AERO completed...      18.3248 seconds
            Master Time Step
            Processing completed...      59.0933 seconds
 
     Processing Day/Time [YYYYDDD:HHMMSS]: 2022182:053000
       Which is Equivalent to (UTC): 5:30:00  Friday,  July 1, 2022
       Time-Step Length (HHMMSS): 000500
                 VDIFF completed...      15.4896 seconds
                COUPLE completed...       0.2574 seconds
                  HADV completed...       3.7918 seconds
                  ZADV completed...       1.9683 seconds
                 HDIFF completed...       0.5072 seconds
              DECOUPLE completed...       0.3391 seconds
                  PHOT completed...       0.2761 seconds
               CLDPROC completed...       1.1034 seconds
                  CHEM completed...      15.6983 seconds
                  AERO completed...      18.7929 seconds
            Master Time Step
            Processing completed...      58.2244 seconds
 
     Processing Day/Time [YYYYDDD:HHMMSS]: 2022182:053500
       Which is Equivalent to (UTC): 5:35:00  Friday,  July 1, 2022
       Time-Step Length (HHMMSS): 000500
                 VDIFF completed...      15.4435 seconds
                COUPLE completed...       0.2951 seconds
                  HADV completed...       3.8917 seconds
                  ZADV completed...       1.9467 seconds
                 HDIFF completed...       0.4923 seconds
              DECOUPLE completed...       0.3242 seconds
                  PHOT completed...       0.2657 seconds
               CLDPROC completed...       1.1235 seconds
                  CHEM completed...      15.8594 seconds
                  AERO completed...      18.5549 seconds
            Master Time Step
            Processing completed...      58.1975 seconds
 
     Processing Day/Time [YYYYDDD:HHMMSS]: 2022182:054000
       Which is Equivalent to (UTC): 5:40:00  Friday,  July 1, 2022
       Time-Step Length (HHMMSS): 000500
                 VDIFF completed...      16.0757 seconds
                COUPLE completed...       0.2643 seconds
                  HADV completed...       3.8765 seconds
                  ZADV completed...       1.9437 seconds
                 HDIFF completed...       0.5135 seconds
              DECOUPLE completed...       0.3463 seconds
                  PHOT completed...       0.2893 seconds
               CLDPROC completed...       1.0867 seconds
                  CHEM completed...      15.9420 seconds
                  AERO completed...      18.4693 seconds
            Master Time Step
            Processing completed...      58.8076 seconds
 
     Processing Day/Time [YYYYDDD:HHMMSS]: 2022182:054500
       Which is Equivalent to (UTC): 5:45:00  Friday,  July 1, 2022
       Time-Step Length (HHMMSS): 000500
                 VDIFF completed...      15.5639 seconds
                COUPLE completed...       0.2575 seconds
                  HADV completed...       3.7515 seconds
                  ZADV completed...       1.8984 seconds
                 HDIFF completed...       0.5332 seconds
              DECOUPLE completed...       0.3270 seconds
                  PHOT completed...       0.2678 seconds
               CLDPROC completed...       1.1209 seconds
                  CHEM completed...      15.9402 seconds
                  AERO completed...      18.4711 seconds
            Master Time Step
            Processing completed...      58.1318 seconds
 
     Processing Day/Time [YYYYDDD:HHMMSS]: 2022182:055000
       Which is Equivalent to (UTC): 5:50:00  Friday,  July 1, 2022
       Time-Step Length (HHMMSS): 000500
                 VDIFF completed...      15.8552 seconds
                COUPLE completed...       0.2830 seconds
                  HADV completed...       3.7897 seconds
                  ZADV completed...       1.9140 seconds
                 HDIFF completed...       0.5249 seconds
              DECOUPLE completed...       0.3484 seconds
                  PHOT completed...       0.2733 seconds
               CLDPROC completed...       1.0958 seconds
                  CHEM completed...      15.8659 seconds
                  AERO completed...      18.5776 seconds
            Master Time Step
            Processing completed...      58.5280 seconds
 
     Processing Day/Time [YYYYDDD:HHMMSS]: 2022182:055500
       Which is Equivalent to (UTC): 5:55:00  Friday,  July 1, 2022
       Time-Step Length (HHMMSS): 000500
                 VDIFF completed...      17.1969 seconds
                COUPLE completed...       0.3065 seconds
                  HADV completed...       3.8465 seconds
                  ZADV completed...       1.9785 seconds
                 HDIFF completed...       0.5128 seconds
              DECOUPLE completed...       0.3345 seconds
                  PHOT completed...       0.2753 seconds
               CLDPROC completed...       1.1432 seconds
                  CHEM completed...      15.5582 seconds
                  AERO completed...      18.3141 seconds
            Master Time Step
            Processing completed...      59.4666 seconds
 
      =--> Data Output completed...       0.1001 seconds
 
     Processing Day/Time [YYYYDDD:HHMMSS]: 2022182:060000
       Which is Equivalent to (UTC): 6:00:00  Friday,  July 1, 2022
       Time-Step Length (HHMMSS): 000500
                 VDIFF completed...      17.5539 seconds
                COUPLE completed...       0.3004 seconds
                  HADV completed...       3.8454 seconds
                  ZADV completed...       1.9118 seconds
                 HDIFF completed...       0.4956 seconds
              DECOUPLE completed...       0.3215 seconds
                  PHOT completed...       0.3057 seconds
               CLDPROC completed...       1.1606 seconds
                  CHEM completed...      15.7645 seconds
                  AERO completed...      18.5343 seconds
            Master Time Step
            Processing completed...      60.1941 seconds
 
     Processing Day/Time [YYYYDDD:HHMMSS]: 2022182:060500
       Which is Equivalent to (UTC): 6:05:00  Friday,  July 1, 2022
       Time-Step Length (HHMMSS): 000500
                 VDIFF completed...      15.9683 seconds
                COUPLE completed...       0.2706 seconds
                  HADV completed...       3.9116 seconds
                  ZADV completed...       1.9895 seconds
                 HDIFF completed...       0.5075 seconds
              DECOUPLE completed...       0.3304 seconds
                  PHOT completed...       0.2697 seconds
               CLDPROC completed...       1.1361 seconds
                  CHEM completed...      16.2129 seconds
                  AERO completed...      19.0273 seconds
            Master Time Step
            Processing completed...      59.6242 seconds
 
     Processing Day/Time [YYYYDDD:HHMMSS]: 2022182:061000
       Which is Equivalent to (UTC): 6:10:00  Friday,  July 1, 2022
       Time-Step Length (HHMMSS): 000500
                 VDIFF completed...      16.2737 seconds
                COUPLE completed...       0.2801 seconds
                  HADV completed...       3.9227 seconds
                  ZADV completed...       1.9878 seconds
                 HDIFF completed...       0.5111 seconds
              DECOUPLE completed...       0.3296 seconds
                  PHOT completed...       0.2702 seconds
               CLDPROC completed...       1.1180 seconds
                  CHEM completed...      16.1934 seconds
                  AERO completed...      18.9456 seconds
            Master Time Step
            Processing completed...      59.8326 seconds
 
     Processing Day/Time [YYYYDDD:HHMMSS]: 2022182:061500
       Which is Equivalent to (UTC): 6:15:00  Friday,  July 1, 2022
       Time-Step Length (HHMMSS): 000500
                 VDIFF completed...      15.8896 seconds
                COUPLE completed...       0.3108 seconds
                  HADV completed...       3.9639 seconds
                  ZADV completed...       1.9668 seconds
                 HDIFF completed...       0.5072 seconds
              DECOUPLE completed...       0.3340 seconds
                  PHOT completed...       0.2710 seconds
               CLDPROC completed...       1.0999 seconds
                  CHEM completed...      16.0395 seconds
                  AERO completed...      18.9811 seconds
            Master Time Step
            Processing completed...      59.3641 seconds
 
     Processing Day/Time [YYYYDDD:HHMMSS]: 2022182:062000
       Which is Equivalent to (UTC): 6:20:00  Friday,  July 1, 2022
       Time-Step Length (HHMMSS): 000500
                 VDIFF completed...      16.7067 seconds
                COUPLE completed...       0.3064 seconds
                  HADV completed...       4.0106 seconds
                  ZADV completed...       2.0173 seconds
                 HDIFF completed...       0.5158 seconds
              DECOUPLE completed...       0.3360 seconds
                  PHOT completed...       0.2914 seconds
               CLDPROC completed...       1.1061 seconds
                  CHEM completed...      16.2061 seconds
                  AERO completed...      19.0442 seconds
            Master Time Step
            Processing completed...      60.5410 seconds
 
     Processing Day/Time [YYYYDDD:HHMMSS]: 2022182:062500
       Which is Equivalent to (UTC): 6:25:00  Friday,  July 1, 2022
       Time-Step Length (HHMMSS): 000500
                 VDIFF completed...      16.8028 seconds
                COUPLE completed...       0.2615 seconds
                  HADV completed...       3.9106 seconds
                  ZADV completed...       2.0099 seconds
                 HDIFF completed...       0.5182 seconds
              DECOUPLE completed...       0.3340 seconds
                  PHOT completed...       0.2795 seconds
               CLDPROC completed...       1.1551 seconds
                  CHEM completed...      16.0732 seconds
                  AERO completed...      18.7758 seconds
            Master Time Step
            Processing completed...      60.1210 seconds
 
     Processing Day/Time [YYYYDDD:HHMMSS]: 2022182:063000
       Which is Equivalent to (UTC): 6:30:00  Friday,  July 1, 2022
       Time-Step Length (HHMMSS): 000500
                 VDIFF completed...      16.8282 seconds
                COUPLE completed...       0.2720 seconds
                  HADV completed...       3.9194 seconds
                  ZADV completed...       2.0354 seconds
                 HDIFF completed...       0.5178 seconds
              DECOUPLE completed...       0.3406 seconds
                  PHOT completed...       0.2783 seconds
               CLDPROC completed...       1.1707 seconds
                  CHEM completed...      16.1805 seconds
                  AERO completed...      18.8766 seconds
            Master Time Step
            Processing completed...      60.4198 seconds
 
     Processing Day/Time [YYYYDDD:HHMMSS]: 2022182:063500
       Which is Equivalent to (UTC): 6:35:00  Friday,  July 1, 2022
       Time-Step Length (HHMMSS): 000500
                 VDIFF completed...      15.9717 seconds
                COUPLE completed...       0.2663 seconds
                  HADV completed...       4.0830 seconds
                  ZADV completed...       2.0036 seconds
                 HDIFF completed...       0.5302 seconds
              DECOUPLE completed...       0.3434 seconds
                  PHOT completed...       0.2833 seconds
               CLDPROC completed...       1.1052 seconds
                  CHEM completed...      16.1838 seconds
                  AERO completed...      19.0181 seconds
            Master Time Step
            Processing completed...      59.7888 seconds
 
     Processing Day/Time [YYYYDDD:HHMMSS]: 2022182:064000
       Which is Equivalent to (UTC): 6:40:00  Friday,  July 1, 2022
       Time-Step Length (HHMMSS): 000500
                 VDIFF completed...      15.9850 seconds
                COUPLE completed...       0.2625 seconds
                  HADV completed...       3.9298 seconds
                  ZADV completed...       1.9736 seconds
                 HDIFF completed...       0.5225 seconds
              DECOUPLE completed...       0.3305 seconds
                  PHOT completed...       0.2715 seconds
               CLDPROC completed...       1.1141 seconds
                  CHEM completed...      15.8488 seconds
                  AERO completed...      18.7464 seconds
            Master Time Step
            Processing completed...      58.9849 seconds
 
     Processing Day/Time [YYYYDDD:HHMMSS]: 2022182:064500
       Which is Equivalent to (UTC): 6:45:00  Friday,  July 1, 2022
       Time-Step Length (HHMMSS): 000500
                 VDIFF completed...      16.3428 seconds
                COUPLE completed...       0.2638 seconds
                  HADV completed...       3.9310 seconds
                  ZADV completed...       2.0156 seconds
                 HDIFF completed...       0.5496 seconds
              DECOUPLE completed...       0.3619 seconds
                  PHOT completed...       0.2745 seconds
               CLDPROC completed...       1.1433 seconds
                  CHEM completed...      15.8660 seconds
                  AERO completed...      18.6869 seconds
            Master Time Step
            Processing completed...      59.4356 seconds
 
     Processing Day/Time [YYYYDDD:HHMMSS]: 2022182:065000
       Which is Equivalent to (UTC): 6:50:00  Friday,  July 1, 2022
       Time-Step Length (HHMMSS): 000500
                 VDIFF completed...      16.3757 seconds
                COUPLE completed...       0.2860 seconds
                  HADV completed...       3.9731 seconds
                  ZADV completed...       1.9748 seconds
                 HDIFF completed...       0.5700 seconds
              DECOUPLE completed...       0.4242 seconds
                  PHOT completed...       0.3594 seconds
               CLDPROC completed...       1.1602 seconds
                  CHEM completed...      16.1227 seconds
                  AERO completed...      18.7829 seconds
            Master Time Step
            Processing completed...      60.0293 seconds
 
     Processing Day/Time [YYYYDDD:HHMMSS]: 2022182:065500
       Which is Equivalent to (UTC): 6:55:00  Friday,  July 1, 2022
       Time-Step Length (HHMMSS): 000500
                 VDIFF completed...      16.6850 seconds
                COUPLE completed...       0.3130 seconds
                  HADV completed...       3.8835 seconds
                  ZADV completed...       1.9541 seconds
                 HDIFF completed...       0.5055 seconds
              DECOUPLE completed...       0.3294 seconds
                  PHOT completed...       0.2719 seconds
               CLDPROC completed...       1.1942 seconds
                  CHEM completed...      16.1418 seconds
                  AERO completed...      18.9107 seconds
            Master Time Step
            Processing completed...      60.1895 seconds
 
      =--> Data Output completed...       0.1076 seconds
 
     Processing Day/Time [YYYYDDD:HHMMSS]: 2022182:070000
       Which is Equivalent to (UTC): 7:00:00  Friday,  July 1, 2022
       Time-Step Length (HHMMSS): 000500
                 VDIFF completed...      17.8346 seconds
                COUPLE completed...       0.2677 seconds
                  HADV completed...       4.0771 seconds
                  ZADV completed...       2.0112 seconds
                 HDIFF completed...       0.5054 seconds
              DECOUPLE completed...       0.3424 seconds
                  PHOT completed...       0.3374 seconds
               CLDPROC completed...       1.1908 seconds
                  CHEM completed...      16.2341 seconds
                  AERO completed...      19.0650 seconds
            Master Time Step
            Processing completed...      61.8661 seconds
 
     Processing Day/Time [YYYYDDD:HHMMSS]: 2022182:070500
       Which is Equivalent to (UTC): 7:05:00  Friday,  July 1, 2022
       Time-Step Length (HHMMSS): 000500
                 VDIFF completed...      16.2745 seconds
                COUPLE completed...       0.2648 seconds
                  HADV completed...       3.9178 seconds
                  ZADV completed...       1.9862 seconds
                 HDIFF completed...       0.5019 seconds
              DECOUPLE completed...       0.4279 seconds
                  PHOT completed...       0.3207 seconds
               CLDPROC completed...       1.1623 seconds
                  CHEM completed...      16.1605 seconds
                  AERO completed...      18.8102 seconds
            Master Time Step
            Processing completed...      59.8271 seconds
 
     Processing Day/Time [YYYYDDD:HHMMSS]: 2022182:071000
       Which is Equivalent to (UTC): 7:10:00  Friday,  July 1, 2022
       Time-Step Length (HHMMSS): 000500
                 VDIFF completed...      16.3588 seconds
                COUPLE completed...       0.2713 seconds
                  HADV completed...       3.9277 seconds
                  ZADV completed...       1.9686 seconds
                 HDIFF completed...       0.5180 seconds
              DECOUPLE completed...       0.3347 seconds
                  PHOT completed...       0.2979 seconds
               CLDPROC completed...       1.2481 seconds
                  CHEM completed...      16.0592 seconds
                  AERO completed...      18.9690 seconds
            Master Time Step
            Processing completed...      59.9538 seconds
 
     Processing Day/Time [YYYYDDD:HHMMSS]: 2022182:071500
       Which is Equivalent to (UTC): 7:15:00  Friday,  July 1, 2022
       Time-Step Length (HHMMSS): 000500
                 VDIFF completed...      16.7418 seconds
                COUPLE completed...       0.2683 seconds
                  HADV completed...       3.8928 seconds
                  ZADV completed...       1.9317 seconds
                 HDIFF completed...       0.5043 seconds
              DECOUPLE completed...       0.3303 seconds
                  PHOT completed...       0.2687 seconds
               CLDPROC completed...       1.1894 seconds
                  CHEM completed...      15.8411 seconds
                  AERO completed...      19.1511 seconds
            Master Time Step
            Processing completed...      60.1196 seconds
 
     Processing Day/Time [YYYYDDD:HHMMSS]: 2022182:072000
       Which is Equivalent to (UTC): 7:20:00  Friday,  July 1, 2022
       Time-Step Length (HHMMSS): 000500
                 VDIFF completed...      16.5046 seconds
                COUPLE completed...       0.3086 seconds
                  HADV completed...       3.8953 seconds
                  ZADV completed...       1.9679 seconds
                 HDIFF completed...       0.5046 seconds
              DECOUPLE completed...       0.3291 seconds
                  PHOT completed...       0.2698 seconds
               CLDPROC completed...       1.1487 seconds
                  CHEM completed...      15.9680 seconds
                  AERO completed...      18.8187 seconds
            Master Time Step
            Processing completed...      59.7154 seconds
 
     Processing Day/Time [YYYYDDD:HHMMSS]: 2022182:072500
       Which is Equivalent to (UTC): 7:25:00  Friday,  July 1, 2022
       Time-Step Length (HHMMSS): 000500
                 VDIFF completed...      16.7566 seconds
                COUPLE completed...       0.2641 seconds
                  HADV completed...       3.9392 seconds
                  ZADV completed...       2.0023 seconds
                 HDIFF completed...       0.5085 seconds
              DECOUPLE completed...       0.3348 seconds
                  PHOT completed...       0.2779 seconds
               CLDPROC completed...       1.1682 seconds
                  CHEM completed...      16.0933 seconds
                  AERO completed...      18.9037 seconds
            Master Time Step
            Processing completed...      60.2490 seconds
 
     Processing Day/Time [YYYYDDD:HHMMSS]: 2022182:073000
       Which is Equivalent to (UTC): 7:30:00  Friday,  July 1, 2022
       Time-Step Length (HHMMSS): 000500
                 VDIFF completed...      16.6998 seconds
                COUPLE completed...       0.2702 seconds
                  HADV completed...       4.0447 seconds
                  ZADV completed...       2.0260 seconds
                 HDIFF completed...       0.5215 seconds
              DECOUPLE completed...       0.3485 seconds
                  PHOT completed...       0.2824 seconds
               CLDPROC completed...       1.2506 seconds
                  CHEM completed...      15.9253 seconds
                  AERO completed...      18.5045 seconds
            Master Time Step
            Processing completed...      59.8737 seconds
 
     Processing Day/Time [YYYYDDD:HHMMSS]: 2022182:073500
       Which is Equivalent to (UTC): 7:35:00  Friday,  July 1, 2022
       Time-Step Length (HHMMSS): 000500
                 VDIFF completed...      16.5970 seconds
                COUPLE completed...       0.2722 seconds
                  HADV completed...       3.9098 seconds
                  ZADV completed...       1.9650 seconds
                 HDIFF completed...       0.5067 seconds
              DECOUPLE completed...       0.3318 seconds
                  PHOT completed...       0.2708 seconds
               CLDPROC completed...       1.1453 seconds
                  CHEM completed...      16.0142 seconds
                  AERO completed...      18.8590 seconds
            Master Time Step
            Processing completed...      59.8721 seconds
 
     Processing Day/Time [YYYYDDD:HHMMSS]: 2022182:074000
       Which is Equivalent to (UTC): 7:40:00  Friday,  July 1, 2022
       Time-Step Length (HHMMSS): 000500
                 VDIFF completed...      16.5614 seconds
                COUPLE completed...       0.2669 seconds
                  HADV completed...       3.9341 seconds
                  ZADV completed...       1.9775 seconds
                 HDIFF completed...       0.5044 seconds
              DECOUPLE completed...       0.3277 seconds
                  PHOT completed...       0.2810 seconds
               CLDPROC completed...       1.1572 seconds
                  CHEM completed...      16.1116 seconds
                  AERO completed...      19.0724 seconds
            Master Time Step
            Processing completed...      60.1945 seconds
 
     Processing Day/Time [YYYYDDD:HHMMSS]: 2022182:074500
       Which is Equivalent to (UTC): 7:45:00  Friday,  July 1, 2022
       Time-Step Length (HHMMSS): 000500
                 VDIFF completed...      16.9005 seconds
                COUPLE completed...       0.3112 seconds
                  HADV completed...       3.9614 seconds
                  ZADV completed...       1.9596 seconds
                 HDIFF completed...       0.5014 seconds
              DECOUPLE completed...       0.3338 seconds
                  PHOT completed...       0.2872 seconds
               CLDPROC completed...       1.1854 seconds
                  CHEM completed...      16.2475 seconds
                  AERO completed...      18.7694 seconds
            Master Time Step
            Processing completed...      60.4578 seconds
 
     Processing Day/Time [YYYYDDD:HHMMSS]: 2022182:075000
       Which is Equivalent to (UTC): 7:50:00  Friday,  July 1, 2022
       Time-Step Length (HHMMSS): 000500
                 VDIFF completed...      16.7539 seconds
                COUPLE completed...       0.2604 seconds
                  HADV completed...       3.8865 seconds
                  ZADV completed...       1.9622 seconds
                 HDIFF completed...       0.5151 seconds
              DECOUPLE completed...       0.3388 seconds
                  PHOT completed...       0.2770 seconds
               CLDPROC completed...       1.1491 seconds
                  CHEM completed...      16.0501 seconds
                  AERO completed...      18.9998 seconds
            Master Time Step
            Processing completed...      60.1934 seconds
 
     Processing Day/Time [YYYYDDD:HHMMSS]: 2022182:075500
       Which is Equivalent to (UTC): 7:55:00  Friday,  July 1, 2022
       Time-Step Length (HHMMSS): 000500
                 VDIFF completed...      16.2677 seconds
                COUPLE completed...       0.3105 seconds
                  HADV completed...       3.9504 seconds
                  ZADV completed...       1.9810 seconds
                 HDIFF completed...       0.5065 seconds
              DECOUPLE completed...       0.3312 seconds
                  PHOT completed...       0.2881 seconds
               CLDPROC completed...       1.2323 seconds
                  CHEM completed...      16.2324 seconds
                  AERO completed...      18.9444 seconds
            Master Time Step
            Processing completed...      60.0449 seconds
 
      =--> Data Output completed...       0.1033 seconds
 
     Processing Day/Time [YYYYDDD:HHMMSS]: 2022182:080000
       Which is Equivalent to (UTC): 8:00:00  Friday,  July 1, 2022
       Time-Step Length (HHMMSS): 000500
                 VDIFF completed...      18.0622 seconds
                COUPLE completed...       0.2676 seconds
                  HADV completed...       4.0771 seconds
                  ZADV completed...       2.0050 seconds
                 HDIFF completed...       0.5669 seconds
              DECOUPLE completed...       0.3698 seconds
                  PHOT completed...       0.3277 seconds
               CLDPROC completed...       1.2767 seconds
                  CHEM completed...      16.1929 seconds
                  AERO completed...      18.9251 seconds
            Master Time Step
            Processing completed...      62.0713 seconds
 
     Processing Day/Time [YYYYDDD:HHMMSS]: 2022182:080500
       Which is Equivalent to (UTC): 8:05:00  Friday,  July 1, 2022
       Time-Step Length (HHMMSS): 000500
                 VDIFF completed...      16.3489 seconds
                COUPLE completed...       0.2723 seconds
                  HADV completed...       4.0243 seconds
                  ZADV completed...       2.0243 seconds
                 HDIFF completed...       0.5079 seconds
              DECOUPLE completed...       0.3286 seconds
                  PHOT completed...       0.2794 seconds
               CLDPROC completed...       1.2069 seconds
                  CHEM completed...      16.1486 seconds
                  AERO completed...      18.8847 seconds
            Master Time Step
            Processing completed...      60.0262 seconds
 
     Processing Day/Time [YYYYDDD:HHMMSS]: 2022182:081000
       Which is Equivalent to (UTC): 8:10:00  Friday,  July 1, 2022
       Time-Step Length (HHMMSS): 000500
                 VDIFF completed...      16.8377 seconds
                COUPLE completed...       0.2712 seconds
                  HADV completed...       3.8949 seconds
                  ZADV completed...       1.9623 seconds
                 HDIFF completed...       0.5209 seconds
              DECOUPLE completed...       0.3289 seconds
                  PHOT completed...       0.2760 seconds
               CLDPROC completed...       1.1747 seconds
                  CHEM completed...      16.1481 seconds
                  AERO completed...      18.8429 seconds
            Master Time Step
            Processing completed...      60.2579 seconds
 
     Processing Day/Time [YYYYDDD:HHMMSS]: 2022182:081500
       Which is Equivalent to (UTC): 8:15:00  Friday,  July 1, 2022
       Time-Step Length (HHMMSS): 000500
                 VDIFF completed...      16.6797 seconds
                COUPLE completed...       0.3368 seconds
                  HADV completed...       3.9812 seconds
                  ZADV completed...       1.9725 seconds
                 HDIFF completed...       0.5094 seconds
              DECOUPLE completed...       0.3337 seconds
                  PHOT completed...       0.2751 seconds
               CLDPROC completed...       1.2521 seconds
                  CHEM completed...      16.0871 seconds
                  AERO completed...      18.7917 seconds
            Master Time Step
            Processing completed...      60.2196 seconds
 
     Processing Day/Time [YYYYDDD:HHMMSS]: 2022182:082000
       Which is Equivalent to (UTC): 8:20:00  Friday,  July 1, 2022
       Time-Step Length (HHMMSS): 000500
                 VDIFF completed...      16.4280 seconds
                COUPLE completed...       0.2621 seconds
                  HADV completed...       3.9638 seconds
                  ZADV completed...       1.9656 seconds
                 HDIFF completed...       0.5084 seconds
              DECOUPLE completed...       0.3363 seconds
                  PHOT completed...       0.2797 seconds
               CLDPROC completed...       1.1788 seconds
                  CHEM completed...      16.1333 seconds
                  AERO completed...      18.9096 seconds
            Master Time Step
            Processing completed...      59.9659 seconds
 
     Processing Day/Time [YYYYDDD:HHMMSS]: 2022182:082500
       Which is Equivalent to (UTC): 8:25:00  Friday,  July 1, 2022
       Time-Step Length (HHMMSS): 000500
                 VDIFF completed...      16.3421 seconds
                COUPLE completed...       0.2782 seconds
                  HADV completed...       3.9216 seconds
                  ZADV completed...       1.9852 seconds
                 HDIFF completed...       0.5083 seconds
              DECOUPLE completed...       0.3313 seconds
                  PHOT completed...       0.2800 seconds
               CLDPROC completed...       1.1945 seconds
                  CHEM completed...      16.2202 seconds
                  AERO completed...      18.9588 seconds
            Master Time Step
            Processing completed...      60.0205 seconds
 
     Processing Day/Time [YYYYDDD:HHMMSS]: 2022182:083000
       Which is Equivalent to (UTC): 8:30:00  Friday,  July 1, 2022
       Time-Step Length (HHMMSS): 000500
                 VDIFF completed...      16.0735 seconds
                COUPLE completed...       0.2674 seconds
                  HADV completed...       3.8845 seconds
                  ZADV completed...       1.9583 seconds
                 HDIFF completed...       0.5069 seconds
              DECOUPLE completed...       0.3291 seconds
                  PHOT completed...       0.2708 seconds
               CLDPROC completed...       1.1688 seconds
                  CHEM completed...      15.9790 seconds
                  AERO completed...      18.7700 seconds
            Master Time Step
            Processing completed...      59.2086 seconds
 
     Processing Day/Time [YYYYDDD:HHMMSS]: 2022182:083500
       Which is Equivalent to (UTC): 8:35:00  Friday,  July 1, 2022
       Time-Step Length (HHMMSS): 000500
                 VDIFF completed...      16.4230 seconds
                COUPLE completed...       0.2968 seconds
                  HADV completed...       3.8499 seconds
                  ZADV completed...       1.9243 seconds
                 HDIFF completed...       0.4999 seconds
              DECOUPLE completed...       0.3551 seconds
                  PHOT completed...       0.2932 seconds
               CLDPROC completed...       1.2743 seconds
                  CHEM completed...      15.7522 seconds
                  AERO completed...      18.6417 seconds
            Master Time Step
            Processing completed...      59.3108 seconds
 
     Processing Day/Time [YYYYDDD:HHMMSS]: 2022182:084000
       Which is Equivalent to (UTC): 8:40:00  Friday,  July 1, 2022
       Time-Step Length (HHMMSS): 000500
                 VDIFF completed...      16.4929 seconds
                COUPLE completed...       0.2709 seconds
                  HADV completed...       3.8955 seconds
                  ZADV completed...       1.9754 seconds
                 HDIFF completed...       0.5048 seconds
              DECOUPLE completed...       0.3290 seconds
                  PHOT completed...       0.2715 seconds
               CLDPROC completed...       1.1816 seconds
                  CHEM completed...      16.1857 seconds
                  AERO completed...      18.9338 seconds
            Master Time Step
            Processing completed...      60.0415 seconds
 
     Processing Day/Time [YYYYDDD:HHMMSS]: 2022182:084500
       Which is Equivalent to (UTC): 8:45:00  Friday,  July 1, 2022
       Time-Step Length (HHMMSS): 000500
                 VDIFF completed...      16.3504 seconds
                COUPLE completed...       0.2667 seconds
                  HADV completed...       3.8989 seconds
                  ZADV completed...       1.9804 seconds
                 HDIFF completed...       0.5071 seconds
              DECOUPLE completed...       0.3322 seconds
                  PHOT completed...       0.2732 seconds
               CLDPROC completed...       1.1856 seconds
                  CHEM completed...      16.0478 seconds
                  AERO completed...      18.7116 seconds
            Master Time Step
            Processing completed...      59.5542 seconds
 
     Processing Day/Time [YYYYDDD:HHMMSS]: 2022182:085000
       Which is Equivalent to (UTC): 8:50:00  Friday,  July 1, 2022
       Time-Step Length (HHMMSS): 000500
                 VDIFF completed...      16.3512 seconds
                COUPLE completed...       0.2788 seconds
                  HADV completed...       3.9392 seconds
                  ZADV completed...       2.0053 seconds
                 HDIFF completed...       0.5204 seconds
              DECOUPLE completed...       0.3358 seconds
                  PHOT completed...       0.2794 seconds
               CLDPROC completed...       1.1694 seconds
                  CHEM completed...      16.1108 seconds
                  AERO completed...      18.7552 seconds
            Master Time Step
            Processing completed...      59.7458 seconds
 
     Processing Day/Time [YYYYDDD:HHMMSS]: 2022182:085500
       Which is Equivalent to (UTC): 8:55:00  Friday,  July 1, 2022
       Time-Step Length (HHMMSS): 000500
                 VDIFF completed...      16.9488 seconds
                COUPLE completed...       0.3017 seconds
                  HADV completed...       3.9040 seconds
                  ZADV completed...       1.9758 seconds
                 HDIFF completed...       0.5077 seconds
              DECOUPLE completed...       0.3429 seconds
                  PHOT completed...       0.2805 seconds
               CLDPROC completed...       1.2971 seconds
                  CHEM completed...      15.9313 seconds
                  AERO completed...      18.7159 seconds
            Master Time Step
            Processing completed...      60.2061 seconds
 
      =--> Data Output completed...       0.1033 seconds
 
     Processing Day/Time [YYYYDDD:HHMMSS]: 2022182:090000
       Which is Equivalent to (UTC): 9:00:00  Friday,  July 1, 2022
       Time-Step Length (HHMMSS): 000500
                 VDIFF completed...      18.1554 seconds
                COUPLE completed...       0.2645 seconds
                  HADV completed...       4.2088 seconds
                  ZADV completed...       2.0286 seconds
                 HDIFF completed...       0.5527 seconds
              DECOUPLE completed...       0.3718 seconds
                  PHOT completed...       0.3235 seconds
               CLDPROC completed...       1.2799 seconds
                  CHEM completed...      16.1537 seconds
                  AERO completed...      18.8119 seconds
            Master Time Step
            Processing completed...      62.1512 seconds
 
     Processing Day/Time [YYYYDDD:HHMMSS]: 2022182:090500
       Which is Equivalent to (UTC): 9:05:00  Friday,  July 1, 2022
       Time-Step Length (HHMMSS): 000500
                 VDIFF completed...      16.1096 seconds
                COUPLE completed...       0.2713 seconds
                  HADV completed...       4.1467 seconds
                  ZADV completed...       1.9977 seconds
                 HDIFF completed...       0.5099 seconds
              DECOUPLE completed...       0.3440 seconds
                  PHOT completed...       0.2825 seconds
               CLDPROC completed...       1.1965 seconds
                  CHEM completed...      16.0381 seconds
                  AERO completed...      18.3896 seconds
            Master Time Step
            Processing completed...      59.2862 seconds
 
     Processing Day/Time [YYYYDDD:HHMMSS]: 2022182:091000
       Which is Equivalent to (UTC): 9:10:00  Friday,  July 1, 2022
       Time-Step Length (HHMMSS): 000500
                 VDIFF completed...      15.7380 seconds
                COUPLE completed...       0.2627 seconds
                  HADV completed...       4.1561 seconds
                  ZADV completed...       1.9379 seconds
                 HDIFF completed...       0.4920 seconds
              DECOUPLE completed...       0.3241 seconds
                  PHOT completed...       0.2683 seconds
               CLDPROC completed...       1.1586 seconds
                  CHEM completed...      15.7749 seconds
                  AERO completed...      18.9213 seconds
            Master Time Step
            Processing completed...      59.0341 seconds
 
     Processing Day/Time [YYYYDDD:HHMMSS]: 2022182:091500
       Which is Equivalent to (UTC): 9:15:00  Friday,  July 1, 2022
       Time-Step Length (HHMMSS): 000500
                 VDIFF completed...      16.6960 seconds
                COUPLE completed...       0.3169 seconds
                  HADV completed...       4.1378 seconds
                  ZADV completed...       1.9650 seconds
                 HDIFF completed...       0.4929 seconds
              DECOUPLE completed...       0.3201 seconds
                  PHOT completed...       0.2826 seconds
               CLDPROC completed...       1.2865 seconds
                  CHEM completed...      15.8289 seconds
                  AERO completed...      18.5802 seconds
            Master Time Step
            Processing completed...      59.9073 seconds
 
     Processing Day/Time [YYYYDDD:HHMMSS]: 2022182:092000
       Which is Equivalent to (UTC): 9:20:00  Friday,  July 1, 2022
       Time-Step Length (HHMMSS): 000500
                 VDIFF completed...      16.0965 seconds
                COUPLE completed...       0.2684 seconds
                  HADV completed...       4.0268 seconds
                  ZADV completed...       1.9120 seconds
                 HDIFF completed...       0.4918 seconds
              DECOUPLE completed...       0.3235 seconds
                  PHOT completed...       0.2676 seconds
               CLDPROC completed...       1.1842 seconds
                  CHEM completed...      15.6076 seconds
                  AERO completed...      18.1194 seconds
            Master Time Step
            Processing completed...      58.2980 seconds
 
     Processing Day/Time [YYYYDDD:HHMMSS]: 2022182:092500
       Which is Equivalent to (UTC): 9:25:00  Friday,  July 1, 2022
       Time-Step Length (HHMMSS): 000500
                 VDIFF completed...      15.7748 seconds
                COUPLE completed...       0.2613 seconds
                  HADV completed...       4.0125 seconds
                  ZADV completed...       1.9086 seconds
                 HDIFF completed...       0.4889 seconds
              DECOUPLE completed...       0.3235 seconds
                  PHOT completed...       0.2747 seconds
               CLDPROC completed...       1.1856 seconds
                  CHEM completed...      15.9098 seconds
                  AERO completed...      18.1953 seconds
            Master Time Step
            Processing completed...      58.3352 seconds
 
     Processing Day/Time [YYYYDDD:HHMMSS]: 2022182:093000
       Which is Equivalent to (UTC): 9:30:00  Friday,  July 1, 2022
       Time-Step Length (HHMMSS): 000500
                 VDIFF completed...      16.4367 seconds
                COUPLE completed...       0.2648 seconds
                  HADV completed...       4.0598 seconds
                  ZADV completed...       1.9415 seconds
                 HDIFF completed...       0.4970 seconds
              DECOUPLE completed...       0.3276 seconds
                  PHOT completed...       0.2738 seconds
               CLDPROC completed...       1.2173 seconds
                  CHEM completed...      15.7021 seconds
                  AERO completed...      18.4030 seconds
            Master Time Step
            Processing completed...      59.1239 seconds
 
     Processing Day/Time [YYYYDDD:HHMMSS]: 2022182:093500
       Which is Equivalent to (UTC): 9:35:00  Friday,  July 1, 2022
       Time-Step Length (HHMMSS): 000500
                 VDIFF completed...      16.1426 seconds
                COUPLE completed...       0.2804 seconds
                  HADV completed...       4.0472 seconds
                  ZADV completed...       1.9426 seconds
                 HDIFF completed...       0.4874 seconds
              DECOUPLE completed...       0.3199 seconds
                  PHOT completed...       0.2685 seconds
               CLDPROC completed...       1.2332 seconds
                  CHEM completed...      15.5904 seconds
                  AERO completed...      18.1470 seconds
            Master Time Step
            Processing completed...      58.4596 seconds
 
     Processing Day/Time [YYYYDDD:HHMMSS]: 2022182:094000
       Which is Equivalent to (UTC): 9:40:00  Friday,  July 1, 2022
       Time-Step Length (HHMMSS): 000500
                 VDIFF completed...      16.0404 seconds
                COUPLE completed...       0.2655 seconds
                  HADV completed...       4.1538 seconds
                  ZADV completed...       2.0076 seconds
                 HDIFF completed...       0.5284 seconds
              DECOUPLE completed...       0.3454 seconds
                  PHOT completed...       0.2886 seconds
               CLDPROC completed...       1.2123 seconds
                  CHEM completed...      16.0706 seconds
                  AERO completed...      18.8944 seconds
            Master Time Step
            Processing completed...      59.8071 seconds
 
     Processing Day/Time [YYYYDDD:HHMMSS]: 2022182:094500
       Which is Equivalent to (UTC): 9:45:00  Friday,  July 1, 2022
       Time-Step Length (HHMMSS): 000500
                 VDIFF completed...      16.6099 seconds
                COUPLE completed...       0.2626 seconds
                  HADV completed...       4.1915 seconds
                  ZADV completed...       1.9913 seconds
                 HDIFF completed...       0.5017 seconds
              DECOUPLE completed...       0.3250 seconds
                  PHOT completed...       0.2687 seconds
               CLDPROC completed...       1.2484 seconds
                  CHEM completed...      15.7661 seconds
                  AERO completed...      18.0752 seconds
            Master Time Step
            Processing completed...      59.2408 seconds
 
     Processing Day/Time [YYYYDDD:HHMMSS]: 2022182:095000
       Which is Equivalent to (UTC): 9:50:00  Friday,  July 1, 2022
       Time-Step Length (HHMMSS): 000500
                 VDIFF completed...      15.3810 seconds
                COUPLE completed...       0.2602 seconds
                  HADV completed...       4.0226 seconds
                  ZADV completed...       1.9068 seconds
                 HDIFF completed...       0.5027 seconds
              DECOUPLE completed...       0.3275 seconds
                  PHOT completed...       0.4187 seconds
               CLDPROC completed...       1.1946 seconds
                  CHEM completed...      15.4444 seconds
                  AERO completed...      18.2840 seconds
            Master Time Step
            Processing completed...      57.7431 seconds
 
     Processing Day/Time [YYYYDDD:HHMMSS]: 2022182:095500
       Which is Equivalent to (UTC): 9:55:00  Friday,  July 1, 2022
       Time-Step Length (HHMMSS): 000500
                 VDIFF completed...      15.4111 seconds
                COUPLE completed...       0.3050 seconds
                  HADV completed...       4.2505 seconds
                  ZADV completed...       2.0575 seconds
                 HDIFF completed...       0.5343 seconds
              DECOUPLE completed...       0.3439 seconds
                  PHOT completed...       0.5297 seconds
               CLDPROC completed...       1.3189 seconds
                  CHEM completed...      15.8046 seconds
                  AERO completed...      18.2982 seconds
            Master Time Step
            Processing completed...      58.8539 seconds
 
      =--> Data Output completed...       0.1004 seconds
 
     Processing Day/Time [YYYYDDD:HHMMSS]: 2022182:100000
       Which is Equivalent to (UTC): 10:00:00 Friday,  July 1, 2022
       Time-Step Length (HHMMSS): 000500
                 VDIFF completed...      17.3438 seconds
                COUPLE completed...       0.2756 seconds
                  HADV completed...       4.2615 seconds
                  ZADV completed...       1.9372 seconds
                 HDIFF completed...       0.5122 seconds
              DECOUPLE completed...       0.3233 seconds
                  PHOT completed...       0.6342 seconds
               CLDPROC completed...       1.2566 seconds
                  CHEM completed...      15.9925 seconds
                  AERO completed...      18.4512 seconds
            Master Time Step
            Processing completed...      60.9883 seconds
 
     Processing Day/Time [YYYYDDD:HHMMSS]: 2022182:100500
       Which is Equivalent to (UTC): 10:05:00 Friday,  July 1, 2022
       Time-Step Length (HHMMSS): 000500
                 VDIFF completed...      15.8475 seconds
                COUPLE completed...       0.2724 seconds
                  HADV completed...       4.0384 seconds
                  ZADV completed...       1.9089 seconds
                 HDIFF completed...       0.4967 seconds
              DECOUPLE completed...       0.3234 seconds
                  PHOT completed...       0.8141 seconds
               CLDPROC completed...       1.2173 seconds
                  CHEM completed...      15.6219 seconds
                  AERO completed...      18.6431 seconds
            Master Time Step
            Processing completed...      59.1839 seconds
 
     Processing Day/Time [YYYYDDD:HHMMSS]: 2022182:101000
       Which is Equivalent to (UTC): 10:10:00 Friday,  July 1, 2022
       Time-Step Length (HHMMSS): 000500
                 VDIFF completed...      16.0313 seconds
                COUPLE completed...       0.2948 seconds
                  HADV completed...       4.1166 seconds
                  ZADV completed...       2.0044 seconds
                 HDIFF completed...       0.5735 seconds
              DECOUPLE completed...       0.3960 seconds
                  PHOT completed...       1.0730 seconds
               CLDPROC completed...       1.2945 seconds
                  CHEM completed...      15.9078 seconds
                  AERO completed...      18.4660 seconds
            Master Time Step
            Processing completed...      60.1581 seconds
 
     Processing Day/Time [YYYYDDD:HHMMSS]: 2022182:101500
       Which is Equivalent to (UTC): 10:15:00 Friday,  July 1, 2022
       Time-Step Length (HHMMSS): 000500
                 VDIFF completed...      15.8638 seconds
                COUPLE completed...       0.2795 seconds
                  HADV completed...       4.0547 seconds
                  ZADV completed...       1.9850 seconds
                 HDIFF completed...       0.4947 seconds
              DECOUPLE completed...       0.3198 seconds
                  PHOT completed...       1.3177 seconds
               CLDPROC completed...       1.4088 seconds
                  CHEM completed...      15.7545 seconds
                  AERO completed...      18.0814 seconds
            Master Time Step
            Processing completed...      59.5602 seconds
 
     Processing Day/Time [YYYYDDD:HHMMSS]: 2022182:102000
       Which is Equivalent to (UTC): 10:20:00 Friday,  July 1, 2022
       Time-Step Length (HHMMSS): 000500
                 VDIFF completed...      15.4077 seconds
                COUPLE completed...       0.2630 seconds
                  HADV completed...       3.9928 seconds
                  ZADV completed...       1.9133 seconds
                 HDIFF completed...       0.4828 seconds
              DECOUPLE completed...       0.3214 seconds
                  PHOT completed...       1.6959 seconds
               CLDPROC completed...       1.2835 seconds
                  CHEM completed...      15.8171 seconds
                  AERO completed...      18.2220 seconds
            Master Time Step
            Processing completed...      59.3999 seconds
 
     Processing Day/Time [YYYYDDD:HHMMSS]: 2022182:102500
       Which is Equivalent to (UTC): 10:25:00 Friday,  July 1, 2022
       Time-Step Length (HHMMSS): 000500
                 VDIFF completed...      16.2652 seconds
                COUPLE completed...       0.2633 seconds
                  HADV completed...       4.0057 seconds
                  ZADV completed...       1.9249 seconds
                 HDIFF completed...       0.4936 seconds
              DECOUPLE completed...       0.3231 seconds
                  PHOT completed...       2.0332 seconds
               CLDPROC completed...       1.2668 seconds
                  CHEM completed...      17.0010 seconds
                  AERO completed...      18.3806 seconds
            Master Time Step
            Processing completed...      61.9576 seconds
 
     Processing Day/Time [YYYYDDD:HHMMSS]: 2022182:103000
       Which is Equivalent to (UTC): 10:30:00 Friday,  July 1, 2022
       Time-Step Length (HHMMSS): 000500
                 VDIFF completed...      16.8756 seconds
                COUPLE completed...       0.2603 seconds
                  HADV completed...       4.0520 seconds
                  ZADV completed...       1.9397 seconds
                 HDIFF completed...       0.5173 seconds
              DECOUPLE completed...       0.3348 seconds
                  PHOT completed...       2.4555 seconds
               CLDPROC completed...       1.3042 seconds
                  CHEM completed...      17.5334 seconds
                  AERO completed...      18.3067 seconds
            Master Time Step
            Processing completed...      63.5799 seconds
 
     Processing Day/Time [YYYYDDD:HHMMSS]: 2022182:103500
       Which is Equivalent to (UTC): 10:35:00 Friday,  July 1, 2022
       Time-Step Length (HHMMSS): 000500
                 VDIFF completed...      15.6846 seconds
                COUPLE completed...       0.2619 seconds
                  HADV completed...       4.0043 seconds
                  ZADV completed...       1.9139 seconds
                 HDIFF completed...       0.4921 seconds
              DECOUPLE completed...       0.3460 seconds
                  PHOT completed...       2.9104 seconds
               CLDPROC completed...       1.2852 seconds
                  CHEM completed...      18.4671 seconds
                  AERO completed...      18.4198 seconds
            Master Time Step
            Processing completed...      63.7856 seconds
 
     Processing Day/Time [YYYYDDD:HHMMSS]: 2022182:104000
       Which is Equivalent to (UTC): 10:40:00 Friday,  July 1, 2022
       Time-Step Length (HHMMSS): 000500
                 VDIFF completed...      16.4153 seconds
                COUPLE completed...       0.2964 seconds
                  HADV completed...       4.1292 seconds
                  ZADV completed...       1.9835 seconds
                 HDIFF completed...       0.5002 seconds
              DECOUPLE completed...       0.3276 seconds
                  PHOT completed...       3.3659 seconds
               CLDPROC completed...       1.4247 seconds
                  CHEM completed...      20.3220 seconds
                  AERO completed...      18.8105 seconds
            Master Time Step
            Processing completed...      67.5756 seconds
 
     Processing Day/Time [YYYYDDD:HHMMSS]: 2022182:104500
       Which is Equivalent to (UTC): 10:45:00 Friday,  July 1, 2022
       Time-Step Length (HHMMSS): 000500
                 VDIFF completed...      16.4519 seconds
                COUPLE completed...       0.2654 seconds
                  HADV completed...       4.0971 seconds
                  ZADV completed...       1.9726 seconds
                 HDIFF completed...       0.5033 seconds
              DECOUPLE completed...       0.3293 seconds
                  PHOT completed...       3.7161 seconds
               CLDPROC completed...       1.2979 seconds
                  CHEM completed...      21.7558 seconds
                  AERO completed...      18.6479 seconds
            Master Time Step
            Processing completed...      69.0376 seconds
 
     Processing Day/Time [YYYYDDD:HHMMSS]: 2022182:105000
       Which is Equivalent to (UTC): 10:50:00 Friday,  July 1, 2022
       Time-Step Length (HHMMSS): 000500
                 VDIFF completed...      16.4064 seconds
                COUPLE completed...       0.2707 seconds
                  HADV completed...       4.1838 seconds
                  ZADV completed...       1.9972 seconds
                 HDIFF completed...       0.5193 seconds
              DECOUPLE completed...       0.3407 seconds
                  PHOT completed...       4.1135 seconds
               CLDPROC completed...       1.3412 seconds
                  CHEM completed...      23.1055 seconds
                  AERO completed...      18.7861 seconds
            Master Time Step
            Processing completed...      71.0647 seconds
 
     Processing Day/Time [YYYYDDD:HHMMSS]: 2022182:105500
       Which is Equivalent to (UTC): 10:55:00 Friday,  July 1, 2022
       Time-Step Length (HHMMSS): 000500
                 VDIFF completed...      16.3027 seconds
                COUPLE completed...       0.3176 seconds
                  HADV completed...       4.1661 seconds
                  ZADV completed...       1.9911 seconds
                 HDIFF completed...       0.5045 seconds
              DECOUPLE completed...       0.3295 seconds
                  PHOT completed...       4.3961 seconds
               CLDPROC completed...       1.4171 seconds
                  CHEM completed...      24.7484 seconds
                  AERO completed...      18.6266 seconds
            Master Time Step
            Processing completed...      72.7999 seconds
 
      =--> Data Output completed...       0.1042 seconds
 
     Processing Day/Time [YYYYDDD:HHMMSS]: 2022182:110000
       Which is Equivalent to (UTC): 11:00:00 Friday,  July 1, 2022
       Time-Step Length (HHMMSS): 000500
                 VDIFF completed...      17.9520 seconds
                COUPLE completed...       0.2670 seconds
                  HADV completed...       4.2402 seconds
                  ZADV completed...       1.9705 seconds
                 HDIFF completed...       0.4982 seconds
              DECOUPLE completed...       0.3380 seconds
                  PHOT completed...       4.6312 seconds
               CLDPROC completed...       1.4006 seconds
                  CHEM completed...      26.3830 seconds
                  AERO completed...      18.6112 seconds
            Master Time Step
            Processing completed...      76.2922 seconds
 
     Processing Day/Time [YYYYDDD:HHMMSS]: 2022182:110500
       Which is Equivalent to (UTC): 11:05:00 Friday,  July 1, 2022
       Time-Step Length (HHMMSS): 000500
                 VDIFF completed...      16.3080 seconds
                COUPLE completed...       0.2683 seconds
                  HADV completed...       4.1101 seconds
                  ZADV completed...       2.0127 seconds
                 HDIFF completed...       0.5276 seconds
              DECOUPLE completed...       0.3454 seconds
                  PHOT completed...       4.7817 seconds
               CLDPROC completed...       1.3582 seconds
                  CHEM completed...      28.3378 seconds
                  AERO completed...      18.6477 seconds
            Master Time Step
            Processing completed...      76.6978 seconds
 
     Processing Day/Time [YYYYDDD:HHMMSS]: 2022182:111000
       Which is Equivalent to (UTC): 11:10:00 Friday,  July 1, 2022
       Time-Step Length (HHMMSS): 000500
                 VDIFF completed...      16.9886 seconds
                COUPLE completed...       0.2700 seconds
                  HADV completed...       4.1314 seconds
                  ZADV completed...       1.9672 seconds
                 HDIFF completed...       0.5062 seconds
              DECOUPLE completed...       0.3283 seconds
                  PHOT completed...       4.8664 seconds
               CLDPROC completed...       1.3771 seconds
                  CHEM completed...      29.4264 seconds
                  AERO completed...      18.7616 seconds
            Master Time Step
            Processing completed...      78.6234 seconds
 
     Processing Day/Time [YYYYDDD:HHMMSS]: 2022182:111500
       Which is Equivalent to (UTC): 11:15:00 Friday,  July 1, 2022
       Time-Step Length (HHMMSS): 000500
                 VDIFF completed...      16.8381 seconds
                COUPLE completed...       0.2670 seconds
                  HADV completed...       4.1591 seconds
                  ZADV completed...       1.9818 seconds
                 HDIFF completed...       0.5212 seconds
              DECOUPLE completed...       0.3417 seconds
                  PHOT completed...       5.0398 seconds
               CLDPROC completed...       1.5167 seconds
                  CHEM completed...      30.5092 seconds
                  AERO completed...      18.7824 seconds
            Master Time Step
            Processing completed...      79.9573 seconds
 
     Processing Day/Time [YYYYDDD:HHMMSS]: 2022182:112000
       Which is Equivalent to (UTC): 11:20:00 Friday,  July 1, 2022
       Time-Step Length (HHMMSS): 000500
                 VDIFF completed...      16.4993 seconds
                COUPLE completed...       0.2708 seconds
                  HADV completed...       4.1032 seconds
                  ZADV completed...       1.9471 seconds
                 HDIFF completed...       0.5138 seconds
              DECOUPLE completed...       0.3332 seconds
                  PHOT completed...       5.0347 seconds
               CLDPROC completed...       1.4211 seconds
                  CHEM completed...      30.8546 seconds
                  AERO completed...      18.8047 seconds
            Master Time Step
            Processing completed...      79.7828 seconds
 
     Processing Day/Time [YYYYDDD:HHMMSS]: 2022182:112500
       Which is Equivalent to (UTC): 11:25:00 Friday,  July 1, 2022
       Time-Step Length (HHMMSS): 000500
                 VDIFF completed...      16.6025 seconds
                COUPLE completed...       0.2790 seconds
                  HADV completed...       4.1119 seconds
                  ZADV completed...       1.9993 seconds
                 HDIFF completed...       0.5118 seconds
              DECOUPLE completed...       0.3344 seconds
                  PHOT completed...       5.1301 seconds
               CLDPROC completed...       1.4422 seconds
                  CHEM completed...      30.7895 seconds
                  AERO completed...      18.5029 seconds
            Master Time Step
            Processing completed...      79.7039 seconds
 
     Processing Day/Time [YYYYDDD:HHMMSS]: 2022182:113000
       Which is Equivalent to (UTC): 11:30:00 Friday,  July 1, 2022
       Time-Step Length (HHMMSS): 000500
                 VDIFF completed...      17.1241 seconds
                COUPLE completed...       0.3026 seconds
                  HADV completed...       4.2324 seconds
                  ZADV completed...       1.9609 seconds
                 HDIFF completed...       0.5038 seconds
              DECOUPLE completed...       0.3280 seconds
                  PHOT completed...       5.0883 seconds
               CLDPROC completed...       1.5768 seconds
                  CHEM completed...      30.4680 seconds
                  AERO completed...      18.8583 seconds
            Master Time Step
            Processing completed...      80.4436 seconds
 
     Processing Day/Time [YYYYDDD:HHMMSS]: 2022182:113500
       Which is Equivalent to (UTC): 11:35:00 Friday,  July 1, 2022
       Time-Step Length (HHMMSS): 000500
                 VDIFF completed...      16.5355 seconds
                COUPLE completed...       0.2768 seconds
                  HADV completed...       4.1469 seconds
                  ZADV completed...       1.9794 seconds
                 HDIFF completed...       0.5147 seconds
              DECOUPLE completed...       0.3299 seconds
                  PHOT completed...       5.1345 seconds
               CLDPROC completed...       1.4884 seconds
                  CHEM completed...      30.5479 seconds
                  AERO completed...      18.7823 seconds
            Master Time Step
            Processing completed...      79.7366 seconds
 
     Processing Day/Time [YYYYDDD:HHMMSS]: 2022182:114000
       Which is Equivalent to (UTC): 11:40:00 Friday,  July 1, 2022
       Time-Step Length (HHMMSS): 000500
                 VDIFF completed...      16.7956 seconds
                COUPLE completed...       0.2598 seconds
                  HADV completed...       4.0654 seconds
                  ZADV completed...       2.0247 seconds
                 HDIFF completed...       0.5424 seconds
              DECOUPLE completed...       0.3413 seconds
                  PHOT completed...       5.0437 seconds
               CLDPROC completed...       1.4587 seconds
                  CHEM completed...      29.6167 seconds
                  AERO completed...      18.7448 seconds
            Master Time Step
            Processing completed...      78.8933 seconds
 
     Processing Day/Time [YYYYDDD:HHMMSS]: 2022182:114500
       Which is Equivalent to (UTC): 11:45:00 Friday,  July 1, 2022
       Time-Step Length (HHMMSS): 000500
                 VDIFF completed...      17.2696 seconds
                COUPLE completed...       0.2618 seconds
                  HADV completed...       4.1092 seconds
                  ZADV completed...       1.9402 seconds
                 HDIFF completed...       0.5029 seconds
              DECOUPLE completed...       0.3409 seconds
                  PHOT completed...       5.1175 seconds
               CLDPROC completed...       1.5125 seconds
                  CHEM completed...      30.0466 seconds
                  AERO completed...      18.8577 seconds
            Master Time Step
            Processing completed...      79.9592 seconds
 
     Processing Day/Time [YYYYDDD:HHMMSS]: 2022182:115000
       Which is Equivalent to (UTC): 11:50:00 Friday,  July 1, 2022
       Time-Step Length (HHMMSS): 000500
                 VDIFF completed...      17.8020 seconds
                COUPLE completed...       0.3084 seconds
                  HADV completed...       4.1938 seconds
                  ZADV completed...       1.9566 seconds
                 HDIFF completed...       0.5037 seconds
              DECOUPLE completed...       0.3287 seconds
                  PHOT completed...       5.0726 seconds
               CLDPROC completed...       1.5636 seconds
                  CHEM completed...      30.2213 seconds
                  AERO completed...      18.5902 seconds
            Master Time Step
            Processing completed...      80.5411 seconds
 
     Processing Day/Time [YYYYDDD:HHMMSS]: 2022182:115500
       Which is Equivalent to (UTC): 11:55:00 Friday,  July 1, 2022
       Time-Step Length (HHMMSS): 000500
                 VDIFF completed...      17.8658 seconds
                COUPLE completed...       0.3069 seconds
                  HADV completed...       4.2180 seconds
                  ZADV completed...       1.9963 seconds
                 HDIFF completed...       0.5110 seconds
              DECOUPLE completed...       0.3312 seconds
                  PHOT completed...       5.0950 seconds
               CLDPROC completed...       1.6093 seconds
                  CHEM completed...      30.6394 seconds
                  AERO completed...      18.7181 seconds
            Master Time Step
            Processing completed...      81.2914 seconds
 
      =--> Data Output completed...       0.1040 seconds
 
     Processing Day/Time [YYYYDDD:HHMMSS]: 2022182:120000
       Which is Equivalent to (UTC): 12:00:00 Friday,  July 1, 2022
       Time-Step Length (HHMMSS): 000500
                 VDIFF completed...      19.3612 seconds
                COUPLE completed...       0.2825 seconds
                  HADV completed...       4.3760 seconds
                  ZADV completed...       1.9882 seconds
                 HDIFF completed...       0.5178 seconds
              DECOUPLE completed...       0.3325 seconds
                  PHOT completed...       5.1881 seconds
               CLDPROC completed...       1.6149 seconds
                  CHEM completed...      30.4290 seconds
                  AERO completed...      18.5598 seconds
            Master Time Step
            Processing completed...      82.6502 seconds
 
     Processing Day/Time [YYYYDDD:HHMMSS]: 2022182:120500
       Which is Equivalent to (UTC): 12:05:00 Friday,  July 1, 2022
       Time-Step Length (HHMMSS): 000500
                 VDIFF completed...      17.7203 seconds
                COUPLE completed...       0.2690 seconds
                  HADV completed...       4.2039 seconds
                  ZADV completed...       1.9775 seconds
                 HDIFF completed...       0.5081 seconds
              DECOUPLE completed...       0.3350 seconds
                  PHOT completed...       5.0607 seconds
               CLDPROC completed...       1.6343 seconds
                  CHEM completed...      30.0808 seconds
                  AERO completed...      18.4658 seconds
            Master Time Step
            Processing completed...      80.2556 seconds
 
     Processing Day/Time [YYYYDDD:HHMMSS]: 2022182:121000
       Which is Equivalent to (UTC): 12:10:00 Friday,  July 1, 2022
       Time-Step Length (HHMMSS): 000500
                 VDIFF completed...      17.5434 seconds
                COUPLE completed...       0.2640 seconds
                  HADV completed...       3.9972 seconds
                  ZADV completed...       1.8899 seconds
                 HDIFF completed...       0.4887 seconds
              DECOUPLE completed...       0.3197 seconds
                  PHOT completed...       4.9669 seconds
               CLDPROC completed...       1.6582 seconds
                  CHEM completed...      29.7027 seconds
                  AERO completed...      18.0869 seconds
            Master Time Step
            Processing completed...      78.9180 seconds
 
     Processing Day/Time [YYYYDDD:HHMMSS]: 2022182:121500
       Which is Equivalent to (UTC): 12:15:00 Friday,  July 1, 2022
       Time-Step Length (HHMMSS): 000500
                 VDIFF completed...      17.4307 seconds
                COUPLE completed...       0.2589 seconds
                  HADV completed...       4.0303 seconds
                  ZADV completed...       1.9610 seconds
                 HDIFF completed...       0.5094 seconds
              DECOUPLE completed...       0.3318 seconds
                  PHOT completed...       5.1085 seconds
               CLDPROC completed...       1.7312 seconds
                  CHEM completed...      30.9928 seconds
                  AERO completed...      18.7843 seconds
            Master Time Step
            Processing completed...      81.1393 seconds
 
     Processing Day/Time [YYYYDDD:HHMMSS]: 2022182:122000
       Which is Equivalent to (UTC): 12:20:00 Friday,  July 1, 2022
       Time-Step Length (HHMMSS): 000500
                 VDIFF completed...      18.1028 seconds
                COUPLE completed...       0.2776 seconds
                  HADV completed...       4.1774 seconds
                  ZADV completed...       1.9570 seconds
                 HDIFF completed...       0.5182 seconds
              DECOUPLE completed...       0.3264 seconds
                  PHOT completed...       5.1680 seconds
               CLDPROC completed...       1.7314 seconds
                  CHEM completed...      31.4482 seconds
                  AERO completed...      18.5855 seconds
            Master Time Step
            Processing completed...      82.2928 seconds
 
     Processing Day/Time [YYYYDDD:HHMMSS]: 2022182:122500
       Which is Equivalent to (UTC): 12:25:00 Friday,  July 1, 2022
       Time-Step Length (HHMMSS): 000500
                 VDIFF completed...      17.6154 seconds
                COUPLE completed...       0.2683 seconds
                  HADV completed...       4.1639 seconds
                  ZADV completed...       1.9602 seconds
                 HDIFF completed...       0.5056 seconds
              DECOUPLE completed...       0.3325 seconds
                  PHOT completed...       5.1309 seconds
               CLDPROC completed...       1.7675 seconds
                  CHEM completed...      31.7513 seconds
                  AERO completed...      18.8705 seconds
            Master Time Step
            Processing completed...      82.3664 seconds
 
     Processing Day/Time [YYYYDDD:HHMMSS]: 2022182:123000
       Which is Equivalent to (UTC): 12:30:00 Friday,  July 1, 2022
       Time-Step Length (HHMMSS): 000500
                 VDIFF completed...      18.2684 seconds
                COUPLE completed...       0.2897 seconds
                  HADV completed...       4.1428 seconds
                  ZADV completed...       1.9289 seconds
                 HDIFF completed...       0.5143 seconds
              DECOUPLE completed...       0.3337 seconds
                  PHOT completed...       5.1288 seconds
               CLDPROC completed...       1.7495 seconds
                  CHEM completed...      32.0204 seconds
                  AERO completed...      18.7445 seconds
            Master Time Step
            Processing completed...      83.1213 seconds
 
     Processing Day/Time [YYYYDDD:HHMMSS]: 2022182:123500
       Which is Equivalent to (UTC): 12:35:00 Friday,  July 1, 2022
       Time-Step Length (HHMMSS): 000500
                 VDIFF completed...      17.4157 seconds
                COUPLE completed...       0.2649 seconds
                  HADV completed...       4.1089 seconds
                  ZADV completed...       1.8902 seconds
                 HDIFF completed...       0.5076 seconds
              DECOUPLE completed...       0.3239 seconds
                  PHOT completed...       5.1914 seconds
               CLDPROC completed...       1.9042 seconds
                  CHEM completed...      32.2781 seconds
                  AERO completed...      18.8203 seconds
            Master Time Step
            Processing completed...      82.7055 seconds
 
     Processing Day/Time [YYYYDDD:HHMMSS]: 2022182:124000
       Which is Equivalent to (UTC): 12:40:00 Friday,  July 1, 2022
       Time-Step Length (HHMMSS): 000500
                 VDIFF completed...      19.0492 seconds
                COUPLE completed...       0.2734 seconds
                  HADV completed...       4.1368 seconds
                  ZADV completed...       1.9537 seconds
                 HDIFF completed...       0.5172 seconds
              DECOUPLE completed...       0.3339 seconds
                  PHOT completed...       5.2103 seconds
               CLDPROC completed...       1.8159 seconds
                  CHEM completed...      32.6789 seconds
                  AERO completed...      18.8473 seconds
            Master Time Step
            Processing completed...      84.8168 seconds
 
     Processing Day/Time [YYYYDDD:HHMMSS]: 2022182:124500
       Which is Equivalent to (UTC): 12:45:00 Friday,  July 1, 2022
       Time-Step Length (HHMMSS): 000500
                 VDIFF completed...      18.6775 seconds
                COUPLE completed...       0.2710 seconds
                  HADV completed...       4.2362 seconds
                  ZADV completed...       2.0121 seconds
                 HDIFF completed...       0.5410 seconds
              DECOUPLE completed...       0.4198 seconds
                  PHOT completed...       5.1882 seconds
               CLDPROC completed...       1.7181 seconds
                  CHEM completed...      32.7484 seconds
                  AERO completed...      18.6498 seconds
            Master Time Step
            Processing completed...      84.4625 seconds
 
     Processing Day/Time [YYYYDDD:HHMMSS]: 2022182:125000
       Which is Equivalent to (UTC): 12:50:00 Friday,  July 1, 2022
       Time-Step Length (HHMMSS): 000500
                 VDIFF completed...      18.2640 seconds
                COUPLE completed...       0.2608 seconds
                  HADV completed...       4.1661 seconds
                  ZADV completed...       1.9474 seconds
                 HDIFF completed...       0.5262 seconds
              DECOUPLE completed...       0.3351 seconds
                  PHOT completed...       5.1524 seconds
               CLDPROC completed...       1.6872 seconds
                  CHEM completed...      32.4786 seconds
                  AERO completed...      18.7886 seconds
            Master Time Step
            Processing completed...      83.6068 seconds
 
     Processing Day/Time [YYYYDDD:HHMMSS]: 2022182:125500
       Which is Equivalent to (UTC): 12:55:00 Friday,  July 1, 2022
       Time-Step Length (HHMMSS): 000500
                 VDIFF completed...      18.9414 seconds
                COUPLE completed...       0.2707 seconds
                  HADV completed...       4.1333 seconds
                  ZADV completed...       1.9040 seconds
                 HDIFF completed...       0.4994 seconds
              DECOUPLE completed...       0.3222 seconds
                  PHOT completed...       5.0287 seconds
               CLDPROC completed...       1.7002 seconds
                  CHEM completed...      32.8820 seconds
                  AERO completed...      18.4308 seconds
            Master Time Step
            Processing completed...      84.1129 seconds
 
      =--> Data Output completed...       0.1028 seconds
 
     Processing Day/Time [YYYYDDD:HHMMSS]: 2022182:130000
       Which is Equivalent to (UTC): 13:00:00 Friday,  July 1, 2022
       Time-Step Length (HHMMSS): 000500
                 VDIFF completed...      21.2394 seconds
                COUPLE completed...       0.2669 seconds
                  HADV completed...       3.9963 seconds
                  ZADV completed...       1.9322 seconds
                 HDIFF completed...       0.5086 seconds
              DECOUPLE completed...       0.3346 seconds
                  PHOT completed...       5.0098 seconds
               CLDPROC completed...       1.6001 seconds
                  CHEM completed...      33.5893 seconds
                  AERO completed...      18.5993 seconds
            Master Time Step
            Processing completed...      87.0770 seconds
 
     Processing Day/Time [YYYYDDD:HHMMSS]: 2022182:130500
       Which is Equivalent to (UTC): 13:05:00 Friday,  July 1, 2022
       Time-Step Length (HHMMSS): 000500
                 VDIFF completed...      19.0337 seconds
                COUPLE completed...       0.2690 seconds
                  HADV completed...       4.0098 seconds
                  ZADV completed...       1.9662 seconds
                 HDIFF completed...       0.5028 seconds
              DECOUPLE completed...       0.3202 seconds
                  PHOT completed...       5.0785 seconds
               CLDPROC completed...       1.5829 seconds
                  CHEM completed...      34.1154 seconds
                  AERO completed...      18.6932 seconds
            Master Time Step
            Processing completed...      85.5721 seconds
 
     Processing Day/Time [YYYYDDD:HHMMSS]: 2022182:131000
       Which is Equivalent to (UTC): 13:10:00 Friday,  July 1, 2022
       Time-Step Length (HHMMSS): 000500
                 VDIFF completed...      18.6897 seconds
                COUPLE completed...       0.2766 seconds
                  HADV completed...       3.9245 seconds
                  ZADV completed...       1.9497 seconds
                 HDIFF completed...       0.5048 seconds
              DECOUPLE completed...       0.3265 seconds
                  PHOT completed...       5.1081 seconds
               CLDPROC completed...       1.5758 seconds
                  CHEM completed...      34.3521 seconds
                  AERO completed...      18.6212 seconds
            Master Time Step
            Processing completed...      85.3295 seconds
 
     Processing Day/Time [YYYYDDD:HHMMSS]: 2022182:131500
       Which is Equivalent to (UTC): 13:15:00 Friday,  July 1, 2022
       Time-Step Length (HHMMSS): 000500
                 VDIFF completed...      19.3447 seconds
                COUPLE completed...       0.2708 seconds
                  HADV completed...       4.0291 seconds
                  ZADV completed...       1.9732 seconds
                 HDIFF completed...       0.5412 seconds
              DECOUPLE completed...       0.3693 seconds
                  PHOT completed...       5.2535 seconds
               CLDPROC completed...       1.6433 seconds
                  CHEM completed...      34.7578 seconds
                  AERO completed...      18.6423 seconds
            Master Time Step
            Processing completed...      86.8255 seconds
 
     Processing Day/Time [YYYYDDD:HHMMSS]: 2022182:132000
       Which is Equivalent to (UTC): 13:20:00 Friday,  July 1, 2022
       Time-Step Length (HHMMSS): 000500
                 VDIFF completed...      19.0152 seconds
                COUPLE completed...       0.2810 seconds
                  HADV completed...       4.0138 seconds
                  ZADV completed...       1.9298 seconds
                 HDIFF completed...       0.5125 seconds
              DECOUPLE completed...       0.3319 seconds
                  PHOT completed...       5.0426 seconds
               CLDPROC completed...       1.5182 seconds
                  CHEM completed...      34.6575 seconds
                  AERO completed...      18.5806 seconds
            Master Time Step
            Processing completed...      85.8833 seconds
 
     Processing Day/Time [YYYYDDD:HHMMSS]: 2022182:132500
       Which is Equivalent to (UTC): 13:25:00 Friday,  July 1, 2022
       Time-Step Length (HHMMSS): 000500
                 VDIFF completed...      19.4783 seconds
                COUPLE completed...       0.2613 seconds
                  HADV completed...       3.9685 seconds
                  ZADV completed...       1.9707 seconds
                 HDIFF completed...       0.5472 seconds
              DECOUPLE completed...       0.3240 seconds
                  PHOT completed...       4.9066 seconds
               CLDPROC completed...       1.4751 seconds
                  CHEM completed...      35.2274 seconds
                  AERO completed...      18.7474 seconds
            Master Time Step
            Processing completed...      86.9068 seconds
 
     Processing Day/Time [YYYYDDD:HHMMSS]: 2022182:133000
       Which is Equivalent to (UTC): 13:30:00 Friday,  July 1, 2022
       Time-Step Length (HHMMSS): 000500
                 VDIFF completed...      19.3146 seconds
                COUPLE completed...       0.2828 seconds
                  HADV completed...       3.9637 seconds
                  ZADV completed...       1.9543 seconds
                 HDIFF completed...       0.5072 seconds
              DECOUPLE completed...       0.3336 seconds
                  PHOT completed...       5.1035 seconds
               CLDPROC completed...       1.5035 seconds
                  CHEM completed...      35.1875 seconds
                  AERO completed...      18.3592 seconds
            Master Time Step
            Processing completed...      86.5103 seconds
 
     Processing Day/Time [YYYYDDD:HHMMSS]: 2022182:133500
       Which is Equivalent to (UTC): 13:35:00 Friday,  July 1, 2022
       Time-Step Length (HHMMSS): 000500
                 VDIFF completed...      19.3791 seconds
                COUPLE completed...       0.2832 seconds
                  HADV completed...       3.8809 seconds
                  ZADV completed...       1.9033 seconds
                 HDIFF completed...       0.5011 seconds
              DECOUPLE completed...       0.3370 seconds
                  PHOT completed...       5.0960 seconds
               CLDPROC completed...       1.4563 seconds
                  CHEM completed...      34.7828 seconds
                  AERO completed...      18.6003 seconds
            Master Time Step
            Processing completed...      86.2204 seconds
 
     Processing Day/Time [YYYYDDD:HHMMSS]: 2022182:134000
       Which is Equivalent to (UTC): 13:40:00 Friday,  July 1, 2022
       Time-Step Length (HHMMSS): 000500
                 VDIFF completed...      19.0844 seconds
                COUPLE completed...       0.2655 seconds
                  HADV completed...       3.7918 seconds
                  ZADV completed...       1.8668 seconds
                 HDIFF completed...       0.4982 seconds
              DECOUPLE completed...       0.3231 seconds
                  PHOT completed...       4.9036 seconds
               CLDPROC completed...       1.4082 seconds
                  CHEM completed...      34.0868 seconds
                  AERO completed...      18.0613 seconds
            Master Time Step
            Processing completed...      84.2901 seconds
 
     Processing Day/Time [YYYYDDD:HHMMSS]: 2022182:134500
       Which is Equivalent to (UTC): 13:45:00 Friday,  July 1, 2022
       Time-Step Length (HHMMSS): 000500
                 VDIFF completed...      19.6048 seconds
                COUPLE completed...       0.2774 seconds
                  HADV completed...       3.9656 seconds
                  ZADV completed...       1.9604 seconds
                 HDIFF completed...       0.5101 seconds
              DECOUPLE completed...       0.3323 seconds
                  PHOT completed...       4.9535 seconds
               CLDPROC completed...       1.3957 seconds
                  CHEM completed...      34.7888 seconds
                  AERO completed...      18.3633 seconds
            Master Time Step
            Processing completed...      86.1523 seconds
 
     Processing Day/Time [YYYYDDD:HHMMSS]: 2022182:135000
       Which is Equivalent to (UTC): 13:50:00 Friday,  July 1, 2022
       Time-Step Length (HHMMSS): 000500
                 VDIFF completed...      19.4502 seconds
                COUPLE completed...       0.2569 seconds
                  HADV completed...       3.8696 seconds
                  ZADV completed...       1.8870 seconds
                 HDIFF completed...       0.4893 seconds
              DECOUPLE completed...       0.3212 seconds
                  PHOT completed...       4.9822 seconds
               CLDPROC completed...       1.3858 seconds
                  CHEM completed...      34.5361 seconds
                  AERO completed...      18.0818 seconds
            Master Time Step
            Processing completed...      85.2604 seconds
 
     Processing Day/Time [YYYYDDD:HHMMSS]: 2022182:135500
       Which is Equivalent to (UTC): 13:55:00 Friday,  July 1, 2022
       Time-Step Length (HHMMSS): 000500
                 VDIFF completed...      19.5577 seconds
                COUPLE completed...       0.2662 seconds
                  HADV completed...       3.8899 seconds
                  ZADV completed...       1.9271 seconds
                 HDIFF completed...       0.4987 seconds
              DECOUPLE completed...       0.3337 seconds
                  PHOT completed...       4.9521 seconds
               CLDPROC completed...       1.4501 seconds
                  CHEM completed...      34.7757 seconds
                  AERO completed...      18.2801 seconds
            Master Time Step
            Processing completed...      85.9316 seconds
 
      =--> Data Output completed...       0.1023 seconds
 
     Processing Day/Time [YYYYDDD:HHMMSS]: 2022182:140000
       Which is Equivalent to (UTC): 14:00:00 Friday,  July 1, 2022
       Time-Step Length (HHMMSS): 000500
                 VDIFF completed...      22.4860 seconds
                COUPLE completed...       0.2589 seconds
                  HADV completed...       4.1820 seconds
                  ZADV completed...       1.8645 seconds
                 HDIFF completed...       0.5219 seconds
              DECOUPLE completed...       0.3747 seconds
                  PHOT completed...       5.0068 seconds
               CLDPROC completed...       1.3684 seconds
                  CHEM completed...      34.7702 seconds
                  AERO completed...      18.1639 seconds
            Master Time Step
            Processing completed...      88.9978 seconds
 
     Processing Day/Time [YYYYDDD:HHMMSS]: 2022182:140500
       Which is Equivalent to (UTC): 14:05:00 Friday,  July 1, 2022
       Time-Step Length (HHMMSS): 000500
                 VDIFF completed...      20.0230 seconds
                COUPLE completed...       0.2994 seconds
                  HADV completed...       4.2632 seconds
                  ZADV completed...       1.9242 seconds
                 HDIFF completed...       0.5649 seconds
              DECOUPLE completed...       0.3655 seconds
                  PHOT completed...       4.9245 seconds
               CLDPROC completed...       1.3624 seconds
                  CHEM completed...      34.9699 seconds
                  AERO completed...      18.4595 seconds
            Master Time Step
            Processing completed...      87.1568 seconds
 
     Processing Day/Time [YYYYDDD:HHMMSS]: 2022182:141000
       Which is Equivalent to (UTC): 14:10:00 Friday,  July 1, 2022
       Time-Step Length (HHMMSS): 000500
                 VDIFF completed...      20.5885 seconds
                COUPLE completed...       0.2725 seconds
                  HADV completed...       4.2894 seconds
                  ZADV completed...       1.9325 seconds
                 HDIFF completed...       0.5123 seconds
              DECOUPLE completed...       0.3430 seconds
                  PHOT completed...       5.1371 seconds
               CLDPROC completed...       1.4461 seconds
                  CHEM completed...      35.8789 seconds
                  AERO completed...      18.6808 seconds
            Master Time Step
            Processing completed...      89.0814 seconds
 
     Processing Day/Time [YYYYDDD:HHMMSS]: 2022182:141500
       Which is Equivalent to (UTC): 14:15:00 Friday,  July 1, 2022
       Time-Step Length (HHMMSS): 000500
                 VDIFF completed...      20.7688 seconds
                COUPLE completed...       0.3110 seconds
                  HADV completed...       4.2281 seconds
                  ZADV completed...       1.9176 seconds
                 HDIFF completed...       0.5063 seconds
              DECOUPLE completed...       0.3299 seconds
                  PHOT completed...       5.0184 seconds
               CLDPROC completed...       1.4692 seconds
                  CHEM completed...      35.0970 seconds
                  AERO completed...      18.3766 seconds
            Master Time Step
            Processing completed...      88.0232 seconds
 
     Processing Day/Time [YYYYDDD:HHMMSS]: 2022182:142000
       Which is Equivalent to (UTC): 14:20:00 Friday,  July 1, 2022
       Time-Step Length (HHMMSS): 000500
                 VDIFF completed...      19.8734 seconds
                COUPLE completed...       0.2560 seconds
                  HADV completed...       4.0115 seconds
                  ZADV completed...       1.8426 seconds
                 HDIFF completed...       0.4966 seconds
              DECOUPLE completed...       0.3229 seconds
                  PHOT completed...       4.8926 seconds
               CLDPROC completed...       1.3837 seconds
                  CHEM completed...      34.5931 seconds
                  AERO completed...      18.1291 seconds
            Master Time Step
            Processing completed...      85.8018 seconds
 
     Processing Day/Time [YYYYDDD:HHMMSS]: 2022182:142500
       Which is Equivalent to (UTC): 14:25:00 Friday,  July 1, 2022
       Time-Step Length (HHMMSS): 000500
                 VDIFF completed...      20.7961 seconds
                COUPLE completed...       0.2787 seconds
                  HADV completed...       4.2890 seconds
                  ZADV completed...       1.9304 seconds
                 HDIFF completed...       0.5239 seconds
              DECOUPLE completed...       0.3479 seconds
                  PHOT completed...       5.1150 seconds
               CLDPROC completed...       1.3963 seconds
                  CHEM completed...      35.6956 seconds
                  AERO completed...      18.8571 seconds
            Master Time Step
            Processing completed...      89.2305 seconds
 
     Processing Day/Time [YYYYDDD:HHMMSS]: 2022182:143000
       Which is Equivalent to (UTC): 14:30:00 Friday,  July 1, 2022
       Time-Step Length (HHMMSS): 000500
                 VDIFF completed...      21.3812 seconds
                COUPLE completed...       0.2682 seconds
                  HADV completed...       4.1886 seconds
                  ZADV completed...       1.9210 seconds
                 HDIFF completed...       0.5143 seconds
              DECOUPLE completed...       0.3421 seconds
                  PHOT completed...       5.1048 seconds
               CLDPROC completed...       1.4158 seconds
                  CHEM completed...      35.6417 seconds
                  AERO completed...      18.7799 seconds
            Master Time Step
            Processing completed...      89.5579 seconds
 
     Processing Day/Time [YYYYDDD:HHMMSS]: 2022182:143500
       Which is Equivalent to (UTC): 14:35:00 Friday,  July 1, 2022
       Time-Step Length (HHMMSS): 000500
                 VDIFF completed...      21.6900 seconds
                COUPLE completed...       0.2665 seconds
                  HADV completed...       4.0729 seconds
                  ZADV completed...       1.8554 seconds
                 HDIFF completed...       0.5223 seconds
              DECOUPLE completed...       0.3491 seconds
                  PHOT completed...       4.8459 seconds
               CLDPROC completed...       1.4060 seconds
                  CHEM completed...      33.7229 seconds
                  AERO completed...      18.4965 seconds
            Master Time Step
            Processing completed...      87.2278 seconds
 
     Processing Day/Time [YYYYDDD:HHMMSS]: 2022182:144000
       Which is Equivalent to (UTC): 14:40:00 Friday,  July 1, 2022
       Time-Step Length (HHMMSS): 000500
                 VDIFF completed...      19.2478 seconds
                COUPLE completed...       0.2611 seconds
                  HADV completed...       4.0810 seconds
                  ZADV completed...       1.9149 seconds
                 HDIFF completed...       0.5187 seconds
              DECOUPLE completed...       0.3395 seconds
                  PHOT completed...       4.9200 seconds
               CLDPROC completed...       1.3205 seconds
                  CHEM completed...      32.9617 seconds
                  AERO completed...      17.7268 seconds
            Master Time Step
            Processing completed...      83.2923 seconds
 
     Processing Day/Time [YYYYDDD:HHMMSS]: 2022182:144500
       Which is Equivalent to (UTC): 14:45:00 Friday,  July 1, 2022
       Time-Step Length (HHMMSS): 000500
                 VDIFF completed...      19.6187 seconds
                COUPLE completed...       0.2575 seconds
                  HADV completed...       3.8807 seconds
                  ZADV completed...       1.8054 seconds
                 HDIFF completed...       0.4957 seconds
              DECOUPLE completed...       0.3205 seconds
                  PHOT completed...       4.8507 seconds
               CLDPROC completed...       1.3349 seconds
                  CHEM completed...      34.0226 seconds
                  AERO completed...      18.3477 seconds
            Master Time Step
            Processing completed...      84.9348 seconds
 
     Processing Day/Time [YYYYDDD:HHMMSS]: 2022182:145000
       Which is Equivalent to (UTC): 14:50:00 Friday,  July 1, 2022
       Time-Step Length (HHMMSS): 000500
                 VDIFF completed...      20.3494 seconds
                COUPLE completed...       0.2559 seconds
                  HADV completed...       4.0649 seconds
                  ZADV completed...       1.8488 seconds
                 HDIFF completed...       0.4865 seconds
              DECOUPLE completed...       0.3289 seconds
                  PHOT completed...       4.9517 seconds
               CLDPROC completed...       1.3431 seconds
                  CHEM completed...      34.0190 seconds
                  AERO completed...      18.0894 seconds
            Master Time Step
            Processing completed...      85.7379 seconds
 
     Processing Day/Time [YYYYDDD:HHMMSS]: 2022182:145500
       Which is Equivalent to (UTC): 14:55:00 Friday,  July 1, 2022
       Time-Step Length (HHMMSS): 000500
                 VDIFF completed...      20.8506 seconds
                COUPLE completed...       0.2941 seconds
                  HADV completed...       4.1514 seconds
                  ZADV completed...       1.8701 seconds
                 HDIFF completed...       0.5312 seconds
              DECOUPLE completed...       0.3245 seconds
                  PHOT completed...       4.9240 seconds
               CLDPROC completed...       1.3841 seconds
                  CHEM completed...      34.1996 seconds
                  AERO completed...      18.1003 seconds
            Master Time Step
            Processing completed...      86.6300 seconds
 
      =--> Data Output completed...       0.0997 seconds
 
     Processing Day/Time [YYYYDDD:HHMMSS]: 2022182:150000
       Which is Equivalent to (UTC): 15:00:00 Friday,  July 1, 2022
       Time-Step Length (HHMMSS): 000500
                 VDIFF completed...      23.1009 seconds
                COUPLE completed...       0.2668 seconds
                  HADV completed...       4.1492 seconds
                  ZADV completed...       1.8390 seconds
                 HDIFF completed...       0.4981 seconds
              DECOUPLE completed...       0.3264 seconds
                  PHOT completed...       4.9139 seconds
               CLDPROC completed...       1.3418 seconds
                  CHEM completed...      34.2640 seconds
                  AERO completed...      18.5237 seconds
            Master Time Step
            Processing completed...      89.2242 seconds
 
     Processing Day/Time [YYYYDDD:HHMMSS]: 2022182:150500
       Which is Equivalent to (UTC): 15:05:00 Friday,  July 1, 2022
       Time-Step Length (HHMMSS): 000500
                 VDIFF completed...      20.3640 seconds
                COUPLE completed...       0.2625 seconds
                  HADV completed...       4.0734 seconds
                  ZADV completed...       1.8709 seconds
                 HDIFF completed...       0.4968 seconds
              DECOUPLE completed...       0.3374 seconds
                  PHOT completed...       4.9693 seconds
               CLDPROC completed...       1.3548 seconds
                  CHEM completed...      34.3482 seconds
                  AERO completed...      18.4401 seconds
            Master Time Step
            Processing completed...      86.5177 seconds
 
     Processing Day/Time [YYYYDDD:HHMMSS]: 2022182:151000
       Which is Equivalent to (UTC): 15:10:00 Friday,  July 1, 2022
       Time-Step Length (HHMMSS): 000500
                 VDIFF completed...      20.4957 seconds
                COUPLE completed...       0.2568 seconds
                  HADV completed...       4.0188 seconds
                  ZADV completed...       1.8367 seconds
                 HDIFF completed...       0.4928 seconds
              DECOUPLE completed...       0.3299 seconds
                  PHOT completed...       4.8818 seconds
               CLDPROC completed...       1.3485 seconds
                  CHEM completed...      33.9329 seconds
                  AERO completed...      18.4335 seconds
            Master Time Step
            Processing completed...      86.0277 seconds
 
     Processing Day/Time [YYYYDDD:HHMMSS]: 2022182:151500
       Which is Equivalent to (UTC): 15:15:00 Friday,  July 1, 2022
       Time-Step Length (HHMMSS): 000500
                 VDIFF completed...      21.5581 seconds
                COUPLE completed...       0.2592 seconds
                  HADV completed...       4.1502 seconds
                  ZADV completed...       1.9049 seconds
                 HDIFF completed...       0.4897 seconds
              DECOUPLE completed...       0.3314 seconds
                  PHOT completed...       5.0139 seconds
               CLDPROC completed...       1.3321 seconds
                  CHEM completed...      32.8704 seconds
                  AERO completed...      17.4747 seconds
            Master Time Step
            Processing completed...      85.3849 seconds
 
     Processing Day/Time [YYYYDDD:HHMMSS]: 2022182:152000
       Which is Equivalent to (UTC): 15:20:00 Friday,  July 1, 2022
       Time-Step Length (HHMMSS): 000500
                 VDIFF completed...      20.3783 seconds
                COUPLE completed...       0.2605 seconds
                  HADV completed...       3.9712 seconds
                  ZADV completed...       1.7792 seconds
                 HDIFF completed...       0.4810 seconds
              DECOUPLE completed...       0.3243 seconds
                  PHOT completed...       4.7583 seconds
               CLDPROC completed...       1.4406 seconds
                  CHEM completed...      33.3124 seconds
                  AERO completed...      17.8615 seconds
            Master Time Step
            Processing completed...      84.5676 seconds
 
     Processing Day/Time [YYYYDDD:HHMMSS]: 2022182:152500
       Which is Equivalent to (UTC): 15:25:00 Friday,  July 1, 2022
       Time-Step Length (HHMMSS): 000500
                 VDIFF completed...      20.8705 seconds
                COUPLE completed...       0.2564 seconds
                  HADV completed...       4.0660 seconds
                  ZADV completed...       1.8964 seconds
                 HDIFF completed...       0.5206 seconds
              DECOUPLE completed...       0.3429 seconds
                  PHOT completed...       4.9577 seconds
               CLDPROC completed...       1.3880 seconds
                  CHEM completed...      33.8444 seconds
                  AERO completed...      18.4525 seconds
            Master Time Step
            Processing completed...      86.5957 seconds
 
     Processing Day/Time [YYYYDDD:HHMMSS]: 2022182:153000
       Which is Equivalent to (UTC): 15:30:00 Friday,  July 1, 2022
       Time-Step Length (HHMMSS): 000500
                 VDIFF completed...      20.5587 seconds
                COUPLE completed...       0.2625 seconds
                  HADV completed...       3.9962 seconds
                  ZADV completed...       1.8226 seconds
                 HDIFF completed...       0.4873 seconds
              DECOUPLE completed...       0.3199 seconds
                  PHOT completed...       4.9506 seconds
               CLDPROC completed...       1.3360 seconds
                  CHEM completed...      33.3782 seconds
                  AERO completed...      18.3964 seconds
            Master Time Step
            Processing completed...      85.5089 seconds
 
     Processing Day/Time [YYYYDDD:HHMMSS]: 2022182:153500
       Which is Equivalent to (UTC): 15:35:00 Friday,  July 1, 2022
       Time-Step Length (HHMMSS): 000500
                 VDIFF completed...      22.0408 seconds
                COUPLE completed...       0.2601 seconds
                  HADV completed...       4.0291 seconds
                  ZADV completed...       1.8082 seconds
                 HDIFF completed...       0.4770 seconds
              DECOUPLE completed...       0.3186 seconds
                  PHOT completed...       4.7581 seconds
               CLDPROC completed...       1.3346 seconds
                  CHEM completed...      32.7114 seconds
                  AERO completed...      18.4315 seconds
            Master Time Step
            Processing completed...      86.1697 seconds
 
     Processing Day/Time [YYYYDDD:HHMMSS]: 2022182:154000
       Which is Equivalent to (UTC): 15:40:00 Friday,  July 1, 2022
       Time-Step Length (HHMMSS): 000500
                 VDIFF completed...      21.2020 seconds
                COUPLE completed...       0.2546 seconds
                  HADV completed...       3.8882 seconds
                  ZADV completed...       1.8165 seconds
                 HDIFF completed...       0.4804 seconds
              DECOUPLE completed...       0.3143 seconds
                  PHOT completed...       4.9059 seconds
               CLDPROC completed...       1.3199 seconds
                  CHEM completed...      32.8901 seconds
                  AERO completed...      18.2958 seconds
            Master Time Step
            Processing completed...      85.3679 seconds
 
     Processing Day/Time [YYYYDDD:HHMMSS]: 2022182:154500
       Which is Equivalent to (UTC): 15:45:00 Friday,  July 1, 2022
       Time-Step Length (HHMMSS): 000500
                 VDIFF completed...      21.6000 seconds
                COUPLE completed...       0.2568 seconds
                  HADV completed...       4.1138 seconds
                  ZADV completed...       1.8377 seconds
                 HDIFF completed...       0.4919 seconds
              DECOUPLE completed...       0.3228 seconds
                  PHOT completed...       4.9014 seconds
               CLDPROC completed...       1.3545 seconds
                  CHEM completed...      33.2006 seconds
                  AERO completed...      18.4026 seconds
            Master Time Step
            Processing completed...      86.4825 seconds
 
     Processing Day/Time [YYYYDDD:HHMMSS]: 2022182:155000
       Which is Equivalent to (UTC): 15:50:00 Friday,  July 1, 2022
       Time-Step Length (HHMMSS): 000500
                 VDIFF completed...      22.8887 seconds
                COUPLE completed...       0.2671 seconds
                  HADV completed...       4.0564 seconds
                  ZADV completed...       1.9004 seconds
                 HDIFF completed...       0.5078 seconds
              DECOUPLE completed...       0.3375 seconds
                  PHOT completed...       5.0194 seconds
               CLDPROC completed...       1.4188 seconds
                  CHEM completed...      33.3224 seconds
                  AERO completed...      18.6224 seconds
            Master Time Step
            Processing completed...      88.3414 seconds
 
     Processing Day/Time [YYYYDDD:HHMMSS]: 2022182:155500
       Which is Equivalent to (UTC): 15:55:00 Friday,  July 1, 2022
       Time-Step Length (HHMMSS): 000500
                 VDIFF completed...      21.5341 seconds
                COUPLE completed...       0.3009 seconds
                  HADV completed...       4.1282 seconds
                  ZADV completed...       1.8722 seconds
                 HDIFF completed...       0.5193 seconds
              DECOUPLE completed...       0.3352 seconds
                  PHOT completed...       4.9890 seconds
               CLDPROC completed...       1.4182 seconds
                  CHEM completed...      33.1650 seconds
                  AERO completed...      18.2272 seconds
            Master Time Step
            Processing completed...      86.4897 seconds
 
      =--> Data Output completed...       0.0972 seconds
 
     Processing Day/Time [YYYYDDD:HHMMSS]: 2022182:160000
       Which is Equivalent to (UTC): 16:00:00 Friday,  July 1, 2022
       Time-Step Length (HHMMSS): 000500
                 VDIFF completed...      24.0115 seconds
                COUPLE completed...       0.2599 seconds
                  HADV completed...       4.0327 seconds
                  ZADV completed...       1.8853 seconds
                 HDIFF completed...       0.5028 seconds
              DECOUPLE completed...       0.3252 seconds
                  PHOT completed...       4.9687 seconds
               CLDPROC completed...       1.3686 seconds
                  CHEM completed...      33.6112 seconds
                  AERO completed...      18.8095 seconds
            Master Time Step
            Processing completed...      89.7757 seconds
 
     Processing Day/Time [YYYYDDD:HHMMSS]: 2022182:160500
       Which is Equivalent to (UTC): 16:05:00 Friday,  July 1, 2022
       Time-Step Length (HHMMSS): 000500
                 VDIFF completed...      22.2361 seconds
                COUPLE completed...       0.2670 seconds
                  HADV completed...       3.8469 seconds
                  ZADV completed...       1.8522 seconds
                 HDIFF completed...       0.5064 seconds
              DECOUPLE completed...       0.3231 seconds
                  PHOT completed...       4.9105 seconds
               CLDPROC completed...       1.3595 seconds
                  CHEM completed...      32.7953 seconds
                  AERO completed...      18.5083 seconds
            Master Time Step
            Processing completed...      86.6056 seconds
 
     Processing Day/Time [YYYYDDD:HHMMSS]: 2022182:161000
       Which is Equivalent to (UTC): 16:10:00 Friday,  July 1, 2022
       Time-Step Length (HHMMSS): 000500
                 VDIFF completed...      22.0550 seconds
                COUPLE completed...       0.2592 seconds
                  HADV completed...       3.8542 seconds
                  ZADV completed...       1.8430 seconds
                 HDIFF completed...       0.4955 seconds
              DECOUPLE completed...       0.3286 seconds
                  PHOT completed...       4.9150 seconds
               CLDPROC completed...       1.3831 seconds
                  CHEM completed...      33.2425 seconds
                  AERO completed...      18.7667 seconds
            Master Time Step
            Processing completed...      87.1429 seconds
 
     Processing Day/Time [YYYYDDD:HHMMSS]: 2022182:161500
       Which is Equivalent to (UTC): 16:15:00 Friday,  July 1, 2022
       Time-Step Length (HHMMSS): 000500
                 VDIFF completed...      21.9587 seconds
                COUPLE completed...       0.2658 seconds
                  HADV completed...       3.9475 seconds
                  ZADV completed...       1.9110 seconds
                 HDIFF completed...       0.4976 seconds
              DECOUPLE completed...       0.3212 seconds
                  PHOT completed...       4.9685 seconds
               CLDPROC completed...       1.3714 seconds
                  CHEM completed...      32.9767 seconds
                  AERO completed...      18.5548 seconds
            Master Time Step
            Processing completed...      86.7735 seconds
 
     Processing Day/Time [YYYYDDD:HHMMSS]: 2022182:162000
       Which is Equivalent to (UTC): 16:20:00 Friday,  July 1, 2022
       Time-Step Length (HHMMSS): 000500
                 VDIFF completed...      22.1113 seconds
                COUPLE completed...       0.2637 seconds
                  HADV completed...       3.9624 seconds
                  ZADV completed...       1.9139 seconds
                 HDIFF completed...       0.4961 seconds
              DECOUPLE completed...       0.3286 seconds
                  PHOT completed...       4.9305 seconds
               CLDPROC completed...       1.3656 seconds
                  CHEM completed...      32.7517 seconds
                  AERO completed...      18.6036 seconds
            Master Time Step
            Processing completed...      86.7277 seconds
 
     Processing Day/Time [YYYYDDD:HHMMSS]: 2022182:162500
       Which is Equivalent to (UTC): 16:25:00 Friday,  July 1, 2022
       Time-Step Length (HHMMSS): 000500
                 VDIFF completed...      22.4824 seconds
                COUPLE completed...       0.2578 seconds
                  HADV completed...       3.8116 seconds
                  ZADV completed...       1.8256 seconds
                 HDIFF completed...       0.4922 seconds
              DECOUPLE completed...       0.3230 seconds
                  PHOT completed...       4.8518 seconds
               CLDPROC completed...       1.3729 seconds
                  CHEM completed...      32.0638 seconds
                  AERO completed...      18.7338 seconds
            Master Time Step
            Processing completed...      86.2151 seconds
 
     Processing Day/Time [YYYYDDD:HHMMSS]: 2022182:163000
       Which is Equivalent to (UTC): 16:30:00 Friday,  July 1, 2022
       Time-Step Length (HHMMSS): 000500
                 VDIFF completed...      21.7036 seconds
                COUPLE completed...       0.2596 seconds
                  HADV completed...       3.8836 seconds
                  ZADV completed...       1.8586 seconds
                 HDIFF completed...       0.4836 seconds
              DECOUPLE completed...       0.3205 seconds
                  PHOT completed...       4.9527 seconds
               CLDPROC completed...       1.3837 seconds
                  CHEM completed...      32.6222 seconds
                  AERO completed...      18.5915 seconds
            Master Time Step
            Processing completed...      86.0599 seconds
 
     Processing Day/Time [YYYYDDD:HHMMSS]: 2022182:163500
       Which is Equivalent to (UTC): 16:35:00 Friday,  July 1, 2022
       Time-Step Length (HHMMSS): 000500
                 VDIFF completed...      21.4148 seconds
                COUPLE completed...       0.2620 seconds
                  HADV completed...       3.8301 seconds
                  ZADV completed...       1.8597 seconds
                 HDIFF completed...       0.4970 seconds
              DECOUPLE completed...       0.3247 seconds
                  PHOT completed...       4.8751 seconds
               CLDPROC completed...       1.3637 seconds
                  CHEM completed...      32.1539 seconds
                  AERO completed...      18.2242 seconds
            Master Time Step
            Processing completed...      84.8055 seconds
 
     Processing Day/Time [YYYYDDD:HHMMSS]: 2022182:164000
       Which is Equivalent to (UTC): 16:40:00 Friday,  July 1, 2022
       Time-Step Length (HHMMSS): 000500
                 VDIFF completed...      21.6993 seconds
                COUPLE completed...       0.2721 seconds
                  HADV completed...       3.8806 seconds
                  ZADV completed...       1.8659 seconds
                 HDIFF completed...       0.5087 seconds
              DECOUPLE completed...       0.3557 seconds
                  PHOT completed...       4.9441 seconds
               CLDPROC completed...       1.3853 seconds
                  CHEM completed...      32.3623 seconds
                  AERO completed...      18.4474 seconds
            Master Time Step
            Processing completed...      85.7216 seconds
 
     Processing Day/Time [YYYYDDD:HHMMSS]: 2022182:164500
       Which is Equivalent to (UTC): 16:45:00 Friday,  July 1, 2022
       Time-Step Length (HHMMSS): 000500
                 VDIFF completed...      22.5214 seconds
                COUPLE completed...       0.2626 seconds
                  HADV completed...       3.8572 seconds
                  ZADV completed...       1.8502 seconds
                 HDIFF completed...       0.4920 seconds
              DECOUPLE completed...       0.3221 seconds
                  PHOT completed...       4.8983 seconds
               CLDPROC completed...       1.3606 seconds
                  CHEM completed...      32.8244 seconds
                  AERO completed...      18.5624 seconds
            Master Time Step
            Processing completed...      86.9516 seconds
 
     Processing Day/Time [YYYYDDD:HHMMSS]: 2022182:165000
       Which is Equivalent to (UTC): 16:50:00 Friday,  July 1, 2022
       Time-Step Length (HHMMSS): 000500
                 VDIFF completed...      22.3517 seconds
                COUPLE completed...       0.2730 seconds
                  HADV completed...       3.9081 seconds
                  ZADV completed...       1.8764 seconds
                 HDIFF completed...       0.4916 seconds
              DECOUPLE completed...       0.3239 seconds
                  PHOT completed...       4.9909 seconds
               CLDPROC completed...       1.3881 seconds
                  CHEM completed...      32.7177 seconds
                  AERO completed...      18.7637 seconds
            Master Time Step
            Processing completed...      87.0854 seconds
 
     Processing Day/Time [YYYYDDD:HHMMSS]: 2022182:165500
       Which is Equivalent to (UTC): 16:55:00 Friday,  July 1, 2022
       Time-Step Length (HHMMSS): 000500
                 VDIFF completed...      21.8684 seconds
                COUPLE completed...       0.2937 seconds
                  HADV completed...       3.9670 seconds
                  ZADV completed...       1.8344 seconds
                 HDIFF completed...       0.4957 seconds
              DECOUPLE completed...       0.3240 seconds
                  PHOT completed...       4.9682 seconds
               CLDPROC completed...       1.4251 seconds
                  CHEM completed...      31.8326 seconds
                  AERO completed...      18.2647 seconds
            Master Time Step
            Processing completed...      85.2740 seconds
 
      =--> Data Output completed...       0.0975 seconds
 
     Processing Day/Time [YYYYDDD:HHMMSS]: 2022182:170000
       Which is Equivalent to (UTC): 17:00:00 Friday,  July 1, 2022
       Time-Step Length (HHMMSS): 000500
                 VDIFF completed...      23.8266 seconds
                COUPLE completed...       0.2548 seconds
                  HADV completed...       4.3571 seconds
                  ZADV completed...       1.8460 seconds
                 HDIFF completed...       0.5157 seconds
              DECOUPLE completed...       0.3302 seconds
                  PHOT completed...       4.8938 seconds
               CLDPROC completed...       1.4037 seconds
                  CHEM completed...      31.8725 seconds
                  AERO completed...      17.9483 seconds
            Master Time Step
            Processing completed...      87.2489 seconds
 
     Processing Day/Time [YYYYDDD:HHMMSS]: 2022182:170500
       Which is Equivalent to (UTC): 17:05:00 Friday,  July 1, 2022
       Time-Step Length (HHMMSS): 000500
                 VDIFF completed...      21.0640 seconds
                COUPLE completed...       0.2602 seconds
                  HADV completed...       4.1365 seconds
                  ZADV completed...       1.8022 seconds
                 HDIFF completed...       0.4853 seconds
              DECOUPLE completed...       0.3174 seconds
                  PHOT completed...       4.7678 seconds
               CLDPROC completed...       1.3583 seconds
                  CHEM completed...      31.8218 seconds
                  AERO completed...      18.1281 seconds
            Master Time Step
            Processing completed...      84.1420 seconds
 
     Processing Day/Time [YYYYDDD:HHMMSS]: 2022182:171000
       Which is Equivalent to (UTC): 17:10:00 Friday,  July 1, 2022
       Time-Step Length (HHMMSS): 000500
                 VDIFF completed...      21.7415 seconds
                COUPLE completed...       0.2670 seconds
                  HADV completed...       4.2564 seconds
                  ZADV completed...       1.8598 seconds
                 HDIFF completed...       0.4978 seconds
              DECOUPLE completed...       0.3407 seconds
                  PHOT completed...       4.8693 seconds
               CLDPROC completed...       1.4035 seconds
                  CHEM completed...      31.8208 seconds
                  AERO completed...      18.2069 seconds
            Master Time Step
            Processing completed...      85.2641 seconds
 
     Processing Day/Time [YYYYDDD:HHMMSS]: 2022182:171500
       Which is Equivalent to (UTC): 17:15:00 Friday,  July 1, 2022
       Time-Step Length (HHMMSS): 000500
                 VDIFF completed...      21.5175 seconds
                COUPLE completed...       0.2569 seconds
                  HADV completed...       4.2814 seconds
                  ZADV completed...       1.8189 seconds
                 HDIFF completed...       0.4882 seconds
              DECOUPLE completed...       0.3228 seconds
                  PHOT completed...       4.8445 seconds
               CLDPROC completed...       1.3765 seconds
                  CHEM completed...      31.9515 seconds
                  AERO completed...      18.3061 seconds
            Master Time Step
            Processing completed...      85.1647 seconds
 
     Processing Day/Time [YYYYDDD:HHMMSS]: 2022182:172000
       Which is Equivalent to (UTC): 17:20:00 Friday,  July 1, 2022
       Time-Step Length (HHMMSS): 000500
                 VDIFF completed...      21.7305 seconds
                COUPLE completed...       0.2650 seconds
                  HADV completed...       4.1785 seconds
                  ZADV completed...       1.8383 seconds
                 HDIFF completed...       0.4779 seconds
              DECOUPLE completed...       0.3513 seconds
                  PHOT completed...       4.8360 seconds
               CLDPROC completed...       1.4377 seconds
                  CHEM completed...      31.5348 seconds
                  AERO completed...      17.9801 seconds
            Master Time Step
            Processing completed...      84.6305 seconds
 
     Processing Day/Time [YYYYDDD:HHMMSS]: 2022182:172500
       Which is Equivalent to (UTC): 17:25:00 Friday,  July 1, 2022
       Time-Step Length (HHMMSS): 000500
                 VDIFF completed...      21.2706 seconds
                COUPLE completed...       0.2572 seconds
                  HADV completed...       4.1150 seconds
                  ZADV completed...       1.7806 seconds
                 HDIFF completed...       0.4769 seconds
              DECOUPLE completed...       0.3143 seconds
                  PHOT completed...       4.7254 seconds
               CLDPROC completed...       1.3572 seconds
                  CHEM completed...      32.0189 seconds
                  AERO completed...      17.9657 seconds
            Master Time Step
            Processing completed...      84.2822 seconds
 
     Processing Day/Time [YYYYDDD:HHMMSS]: 2022182:173000
       Which is Equivalent to (UTC): 17:30:00 Friday,  July 1, 2022
       Time-Step Length (HHMMSS): 000500
                 VDIFF completed...      22.0466 seconds
                COUPLE completed...       0.2607 seconds
                  HADV completed...       4.3273 seconds
                  ZADV completed...       1.8691 seconds
                 HDIFF completed...       0.4977 seconds
              DECOUPLE completed...       0.3364 seconds
                  PHOT completed...       4.9902 seconds
               CLDPROC completed...       1.4238 seconds
                  CHEM completed...      32.7056 seconds
                  AERO completed...      18.9169 seconds
            Master Time Step
            Processing completed...      87.3745 seconds
 
     Processing Day/Time [YYYYDDD:HHMMSS]: 2022182:173500
       Which is Equivalent to (UTC): 17:35:00 Friday,  July 1, 2022
       Time-Step Length (HHMMSS): 000500
                 VDIFF completed...      21.8978 seconds
                COUPLE completed...       0.2730 seconds
                  HADV completed...       4.3565 seconds
                  ZADV completed...       1.8431 seconds
                 HDIFF completed...       0.4943 seconds
              DECOUPLE completed...       0.3232 seconds
                  PHOT completed...       4.9084 seconds
               CLDPROC completed...       1.3882 seconds
                  CHEM completed...      31.9464 seconds
                  AERO completed...      18.2747 seconds
            Master Time Step
            Processing completed...      85.7059 seconds
 
     Processing Day/Time [YYYYDDD:HHMMSS]: 2022182:174000
       Which is Equivalent to (UTC): 17:40:00 Friday,  July 1, 2022
       Time-Step Length (HHMMSS): 000500
                 VDIFF completed...      21.7380 seconds
                COUPLE completed...       0.2587 seconds
                  HADV completed...       4.2745 seconds
                  ZADV completed...       1.7899 seconds
                 HDIFF completed...       0.4798 seconds
              DECOUPLE completed...       0.3167 seconds
                  PHOT completed...       4.8616 seconds
               CLDPROC completed...       1.3908 seconds
                  CHEM completed...      31.5478 seconds
                  AERO completed...      17.9217 seconds
            Master Time Step
            Processing completed...      84.5798 seconds
 
     Processing Day/Time [YYYYDDD:HHMMSS]: 2022182:174500
       Which is Equivalent to (UTC): 17:45:00 Friday,  July 1, 2022
       Time-Step Length (HHMMSS): 000500
                 VDIFF completed...      20.8191 seconds
                COUPLE completed...       0.2545 seconds
                  HADV completed...       4.1465 seconds
                  ZADV completed...       1.8205 seconds
                 HDIFF completed...       0.4798 seconds
              DECOUPLE completed...       0.3216 seconds
                  PHOT completed...       4.7327 seconds
               CLDPROC completed...       1.3503 seconds
                  CHEM completed...      31.3028 seconds
                  AERO completed...      18.4958 seconds
            Master Time Step
            Processing completed...      83.7239 seconds
 
     Processing Day/Time [YYYYDDD:HHMMSS]: 2022182:175000
       Which is Equivalent to (UTC): 17:50:00 Friday,  July 1, 2022
       Time-Step Length (HHMMSS): 000500
                 VDIFF completed...      22.1830 seconds
                COUPLE completed...       0.2698 seconds
                  HADV completed...       4.2500 seconds
                  ZADV completed...       1.8173 seconds
                 HDIFF completed...       0.5107 seconds
              DECOUPLE completed...       0.3164 seconds
                  PHOT completed...       4.9038 seconds
               CLDPROC completed...       1.4030 seconds
                  CHEM completed...      31.9381 seconds
                  AERO completed...      18.4402 seconds
            Master Time Step
            Processing completed...      86.0326 seconds
 
     Processing Day/Time [YYYYDDD:HHMMSS]: 2022182:175500
       Which is Equivalent to (UTC): 17:55:00 Friday,  July 1, 2022
       Time-Step Length (HHMMSS): 000500
                 VDIFF completed...      21.4871 seconds
                COUPLE completed...       0.2539 seconds
                  HADV completed...       4.2622 seconds
                  ZADV completed...       1.8381 seconds
                 HDIFF completed...       0.4912 seconds
              DECOUPLE completed...       0.3226 seconds
                  PHOT completed...       4.8937 seconds
               CLDPROC completed...       1.4184 seconds
                  CHEM completed...      32.0587 seconds
                  AERO completed...      18.2406 seconds
            Master Time Step
            Processing completed...      85.2668 seconds
 
      =--> Data Output completed...       0.0972 seconds
 
     Processing Day/Time [YYYYDDD:HHMMSS]: 2022182:180000
       Which is Equivalent to (UTC): 18:00:00 Friday,  July 1, 2022
       Time-Step Length (HHMMSS): 000500
                 VDIFF completed...      23.8384 seconds
                COUPLE completed...       0.2628 seconds
                  HADV completed...       4.3715 seconds
                  ZADV completed...       1.8873 seconds
                 HDIFF completed...       0.4841 seconds
              DECOUPLE completed...       0.3195 seconds
                  PHOT completed...       4.9622 seconds
               CLDPROC completed...       1.3329 seconds
                  CHEM completed...      32.0335 seconds
                  AERO completed...      18.0991 seconds
            Master Time Step
            Processing completed...      87.5915 seconds
 
     Processing Day/Time [YYYYDDD:HHMMSS]: 2022182:180500
       Which is Equivalent to (UTC): 18:05:00 Friday,  July 1, 2022
       Time-Step Length (HHMMSS): 000500
                 VDIFF completed...      20.9866 seconds
                COUPLE completed...       0.2639 seconds
                  HADV completed...       4.1004 seconds
                  ZADV completed...       1.7683 seconds
                 HDIFF completed...       0.4753 seconds
              DECOUPLE completed...       0.3140 seconds
                  PHOT completed...       4.7087 seconds
               CLDPROC completed...       1.3100 seconds
                  CHEM completed...      31.6141 seconds
                  AERO completed...      18.7511 seconds
            Master Time Step
            Processing completed...      84.2926 seconds
 
     Processing Day/Time [YYYYDDD:HHMMSS]: 2022182:181000
       Which is Equivalent to (UTC): 18:10:00 Friday,  July 1, 2022
       Time-Step Length (HHMMSS): 000500
                 VDIFF completed...      22.3080 seconds
                COUPLE completed...       0.2571 seconds
                  HADV completed...       4.3534 seconds
                  ZADV completed...       1.8990 seconds
                 HDIFF completed...       0.5071 seconds
              DECOUPLE completed...       0.3360 seconds
                  PHOT completed...       4.9989 seconds
               CLDPROC completed...       1.4272 seconds
                  CHEM completed...      32.8019 seconds
                  AERO completed...      18.9703 seconds
            Master Time Step
            Processing completed...      87.8593 seconds
 
     Processing Day/Time [YYYYDDD:HHMMSS]: 2022182:181500
       Which is Equivalent to (UTC): 18:15:00 Friday,  July 1, 2022
       Time-Step Length (HHMMSS): 000500
                 VDIFF completed...      22.1269 seconds
                COUPLE completed...       0.2657 seconds
                  HADV completed...       4.3469 seconds
                  ZADV completed...       1.8460 seconds
                 HDIFF completed...       0.4900 seconds
              DECOUPLE completed...       0.3233 seconds
                  PHOT completed...       4.9581 seconds
               CLDPROC completed...       1.3992 seconds
                  CHEM completed...      32.1460 seconds
                  AERO completed...      18.6725 seconds
            Master Time Step
            Processing completed...      86.5748 seconds
 
     Processing Day/Time [YYYYDDD:HHMMSS]: 2022182:182000
       Which is Equivalent to (UTC): 18:20:00 Friday,  July 1, 2022
       Time-Step Length (HHMMSS): 000500
                 VDIFF completed...      22.1326 seconds
                COUPLE completed...       0.2642 seconds
                  HADV completed...       4.2341 seconds
                  ZADV completed...       1.8391 seconds
                 HDIFF completed...       0.4801 seconds
              DECOUPLE completed...       0.3184 seconds
                  PHOT completed...       4.8618 seconds
               CLDPROC completed...       1.3572 seconds
                  CHEM completed...      31.4388 seconds
                  AERO completed...      17.9098 seconds
            Master Time Step
            Processing completed...      84.8365 seconds
 
     Processing Day/Time [YYYYDDD:HHMMSS]: 2022182:182500
       Which is Equivalent to (UTC): 18:25:00 Friday,  July 1, 2022
       Time-Step Length (HHMMSS): 000500
                 VDIFF completed...      21.3118 seconds
                COUPLE completed...       0.2593 seconds
                  HADV completed...       4.2056 seconds
                  ZADV completed...       1.8315 seconds
                 HDIFF completed...       0.4951 seconds
              DECOUPLE completed...       0.3243 seconds
                  PHOT completed...       4.7431 seconds
               CLDPROC completed...       1.3463 seconds
                  CHEM completed...      31.6509 seconds
                  AERO completed...      18.5041 seconds
            Master Time Step
            Processing completed...      84.6723 seconds
 
     Processing Day/Time [YYYYDDD:HHMMSS]: 2022182:183000
       Which is Equivalent to (UTC): 18:30:00 Friday,  July 1, 2022
       Time-Step Length (HHMMSS): 000500
                 VDIFF completed...      22.3000 seconds
                COUPLE completed...       0.2627 seconds
                  HADV completed...       4.3467 seconds
                  ZADV completed...       1.8753 seconds
                 HDIFF completed...       0.4923 seconds
              DECOUPLE completed...       0.3247 seconds
                  PHOT completed...       5.0020 seconds
               CLDPROC completed...       1.3833 seconds
                  CHEM completed...      32.8091 seconds
                  AERO completed...      18.4913 seconds
            Master Time Step
            Processing completed...      87.2877 seconds
 
     Processing Day/Time [YYYYDDD:HHMMSS]: 2022182:183500
       Which is Equivalent to (UTC): 18:35:00 Friday,  July 1, 2022
       Time-Step Length (HHMMSS): 000500
                 VDIFF completed...      21.2407 seconds
                COUPLE completed...       0.2534 seconds
                  HADV completed...       4.2252 seconds
                  ZADV completed...       1.8165 seconds
                 HDIFF completed...       0.4905 seconds
              DECOUPLE completed...       0.3227 seconds
                  PHOT completed...       4.8465 seconds
               CLDPROC completed...       1.3713 seconds
                  CHEM completed...      32.1480 seconds
                  AERO completed...      18.7706 seconds
            Master Time Step
            Processing completed...      85.4857 seconds
 
     Processing Day/Time [YYYYDDD:HHMMSS]: 2022182:184000
       Which is Equivalent to (UTC): 18:40:00 Friday,  July 1, 2022
       Time-Step Length (HHMMSS): 000500
                 VDIFF completed...      22.4230 seconds
                COUPLE completed...       0.2627 seconds
                  HADV completed...       4.3514 seconds
                  ZADV completed...       1.8097 seconds
                 HDIFF completed...       0.4769 seconds
              DECOUPLE completed...       0.3145 seconds
                  PHOT completed...       4.8708 seconds
               CLDPROC completed...       1.3876 seconds
                  CHEM completed...      31.3955 seconds
                  AERO completed...      18.6551 seconds
            Master Time Step
            Processing completed...      85.9474 seconds
 
     Processing Day/Time [YYYYDDD:HHMMSS]: 2022182:184500
       Which is Equivalent to (UTC): 18:45:00 Friday,  July 1, 2022
       Time-Step Length (HHMMSS): 000500
                 VDIFF completed...      21.3077 seconds
                COUPLE completed...       0.2562 seconds
                  HADV completed...       4.3444 seconds
                  ZADV completed...       1.8585 seconds
                 HDIFF completed...       0.4948 seconds
              DECOUPLE completed...       0.3294 seconds
                  PHOT completed...       4.9988 seconds
               CLDPROC completed...       1.3648 seconds
                  CHEM completed...      31.7443 seconds
                  AERO completed...      18.3925 seconds
            Master Time Step
            Processing completed...      85.0917 seconds
 
     Processing Day/Time [YYYYDDD:HHMMSS]: 2022182:185000
       Which is Equivalent to (UTC): 18:50:00 Friday,  July 1, 2022
       Time-Step Length (HHMMSS): 000500
                 VDIFF completed...      21.4636 seconds
                COUPLE completed...       0.2747 seconds
                  HADV completed...       4.2635 seconds
                  ZADV completed...       1.7928 seconds
                 HDIFF completed...       0.5103 seconds
              DECOUPLE completed...       0.3446 seconds
                  PHOT completed...       4.8050 seconds
               CLDPROC completed...       1.3432 seconds
                  CHEM completed...      31.8006 seconds
                  AERO completed...      18.0387 seconds
            Master Time Step
            Processing completed...      84.6373 seconds
 
     Processing Day/Time [YYYYDDD:HHMMSS]: 2022182:185500
       Which is Equivalent to (UTC): 18:55:00 Friday,  July 1, 2022
       Time-Step Length (HHMMSS): 000500
                 VDIFF completed...      20.8397 seconds
                COUPLE completed...       0.2907 seconds
                  HADV completed...       4.1504 seconds
                  ZADV completed...       1.7794 seconds
                 HDIFF completed...       0.4811 seconds
              DECOUPLE completed...       0.3198 seconds
                  PHOT completed...       4.7664 seconds
               CLDPROC completed...       1.4135 seconds
                  CHEM completed...      31.9148 seconds
                  AERO completed...      18.4698 seconds
            Master Time Step
            Processing completed...      84.4258 seconds
 
      =--> Data Output completed...       0.1025 seconds
 
     Processing Day/Time [YYYYDDD:HHMMSS]: 2022182:190000
       Which is Equivalent to (UTC): 19:00:00 Friday,  July 1, 2022
       Time-Step Length (HHMMSS): 000500
                 VDIFF completed...      23.1009 seconds
                COUPLE completed...       0.2572 seconds
                  HADV completed...       4.0957 seconds
                  ZADV completed...       1.8620 seconds
                 HDIFF completed...       0.4904 seconds
              DECOUPLE completed...       0.3232 seconds
                  PHOT completed...       4.9941 seconds
               CLDPROC completed...       1.3500 seconds
                  CHEM completed...      32.9609 seconds
                  AERO completed...      18.8347 seconds
            Master Time Step
            Processing completed...      88.2695 seconds
 
     Processing Day/Time [YYYYDDD:HHMMSS]: 2022182:190500
       Which is Equivalent to (UTC): 19:05:00 Friday,  July 1, 2022
       Time-Step Length (HHMMSS): 000500
                 VDIFF completed...      21.2361 seconds
                COUPLE completed...       0.2765 seconds
                  HADV completed...       3.8914 seconds
                  ZADV completed...       1.8381 seconds
                 HDIFF completed...       0.4944 seconds
              DECOUPLE completed...       0.3249 seconds
                  PHOT completed...       4.9607 seconds
               CLDPROC completed...       1.4074 seconds
                  CHEM completed...      31.7531 seconds
                  AERO completed...      18.3583 seconds
            Master Time Step
            Processing completed...      84.5413 seconds
 
     Processing Day/Time [YYYYDDD:HHMMSS]: 2022182:191000
       Which is Equivalent to (UTC): 19:10:00 Friday,  July 1, 2022
       Time-Step Length (HHMMSS): 000500
                 VDIFF completed...      21.6700 seconds
                COUPLE completed...       0.2688 seconds
                  HADV completed...       3.8938 seconds
                  ZADV completed...       1.8659 seconds
                 HDIFF completed...       0.5070 seconds
              DECOUPLE completed...       0.3270 seconds
                  PHOT completed...       4.9472 seconds
               CLDPROC completed...       1.4474 seconds
                  CHEM completed...      32.5798 seconds
                  AERO completed...      18.6677 seconds
            Master Time Step
            Processing completed...      86.1751 seconds
 
     Processing Day/Time [YYYYDDD:HHMMSS]: 2022182:191500
       Which is Equivalent to (UTC): 19:15:00 Friday,  July 1, 2022
       Time-Step Length (HHMMSS): 000500
                 VDIFF completed...      22.7919 seconds
                COUPLE completed...       0.2624 seconds
                  HADV completed...       3.8398 seconds
                  ZADV completed...       1.8628 seconds
                 HDIFF completed...       0.5100 seconds
              DECOUPLE completed...       0.3456 seconds
                  PHOT completed...       4.8953 seconds
               CLDPROC completed...       1.3318 seconds
                  CHEM completed...      32.6387 seconds
                  AERO completed...      18.8076 seconds
            Master Time Step
            Processing completed...      87.2863 seconds
 
     Processing Day/Time [YYYYDDD:HHMMSS]: 2022182:192000
       Which is Equivalent to (UTC): 19:20:00 Friday,  July 1, 2022
       Time-Step Length (HHMMSS): 000500
                 VDIFF completed...      21.9854 seconds
                COUPLE completed...       0.2741 seconds
                  HADV completed...       3.9930 seconds
                  ZADV completed...       1.8576 seconds
                 HDIFF completed...       0.4997 seconds
              DECOUPLE completed...       0.3216 seconds
                  PHOT completed...       4.9605 seconds
               CLDPROC completed...       1.3655 seconds
                  CHEM completed...      33.0664 seconds
                  AERO completed...      18.7868 seconds
            Master Time Step
            Processing completed...      87.1109 seconds
 
     Processing Day/Time [YYYYDDD:HHMMSS]: 2022182:192500
       Which is Equivalent to (UTC): 19:25:00 Friday,  July 1, 2022
       Time-Step Length (HHMMSS): 000500
                 VDIFF completed...      21.4133 seconds
                COUPLE completed...       0.2591 seconds
                  HADV completed...       3.9233 seconds
                  ZADV completed...       1.8649 seconds
                 HDIFF completed...       0.5165 seconds
              DECOUPLE completed...       0.3250 seconds
                  PHOT completed...       4.9400 seconds
               CLDPROC completed...       1.3668 seconds
                  CHEM completed...      32.8496 seconds
                  AERO completed...      19.0536 seconds
            Master Time Step
            Processing completed...      86.5124 seconds
 
     Processing Day/Time [YYYYDDD:HHMMSS]: 2022182:193000
       Which is Equivalent to (UTC): 19:30:00 Friday,  July 1, 2022
       Time-Step Length (HHMMSS): 000500
                 VDIFF completed...      22.3796 seconds
                COUPLE completed...       0.2620 seconds
                  HADV completed...       3.7362 seconds
                  ZADV completed...       1.7979 seconds
                 HDIFF completed...       0.4820 seconds
              DECOUPLE completed...       0.3194 seconds
                  PHOT completed...       4.7939 seconds
               CLDPROC completed...       1.3487 seconds
                  CHEM completed...      31.5493 seconds
                  AERO completed...      17.9929 seconds
            Master Time Step
            Processing completed...      84.6623 seconds
 
     Processing Day/Time [YYYYDDD:HHMMSS]: 2022182:193500
       Which is Equivalent to (UTC): 19:35:00 Friday,  July 1, 2022
       Time-Step Length (HHMMSS): 000500
                 VDIFF completed...      20.2823 seconds
                COUPLE completed...       0.2694 seconds
                  HADV completed...       3.9094 seconds
                  ZADV completed...       1.8703 seconds
                 HDIFF completed...       0.5021 seconds
              DECOUPLE completed...       0.3289 seconds
                  PHOT completed...       4.9500 seconds
               CLDPROC completed...       1.3879 seconds
                  CHEM completed...      32.2419 seconds
                  AERO completed...      18.5147 seconds
            Master Time Step
            Processing completed...      84.2572 seconds
 
     Processing Day/Time [YYYYDDD:HHMMSS]: 2022182:194000
       Which is Equivalent to (UTC): 19:40:00 Friday,  July 1, 2022
       Time-Step Length (HHMMSS): 000500
                 VDIFF completed...      21.4677 seconds
                COUPLE completed...       0.2746 seconds
                  HADV completed...       3.8910 seconds
                  ZADV completed...       1.8642 seconds
                 HDIFF completed...       0.4862 seconds
              DECOUPLE completed...       0.3210 seconds
                  PHOT completed...       5.0164 seconds
               CLDPROC completed...       1.3703 seconds
                  CHEM completed...      32.7922 seconds
                  AERO completed...      18.5591 seconds
            Master Time Step
            Processing completed...      86.0430 seconds
 
     Processing Day/Time [YYYYDDD:HHMMSS]: 2022182:194500
       Which is Equivalent to (UTC): 19:45:00 Friday,  July 1, 2022
       Time-Step Length (HHMMSS): 000500
                 VDIFF completed...      21.4228 seconds
                COUPLE completed...       0.2695 seconds
                  HADV completed...       3.8993 seconds
                  ZADV completed...       1.8536 seconds
                 HDIFF completed...       0.4960 seconds
              DECOUPLE completed...       0.3315 seconds
                  PHOT completed...       4.9972 seconds
               CLDPROC completed...       1.3562 seconds
                  CHEM completed...      32.6041 seconds
                  AERO completed...      18.7845 seconds
            Master Time Step
            Processing completed...      86.0151 seconds
 
     Processing Day/Time [YYYYDDD:HHMMSS]: 2022182:195000
       Which is Equivalent to (UTC): 19:50:00 Friday,  July 1, 2022
       Time-Step Length (HHMMSS): 000500
                 VDIFF completed...      22.5865 seconds
                COUPLE completed...       0.2722 seconds
                  HADV completed...       3.8783 seconds
                  ZADV completed...       1.8547 seconds
                 HDIFF completed...       0.4962 seconds
              DECOUPLE completed...       0.3286 seconds
                  PHOT completed...       4.9173 seconds
               CLDPROC completed...       1.3567 seconds
                  CHEM completed...      32.4631 seconds
                  AERO completed...      18.5211 seconds
            Master Time Step
            Processing completed...      86.6749 seconds
 
     Processing Day/Time [YYYYDDD:HHMMSS]: 2022182:195500
       Which is Equivalent to (UTC): 19:55:00 Friday,  July 1, 2022
       Time-Step Length (HHMMSS): 000500
                 VDIFF completed...      21.8100 seconds
                COUPLE completed...       0.2783 seconds
                  HADV completed...       3.9336 seconds
                  ZADV completed...       1.8499 seconds
                 HDIFF completed...       0.4940 seconds
              DECOUPLE completed...       0.3245 seconds
                  PHOT completed...       4.9217 seconds
               CLDPROC completed...       1.3981 seconds
                  CHEM completed...      33.4612 seconds
                  AERO completed...      19.1935 seconds
            Master Time Step
            Processing completed...      87.6651 seconds
 
      =--> Data Output completed...       0.0996 seconds
 
     Processing Day/Time [YYYYDDD:HHMMSS]: 2022182:200000
       Which is Equivalent to (UTC): 20:00:00 Friday,  July 1, 2022
       Time-Step Length (HHMMSS): 000500
                 VDIFF completed...      22.5406 seconds
                COUPLE completed...       0.2576 seconds
                  HADV completed...       4.2140 seconds
                  ZADV completed...       1.8727 seconds
                 HDIFF completed...       0.4972 seconds
              DECOUPLE completed...       0.3262 seconds
                  PHOT completed...       4.9657 seconds
               CLDPROC completed...       1.3628 seconds
                  CHEM completed...      32.7771 seconds
                  AERO completed...      18.3427 seconds
            Master Time Step
            Processing completed...      87.1569 seconds
 
     Processing Day/Time [YYYYDDD:HHMMSS]: 2022182:200500
       Which is Equivalent to (UTC): 20:05:00 Friday,  July 1, 2022
       Time-Step Length (HHMMSS): 000500
                 VDIFF completed...      20.7119 seconds
                COUPLE completed...       0.2551 seconds
                  HADV completed...       4.0756 seconds
                  ZADV completed...       1.7930 seconds
                 HDIFF completed...       0.4830 seconds
              DECOUPLE completed...       0.3181 seconds
                  PHOT completed...       4.9101 seconds
               CLDPROC completed...       1.3598 seconds
                  CHEM completed...      32.2192 seconds
                  AERO completed...      18.7964 seconds
            Master Time Step
            Processing completed...      84.9224 seconds
 
     Processing Day/Time [YYYYDDD:HHMMSS]: 2022182:201000
       Which is Equivalent to (UTC): 20:10:00 Friday,  July 1, 2022
       Time-Step Length (HHMMSS): 000500
                 VDIFF completed...      20.4112 seconds
                COUPLE completed...       0.2759 seconds
                  HADV completed...       4.0262 seconds
                  ZADV completed...       1.8815 seconds
                 HDIFF completed...       0.4826 seconds
              DECOUPLE completed...       0.3168 seconds
                  PHOT completed...       4.8516 seconds
               CLDPROC completed...       1.3685 seconds
                  CHEM completed...      31.5848 seconds
                  AERO completed...      18.2122 seconds
            Master Time Step
            Processing completed...      83.4117 seconds
 
     Processing Day/Time [YYYYDDD:HHMMSS]: 2022182:201500
       Which is Equivalent to (UTC): 20:15:00 Friday,  July 1, 2022
       Time-Step Length (HHMMSS): 000500
                 VDIFF completed...      21.8397 seconds
                COUPLE completed...       0.2571 seconds
                  HADV completed...       4.0594 seconds
                  ZADV completed...       1.8426 seconds
                 HDIFF completed...       0.4948 seconds
              DECOUPLE completed...       0.3272 seconds
                  PHOT completed...       4.9384 seconds
               CLDPROC completed...       1.4971 seconds
                  CHEM completed...      33.0804 seconds
                  AERO completed...      18.9650 seconds
            Master Time Step
            Processing completed...      87.3019 seconds
 
     Processing Day/Time [YYYYDDD:HHMMSS]: 2022182:202000
       Which is Equivalent to (UTC): 20:20:00 Friday,  July 1, 2022
       Time-Step Length (HHMMSS): 000500
                 VDIFF completed...      21.1852 seconds
                COUPLE completed...       0.2771 seconds
                  HADV completed...       4.1337 seconds
                  ZADV completed...       1.8616 seconds
                 HDIFF completed...       0.4950 seconds
              DECOUPLE completed...       0.3374 seconds
                  PHOT completed...       4.9814 seconds
               CLDPROC completed...       1.4228 seconds
                  CHEM completed...      32.4937 seconds
                  AERO completed...      18.6511 seconds
            Master Time Step
            Processing completed...      85.8393 seconds
 
     Processing Day/Time [YYYYDDD:HHMMSS]: 2022182:202500
       Which is Equivalent to (UTC): 20:25:00 Friday,  July 1, 2022
       Time-Step Length (HHMMSS): 000500
                 VDIFF completed...      20.5790 seconds
                COUPLE completed...       0.2963 seconds
                  HADV completed...       4.0536 seconds
                  ZADV completed...       1.9133 seconds
                 HDIFF completed...       0.5054 seconds
              DECOUPLE completed...       0.3404 seconds
                  PHOT completed...       5.0341 seconds
               CLDPROC completed...       1.4285 seconds
                  CHEM completed...      32.4829 seconds
                  AERO completed...      18.8122 seconds
            Master Time Step
            Processing completed...      85.4460 seconds
 
     Processing Day/Time [YYYYDDD:HHMMSS]: 2022182:203000
       Which is Equivalent to (UTC): 20:30:00 Friday,  July 1, 2022
       Time-Step Length (HHMMSS): 000500
                 VDIFF completed...      21.8815 seconds
                COUPLE completed...       0.2586 seconds
                  HADV completed...       4.0517 seconds
                  ZADV completed...       1.8312 seconds
                 HDIFF completed...       0.4925 seconds
              DECOUPLE completed...       0.3218 seconds
                  PHOT completed...       4.8771 seconds
               CLDPROC completed...       1.4225 seconds
                  CHEM completed...      32.5979 seconds
                  AERO completed...      18.8759 seconds
            Master Time Step
            Processing completed...      86.6111 seconds
 
     Processing Day/Time [YYYYDDD:HHMMSS]: 2022182:203500
       Which is Equivalent to (UTC): 20:35:00 Friday,  July 1, 2022
       Time-Step Length (HHMMSS): 000500
                 VDIFF completed...      20.7483 seconds
                COUPLE completed...       0.2709 seconds
                  HADV completed...       4.1297 seconds
                  ZADV completed...       1.8796 seconds
                 HDIFF completed...       0.4999 seconds
              DECOUPLE completed...       0.3277 seconds
                  PHOT completed...       5.0160 seconds
               CLDPROC completed...       1.4569 seconds
                  CHEM completed...      33.2269 seconds
                  AERO completed...      18.9154 seconds
            Master Time Step
            Processing completed...      86.4715 seconds
 
     Processing Day/Time [YYYYDDD:HHMMSS]: 2022182:204000
       Which is Equivalent to (UTC): 20:40:00 Friday,  July 1, 2022
       Time-Step Length (HHMMSS): 000500
                 VDIFF completed...      21.0857 seconds
                COUPLE completed...       0.2726 seconds
                  HADV completed...       4.0579 seconds
                  ZADV completed...       1.8455 seconds
                 HDIFF completed...       0.4918 seconds
              DECOUPLE completed...       0.3222 seconds
                  PHOT completed...       4.9703 seconds
               CLDPROC completed...       1.4028 seconds
                  CHEM completed...      32.4765 seconds
                  AERO completed...      18.6654 seconds
            Master Time Step
            Processing completed...      85.5910 seconds
 
     Processing Day/Time [YYYYDDD:HHMMSS]: 2022182:204500
       Which is Equivalent to (UTC): 20:45:00 Friday,  July 1, 2022
       Time-Step Length (HHMMSS): 000500
                 VDIFF completed...      20.3638 seconds
                COUPLE completed...       0.2531 seconds
                  HADV completed...       4.1011 seconds
                  ZADV completed...       1.8011 seconds
                 HDIFF completed...       0.4760 seconds
              DECOUPLE completed...       0.3131 seconds
                  PHOT completed...       4.8555 seconds
               CLDPROC completed...       1.3794 seconds
                  CHEM completed...      32.3835 seconds
                  AERO completed...      18.2735 seconds
            Master Time Step
            Processing completed...      84.2003 seconds
 
     Processing Day/Time [YYYYDDD:HHMMSS]: 2022182:205000
       Which is Equivalent to (UTC): 20:50:00 Friday,  July 1, 2022
       Time-Step Length (HHMMSS): 000500
                 VDIFF completed...      20.1090 seconds
                COUPLE completed...       0.2690 seconds
                  HADV completed...       3.9495 seconds
                  ZADV completed...       1.8020 seconds
                 HDIFF completed...       0.4809 seconds
              DECOUPLE completed...       0.3196 seconds
                  PHOT completed...       4.7891 seconds
               CLDPROC completed...       1.4138 seconds
                  CHEM completed...      31.7189 seconds
                  AERO completed...      18.6026 seconds
            Master Time Step
            Processing completed...      83.4547 seconds
 
     Processing Day/Time [YYYYDDD:HHMMSS]: 2022182:205500
       Which is Equivalent to (UTC): 20:55:00 Friday,  July 1, 2022
       Time-Step Length (HHMMSS): 000500
                 VDIFF completed...      19.8434 seconds
                COUPLE completed...       0.2685 seconds
                  HADV completed...       4.0278 seconds
                  ZADV completed...       1.8553 seconds
                 HDIFF completed...       0.4964 seconds
              DECOUPLE completed...       0.3441 seconds
                  PHOT completed...       4.8819 seconds
               CLDPROC completed...       1.4798 seconds
                  CHEM completed...      32.4084 seconds
                  AERO completed...      18.4493 seconds
            Master Time Step
            Processing completed...      84.0552 seconds
 
      =--> Data Output completed...       0.1035 seconds
 
     Processing Day/Time [YYYYDDD:HHMMSS]: 2022182:210000
       Which is Equivalent to (UTC): 21:00:00 Friday,  July 1, 2022
       Time-Step Length (HHMMSS): 000500
                 VDIFF completed...      21.6871 seconds
                COUPLE completed...       0.2551 seconds
                  HADV completed...       4.1697 seconds
                  ZADV completed...       1.8025 seconds
                 HDIFF completed...       0.4765 seconds
              DECOUPLE completed...       0.3188 seconds
                  PHOT completed...       4.7394 seconds
               CLDPROC completed...       1.3691 seconds
                  CHEM completed...      32.0199 seconds
                  AERO completed...      18.5109 seconds
            Master Time Step
            Processing completed...      85.3493 seconds
 
     Processing Day/Time [YYYYDDD:HHMMSS]: 2022182:210500
       Which is Equivalent to (UTC): 21:05:00 Friday,  July 1, 2022
       Time-Step Length (HHMMSS): 000500
                 VDIFF completed...      19.7235 seconds
                COUPLE completed...       0.2621 seconds
                  HADV completed...       4.0112 seconds
                  ZADV completed...       1.7814 seconds
                 HDIFF completed...       0.4771 seconds
              DECOUPLE completed...       0.3127 seconds
                  PHOT completed...       4.9741 seconds
               CLDPROC completed...       1.4295 seconds
                  CHEM completed...      32.4634 seconds
                  AERO completed...      18.6045 seconds
            Master Time Step
            Processing completed...      84.0398 seconds
 
     Processing Day/Time [YYYYDDD:HHMMSS]: 2022182:211000
       Which is Equivalent to (UTC): 21:10:00 Friday,  July 1, 2022
       Time-Step Length (HHMMSS): 000500
                 VDIFF completed...      19.6178 seconds
                COUPLE completed...       0.2562 seconds
                  HADV completed...       4.0992 seconds
                  ZADV completed...       1.8659 seconds
                 HDIFF completed...       0.4976 seconds
              DECOUPLE completed...       0.3289 seconds
                  PHOT completed...       4.9364 seconds
               CLDPROC completed...       1.4237 seconds
                  CHEM completed...      31.9300 seconds
                  AERO completed...      18.1746 seconds
            Master Time Step
            Processing completed...      83.1306 seconds
 
     Processing Day/Time [YYYYDDD:HHMMSS]: 2022182:211500
       Which is Equivalent to (UTC): 21:15:00 Friday,  July 1, 2022
       Time-Step Length (HHMMSS): 000500
                 VDIFF completed...      20.5530 seconds
                COUPLE completed...       0.2568 seconds
                  HADV completed...       4.1139 seconds
                  ZADV completed...       1.8507 seconds
                 HDIFF completed...       0.4902 seconds
              DECOUPLE completed...       0.3234 seconds
                  PHOT completed...       4.9529 seconds
               CLDPROC completed...       1.4590 seconds
                  CHEM completed...      32.5619 seconds
                  AERO completed...      18.6487 seconds
            Master Time Step
            Processing completed...      85.2108 seconds
 
     Processing Day/Time [YYYYDDD:HHMMSS]: 2022182:212000
       Which is Equivalent to (UTC): 21:20:00 Friday,  July 1, 2022
       Time-Step Length (HHMMSS): 000500
                 VDIFF completed...      19.9997 seconds
                COUPLE completed...       0.2565 seconds
                  HADV completed...       4.0393 seconds
                  ZADV completed...       1.8530 seconds
                 HDIFF completed...       0.4926 seconds
              DECOUPLE completed...       0.3334 seconds
                  PHOT completed...       4.8831 seconds
               CLDPROC completed...       1.4663 seconds
                  CHEM completed...      31.8247 seconds
                  AERO completed...      18.1299 seconds
            Master Time Step
            Processing completed...      83.2788 seconds
 
     Processing Day/Time [YYYYDDD:HHMMSS]: 2022182:212500
       Which is Equivalent to (UTC): 21:25:00 Friday,  July 1, 2022
       Time-Step Length (HHMMSS): 000500
                 VDIFF completed...      19.5444 seconds
                COUPLE completed...       0.2702 seconds
                  HADV completed...       4.1087 seconds
                  ZADV completed...       1.8292 seconds
                 HDIFF completed...       0.4833 seconds
              DECOUPLE completed...       0.3197 seconds
                  PHOT completed...       4.9181 seconds
               CLDPROC completed...       1.4414 seconds
                  CHEM completed...      32.5224 seconds
                  AERO completed...      18.4558 seconds
            Master Time Step
            Processing completed...      83.8934 seconds
 
     Processing Day/Time [YYYYDDD:HHMMSS]: 2022182:213000
       Which is Equivalent to (UTC): 21:30:00 Friday,  July 1, 2022
       Time-Step Length (HHMMSS): 000500
                 VDIFF completed...      20.4837 seconds
                COUPLE completed...       0.2598 seconds
                  HADV completed...       3.9955 seconds
                  ZADV completed...       1.8563 seconds
                 HDIFF completed...       0.4851 seconds
              DECOUPLE completed...       0.3191 seconds
                  PHOT completed...       4.8002 seconds
               CLDPROC completed...       1.4488 seconds
                  CHEM completed...      31.8133 seconds
                  AERO completed...      18.1798 seconds
            Master Time Step
            Processing completed...      83.6421 seconds
 
     Processing Day/Time [YYYYDDD:HHMMSS]: 2022182:213500
       Which is Equivalent to (UTC): 21:35:00 Friday,  July 1, 2022
       Time-Step Length (HHMMSS): 000500
                 VDIFF completed...      19.2615 seconds
                COUPLE completed...       0.2584 seconds
                  HADV completed...       3.9743 seconds
                  ZADV completed...       1.8853 seconds
                 HDIFF completed...       0.4997 seconds
              DECOUPLE completed...       0.3240 seconds
                  PHOT completed...       5.0034 seconds
               CLDPROC completed...       1.5204 seconds
                  CHEM completed...      32.1207 seconds
                  AERO completed...      18.4582 seconds
            Master Time Step
            Processing completed...      83.3063 seconds
 
     Processing Day/Time [YYYYDDD:HHMMSS]: 2022182:214000
       Which is Equivalent to (UTC): 21:40:00 Friday,  July 1, 2022
       Time-Step Length (HHMMSS): 000500
                 VDIFF completed...      19.4023 seconds
                COUPLE completed...       0.2634 seconds
                  HADV completed...       4.0800 seconds
                  ZADV completed...       1.8523 seconds
                 HDIFF completed...       0.4825 seconds
              DECOUPLE completed...       0.3192 seconds
                  PHOT completed...       4.9158 seconds
               CLDPROC completed...       1.4952 seconds
                  CHEM completed...      32.4932 seconds
                  AERO completed...      18.2725 seconds
            Master Time Step
            Processing completed...      83.5766 seconds
 
     Processing Day/Time [YYYYDDD:HHMMSS]: 2022182:214500
       Which is Equivalent to (UTC): 21:45:00 Friday,  July 1, 2022
       Time-Step Length (HHMMSS): 000500
                 VDIFF completed...      18.8705 seconds
                COUPLE completed...       0.2607 seconds
                  HADV completed...       4.0212 seconds
                  ZADV completed...       1.8559 seconds
                 HDIFF completed...       0.5106 seconds
              DECOUPLE completed...       0.3194 seconds
                  PHOT completed...       4.7924 seconds
               CLDPROC completed...       1.4801 seconds
                  CHEM completed...      32.0441 seconds
                  AERO completed...      18.5844 seconds
            Master Time Step
            Processing completed...      82.7395 seconds
 
     Processing Day/Time [YYYYDDD:HHMMSS]: 2022182:215000
       Which is Equivalent to (UTC): 21:50:00 Friday,  July 1, 2022
       Time-Step Length (HHMMSS): 000500
                 VDIFF completed...      19.7968 seconds
                COUPLE completed...       0.2586 seconds
                  HADV completed...       4.0628 seconds
                  ZADV completed...       1.8843 seconds
                 HDIFF completed...       0.4910 seconds
              DECOUPLE completed...       0.3298 seconds
                  PHOT completed...       4.9367 seconds
               CLDPROC completed...       1.4868 seconds
                  CHEM completed...      33.0721 seconds
                  AERO completed...      18.8296 seconds
            Master Time Step
            Processing completed...      85.1488 seconds
 
     Processing Day/Time [YYYYDDD:HHMMSS]: 2022182:215500
       Which is Equivalent to (UTC): 21:55:00 Friday,  July 1, 2022
       Time-Step Length (HHMMSS): 000500
                 VDIFF completed...      19.4440 seconds
                COUPLE completed...       0.2929 seconds
                  HADV completed...       4.1390 seconds
                  ZADV completed...       1.8667 seconds
                 HDIFF completed...       0.5211 seconds
              DECOUPLE completed...       0.3402 seconds
                  PHOT completed...       4.9928 seconds
               CLDPROC completed...       1.5298 seconds
                  CHEM completed...      32.8730 seconds
                  AERO completed...      18.6949 seconds
            Master Time Step
            Processing completed...      84.6946 seconds
 
      =--> Data Output completed...       0.0984 seconds
 
     Processing Day/Time [YYYYDDD:HHMMSS]: 2022182:220000
       Which is Equivalent to (UTC): 22:00:00 Friday,  July 1, 2022
       Time-Step Length (HHMMSS): 000500
                 VDIFF completed...      21.3895 seconds
                COUPLE completed...       0.2642 seconds
                  HADV completed...       4.2562 seconds
                  ZADV completed...       1.8586 seconds
                 HDIFF completed...       0.4864 seconds
              DECOUPLE completed...       0.3246 seconds
                  PHOT completed...       4.9143 seconds
               CLDPROC completed...       1.4801 seconds
                  CHEM completed...      32.8737 seconds
                  AERO completed...      18.5730 seconds
            Master Time Step
            Processing completed...      86.4211 seconds
 
     Processing Day/Time [YYYYDDD:HHMMSS]: 2022182:220500
       Which is Equivalent to (UTC): 22:05:00 Friday,  July 1, 2022
       Time-Step Length (HHMMSS): 000500
                 VDIFF completed...      19.4610 seconds
                COUPLE completed...       0.2661 seconds
                  HADV completed...       4.1626 seconds
                  ZADV completed...       1.8937 seconds
                 HDIFF completed...       0.4926 seconds
              DECOUPLE completed...       0.3242 seconds
                  PHOT completed...       4.9366 seconds
               CLDPROC completed...       1.4907 seconds
                  CHEM completed...      33.1204 seconds
                  AERO completed...      18.8988 seconds
            Master Time Step
            Processing completed...      85.0470 seconds
 
     Processing Day/Time [YYYYDDD:HHMMSS]: 2022182:221000
       Which is Equivalent to (UTC): 22:10:00 Friday,  July 1, 2022
       Time-Step Length (HHMMSS): 000500
                 VDIFF completed...      19.2361 seconds
                COUPLE completed...       0.2521 seconds
                  HADV completed...       4.0965 seconds
                  ZADV completed...       1.9301 seconds
                 HDIFF completed...       0.5185 seconds
              DECOUPLE completed...       0.3492 seconds
                  PHOT completed...       5.0325 seconds
               CLDPROC completed...       1.5149 seconds
                  CHEM completed...      33.0593 seconds
                  AERO completed...      18.9049 seconds
            Master Time Step
            Processing completed...      84.8943 seconds
 
     Processing Day/Time [YYYYDDD:HHMMSS]: 2022182:221500
       Which is Equivalent to (UTC): 22:15:00 Friday,  July 1, 2022
       Time-Step Length (HHMMSS): 000500
                 VDIFF completed...      19.1608 seconds
                COUPLE completed...       0.2606 seconds
                  HADV completed...       4.1347 seconds
                  ZADV completed...       1.9011 seconds
                 HDIFF completed...       0.4952 seconds
              DECOUPLE completed...       0.3223 seconds
                  PHOT completed...       5.0824 seconds
               CLDPROC completed...       1.5832 seconds
                  CHEM completed...      32.9645 seconds
                  AERO completed...      18.8600 seconds
            Master Time Step
            Processing completed...      84.7652 seconds
 
     Processing Day/Time [YYYYDDD:HHMMSS]: 2022182:222000
       Which is Equivalent to (UTC): 22:20:00 Friday,  July 1, 2022
       Time-Step Length (HHMMSS): 000500
                 VDIFF completed...      19.5042 seconds
                COUPLE completed...       0.2706 seconds
                  HADV completed...       4.1429 seconds
                  ZADV completed...       1.8779 seconds
                 HDIFF completed...       0.5040 seconds
              DECOUPLE completed...       0.3280 seconds
                  PHOT completed...       4.9330 seconds
               CLDPROC completed...       1.5291 seconds
                  CHEM completed...      32.9198 seconds
                  AERO completed...      19.0336 seconds
            Master Time Step
            Processing completed...      85.0434 seconds
 
     Processing Day/Time [YYYYDDD:HHMMSS]: 2022182:222500
       Which is Equivalent to (UTC): 22:25:00 Friday,  July 1, 2022
       Time-Step Length (HHMMSS): 000500
                 VDIFF completed...      18.5561 seconds
                COUPLE completed...       0.2592 seconds
                  HADV completed...       4.1059 seconds
                  ZADV completed...       1.9115 seconds
                 HDIFF completed...       0.4916 seconds
              DECOUPLE completed...       0.3286 seconds
                  PHOT completed...       4.9374 seconds
               CLDPROC completed...       1.5276 seconds
                  CHEM completed...      33.3545 seconds
                  AERO completed...      18.8191 seconds
            Master Time Step
            Processing completed...      84.2918 seconds
 
     Processing Day/Time [YYYYDDD:HHMMSS]: 2022182:223000
       Which is Equivalent to (UTC): 22:30:00 Friday,  July 1, 2022
       Time-Step Length (HHMMSS): 000500
                 VDIFF completed...      18.2531 seconds
                COUPLE completed...       0.2657 seconds
                  HADV completed...       4.1318 seconds
                  ZADV completed...       1.8722 seconds
                 HDIFF completed...       0.5064 seconds
              DECOUPLE completed...       0.3280 seconds
                  PHOT completed...       4.9572 seconds
               CLDPROC completed...       1.5476 seconds
                  CHEM completed...      31.2694 seconds
                  AERO completed...      18.3213 seconds
            Master Time Step
            Processing completed...      81.4529 seconds
 
     Processing Day/Time [YYYYDDD:HHMMSS]: 2022182:223500
       Which is Equivalent to (UTC): 22:35:00 Friday,  July 1, 2022
       Time-Step Length (HHMMSS): 000500
                 VDIFF completed...      17.8773 seconds
                COUPLE completed...       0.2812 seconds
                  HADV completed...       4.1068 seconds
                  ZADV completed...       1.8554 seconds
                 HDIFF completed...       0.4796 seconds
              DECOUPLE completed...       0.3248 seconds
                  PHOT completed...       4.8600 seconds
               CLDPROC completed...       1.5059 seconds
                  CHEM completed...      31.9998 seconds
                  AERO completed...      18.6848 seconds
            Master Time Step
            Processing completed...      81.9759 seconds
 
     Processing Day/Time [YYYYDDD:HHMMSS]: 2022182:224000
       Which is Equivalent to (UTC): 22:40:00 Friday,  July 1, 2022
       Time-Step Length (HHMMSS): 000500
                 VDIFF completed...      17.4310 seconds
                COUPLE completed...       0.2595 seconds
                  HADV completed...       4.0066 seconds
                  ZADV completed...       1.8792 seconds
                 HDIFF completed...       0.4992 seconds
              DECOUPLE completed...       0.3284 seconds
                  PHOT completed...       4.8144 seconds
               CLDPROC completed...       1.4917 seconds
                  CHEM completed...      31.3660 seconds
                  AERO completed...      18.1495 seconds
            Master Time Step
            Processing completed...      80.2258 seconds
 
     Processing Day/Time [YYYYDDD:HHMMSS]: 2022182:224500
       Which is Equivalent to (UTC): 22:45:00 Friday,  July 1, 2022
       Time-Step Length (HHMMSS): 000500
                 VDIFF completed...      17.1554 seconds
                COUPLE completed...       0.2585 seconds
                  HADV completed...       3.9360 seconds
                  ZADV completed...       1.8894 seconds
                 HDIFF completed...       0.4998 seconds
              DECOUPLE completed...       0.3333 seconds
                  PHOT completed...       4.9709 seconds
               CLDPROC completed...       1.5444 seconds
                  CHEM completed...      32.8546 seconds
                  AERO completed...      18.9033 seconds
            Master Time Step
            Processing completed...      82.3458 seconds
 
     Processing Day/Time [YYYYDDD:HHMMSS]: 2022182:225000
       Which is Equivalent to (UTC): 22:50:00 Friday,  July 1, 2022
       Time-Step Length (HHMMSS): 000500
                 VDIFF completed...      17.6659 seconds
                COUPLE completed...       0.2729 seconds
                  HADV completed...       4.1386 seconds
                  ZADV completed...       1.9788 seconds
                 HDIFF completed...       0.5004 seconds
              DECOUPLE completed...       0.3327 seconds
                  PHOT completed...       5.1549 seconds
               CLDPROC completed...       1.5618 seconds
                  CHEM completed...      32.9244 seconds
                  AERO completed...      18.5738 seconds
            Master Time Step
            Processing completed...      83.1044 seconds
 
     Processing Day/Time [YYYYDDD:HHMMSS]: 2022182:225500
       Which is Equivalent to (UTC): 22:55:00 Friday,  July 1, 2022
       Time-Step Length (HHMMSS): 000500
                 VDIFF completed...      17.3146 seconds
                COUPLE completed...       0.2947 seconds
                  HADV completed...       4.0811 seconds
                  ZADV completed...       1.9260 seconds
                 HDIFF completed...       0.5204 seconds
              DECOUPLE completed...       0.3360 seconds
                  PHOT completed...       4.9479 seconds
               CLDPROC completed...       1.6227 seconds
                  CHEM completed...      32.2783 seconds
                  AERO completed...      18.5652 seconds
            Master Time Step
            Processing completed...      81.8872 seconds
 
      =--> Data Output completed...       0.1117 seconds
 
     Processing Day/Time [YYYYDDD:HHMMSS]: 2022182:230000
       Which is Equivalent to (UTC): 23:00:00 Friday,  July 1, 2022
       Time-Step Length (HHMMSS): 000500
                 VDIFF completed...      20.1461 seconds
                COUPLE completed...       0.2622 seconds
                  HADV completed...       4.2733 seconds
                  ZADV completed...       1.8745 seconds
                 HDIFF completed...       0.4915 seconds
              DECOUPLE completed...       0.3253 seconds
                  PHOT completed...       5.0164 seconds
               CLDPROC completed...       1.5473 seconds
                  CHEM completed...      32.4990 seconds
                  AERO completed...      18.8723 seconds
            Master Time Step
            Processing completed...      85.3083 seconds
 
     Processing Day/Time [YYYYDDD:HHMMSS]: 2022182:230500
       Which is Equivalent to (UTC): 23:05:00 Friday,  July 1, 2022
       Time-Step Length (HHMMSS): 000500
                 VDIFF completed...      17.4683 seconds
                COUPLE completed...       0.2649 seconds
                  HADV completed...       4.2933 seconds
                  ZADV completed...       1.9388 seconds
                 HDIFF completed...       0.5082 seconds
              DECOUPLE completed...       0.3341 seconds
                  PHOT completed...       5.0305 seconds
               CLDPROC completed...       1.5223 seconds
                  CHEM completed...      32.8454 seconds
                  AERO completed...      18.9382 seconds
            Master Time Step
            Processing completed...      83.1443 seconds
 
     Processing Day/Time [YYYYDDD:HHMMSS]: 2022182:231000
       Which is Equivalent to (UTC): 23:10:00 Friday,  July 1, 2022
       Time-Step Length (HHMMSS): 000500
                 VDIFF completed...      16.7488 seconds
                COUPLE completed...       0.2676 seconds
                  HADV completed...       4.3023 seconds
                  ZADV completed...       1.9057 seconds
                 HDIFF completed...       0.5284 seconds
              DECOUPLE completed...       0.3446 seconds
                  PHOT completed...       5.0196 seconds
               CLDPROC completed...       1.5529 seconds
                  CHEM completed...      32.6746 seconds
                  AERO completed...      18.8074 seconds
            Master Time Step
            Processing completed...      82.1522 seconds
 
     Processing Day/Time [YYYYDDD:HHMMSS]: 2022182:231500
       Which is Equivalent to (UTC): 23:15:00 Friday,  July 1, 2022
       Time-Step Length (HHMMSS): 000500
                 VDIFF completed...      16.3003 seconds
                COUPLE completed...       0.2539 seconds
                  HADV completed...       4.1766 seconds
                  ZADV completed...       1.8150 seconds
                 HDIFF completed...       0.4860 seconds
              DECOUPLE completed...       0.3196 seconds
                  PHOT completed...       4.9250 seconds
               CLDPROC completed...       1.4832 seconds
                  CHEM completed...      31.5287 seconds
                  AERO completed...      18.6797 seconds
            Master Time Step
            Processing completed...      79.9683 seconds
 
     Processing Day/Time [YYYYDDD:HHMMSS]: 2022182:232000
       Which is Equivalent to (UTC): 23:20:00 Friday,  July 1, 2022
       Time-Step Length (HHMMSS): 000500
                 VDIFF completed...      16.9738 seconds
                COUPLE completed...       0.3289 seconds
                  HADV completed...       4.3356 seconds
                  ZADV completed...       1.9219 seconds
                 HDIFF completed...       0.5095 seconds
              DECOUPLE completed...       0.3228 seconds
                  PHOT completed...       4.8879 seconds
               CLDPROC completed...       1.4901 seconds
                  CHEM completed...      31.0627 seconds
                  AERO completed...      18.0893 seconds
            Master Time Step
            Processing completed...      79.9227 seconds
 
     Processing Day/Time [YYYYDDD:HHMMSS]: 2022182:232500
       Which is Equivalent to (UTC): 23:25:00 Friday,  July 1, 2022
       Time-Step Length (HHMMSS): 000500
                 VDIFF completed...      15.7321 seconds
                COUPLE completed...       0.2779 seconds
                  HADV completed...       4.1162 seconds
                  ZADV completed...       1.8290 seconds
                 HDIFF completed...       0.4841 seconds
              DECOUPLE completed...       0.3199 seconds
                  PHOT completed...       4.8066 seconds
               CLDPROC completed...       1.4977 seconds
                  CHEM completed...      31.5905 seconds
                  AERO completed...      18.6332 seconds
            Master Time Step
            Processing completed...      79.2874 seconds
 
     Processing Day/Time [YYYYDDD:HHMMSS]: 2022182:233000
       Which is Equivalent to (UTC): 23:30:00 Friday,  July 1, 2022
       Time-Step Length (HHMMSS): 000500
                 VDIFF completed...      16.8499 seconds
                COUPLE completed...       0.2652 seconds
                  HADV completed...       4.2854 seconds
                  ZADV completed...       1.9431 seconds
                 HDIFF completed...       0.5109 seconds
              DECOUPLE completed...       0.3415 seconds
                  PHOT completed...       4.9838 seconds
               CLDPROC completed...       1.5530 seconds
                  CHEM completed...      31.5461 seconds
                  AERO completed...      18.3556 seconds
            Master Time Step
            Processing completed...      80.6349 seconds
 
     Processing Day/Time [YYYYDDD:HHMMSS]: 2022182:233500
       Which is Equivalent to (UTC): 23:35:00 Friday,  July 1, 2022
       Time-Step Length (HHMMSS): 000500
                 VDIFF completed...      15.4480 seconds
                COUPLE completed...       0.2529 seconds
                  HADV completed...       4.0165 seconds
                  ZADV completed...       1.8243 seconds
                 HDIFF completed...       0.4949 seconds
              DECOUPLE completed...       0.3237 seconds
                  PHOT completed...       4.9038 seconds
               CLDPROC completed...       1.5066 seconds
                  CHEM completed...      31.2051 seconds
                  AERO completed...      18.5195 seconds
            Master Time Step
            Processing completed...      78.4955 seconds
 
     Processing Day/Time [YYYYDDD:HHMMSS]: 2022182:234000
       Which is Equivalent to (UTC): 23:40:00 Friday,  July 1, 2022
       Time-Step Length (HHMMSS): 000500
                 VDIFF completed...      16.7686 seconds
                COUPLE completed...       0.2584 seconds
                  HADV completed...       4.1105 seconds
                  ZADV completed...       1.8499 seconds
                 HDIFF completed...       0.4814 seconds
              DECOUPLE completed...       0.3182 seconds
                  PHOT completed...       4.9102 seconds
               CLDPROC completed...       1.5098 seconds
                  CHEM completed...      31.0767 seconds
                  AERO completed...      17.9602 seconds
            Master Time Step
            Processing completed...      79.2442 seconds
 
     Processing Day/Time [YYYYDDD:HHMMSS]: 2022182:234500
       Which is Equivalent to (UTC): 23:45:00 Friday,  July 1, 2022
       Time-Step Length (HHMMSS): 000500
                 VDIFF completed...      15.7799 seconds
                COUPLE completed...       0.2661 seconds
                  HADV completed...       4.0117 seconds
                  ZADV completed...       1.8284 seconds
                 HDIFF completed...       0.4806 seconds
              DECOUPLE completed...       0.3173 seconds
                  PHOT completed...       4.6476 seconds
               CLDPROC completed...       1.4783 seconds
                  CHEM completed...      30.3184 seconds
                  AERO completed...      18.6189 seconds
            Master Time Step
            Processing completed...      77.7475 seconds
 
     Processing Day/Time [YYYYDDD:HHMMSS]: 2022182:235000
       Which is Equivalent to (UTC): 23:50:00 Friday,  July 1, 2022
       Time-Step Length (HHMMSS): 000500
                 VDIFF completed...      16.4283 seconds
                COUPLE completed...       0.2603 seconds
                  HADV completed...       4.1971 seconds
                  ZADV completed...       1.9215 seconds
                 HDIFF completed...       0.5051 seconds
              DECOUPLE completed...       0.3235 seconds
                  PHOT completed...       4.8803 seconds
               CLDPROC completed...       1.5522 seconds
                  CHEM completed...      31.4154 seconds
                  AERO completed...      18.7298 seconds
            Master Time Step
            Processing completed...      80.2137 seconds
 
     Processing Day/Time [YYYYDDD:HHMMSS]: 2022182:235500
       Which is Equivalent to (UTC): 23:55:00 Friday,  July 1, 2022
       Time-Step Length (HHMMSS): 000500
                 VDIFF completed...      16.4163 seconds
                COUPLE completed...       0.2906 seconds
                  HADV completed...       4.2227 seconds
                  ZADV completed...       1.8723 seconds
                 HDIFF completed...       0.4912 seconds
              DECOUPLE completed...       0.3206 seconds
                  PHOT completed...       4.5260 seconds
               CLDPROC completed...       1.5467 seconds
                  CHEM completed...      30.5209 seconds
                  AERO completed...      19.0143 seconds
            Master Time Step
            Processing completed...      79.2219 seconds
 
      =--> Data Output completed...       0.1039 seconds
 
 
 
     ==============================================
     |>---   PROGRAM COMPLETED SUCCESSFULLY   ---<|
     ==============================================
     Date and time 0:00:00   July 2, 2022   (2022183:000000)
 
     The elapsed time for this simulation was   22193.6 seconds.
 

CMAQ Processing of Day 20220701 Finished at Sat Aug 15 04:12:52 AM EDT 2026

\\\\\=====\\\\\=====\\\\\=====\\\\\=====/////=====/////=====/////=====/////


Set up input and output files for Day 2022-07-02.

Existing Logs and Output Files for Day 2022-07-02 Will Be Deleted
rm: No match.

CMAQ Processing of Day 20220702 Began at Sat Aug 15 04:12:57 AM EDT 2026

MPI startup(): PMI server not found. Please set I_MPI_PMI_LIBRARY variable if it is not a singleton case.
MPI startup(): PMI server not found. Please set I_MPI_PMI_LIBRARY variable if it is not a singleton case.
MPI startup(): PMI server not found. Please set I_MPI_PMI_LIBRARY variable if it is not a singleton case.
MPI startup(): PMI server not found. Please set I_MPI_PMI_LIBRARY variable if it is not a singleton case.
MPI startup(): PMI server not found. Please set I_MPI_PMI_LIBRARY variable if it is not a singleton case.
MPI startup(): PMI server not found. Please set I_MPI_PMI_LIBRARY variable if it is not a singleton case.
MPI startup(): PMI server not found. Please set I_MPI_PMI_LIBRARY variable if it is not a singleton case.
MPI startup(): PMI server not found. Please set I_MPI_PMI_LIBRARY variable if it is not a singleton case.
MPI startup(): PMI server not found. Please set I_MPI_PMI_LIBRARY variable if it is not a singleton case.
MPI startup(): PMI server not found. Please set I_MPI_PMI_LIBRARY variable if it is not a singleton case.
MPI startup(): PMI server not found. Please set I_MPI_PMI_LIBRARY variable if it is not a singleton case.
MPI startup(): PMI server not found. Please set I_MPI_PMI_LIBRARY variable if it is not a singleton case.
MPI startup(): PMI server not found. Please set I_MPI_PMI_LIBRARY variable if it is not a singleton case.
MPI startup(): PMI server not found. Please set I_MPI_PMI_LIBRARY variable if it is not a singleton case.
MPI startup(): PMI server not found. Please set I_MPI_PMI_LIBRARY variable if it is not a singleton case.
                  CTM_APPL  |  v6_intel_Bench_2022_12SE1_20220702
#================================================================================#        
#|                                                                              |#        
#|               The Community Multiscale Air Quality (CMAQ) Model              |#        
#|                                  Version 6.0_alpha1                          |#        
#|                                                                              |#        
#|                          Built and Maintained by the                         |#        
#|                        Office of Research and Development                    |#        
#|                   United States Environmental Protection Agency              |#        
#|                                                                              |#        
#|                            https://www.epa.gov/cmaq                          |#        
#|                                                                              |#        
#|       Source Code:   https://www.github.com/USEPA/cmaq/tree/master           |#        
#|       Documentation: https://www.github.com/USEPA/cmaq/tree/master/DOCS      |#        
#|                                                                              |#        
#|         The CMAQ Model is tested and released with cooperation from          |#        
#|         the Community Modeling and Analysis System (CMAS) Center via         |#        
#|         contract support. CMAS is managed by the Institute for the           |#        
#|         Environment, University of North Carolina at Chapel Hill.            |#        
#|         CMAS URL: (https://www.cmascenter.org)                               |#        
#|                                                                              |#        
#================================================================================#        
MPI startup(): PMI server not found. Please set I_MPI_PMI_LIBRARY variable if it is not a singleton case.
                  CTM_APPL  |  v6_intel_Bench_2022_12SE1_20220702
                  CTM_APPL  |  v6_intel_Bench_2022_12SE1_20220702
 
 
     ==================================
     |>---   INITIALIZE I/O-API   ---<|
     ==================================
#================================================================================#        
#|                                                                              |#        
#|               The Community Multiscale Air Quality (CMAQ) Model              |#        
#================================================================================#        
#|                                                                              |#        
#|               The Community Multiscale Air Quality (CMAQ) Model              |#        
#|                                  Version 6.0_alpha1                          |#        
#|                                                                              |#        
#|                          Built and Maintained by the                         |#        
#|                        Office of Research and Development                    |#        
#|                   United States Environmental Protection Agency              |#        
#|                                                                              |#        
#|                            https://www.epa.gov/cmaq                          |#        
#|                                                                              |#        
#|       Source Code:   https://www.github.com/USEPA/cmaq/tree/master           |#        
#|       Documentation: https://www.github.com/USEPA/cmaq/tree/master/DOCS      |#        
#|                                                                              |#        
#|         The CMAQ Model is tested and released with cooperation from          |#        
#|         the Community Modeling and Analysis System (CMAS) Center via         |#        
#|         contract support. CMAS is managed by the Institute for the           |#        
#|         Environment, University of North Carolina at Chapel Hill.            |#        
#|         CMAS URL: (https://www.cmascenter.org)                               |#        
#|                                                                              |#        
#================================================================================#        
#|                                  Version 6.0_alpha1                          |#        
#|                                                                              |#        
#|                          Built and Maintained by the                         |#        
#|                        Office of Research and Development                    |#        
#|                   United States Environmental Protection Agency              |#        
#|                                                                              |#        
#|                            https://www.epa.gov/cmaq                          |#        
#|                                                                              |#        
#|       Source Code:   https://www.github.com/USEPA/cmaq/tree/master           |#        
#|       Documentation: https://www.github.com/USEPA/cmaq/tree/master/DOCS      |#        
#|                                                                              |#        
#|         The CMAQ Model is tested and released with cooperation from          |#        
                  CTM_APPL  |  v6_intel_Bench_2022_12SE1_20220702
                  CTM_APPL  |  v6_intel_Bench_2022_12SE1_20220702
                  CTM_APPL  |  v6_intel_Bench_2022_12SE1_20220702
#|         the Community Modeling and Analysis System (CMAS) Center via         |#        
#|         contract support. CMAS is managed by the Institute for the           |#        
#|         Environment, University of North Carolina at Chapel Hill.            |#        
#|         CMAS URL: (https://www.cmascenter.org)                               |#        
#|                                                                              |#        
                  CTM_APPL  |  v6_intel_Bench_2022_12SE1_20220702
#================================================================================#        
#================================================================================#        
                  CTM_APPL  |  v6_intel_Bench_2022_12SE1_20220702
#================================================================================#        
#|                                                                              |#        
#|               The Community Multiscale Air Quality (CMAQ) Model              |#        
#|                                  Version 6.0_alpha1                          |#        
#|                                                                              |#        
#|                          Built and Maintained by the                         |#        
#|                        Office of Research and Development                    |#        
#|                   United States Environmental Protection Agency              |#        
#|                                                                              |#        
#|                            https://www.epa.gov/cmaq                          |#        
#|                                                                              |#        
#|       Source Code:   https://www.github.com/USEPA/cmaq/tree/master           |#        
#|       Documentation: https://www.github.com/USEPA/cmaq/tree/master/DOCS      |#        
#|                                                                              |#        
#|         The CMAQ Model is tested and released with cooperation from          |#        
#|         the Community Modeling and Analysis System (CMAS) Center via         |#        
#|         contract support. CMAS is managed by the Institute for the           |#        
#|         Environment, University of North Carolina at Chapel Hill.            |#        
#|         CMAS URL: (https://www.cmascenter.org)                               |#        
#|                                                                              |#        
#================================================================================#        
#================================================================================#        
#|                                                                              |#        
#|               The Community Multiscale Air Quality (CMAQ) Model              |#        
#|                                  Version 6.0_alpha1                          |#        
#|                                                                              |#        
#|                          Built and Maintained by the                         |#        
#|                        Office of Research and Development                    |#        
#|                   United States Environmental Protection Agency              |#        
#|                                                                              |#        
#|                            https://www.epa.gov/cmaq                          |#        
#|                                                                              |#        
#|       Source Code:   https://www.github.com/USEPA/cmaq/tree/master           |#        
#|       Documentation: https://www.github.com/USEPA/cmaq/tree/master/DOCS      |#        
#|                                                                              |#        
#|         The CMAQ Model is tested and released with cooperation from          |#        
#|         the Community Modeling and Analysis System (CMAS) Center via         |#        
#|         contract support. CMAS is managed by the Institute for the           |#        
#|         Environment, University of North Carolina at Chapel Hill.            |#        
#|         CMAS URL: (https://www.cmascenter.org)                               |#        
#|                                                                              |#        
#================================================================================#        
                  CTM_APPL  |  v6_intel_Bench_2022_12SE1_20220702
#|                                                                              |#        
#|               The Community Multiscale Air Quality (CMAQ) Model              |#        
#================================================================================#        
#|                                                                              |#        
#|               The Community Multiscale Air Quality (CMAQ) Model              |#        
#|                                  Version 6.0_alpha1                          |#        
#|                                                                              |#        
#|                          Built and Maintained by the                         |#        
#|                        Office of Research and Development                    |#        
#|                   United States Environmental Protection Agency              |#        
#|                                                                              |#        
#|                            https://www.epa.gov/cmaq                          |#        
#|                                                                              |#        
#|       Source Code:   https://www.github.com/USEPA/cmaq/tree/master           |#        
#|       Documentation: https://www.github.com/USEPA/cmaq/tree/master/DOCS      |#        
#|                                                                              |#        
#|         The CMAQ Model is tested and released with cooperation from          |#        
#|         the Community Modeling and Analysis System (CMAS) Center via         |#        
#|         contract support. CMAS is managed by the Institute for the           |#        
#|         Environment, University of North Carolina at Chapel Hill.            |#        
#|         CMAS URL: (https://www.cmascenter.org)                               |#        
#|                                                                              |#        
#================================================================================#        
#================================================================================#        
#|                                                                              |#        
#|               The Community Multiscale Air Quality (CMAQ) Model              |#        
#|                                  Version 6.0_alpha1                          |#        
#|                                                                              |#        
#|                          Built and Maintained by the                         |#        
#|                        Office of Research and Development                    |#        
#|                   United States Environmental Protection Agency              |#        
#|                                                                              |#        
#|                            https://www.epa.gov/cmaq                          |#        
#|                                                                              |#        
#|       Source Code:   https://www.github.com/USEPA/cmaq/tree/master           |#        
#|       Documentation: https://www.github.com/USEPA/cmaq/tree/master/DOCS      |#        
#|                                                                              |#        
#|         The CMAQ Model is tested and released with cooperation from          |#        
#|         the Community Modeling and Analysis System (CMAS) Center via         |#        
#|         contract support. CMAS is managed by the Institute for the           |#        
#|         Environment, University of North Carolina at Chapel Hill.            |#        
#|         CMAS URL: (https://www.cmascenter.org)                               |#        
#|                                                                              |#        
#================================================================================#        
#================================================================================#        
#|                                                                              |#        
#|               The Community Multiscale Air Quality (CMAQ) Model              |#        
#|                                  Version 6.0_alpha1                          |#        
#|                                                                              |#        
#|                          Built and Maintained by the                         |#        
#|                        Office of Research and Development                    |#        
#|                   United States Environmental Protection Agency              |#        
#|                                                                              |#        
#|                            https://www.epa.gov/cmaq                          |#        
#|                                                                              |#        
                                                                     
     This program uses the EPA-AREAL/MCNC-EnvPgms/BAMS/ UNC IE       
     Models-3 I/O Applications Programming Interface, [I/O API]      
     which is built on top of the netCDF I/O library (Copyright      
     993, 1996 University Corporation for Atmospheric Research       
     Unidata Program) and the PVM parallel-programming library       
     (from Oak Ridge National Laboratory).                           
     Copyright (C) 1992-2002 MCNC,                                   
     (C) 1992-2018 Carlie J. Coats, Jr.,                             
     (C) 2003-2012 Baron Advanced Meteorological Systems, LLC, and   
     (C) 2014-2023 UNC Institute for the Environment.                
     Released under the GNU LGPL  License, version 2.1.  See URL     
                                                                     
         https://www.gnu.org/licenses/old-licenses/lgpl-2.1.html     
                                                                     
     for conditions of use.                                          
                                                                     
     ioapi-3.2: $Id: init3.F90 247 2023-03-22 15:59:19Z coats $
     netCDF version 4.8.1 of Nov 21 2021 00:00:00 $
#|       Source Code:   https://www.github.com/USEPA/cmaq/tree/master           |#        
#|       Documentation: https://www.github.com/USEPA/cmaq/tree/master/DOCS      |#        
#|                                                                              |#        
#|         The CMAQ Model is tested and released with cooperation from          |#        
#|         the Community Modeling and Analysis System (CMAS) Center via         |#        
#|         contract support. CMAS is managed by the Institute for the           |#        
#|         Environment, University of North Carolina at Chapel Hill.            |#        
#|         CMAS URL: (https://www.cmascenter.org)                               |#        
#|                                                                              |#        
#================================================================================#        
      
                  CTM_APPL  |  v6_intel_Bench_2022_12SE1_20220702
#|                                  Version 6.0_alpha1                          |#        
                  CTM_APPL  |  v6_intel_Bench_2022_12SE1_20220702
#|                                                                              |#        
#|                          Built and Maintained by the                         |#        
 
 
     ==================================
     |>---   INITIALIZE I/O-API   ---<|
     ==================================
#|                        Office of Research and Development                    |#        
                  CTM_APPL  |  v6_intel_Bench_2022_12SE1_20220702
#|                   United States Environmental Protection Agency              |#        
#|                                                                              |#        
#|                            https://www.epa.gov/cmaq                          |#        
#|                                                                              |#        
#|       Source Code:   https://www.github.com/USEPA/cmaq/tree/master           |#        
#|       Documentation: https://www.github.com/USEPA/cmaq/tree/master/DOCS      |#        
#|                                                                              |#        
#|         The CMAQ Model is tested and released with cooperation from          |#        
#|         the Community Modeling and Analysis System (CMAS) Center via         |#        
#|         contract support. CMAS is managed by the Institute for the           |#        
#|         Environment, University of North Carolina at Chapel Hill.            |#        
#|         CMAS URL: (https://www.cmascenter.org)                               |#        
#|                                                                              |#        
#================================================================================#        
#================================================================================#        
#|                                                                              |#        
#|               The Community Multiscale Air Quality (CMAQ) Model              |#        
#|                                  Version 6.0_alpha1                          |#        
#|                                                                              |#        
#|                          Built and Maintained by the                         |#        
#|                        Office of Research and Development                    |#        
#|                   United States Environmental Protection Agency              |#        
#|                                                                              |#        
#|                            https://www.epa.gov/cmaq                          |#        
#|                                                                              |#        
#|       Source Code:   https://www.github.com/USEPA/cmaq/tree/master           |#        
#|       Documentation: https://www.github.com/USEPA/cmaq/tree/master/DOCS      |#        
#|                                                                              |#        
#|         The CMAQ Model is tested and released with cooperation from          |#        
#|         the Community Modeling and Analysis System (CMAS) Center via         |#        
#|         contract support. CMAS is managed by the Institute for the           |#        
#|         Environment, University of North Carolina at Chapel Hill.            |#        
#|         CMAS URL: (https://www.cmascenter.org)                               |#        
#|                                                                              |#        
#================================================================================#        
#================================================================================#        
#|                                                                              |#        
#|               The Community Multiscale Air Quality (CMAQ) Model              |#        
#|                                  Version 6.0_alpha1                          |#        
#|                                                                              |#        
#|                          Built and Maintained by the                         |#        
#|                        Office of Research and Development                    |#        
#|                   United States Environmental Protection Agency              |#        
#|                                                                              |#        
#|                            https://www.epa.gov/cmaq                          |#        
#|                                                                              |#        
#|       Source Code:   https://www.github.com/USEPA/cmaq/tree/master           |#        
#|       Documentation: https://www.github.com/USEPA/cmaq/tree/master/DOCS      |#        
#|                                                                              |#        
#|         The CMAQ Model is tested and released with cooperation from          |#        
#|         the Community Modeling and Analysis System (CMAS) Center via         |#        
#|         contract support. CMAS is managed by the Institute for the           |#        
#|         Environment, University of North Carolina at Chapel Hill.            |#        
#|         CMAS URL: (https://www.cmascenter.org)                               |#        
#|                                                                              |#        
#================================================================================#        
#================================================================================#        
#|                                                                              |#        
#|               The Community Multiscale Air Quality (CMAQ) Model              |#        
#|                                  Version 6.0_alpha1                          |#        
#|                                                                              |#        
#|                          Built and Maintained by the                         |#        
#|                        Office of Research and Development                    |#        
#|                   United States Environmental Protection Agency              |#        
#|                                                                              |#        
#|                            https://www.epa.gov/cmaq                          |#        
#|                                                                              |#        
#|       Source Code:   https://www.github.com/USEPA/cmaq/tree/master           |#        
#|       Documentation: https://www.github.com/USEPA/cmaq/tree/master/DOCS      |#        
#|                                                                              |#        
#|         The CMAQ Model is tested and released with cooperation from          |#        
#|         the Community Modeling and Analysis System (CMAS) Center via         |#        
#|         contract support. CMAS is managed by the Institute for the           |#        
#|         Environment, University of North Carolina at Chapel Hill.            |#        
#|         CMAS URL: (https://www.cmascenter.org)                               |#        
#|                                                                              |#        
#================================================================================#        
                  CTM_APPL  |  v6_intel_Bench_2022_12SE1_20220702
 
 
     ==================================
     |>---   INITIALIZE I/O-API   ---<|
     ==================================
 
 
     ==================================
     |>---   INITIALIZE I/O-API   ---<|
     ==================================
 
 
     ==================================
     |>---   INITIALIZE I/O-API   ---<|
     ==================================
 
 
     ==================================
     |>---   INITIALIZE I/O-API   ---<|
     ==================================
#================================================================================#        
#|                                                                              |#        
#|               The Community Multiscale Air Quality (CMAQ) Model              |#        
#|                                  Version 6.0_alpha1                          |#        
#|                                                                              |#        
#|                          Built and Maintained by the                         |#        
#|                        Office of Research and Development                    |#        
#|                   United States Environmental Protection Agency              |#        
#|                                                                              |#        
#|                            https://www.epa.gov/cmaq                          |#        
#|                                                                              |#        
#|       Source Code:   https://www.github.com/USEPA/cmaq/tree/master           |#        
#|       Documentation: https://www.github.com/USEPA/cmaq/tree/master/DOCS      |#        
#|                                                                              |#        
#|         The CMAQ Model is tested and released with cooperation from          |#        
#|         the Community Modeling and Analysis System (CMAS) Center via         |#        
#|         contract support. CMAS is managed by the Institute for the           |#        
#|         Environment, University of North Carolina at Chapel Hill.            |#        
#|         CMAS URL: (https://www.cmascenter.org)                               |#        
#|                                                                              |#        
#================================================================================#        
 
 
     ==================================
     |>---   INITIALIZE I/O-API   ---<|
     ==================================
 
 
     ==================================
     |>---   INITIALIZE I/O-API   ---<|
     ==================================
                  CTM_APPL  |  v6_intel_Bench_2022_12SE1_20220702
                  CTM_APPL  |  v6_intel_Bench_2022_12SE1_20220702
 
 
     ==================================
     |>---   INITIALIZE I/O-API   ---<|
     ==================================
 
 
 
 
     ==================================
     |>---   INITIALIZE I/O-API   ---<|
     ==================================
     ==================================
     |>---   INITIALIZE I/O-API   ---<|
     ==================================
#================================================================================#        
#|                                                                              |#        
#|               The Community Multiscale Air Quality (CMAQ) Model              |#        
#|                                  Version 6.0_alpha1                          |#        
#|                                                                              |#        
#|                          Built and Maintained by the                         |#        
#|                        Office of Research and Development                    |#        
#|                   United States Environmental Protection Agency              |#        
#|                                                                              |#        
#|                            https://www.epa.gov/cmaq                          |#        
#|                                                                              |#        
#|       Source Code:   https://www.github.com/USEPA/cmaq/tree/master           |#        
#|       Documentation: https://www.github.com/USEPA/cmaq/tree/master/DOCS      |#        
#|                                                                              |#        
#|         The CMAQ Model is tested and released with cooperation from          |#        
#|         the Community Modeling and Analysis System (CMAS) Center via         |#        
#|         contract support. CMAS is managed by the Institute for the           |#        
#|         Environment, University of North Carolina at Chapel Hill.            |#        
#|         CMAS URL: (https://www.cmascenter.org)                               |#        
#|                                                                              |#        
#================================================================================#        
 
 
     ==================================
     |>---   INITIALIZE I/O-API   ---<|
     ==================================
 
 
     ==================================
     |>---   INITIALIZE I/O-API   ---<|
     ==================================
#================================================================================#        
#|                                                                              |#        

     ***  ERROR in INIT3/INITLOG3  ***
     Error opening log file on unit        99
     I/O STATUS =        10
     DESCRIPTION: cannot overwrite existing file, unit 99, file /proj/ie/proj/CMAS/CMASOps2026/CMAQ_CMAS_6/intelmpi_intel_4.6.2_2024_longleaf/CCTM/scripts/CTM_LOG_000.v6_intel_Bench_2022_12SE1_20220702

     File: CTM_LOG_000.v6_intel_Bench_2022_12SE1_20220702


     ***  ERROR in INIT3/INITLOG3  ***
     Error opening log file on unit        99
     I/O STATUS =        10
     DESCRIPTION: cannot overwrite existing file, unit 99, file /proj/ie/proj/CMAS/CMASOps2026/CMAQ_CMAS_6/intelmpi_intel_4.6.2_2024_longleaf/CCTM/scripts/CTM_LOG_000.v6_intel_Bench_2022_12SE1_20220702

     File: CTM_LOG_000.v6_intel_Bench_2022_12SE1_20220702


     ***  ERROR in INIT3/INITLOG3  ***
     Error opening log file on unit        99
     I/O STATUS =        10
     DESCRIPTION: cannot overwrite existing file, unit 99, file /proj/ie/proj/CMAS/CMASOps2026/CMAQ_CMAS_6/intelmpi_intel_4.6.2_2024_longleaf/CCTM/scripts/CTM_LOG_000.v6_intel_Bench_2022_12SE1_20220702

     File: CTM_LOG_000.v6_intel_Bench_2022_12SE1_20220702


     ***  ERROR in INIT3/INITLOG3  ***
     Error opening log file on unit        99
     I/O STATUS =        10
     DESCRIPTION: cannot overwrite existing file, unit 99, file /proj/ie/proj/CMAS/CMASOps2026/CMAQ_CMAS_6/intelmpi_intel_4.6.2_2024_longleaf/CCTM/scripts/CTM_LOG_000.v6_intel_Bench_2022_12SE1_20220702

     File: CTM_LOG_000.v6_intel_Bench_2022_12SE1_20220702


     ***  ERROR in INIT3/INITLOG3  ***
     Error opening log file on unit        99
     I/O STATUS =        10
     DESCRIPTION: cannot overwrite existing file, unit 99, file /proj/ie/proj/CMAS/CMASOps2026/CMAQ_CMAS_6/intelmpi_intel_4.6.2_2024_longleaf/CCTM/scripts/CTM_LOG_000.v6_intel_Bench_2022_12SE1_20220702

     File: CTM_LOG_000.v6_intel_Bench_2022_12SE1_20220702


     ***  ERROR in INIT3/INITLOG3  ***
     Error opening log file on unit        99
     I/O STATUS =        10
     DESCRIPTION: cannot overwrite existing file, unit 99, file /proj/ie/proj/CMAS/CMASOps2026/CMAQ_CMAS_6/intelmpi_intel_4.6.2_2024_longleaf/CCTM/scripts/CTM_LOG_000.v6_intel_Bench_2022_12SE1_20220702

     File: CTM_LOG_000.v6_intel_Bench_2022_12SE1_20220702


     ***  ERROR in INIT3/INITLOG3  ***
     Error opening log file on unit        99
     I/O STATUS =        10
     DESCRIPTION: cannot overwrite existing file, unit 99, file /proj/ie/proj/CMAS/CMASOps2026/CMAQ_CMAS_6/intelmpi_intel_4.6.2_2024_longleaf/CCTM/scripts/CTM_LOG_000.v6_intel_Bench_2022_12SE1_20220702

     File: CTM_LOG_000.v6_intel_Bench_2022_12SE1_20220702


     ***  ERROR in INIT3/INITLOG3  ***
     Error opening log file on unit        99
     I/O STATUS =        10
     DESCRIPTION: cannot overwrite existing file, unit 99, file /proj/ie/proj/CMAS/CMASOps2026/CMAQ_CMAS_6/intelmpi_intel_4.6.2_2024_longleaf/CCTM/scripts/CTM_LOG_000.v6_intel_Bench_2022_12SE1_20220702

     File: CTM_LOG_000.v6_intel_Bench_2022_12SE1_20220702


     ***  ERROR in INIT3/INITLOG3  ***
     Error opening log file on unit        99
     I/O STATUS =        10
     DESCRIPTION: cannot overwrite existing file, unit 99, file /proj/ie/proj/CMAS/CMASOps2026/CMAQ_CMAS_6/intelmpi_intel_4.6.2_2024_longleaf/CCTM/scripts/CTM_LOG_000.v6_intel_Bench_2022_12SE1_20220702

     File: CTM_LOG_000.v6_intel_Bench_2022_12SE1_20220702


     ***  ERROR in INIT3/INITLOG3  ***
     Error opening log file on unit        99
     I/O STATUS =        10
     DESCRIPTION: cannot overwrite existing file, unit 99, file /proj/ie/proj/CMAS/CMASOps2026/CMAQ_CMAS_6/intelmpi_intel_4.6.2_2024_longleaf/CCTM/scripts/CTM_LOG_000.v6_intel_Bench_2022_12SE1_20220702

     File: CTM_LOG_000.v6_intel_Bench_2022_12SE1_20220702

#|               The Community Multiscale Air Quality (CMAQ) Model              |#        
#|                                  Version 6.0_alpha1                          |#        
#|                                                                              |#        

     ***  ERROR in INIT3/INITLOG3  ***
     Error opening log file on unit        99
     I/O STATUS =        10
     DESCRIPTION: cannot overwrite existing file, unit 99, file /proj/ie/proj/CMAS/CMASOps2026/CMAQ_CMAS_6/intelmpi_intel_4.6.2_2024_longleaf/CCTM/scripts/CTM_LOG_000.v6_intel_Bench_2022_12SE1_20220702

     File: CTM_LOG_000.v6_intel_Bench_2022_12SE1_20220702

#|                          Built and Maintained by the                         |#        
#|                        Office of Research and Development                    |#        
#|                   United States Environmental Protection Agency              |#        
#|                                                                              |#        
#|                            https://www.epa.gov/cmaq                          |#        
                  CTM_APPL  |  v6_intel_Bench_2022_12SE1_20220702
#|                                                                              |#        
#|       Source Code:   https://www.github.com/USEPA/cmaq/tree/master           |#        
#|       Documentation: https://www.github.com/USEPA/cmaq/tree/master/DOCS      |#        
 
 
     ==================================
     |>---   INITIALIZE I/O-API   ---<|
     ==================================
#|                                                                              |#        

     ***  ERROR in INIT3/INITLOG3  ***
     Error opening log file on unit        99
     I/O STATUS =        10
     DESCRIPTION: cannot overwrite existing file, unit 99, file /proj/ie/proj/CMAS/CMASOps2026/CMAQ_CMAS_6/intelmpi_intel_4.6.2_2024_longleaf/CCTM/scripts/CTM_LOG_000.v6_intel_Bench_2022_12SE1_20220702

     File: CTM_LOG_000.v6_intel_Bench_2022_12SE1_20220702

#================================================================================#        
#|                                                                              |#        
#|               The Community Multiscale Air Quality (CMAQ) Model              |#        
#|                                  Version 6.0_alpha1                          |#        
#|                                                                              |#        
#|                          Built and Maintained by the                         |#        
#|                        Office of Research and Development                    |#        
#|                   United States Environmental Protection Agency              |#        
#|                                                                              |#        
#|                            https://www.epa.gov/cmaq                          |#        
#|                                                                              |#        
#|       Source Code:   https://www.github.com/USEPA/cmaq/tree/master           |#        
#|       Documentation: https://www.github.com/USEPA/cmaq/tree/master/DOCS      |#        
#|                                                                              |#        
#|         The CMAQ Model is tested and released with cooperation from          |#        
#|         the Community Modeling and Analysis System (CMAS) Center via         |#        
#|         contract support. CMAS is managed by the Institute for the           |#        
#|         Environment, University of North Carolina at Chapel Hill.            |#        
#|         CMAS URL: (https://www.cmascenter.org)                               |#        
#|                                                                              |#        
#================================================================================#        
#|         The CMAQ Model is tested and released with cooperation from          |#        
#|         the Community Modeling and Analysis System (CMAS) Center via         |#        
#|         contract support. CMAS is managed by the Institute for the           |#        
#|         Environment, University of North Carolina at Chapel Hill.            |#        
#|         CMAS URL: (https://www.cmascenter.org)                               |#        

     ***  ERROR in INIT3/INITLOG3  ***
     Error opening log file on unit        99
     I/O STATUS =        10
     DESCRIPTION: cannot overwrite existing file, unit 99, file /proj/ie/proj/CMAS/CMASOps2026/CMAQ_CMAS_6/intelmpi_intel_4.6.2_2024_longleaf/CCTM/scripts/CTM_LOG_000.v6_intel_Bench_2022_12SE1_20220702

     File: CTM_LOG_000.v6_intel_Bench_2022_12SE1_20220702

#|                                                                              |#        
#================================================================================#        
 
 
     ==================================
     |>---   INITIALIZE I/O-API   ---<|
     ==================================

     ***  ERROR in INIT3/INITLOG3  ***
     Error opening log file on unit        99
     I/O STATUS =        10
     DESCRIPTION: cannot overwrite existing file, unit 99, file /proj/ie/proj/CMAS/CMASOps2026/CMAQ_CMAS_6/intelmpi_intel_4.6.2_2024_longleaf/CCTM/scripts/CTM_LOG_000.v6_intel_Bench_2022_12SE1_20220702

     File: CTM_LOG_000.v6_intel_Bench_2022_12SE1_20220702

 
 
     ==================================
     |>---   INITIALIZE I/O-API   ---<|
     ==================================

     ***  ERROR in INIT3/INITLOG3  ***
     Error opening log file on unit        99
     I/O STATUS =        10
     DESCRIPTION: cannot overwrite existing file, unit 99, file /proj/ie/proj/CMAS/CMASOps2026/CMAQ_CMAS_6/intelmpi_intel_4.6.2_2024_longleaf/CCTM/scripts/CTM_LOG_000.v6_intel_Bench_2022_12SE1_20220702

     File: CTM_LOG_000.v6_intel_Bench_2022_12SE1_20220702

 
 
     ===========================================
     |>---   ENVIRONMENT VARIABLE REPORT   ---<|
     ===========================================

     |> Grid and High-Level Model Parameters:
     +=========================================
        ---Env Variable---  |  ---Value---
      --------------------------------------------------------------------------------
                       BLD  |             (default)
                    OUTDIR  |  /work/users/l/i/lizadams/CMAQv6.0_2022_12SE1_Benchmark_2day//output_CCTM_v6_intel_Bench_2022_12SE1
                 NEW_START  |           F
            IGNORE_SOILINP  |           F (default)
              EXECUTION_ID  |  CMAQ_CCTMv6_lizadams_20260815_020256_497782397
                 GRID_NAME  |  SE60BENCH
                 CTM_TSTEP  |       10000
                CTM_RUNLEN  |      240000
              CTM_PROGNAME  |  DRIVER (default)
                CTM_STDATE  |     2022183
                CTM_STTIME  |           0
               CTM_MAXSYNC  |         300
               CTM_MINSYNC  |          60

     |> Multiprocess control, output and error checking:
     +====================================================
        ---Env Variable---  |  ---Value---
      --------------------------------------------------------------------------------
           PRINT_PROC_TIME  |           T
               FL_ERR_STOP  |           F
              CTM_MIO_FILE  |           F (default)
                 CTM_CKSUM  |           T
          AVG_FILE_ENDTIME  |           F
             AVG_CONC_SPCS  |  ALL
                 CONC_SPCS  |  O3 NO ANO3I ANO3J NO2 NH3 ANH4I ANH4J ASO4I ASO4J
           ACONC_BLEV_ELEV  |   1 1
            CONC_BLEV_ELEV  |   1 1
           IOAPI_LOG_WRITE  |           F
                   VERTEXT  |           F
        VERTEXT_COORD_PATH  |  /proj/ie/proj/CMAS/CMASOps2026/CMAQ_CMAS_6/intelmpi_intel_4.6.2_2024_longleaf/CCTM/scripts/lonlat.csv
             gc_matrix_nml  |  /proj/ie/proj/CMAS/CMASOps2026/CMAQ_CMAS_6/intelmpi_intel_4.6.2_2024_longleaf/CCTM/scripts/BLD_CCTM_v6_intel/GC_cracmm3.nml
             ae_matrix_nml  |  /proj/ie/proj/CMAS/CMASOps2026/CMAQ_CMAS_6/intelmpi_intel_4.6.2_2024_longleaf/CCTM/scripts/BLD_CCTM_v6_intel/AE_cracmm3.nml
             nr_matrix_nml  |  /proj/ie/proj/CMAS/CMASOps2026/CMAQ_CMAS_6/intelmpi_intel_4.6.2_2024_longleaf/CCTM/scripts/BLD_CCTM_v6_intel/NR_cracmm3.nml
             tr_matrix_nml  |  /proj/ie/proj/CMAS/CMASOps2026/CMAQ_CMAS_6/intelmpi_intel_4.6.2_2024_longleaf/CCTM/scripts/BLD_CCTM_v6_intel/Species_Table_TR_0.nml

     |> Chemistry and Photolysis:
     +=============================
        ---Env Variable---  |  ---Value---
      --------------------------------------------------------------------------------
                      MECH  |  cracmm3
              CTM_PHOTDIAG  |           F
            AEROSOL_OPTICS  |           3

      --ATOL settings are in ppmV.--

             GEAR_MAX_ATOL  |   0.100E-06 (default)
             GEAR_MIN_ATOL  |   0.100E-08 (default)
           GEAR_CONC_FLOOR  |   0.100E-11 (default)
                 GEAR_RTOL  |   0.100E-02 (default)
                   RB_RTOL  |   0.100E-02 (default)
                   RB_ATOL  |   0.100E-06 (default)
                  CTM_PVO3  |           F

     |> Aerosols:
     +=============
        ---Env Variable---  |  ---Value---
      --------------------------------------------------------------------------------
                   AERO_MT  |  HYB
            AERO_DYN_TSTEP  |          90
             BC_AERO_M2WET  |           F
             BC_AERO_M2USE  |           T
              STM_SO4TRACK  |           F

     |> Cloud Processes:
     +====================
        ---Env Variable---  |  ---Value---
      --------------------------------------------------------------------------------
                  CLD_DIAG  |           F

     |> Air-Surface Exchange Processes:
     +===================================
        ---Env Variable---  |  ---Value---
      --------------------------------------------------------------------------------
                PX_VERSION  |           T
                CTM_ABFLUX  |           T
                CTM_MOSAIC  |           F
              CTM_SFC_HONO  |           T
               CLM_VERSION  |           F
              NOAH_VERSION  |           F
             CTM_DEPV_FILE  |           F
                CTM_HGBIDI  |           F
         CTM_BIDI_FERT_NH3  |           T
             CTM_USE_STAGE  |           T
           CTM_WBDUST_BELD  |  UNKNOWN (default)
             STAGECTRL_NML  |  /proj/ie/proj/CMAS/CMASOps2026/CMAQ_CMAS_6/intelmpi_intel_4.6.2_2024_longleaf/CCTM/scripts/BLD_CCTM_v6_intel/CMAQ_Control_STAGE.nml
             CTM_STAGE_P22  |           F
             CTM_STAGE_E20  |           T
             CTM_STAGE_S22  |           F

     |> Transport Processes:
     +========================
        ---Env Variable---  |  ---Value---
      --------------------------------------------------------------------------------
           VDIFF_DIAG_FILE  |           F
            SIGMA_SYNC_TOP  |   0.700E+00
              ADV_HDIV_LIM  |   0.900E+00 (default)
               CTM_ADV_CFL  |   0.950E+00
                     KZMIN  |           T
                KZU_CUSTOM  |   0.100E+01 (default)
                  CTM_WVEL  |           T
             CTM_GRAV_SETL  |           T

     |> Emissions Parameters:
     +=========================
        ---Env Variable---  |  ---Value---
      --------------------------------------------------------------------------------
             CMAQ_CTRL_NML  |  /proj/ie/proj/CMAS/CMASOps2026/CMAQ_CMAS_6/intelmpi_intel_4.6.2_2024_longleaf/CCTM/scripts/BLD_CCTM_v6_intel/CMAQ_Control.nml
          CMAQ_CH_CTRL_NML  |  /proj/ie/proj/CMAS/CMASOps2026/CMAQ_CMAS_6/intelmpi_intel_4.6.2_2024_longleaf/CCTM/scripts/BLD_CCTM_v6_intel/CMAQ_Chem_Control_cracmm3.nml
                 N_EMIS_GR  |           2
                 N_EMIS_TR  |           0 (default)
               CTM_EMISCHK  |           F
           CTM_BIOGEMIS_BE  |           T
           CTM_BIOGEMIS_MG  |           F
             USE_MEGAN_LAI  |           F (default)
              MGN_ONLN_DEP  |           F (default)
               BDSNP_MEGAN  |           F
                USE_SEGA_N  |           F
             USE_SEGA_N_EF  |           F
                 BIOG_SPRO  |  DEFAULT (default)
                B3GTS_DIAG  |           F
              CTM_MGEMDIAG  |           F (default)
            CTM_OCEAN_CHEM  |           T
               CTM_WB_DUST  |           T
             CTM_BROWN_VEG  |           T
           CTM_DUSTEM_DIAG  |           F
              CTM_SSEMDIAG  |           F
              CTM_MET_EMIS  |           F (default)
         CTM_MET_EMIS_DIAG  |           F (default)
          CTM_MET_EMIS_HUM  |           F (default)
            CTM_LNO_ONLINE  |           T
             LTNG_ASSIM_DT  |           0 (default)
             USE_LTNG_DATA  |           T
                  LTNGDIAG  |           F
                   MOLSNCG  |   0.350E+03 (default)
                   MOLSNIC  |   0.350E+03 (default)
                LNO_OPTION  |           1
                 N_EMIS_PT  |          11
                    IPVERT  |           0 (default)
             EMIS_SYM_DATE  |           F (default)

     |> Process Analysis Parameters:
     +================================
        ---Env Variable---  |  ---Value---
      --------------------------------------------------------------------------------
                CTM_PROCAN  |           F
                CTM_BUDGET  |  /work/users/l/i/lizadams/CMAQv6.0_2022_12SE1_Benchmark_2day//output_CCTM_v6_intel_Bench_2022_12SE1/CCTM_BUDGET_v6_intel_Bench_2022_12SE1_20220702.txt -v
                 MET_TSTEP  |       10000 (default)

     MET data determined based on WRF ARW version 4.4.2

 
          -=-  MPP Processor-to-Subdomain Map  -=-
                 Number of Processors =   1
    ____________________________________________________
    |                                                  |
    |  PE    #Cols    Col_Range     #Rows    Row_Range |
    |__________________________________________________|
    |                                                  |
    |  0      100      1: 100         80      1:  80   |
    |__________________________________________________|
 
srun: error: t0601: tasks 0-13,15: Exited with exit code 2
 
 
     ================================
     |>---   TIME INTEGRATION   ---<|
     ================================
 
     Processing Day/Time [YYYYDDD:HHMMSS]: 2022183:000000
       Which is Equivalent to (UTC): 0:00:00  Saturday,  July 2, 2022
       Time-Step Length (HHMMSS): 000500
                 VDIFF completed...      21.4309 seconds
                COUPLE completed...       0.2742 seconds
                  HADV completed...       4.3991 seconds
                  ZADV completed...       2.0097 seconds
                 HDIFF completed...       0.5407 seconds
              DECOUPLE completed...       0.3472 seconds
                  PHOT completed...       4.9519 seconds
               CLDPROC completed...       1.7073 seconds
                  CHEM completed...      31.3575 seconds
                  AERO completed...      19.8618 seconds
            Master Time Step
            Processing completed...      86.8808 seconds
 
     Processing Day/Time [YYYYDDD:HHMMSS]: 2022183:000500
       Which is Equivalent to (UTC): 0:05:00  Saturday,  July 2, 2022
       Time-Step Length (HHMMSS): 000500
                 VDIFF completed...      17.5217 seconds
                COUPLE completed...       0.2706 seconds
                  HADV completed...       4.3740 seconds
                  ZADV completed...       2.0018 seconds
                 HDIFF completed...       0.5169 seconds
              DECOUPLE completed...       0.3395 seconds
                  PHOT completed...       4.4002 seconds
               CLDPROC completed...       1.5977 seconds
                  CHEM completed...      29.9991 seconds
                  AERO completed...      19.7718 seconds
            Master Time Step
            Processing completed...      80.7936 seconds
 
     Processing Day/Time [YYYYDDD:HHMMSS]: 2022183:001000
       Which is Equivalent to (UTC): 0:10:00  Saturday,  July 2, 2022
       Time-Step Length (HHMMSS): 000500
                 VDIFF completed...      17.5349 seconds
                COUPLE completed...       0.2768 seconds
                  HADV completed...       4.4066 seconds
                  ZADV completed...       2.0084 seconds
                 HDIFF completed...       0.5278 seconds
              DECOUPLE completed...       0.3502 seconds
                  PHOT completed...       4.1074 seconds
               CLDPROC completed...       1.6523 seconds
                  CHEM completed...      28.9547 seconds
                  AERO completed...      19.7944 seconds
            Master Time Step
            Processing completed...      79.6139 seconds
 
     Processing Day/Time [YYYYDDD:HHMMSS]: 2022183:001500
       Which is Equivalent to (UTC): 0:15:00  Saturday,  July 2, 2022
       Time-Step Length (HHMMSS): 000500
                 VDIFF completed...      16.8856 seconds
                COUPLE completed...       0.2668 seconds
                  HADV completed...       4.3655 seconds
                  ZADV completed...       1.9953 seconds
                 HDIFF completed...       0.5110 seconds
              DECOUPLE completed...       0.3349 seconds
                  PHOT completed...       3.6558 seconds
               CLDPROC completed...       1.6079 seconds
                  CHEM completed...      27.5657 seconds
                  AERO completed...      19.8326 seconds
            Master Time Step
            Processing completed...      77.0215 seconds
 
     Processing Day/Time [YYYYDDD:HHMMSS]: 2022183:002000
       Which is Equivalent to (UTC): 0:20:00  Saturday,  July 2, 2022
       Time-Step Length (HHMMSS): 000500
                 VDIFF completed...      17.5838 seconds
                COUPLE completed...       0.2670 seconds
                  HADV completed...       4.4080 seconds
                  ZADV completed...       2.0206 seconds
                 HDIFF completed...       0.5280 seconds
              DECOUPLE completed...       0.3485 seconds
                  PHOT completed...       3.2584 seconds
               CLDPROC completed...       1.6456 seconds
                  CHEM completed...      26.3931 seconds
                  AERO completed...      19.6776 seconds
            Master Time Step
            Processing completed...      76.1311 seconds
 
     Processing Day/Time [YYYYDDD:HHMMSS]: 2022183:002500
       Which is Equivalent to (UTC): 0:25:00  Saturday,  July 2, 2022
       Time-Step Length (HHMMSS): 000500
                 VDIFF completed...      16.5197 seconds
                COUPLE completed...       0.2708 seconds
                  HADV completed...       4.3566 seconds
                  ZADV completed...       1.9989 seconds
                 HDIFF completed...       0.5185 seconds
              DECOUPLE completed...       0.3410 seconds
                  PHOT completed...       2.8034 seconds
               CLDPROC completed...       1.6261 seconds
                  CHEM completed...      25.1160 seconds
                  AERO completed...      19.7059 seconds
            Master Time Step
            Processing completed...      73.2572 seconds
 
     Processing Day/Time [YYYYDDD:HHMMSS]: 2022183:003000
       Which is Equivalent to (UTC): 0:30:00  Saturday,  July 2, 2022
       Time-Step Length (HHMMSS): 000500
                 VDIFF completed...      18.3274 seconds
                COUPLE completed...       0.2883 seconds
                  HADV completed...       4.4149 seconds
                  ZADV completed...       2.0180 seconds
                 HDIFF completed...       0.5348 seconds
              DECOUPLE completed...       0.3542 seconds
                  PHOT completed...       2.4043 seconds
               CLDPROC completed...       1.7037 seconds
                  CHEM completed...      24.0418 seconds
                  AERO completed...      19.6716 seconds
            Master Time Step
            Processing completed...      73.7594 seconds
 
     Processing Day/Time [YYYYDDD:HHMMSS]: 2022183:003500
       Which is Equivalent to (UTC): 0:35:00  Saturday,  July 2, 2022
       Time-Step Length (HHMMSS): 000500
                 VDIFF completed...      17.5145 seconds
                COUPLE completed...       0.2709 seconds
                  HADV completed...       4.3826 seconds
                  ZADV completed...       2.0081 seconds
                 HDIFF completed...       0.5201 seconds
              DECOUPLE completed...       0.3447 seconds
                  PHOT completed...       1.9922 seconds
               CLDPROC completed...       1.6483 seconds
                  CHEM completed...      22.7080 seconds
                  AERO completed...      19.6676 seconds
            Master Time Step
            Processing completed...      71.0573 seconds
 
     Processing Day/Time [YYYYDDD:HHMMSS]: 2022183:004000
       Which is Equivalent to (UTC): 0:40:00  Saturday,  July 2, 2022
       Time-Step Length (HHMMSS): 000500
                 VDIFF completed...      17.8503 seconds
                COUPLE completed...       0.2775 seconds
                  HADV completed...       4.4184 seconds
                  ZADV completed...       2.0240 seconds
                 HDIFF completed...       0.5306 seconds
              DECOUPLE completed...       0.3462 seconds
                  PHOT completed...       1.6774 seconds
               CLDPROC completed...       1.7071 seconds
                  CHEM completed...      21.7867 seconds
                  AERO completed...      19.7939 seconds
            Master Time Step
            Processing completed...      70.4125 seconds
 
     Processing Day/Time [YYYYDDD:HHMMSS]: 2022183:004500
       Which is Equivalent to (UTC): 0:45:00  Saturday,  July 2, 2022
       Time-Step Length (HHMMSS): 000500
                 VDIFF completed...      17.0060 seconds
                COUPLE completed...       0.2753 seconds
                  HADV completed...       4.3719 seconds
                  ZADV completed...       2.0101 seconds
                 HDIFF completed...       0.5113 seconds
              DECOUPLE completed...       0.3356 seconds
                  PHOT completed...       1.3806 seconds
               CLDPROC completed...       1.6578 seconds
                  CHEM completed...      20.7509 seconds
                  AERO completed...      19.6663 seconds
            Master Time Step
            Processing completed...      67.9663 seconds
 
     Processing Day/Time [YYYYDDD:HHMMSS]: 2022183:005000
       Which is Equivalent to (UTC): 0:50:00  Saturday,  July 2, 2022
       Time-Step Length (HHMMSS): 000500
                 VDIFF completed...      16.4482 seconds
                COUPLE completed...       0.2669 seconds
                  HADV completed...       4.3767 seconds
                  ZADV completed...       2.0063 seconds
                 HDIFF completed...       0.5145 seconds
              DECOUPLE completed...       0.3393 seconds
                  PHOT completed...       1.1010 seconds
               CLDPROC completed...       1.6630 seconds
                  CHEM completed...      20.2640 seconds
                  AERO completed...      19.8109 seconds
            Master Time Step
            Processing completed...      66.7911 seconds
 
     Processing Day/Time [YYYYDDD:HHMMSS]: 2022183:005500
       Which is Equivalent to (UTC): 0:55:00  Saturday,  July 2, 2022
       Time-Step Length (HHMMSS): 000500
                 VDIFF completed...      19.1981 seconds
                COUPLE completed...       0.2827 seconds
                  HADV completed...       4.4081 seconds
                  ZADV completed...       2.0493 seconds
                 HDIFF completed...       0.5378 seconds
              DECOUPLE completed...       0.3517 seconds
                  PHOT completed...       0.8550 seconds
               CLDPROC completed...       1.7920 seconds
                  CHEM completed...      19.9236 seconds
                  AERO completed...      19.8330 seconds
            Master Time Step
            Processing completed...      69.2316 seconds
 
      =--> Data Output completed...       0.1043 seconds
 
     Processing Day/Time [YYYYDDD:HHMMSS]: 2022183:010000
       Which is Equivalent to (UTC): 1:00:00  Saturday,  July 2, 2022
       Time-Step Length (HHMMSS): 000500
                 VDIFF completed...      18.9062 seconds
                COUPLE completed...       0.2821 seconds
                  HADV completed...       4.4036 seconds
                  ZADV completed...       2.0305 seconds
                 HDIFF completed...       0.5254 seconds
              DECOUPLE completed...       0.3437 seconds
                  PHOT completed...       0.6692 seconds
               CLDPROC completed...       1.6991 seconds
                  CHEM completed...      19.6828 seconds
                  AERO completed...      19.8962 seconds
            Master Time Step
            Processing completed...      68.4392 seconds
 
     Processing Day/Time [YYYYDDD:HHMMSS]: 2022183:010500
       Which is Equivalent to (UTC): 1:05:00  Saturday,  July 2, 2022
       Time-Step Length (HHMMSS): 000500
                 VDIFF completed...      17.0635 seconds
                COUPLE completed...       0.2686 seconds
                  HADV completed...       4.2549 seconds
                  ZADV completed...       2.0245 seconds
                 HDIFF completed...       0.5173 seconds
              DECOUPLE completed...       0.3401 seconds
                  PHOT completed...       0.4938 seconds
               CLDPROC completed...       1.7096 seconds
                  CHEM completed...      19.3701 seconds
                  AERO completed...      19.7134 seconds
            Master Time Step
            Processing completed...      65.7563 seconds
 
     Processing Day/Time [YYYYDDD:HHMMSS]: 2022183:011000
       Which is Equivalent to (UTC): 1:10:00  Saturday,  July 2, 2022
       Time-Step Length (HHMMSS): 000500
                 VDIFF completed...      16.9461 seconds
                COUPLE completed...       0.2702 seconds
                  HADV completed...       4.2634 seconds
                  ZADV completed...       2.0105 seconds
                 HDIFF completed...       0.5132 seconds
              DECOUPLE completed...       0.3345 seconds
                  PHOT completed...       0.4217 seconds
               CLDPROC completed...       1.6900 seconds
                  CHEM completed...      19.0870 seconds
                  AERO completed...      19.6696 seconds
            Master Time Step
            Processing completed...      65.2066 seconds
 
     Processing Day/Time [YYYYDDD:HHMMSS]: 2022183:011500
       Which is Equivalent to (UTC): 1:15:00  Saturday,  July 2, 2022
       Time-Step Length (HHMMSS): 000500
                 VDIFF completed...      16.8140 seconds
                COUPLE completed...       0.2713 seconds
                  HADV completed...       4.2516 seconds
                  ZADV completed...       2.0180 seconds
                 HDIFF completed...       0.5170 seconds
              DECOUPLE completed...       0.3353 seconds
                  PHOT completed...       0.2848 seconds
               CLDPROC completed...       1.7152 seconds
                  CHEM completed...      18.9654 seconds
                  AERO completed...      19.7424 seconds
            Master Time Step
            Processing completed...      64.9153 seconds
 
     Processing Day/Time [YYYYDDD:HHMMSS]: 2022183:012000
       Which is Equivalent to (UTC): 1:20:00  Saturday,  July 2, 2022
       Time-Step Length (HHMMSS): 000500
                 VDIFF completed...      18.3324 seconds
                COUPLE completed...       0.2806 seconds
                  HADV completed...       4.3419 seconds
                  ZADV completed...       2.0380 seconds
                 HDIFF completed...       0.5335 seconds
              DECOUPLE completed...       0.3506 seconds
                  PHOT completed...       0.2971 seconds
               CLDPROC completed...       1.7428 seconds
                  CHEM completed...      18.8595 seconds
                  AERO completed...      19.7724 seconds
            Master Time Step
            Processing completed...      66.5493 seconds
 
     Processing Day/Time [YYYYDDD:HHMMSS]: 2022183:012500
       Which is Equivalent to (UTC): 1:25:00  Saturday,  July 2, 2022
       Time-Step Length (HHMMSS): 000500
                 VDIFF completed...      17.0636 seconds
                COUPLE completed...       0.2676 seconds
                  HADV completed...       4.2491 seconds
                  ZADV completed...       2.0090 seconds
                 HDIFF completed...       0.5181 seconds
              DECOUPLE completed...       0.3411 seconds
                  PHOT completed...       0.2888 seconds
               CLDPROC completed...       1.7161 seconds
                  CHEM completed...      18.7831 seconds
                  AERO completed...      19.8680 seconds
            Master Time Step
            Processing completed...      65.1050 seconds
 
     Processing Day/Time [YYYYDDD:HHMMSS]: 2022183:013000
       Which is Equivalent to (UTC): 1:30:00  Saturday,  July 2, 2022
       Time-Step Length (HHMMSS): 000500
                 VDIFF completed...      17.1793 seconds
                COUPLE completed...       0.2757 seconds
                  HADV completed...       4.2694 seconds
                  ZADV completed...       2.0213 seconds
                 HDIFF completed...       0.5205 seconds
              DECOUPLE completed...       0.3415 seconds
                  PHOT completed...       0.2916 seconds
               CLDPROC completed...       1.7494 seconds
                  CHEM completed...      18.6944 seconds
                  AERO completed...      19.8132 seconds
            Master Time Step
            Processing completed...      65.1568 seconds
 
     Processing Day/Time [YYYYDDD:HHMMSS]: 2022183:013500
       Which is Equivalent to (UTC): 1:35:00  Saturday,  July 2, 2022
       Time-Step Length (HHMMSS): 000500
                 VDIFF completed...      16.8983 seconds
                COUPLE completed...       0.2671 seconds
                  HADV completed...       4.2400 seconds
                  ZADV completed...       2.0152 seconds
                 HDIFF completed...       0.5176 seconds
              DECOUPLE completed...       0.3438 seconds
                  PHOT completed...       0.2899 seconds
               CLDPROC completed...       1.7149 seconds
                  CHEM completed...      18.4891 seconds
                  AERO completed...      19.6208 seconds
            Master Time Step
            Processing completed...      64.3970 seconds
 
     Processing Day/Time [YYYYDDD:HHMMSS]: 2022183:014000
       Which is Equivalent to (UTC): 1:40:00  Saturday,  July 2, 2022
       Time-Step Length (HHMMSS): 000500
                 VDIFF completed...      16.0794 seconds
                COUPLE completed...       0.2768 seconds
                  HADV completed...       4.2514 seconds
                  ZADV completed...       2.0197 seconds
                 HDIFF completed...       0.5134 seconds
              DECOUPLE completed...       0.3364 seconds
                  PHOT completed...       0.2847 seconds
               CLDPROC completed...       1.7145 seconds
                  CHEM completed...      18.4252 seconds
                  AERO completed...      19.6916 seconds
            Master Time Step
            Processing completed...      63.5937 seconds
 
     Processing Day/Time [YYYYDDD:HHMMSS]: 2022183:014500
       Which is Equivalent to (UTC): 1:45:00  Saturday,  July 2, 2022
       Time-Step Length (HHMMSS): 000500
                 VDIFF completed...      17.3839 seconds
                COUPLE completed...       0.2807 seconds
                  HADV completed...       4.2736 seconds
                  ZADV completed...       2.0429 seconds
                 HDIFF completed...       0.5270 seconds
              DECOUPLE completed...       0.3471 seconds
                  PHOT completed...       0.2972 seconds
               CLDPROC completed...       1.7343 seconds
                  CHEM completed...      18.5253 seconds
                  AERO completed...      19.8587 seconds
            Master Time Step
            Processing completed...      65.2710 seconds
 
     Processing Day/Time [YYYYDDD:HHMMSS]: 2022183:015000
       Which is Equivalent to (UTC): 1:50:00  Saturday,  July 2, 2022
       Time-Step Length (HHMMSS): 000500
                 VDIFF completed...      16.7857 seconds
                COUPLE completed...       0.2717 seconds
                  HADV completed...       4.2559 seconds
                  ZADV completed...       2.0186 seconds
                 HDIFF completed...       0.5127 seconds
              DECOUPLE completed...       0.3352 seconds
                  PHOT completed...       0.2832 seconds
               CLDPROC completed...       1.6823 seconds
                  CHEM completed...      18.3480 seconds
                  AERO completed...      19.8664 seconds
            Master Time Step
            Processing completed...      64.3600 seconds
 
     Processing Day/Time [YYYYDDD:HHMMSS]: 2022183:015500
       Which is Equivalent to (UTC): 1:55:00  Saturday,  July 2, 2022
       Time-Step Length (HHMMSS): 000500
                 VDIFF completed...      17.8366 seconds
                COUPLE completed...       0.2715 seconds
                  HADV completed...       4.2414 seconds
                  ZADV completed...       2.0302 seconds
                 HDIFF completed...       0.5212 seconds
              DECOUPLE completed...       0.3462 seconds
                  PHOT completed...       0.2966 seconds
               CLDPROC completed...       1.7269 seconds
                  CHEM completed...      18.3149 seconds
                  AERO completed...      19.8747 seconds
            Master Time Step
            Processing completed...      65.4607 seconds
 
      =--> Data Output completed...       0.1064 seconds
 
     Processing Day/Time [YYYYDDD:HHMMSS]: 2022183:020000
       Which is Equivalent to (UTC): 2:00:00  Saturday,  July 2, 2022
       Time-Step Length (HHMMSS): 000500
                 VDIFF completed...      19.2426 seconds
                COUPLE completed...       0.2715 seconds
                  HADV completed...       4.2831 seconds
                  ZADV completed...       2.0442 seconds
                 HDIFF completed...       0.5212 seconds
              DECOUPLE completed...       0.3428 seconds
                  PHOT completed...       0.3125 seconds
               CLDPROC completed...       1.6078 seconds
                  CHEM completed...      18.1416 seconds
                  AERO completed...      19.6903 seconds
            Master Time Step
            Processing completed...      66.4579 seconds
 
     Processing Day/Time [YYYYDDD:HHMMSS]: 2022183:020500
       Which is Equivalent to (UTC): 2:05:00  Saturday,  July 2, 2022
       Time-Step Length (HHMMSS): 000500
                 VDIFF completed...      16.7166 seconds
                COUPLE completed...       0.2657 seconds
                  HADV completed...       4.1425 seconds
                  ZADV completed...       2.0302 seconds
                 HDIFF completed...       0.5180 seconds
              DECOUPLE completed...       0.3406 seconds
                  PHOT completed...       0.2878 seconds
               CLDPROC completed...       1.5993 seconds
                  CHEM completed...      18.1039 seconds
                  AERO completed...      19.6786 seconds
            Master Time Step
            Processing completed...      63.6836 seconds
 
     Processing Day/Time [YYYYDDD:HHMMSS]: 2022183:021000
       Which is Equivalent to (UTC): 2:10:00  Saturday,  July 2, 2022
       Time-Step Length (HHMMSS): 000500
                 VDIFF completed...      17.1976 seconds
                COUPLE completed...       0.2751 seconds
                  HADV completed...       4.1401 seconds
                  ZADV completed...       2.0320 seconds
                 HDIFF completed...       0.5224 seconds
              DECOUPLE completed...       0.3444 seconds
                  PHOT completed...       0.2910 seconds
               CLDPROC completed...       1.6198 seconds
                  CHEM completed...      18.2154 seconds
                  AERO completed...      19.8771 seconds
            Master Time Step
            Processing completed...      64.5154 seconds
 
     Processing Day/Time [YYYYDDD:HHMMSS]: 2022183:021500
       Which is Equivalent to (UTC): 2:15:00  Saturday,  July 2, 2022
       Time-Step Length (HHMMSS): 000500
                 VDIFF completed...      17.0799 seconds
                COUPLE completed...       0.2664 seconds
                  HADV completed...       4.1260 seconds
                  ZADV completed...       2.0107 seconds
                 HDIFF completed...       0.5147 seconds
              DECOUPLE completed...       0.3365 seconds
                  PHOT completed...       0.2842 seconds
               CLDPROC completed...       1.6156 seconds
                  CHEM completed...      18.0065 seconds
                  AERO completed...      19.8400 seconds
            Master Time Step
            Processing completed...      64.0808 seconds
 
     Processing Day/Time [YYYYDDD:HHMMSS]: 2022183:022000
       Which is Equivalent to (UTC): 2:20:00  Saturday,  July 2, 2022
       Time-Step Length (HHMMSS): 000500
                 VDIFF completed...      18.7519 seconds
                COUPLE completed...       0.2810 seconds
                  HADV completed...       4.1555 seconds
                  ZADV completed...       2.0278 seconds
                 HDIFF completed...       0.5177 seconds
              DECOUPLE completed...       0.3409 seconds
                  PHOT completed...       0.2859 seconds
               CLDPROC completed...       1.6155 seconds
                  CHEM completed...      18.0490 seconds
                  AERO completed...      19.7988 seconds
            Master Time Step
            Processing completed...      65.8243 seconds
 
     Processing Day/Time [YYYYDDD:HHMMSS]: 2022183:022500
       Which is Equivalent to (UTC): 2:25:00  Saturday,  July 2, 2022
       Time-Step Length (HHMMSS): 000500
                 VDIFF completed...      16.6122 seconds
                COUPLE completed...       0.2686 seconds
                  HADV completed...       4.1123 seconds
                  ZADV completed...       2.0095 seconds
                 HDIFF completed...       0.5130 seconds
              DECOUPLE completed...       0.3376 seconds
                  PHOT completed...       0.2848 seconds
               CLDPROC completed...       1.5929 seconds
                  CHEM completed...      17.9517 seconds
                  AERO completed...      19.6477 seconds
            Master Time Step
            Processing completed...      63.3308 seconds
 
     Processing Day/Time [YYYYDDD:HHMMSS]: 2022183:023000
       Which is Equivalent to (UTC): 2:30:00  Saturday,  July 2, 2022
       Time-Step Length (HHMMSS): 000500
                 VDIFF completed...      16.7706 seconds
                COUPLE completed...       0.2734 seconds
                  HADV completed...       4.1355 seconds
                  ZADV completed...       2.0244 seconds
                 HDIFF completed...       0.5131 seconds
              DECOUPLE completed...       0.3387 seconds
                  PHOT completed...       0.2938 seconds
               CLDPROC completed...       1.5941 seconds
                  CHEM completed...      17.9704 seconds
                  AERO completed...      19.6633 seconds
            Master Time Step
            Processing completed...      63.5776 seconds
 
     Processing Day/Time [YYYYDDD:HHMMSS]: 2022183:023500
       Which is Equivalent to (UTC): 2:35:00  Saturday,  July 2, 2022
       Time-Step Length (HHMMSS): 000500
                 VDIFF completed...      16.6125 seconds
                COUPLE completed...       0.2682 seconds
                  HADV completed...       4.1164 seconds
                  ZADV completed...       2.0130 seconds
                 HDIFF completed...       0.5089 seconds
              DECOUPLE completed...       0.3340 seconds
                  PHOT completed...       0.2795 seconds
               CLDPROC completed...       1.5657 seconds
                  CHEM completed...      17.9039 seconds
                  AERO completed...      19.6660 seconds
            Master Time Step
            Processing completed...      63.2683 seconds
 
     Processing Day/Time [YYYYDDD:HHMMSS]: 2022183:024000
       Which is Equivalent to (UTC): 2:40:00  Saturday,  July 2, 2022
       Time-Step Length (HHMMSS): 000500
                 VDIFF completed...      17.1290 seconds
                COUPLE completed...       0.2748 seconds
                  HADV completed...       4.1611 seconds
                  ZADV completed...       2.0340 seconds
                 HDIFF completed...       0.5231 seconds
              DECOUPLE completed...       0.3448 seconds
                  PHOT completed...       0.2981 seconds
               CLDPROC completed...       1.5998 seconds
                  CHEM completed...      18.0021 seconds
                  AERO completed...      19.8056 seconds
            Master Time Step
            Processing completed...      64.1727 seconds
 
     Processing Day/Time [YYYYDDD:HHMMSS]: 2022183:024500
       Which is Equivalent to (UTC): 2:45:00  Saturday,  July 2, 2022
       Time-Step Length (HHMMSS): 000500
                 VDIFF completed...      17.1276 seconds
                COUPLE completed...       0.2741 seconds
                  HADV completed...       4.1368 seconds
                  ZADV completed...       2.0389 seconds
                 HDIFF completed...       0.5230 seconds
              DECOUPLE completed...       0.3436 seconds
                  PHOT completed...       0.2905 seconds
               CLDPROC completed...       1.5865 seconds
                  CHEM completed...      18.0105 seconds
                  AERO completed...      19.8381 seconds
            Master Time Step
            Processing completed...      64.1702 seconds
 
     Processing Day/Time [YYYYDDD:HHMMSS]: 2022183:025000
       Which is Equivalent to (UTC): 2:50:00  Saturday,  July 2, 2022
       Time-Step Length (HHMMSS): 000500
                 VDIFF completed...      16.9272 seconds
                COUPLE completed...       0.2708 seconds
                  HADV completed...       4.1356 seconds
                  ZADV completed...       2.0205 seconds
                 HDIFF completed...       0.5158 seconds
              DECOUPLE completed...       0.3400 seconds
                  PHOT completed...       0.2833 seconds
               CLDPROC completed...       1.5343 seconds
                  CHEM completed...      17.8825 seconds
                  AERO completed...      19.6903 seconds
            Master Time Step
            Processing completed...      63.6008 seconds
 
     Processing Day/Time [YYYYDDD:HHMMSS]: 2022183:025500
       Which is Equivalent to (UTC): 2:55:00  Saturday,  July 2, 2022
       Time-Step Length (HHMMSS): 000500
                 VDIFF completed...      17.1271 seconds
                COUPLE completed...       0.2793 seconds
                  HADV completed...       4.1460 seconds
                  ZADV completed...       2.0427 seconds
                 HDIFF completed...       0.5245 seconds
              DECOUPLE completed...       0.3446 seconds
                  PHOT completed...       0.2876 seconds
               CLDPROC completed...       1.5949 seconds
                  CHEM completed...      17.9356 seconds
                  AERO completed...      19.7496 seconds
            Master Time Step
            Processing completed...      64.0322 seconds
 
      =--> Data Output completed...       0.1066 seconds
 
     Processing Day/Time [YYYYDDD:HHMMSS]: 2022183:030000
       Which is Equivalent to (UTC): 3:00:00  Saturday,  July 2, 2022
       Time-Step Length (HHMMSS): 000500
                 VDIFF completed...      18.9686 seconds
                COUPLE completed...       0.2674 seconds
                  HADV completed...       4.0927 seconds
                  ZADV completed...       2.0160 seconds
                 HDIFF completed...       0.5101 seconds
              DECOUPLE completed...       0.3352 seconds
                  PHOT completed...       0.3150 seconds
               CLDPROC completed...       1.4987 seconds
                  CHEM completed...      17.8263 seconds
                  AERO completed...      19.7388 seconds
            Master Time Step
            Processing completed...      65.5690 seconds
 
     Processing Day/Time [YYYYDDD:HHMMSS]: 2022183:030500
       Which is Equivalent to (UTC): 3:05:00  Saturday,  July 2, 2022
       Time-Step Length (HHMMSS): 000500
                 VDIFF completed...      17.4080 seconds
                COUPLE completed...       0.2790 seconds
                  HADV completed...       4.0603 seconds
                  ZADV completed...       2.0425 seconds
                 HDIFF completed...       0.5277 seconds
              DECOUPLE completed...       0.3465 seconds
                  PHOT completed...       0.2905 seconds
               CLDPROC completed...       1.5275 seconds
                  CHEM completed...      17.8579 seconds
                  AERO completed...      19.8062 seconds
            Master Time Step
            Processing completed...      64.1465 seconds
 
     Processing Day/Time [YYYYDDD:HHMMSS]: 2022183:031000
       Which is Equivalent to (UTC): 3:10:00  Saturday,  July 2, 2022
       Time-Step Length (HHMMSS): 000500
                 VDIFF completed...      17.2237 seconds
                COUPLE completed...       0.2644 seconds
                  HADV completed...       4.0376 seconds
                  ZADV completed...       2.0277 seconds
                 HDIFF completed...       0.5193 seconds
              DECOUPLE completed...       0.3406 seconds
                  PHOT completed...       0.2859 seconds
               CLDPROC completed...       1.5070 seconds
                  CHEM completed...      17.8177 seconds
                  AERO completed...      19.6873 seconds
            Master Time Step
            Processing completed...      63.7115 seconds
 
     Processing Day/Time [YYYYDDD:HHMMSS]: 2022183:031500
       Which is Equivalent to (UTC): 3:15:00  Saturday,  July 2, 2022
       Time-Step Length (HHMMSS): 000500
                 VDIFF completed...      16.8450 seconds
                COUPLE completed...       0.2721 seconds
                  HADV completed...       4.0183 seconds
                  ZADV completed...       2.0164 seconds
                 HDIFF completed...       0.5118 seconds
              DECOUPLE completed...       0.3377 seconds
                  PHOT completed...       0.2842 seconds
               CLDPROC completed...       1.5147 seconds
                  CHEM completed...      17.7674 seconds
                  AERO completed...      19.6262 seconds
            Master Time Step
            Processing completed...      63.1941 seconds
 
     Processing Day/Time [YYYYDDD:HHMMSS]: 2022183:032000
       Which is Equivalent to (UTC): 3:20:00  Saturday,  July 2, 2022
       Time-Step Length (HHMMSS): 000500
                 VDIFF completed...      16.0956 seconds
                COUPLE completed...       0.2668 seconds
                  HADV completed...       4.0040 seconds
                  ZADV completed...       2.0097 seconds
                 HDIFF completed...       0.5128 seconds
              DECOUPLE completed...       0.3404 seconds
                  PHOT completed...       0.2822 seconds
               CLDPROC completed...       1.5001 seconds
                  CHEM completed...      17.7198 seconds
                  AERO completed...      19.6604 seconds
            Master Time Step
            Processing completed...      62.3920 seconds
 
     Processing Day/Time [YYYYDDD:HHMMSS]: 2022183:032500
       Which is Equivalent to (UTC): 3:25:00  Saturday,  July 2, 2022
       Time-Step Length (HHMMSS): 000500
                 VDIFF completed...      16.9641 seconds
                COUPLE completed...       0.2852 seconds
                  HADV completed...       4.0211 seconds
                  ZADV completed...       2.0247 seconds
                 HDIFF completed...       0.5213 seconds
              DECOUPLE completed...       0.3438 seconds
                  PHOT completed...       0.2873 seconds
               CLDPROC completed...       1.5504 seconds
                  CHEM completed...      17.7923 seconds
                  AERO completed...      19.7833 seconds
            Master Time Step
            Processing completed...      63.5739 seconds
 
     Processing Day/Time [YYYYDDD:HHMMSS]: 2022183:033000
       Which is Equivalent to (UTC): 3:30:00  Saturday,  July 2, 2022
       Time-Step Length (HHMMSS): 000500
                 VDIFF completed...      17.5085 seconds
                COUPLE completed...       0.2732 seconds
                  HADV completed...       4.0224 seconds
                  ZADV completed...       2.0148 seconds
                 HDIFF completed...       0.5195 seconds
              DECOUPLE completed...       0.3425 seconds
                  PHOT completed...       0.2875 seconds
               CLDPROC completed...       1.5274 seconds
                  CHEM completed...      17.8141 seconds
                  AERO completed...      19.9385 seconds
            Master Time Step
            Processing completed...      64.2488 seconds
 
     Processing Day/Time [YYYYDDD:HHMMSS]: 2022183:033500
       Which is Equivalent to (UTC): 3:35:00  Saturday,  July 2, 2022
       Time-Step Length (HHMMSS): 000500
                 VDIFF completed...      17.6945 seconds
                COUPLE completed...       0.2853 seconds
                  HADV completed...       4.0472 seconds
                  ZADV completed...       2.0303 seconds
                 HDIFF completed...       0.5183 seconds
              DECOUPLE completed...       0.3413 seconds
                  PHOT completed...       0.2847 seconds
               CLDPROC completed...       1.5120 seconds
                  CHEM completed...      17.7724 seconds
                  AERO completed...      19.6782 seconds
            Master Time Step
            Processing completed...      64.1647 seconds
 
     Processing Day/Time [YYYYDDD:HHMMSS]: 2022183:034000
       Which is Equivalent to (UTC): 3:40:00  Saturday,  July 2, 2022
       Time-Step Length (HHMMSS): 000500
                 VDIFF completed...      17.5822 seconds
                COUPLE completed...       0.2766 seconds
                  HADV completed...       4.0353 seconds
                  ZADV completed...       2.0324 seconds
                 HDIFF completed...       0.5294 seconds
              DECOUPLE completed...       0.3480 seconds
                  PHOT completed...       0.2913 seconds
               CLDPROC completed...       1.5175 seconds
                  CHEM completed...      17.7488 seconds
                  AERO completed...      19.7347 seconds
            Master Time Step
            Processing completed...      64.0967 seconds
 
     Processing Day/Time [YYYYDDD:HHMMSS]: 2022183:034500
       Which is Equivalent to (UTC): 3:45:00  Saturday,  July 2, 2022
       Time-Step Length (HHMMSS): 000500
                 VDIFF completed...      16.1997 seconds
                COUPLE completed...       0.2678 seconds
                  HADV completed...       3.9955 seconds
                  ZADV completed...       2.0211 seconds
                 HDIFF completed...       0.5109 seconds
              DECOUPLE completed...       0.3354 seconds
                  PHOT completed...       0.2791 seconds
               CLDPROC completed...       1.4875 seconds
                  CHEM completed...      17.6229 seconds
                  AERO completed...      19.6622 seconds
            Master Time Step
            Processing completed...      62.3825 seconds
 
     Processing Day/Time [YYYYDDD:HHMMSS]: 2022183:035000
       Which is Equivalent to (UTC): 3:50:00  Saturday,  July 2, 2022
       Time-Step Length (HHMMSS): 000500
                 VDIFF completed...      16.2329 seconds
                COUPLE completed...       0.2648 seconds
                  HADV completed...       4.0109 seconds
                  ZADV completed...       2.0217 seconds
                 HDIFF completed...       0.5169 seconds
              DECOUPLE completed...       0.3348 seconds
                  PHOT completed...       0.2780 seconds
               CLDPROC completed...       1.4562 seconds
                  CHEM completed...      17.6244 seconds
                  AERO completed...      19.7071 seconds
            Master Time Step
            Processing completed...      62.4482 seconds
 
     Processing Day/Time [YYYYDDD:HHMMSS]: 2022183:035500
       Which is Equivalent to (UTC): 3:55:00  Saturday,  July 2, 2022
       Time-Step Length (HHMMSS): 000500
                 VDIFF completed...      17.9889 seconds
                COUPLE completed...       0.2900 seconds
                  HADV completed...       4.0763 seconds
                  ZADV completed...       2.0709 seconds
                 HDIFF completed...       0.5410 seconds
              DECOUPLE completed...       0.3545 seconds
                  PHOT completed...       0.2980 seconds
               CLDPROC completed...       1.6068 seconds
                  CHEM completed...      17.8667 seconds
                  AERO completed...      19.9720 seconds
            Master Time Step
            Processing completed...      65.0655 seconds
 
      =--> Data Output completed...       0.1092 seconds
 
     Processing Day/Time [YYYYDDD:HHMMSS]: 2022183:040000
       Which is Equivalent to (UTC): 4:00:00  Saturday,  July 2, 2022
       Time-Step Length (HHMMSS): 000500
                 VDIFF completed...      19.7586 seconds
                COUPLE completed...       0.2753 seconds
                  HADV completed...       4.1235 seconds
                  ZADV completed...       2.0270 seconds
                 HDIFF completed...       0.5159 seconds
              DECOUPLE completed...       0.3385 seconds
                  PHOT completed...       0.3178 seconds
               CLDPROC completed...       1.4784 seconds
                  CHEM completed...      17.5743 seconds
                  AERO completed...      19.6633 seconds
            Master Time Step
            Processing completed...      66.0731 seconds
 
     Processing Day/Time [YYYYDDD:HHMMSS]: 2022183:040500
       Which is Equivalent to (UTC): 4:05:00  Saturday,  July 2, 2022
       Time-Step Length (HHMMSS): 000500
                 VDIFF completed...      16.9408 seconds
                COUPLE completed...       0.2675 seconds
                  HADV completed...       4.0208 seconds
                  ZADV completed...       2.0407 seconds
                 HDIFF completed...       0.5229 seconds
              DECOUPLE completed...       0.3473 seconds
                  PHOT completed...       0.2889 seconds
               CLDPROC completed...       1.4831 seconds
                  CHEM completed...      17.6628 seconds
                  AERO completed...      19.6716 seconds
            Master Time Step
            Processing completed...      63.2468 seconds
 
     Processing Day/Time [YYYYDDD:HHMMSS]: 2022183:041000
       Which is Equivalent to (UTC): 4:10:00  Saturday,  July 2, 2022
       Time-Step Length (HHMMSS): 000500
                 VDIFF completed...      17.0003 seconds
                COUPLE completed...       0.2703 seconds
                  HADV completed...       4.0363 seconds
                  ZADV completed...       2.0207 seconds
                 HDIFF completed...       0.5131 seconds
              DECOUPLE completed...       0.3396 seconds
                  PHOT completed...       0.2792 seconds
               CLDPROC completed...       1.4794 seconds
                  CHEM completed...      17.5518 seconds
                  AERO completed...      19.6437 seconds
            Master Time Step
            Processing completed...      63.1348 seconds
 
     Processing Day/Time [YYYYDDD:HHMMSS]: 2022183:041500
       Which is Equivalent to (UTC): 4:15:00  Saturday,  July 2, 2022
       Time-Step Length (HHMMSS): 000500
                 VDIFF completed...      16.8916 seconds
                COUPLE completed...       0.2692 seconds
                  HADV completed...       4.0033 seconds
                  ZADV completed...       2.0325 seconds
                 HDIFF completed...       0.5155 seconds
              DECOUPLE completed...       0.3416 seconds
                  PHOT completed...       0.2823 seconds
               CLDPROC completed...       1.4905 seconds
                  CHEM completed...      17.5798 seconds
                  AERO completed...      19.7919 seconds
            Master Time Step
            Processing completed...      63.1988 seconds
 
     Processing Day/Time [YYYYDDD:HHMMSS]: 2022183:042000
       Which is Equivalent to (UTC): 4:20:00  Saturday,  July 2, 2022
       Time-Step Length (HHMMSS): 000500
                 VDIFF completed...      17.9088 seconds
                COUPLE completed...       0.2753 seconds
                  HADV completed...       4.0197 seconds
                  ZADV completed...       2.0231 seconds
                 HDIFF completed...       0.5170 seconds
              DECOUPLE completed...       0.3397 seconds
                  PHOT completed...       0.2942 seconds
               CLDPROC completed...       1.5146 seconds
                  CHEM completed...      17.6472 seconds
                  AERO completed...      19.9423 seconds
            Master Time Step
            Processing completed...      64.4823 seconds
 
     Processing Day/Time [YYYYDDD:HHMMSS]: 2022183:042500
       Which is Equivalent to (UTC): 4:25:00  Saturday,  July 2, 2022
       Time-Step Length (HHMMSS): 000500
                 VDIFF completed...      18.8947 seconds
                COUPLE completed...       0.2866 seconds
                  HADV completed...       4.0633 seconds
                  ZADV completed...       2.0555 seconds
                 HDIFF completed...       0.5352 seconds
              DECOUPLE completed...       0.3526 seconds
                  PHOT completed...       0.2957 seconds
               CLDPROC completed...       1.5525 seconds
                  CHEM completed...      17.7841 seconds
                  AERO completed...      19.9285 seconds
            Master Time Step
            Processing completed...      65.7492 seconds
 
     Processing Day/Time [YYYYDDD:HHMMSS]: 2022183:043000
       Which is Equivalent to (UTC): 4:30:00  Saturday,  July 2, 2022
       Time-Step Length (HHMMSS): 000500
                 VDIFF completed...      16.6491 seconds
                COUPLE completed...       0.2660 seconds
                  HADV completed...       4.0029 seconds
                  ZADV completed...       2.0194 seconds
                 HDIFF completed...       0.5158 seconds
              DECOUPLE completed...       0.3366 seconds
                  PHOT completed...       0.2761 seconds
               CLDPROC completed...       1.4570 seconds
                  CHEM completed...      17.5232 seconds
                  AERO completed...      19.7097 seconds
            Master Time Step
            Processing completed...      62.7563 seconds
 
     Processing Day/Time [YYYYDDD:HHMMSS]: 2022183:043500
       Which is Equivalent to (UTC): 4:35:00  Saturday,  July 2, 2022
       Time-Step Length (HHMMSS): 000500
                 VDIFF completed...      16.9897 seconds
                COUPLE completed...       0.2773 seconds
                  HADV completed...       4.0048 seconds
                  ZADV completed...       2.0257 seconds
                 HDIFF completed...       0.5186 seconds
              DECOUPLE completed...       0.3406 seconds
                  PHOT completed...       0.2810 seconds
               CLDPROC completed...       1.4576 seconds
                  CHEM completed...      17.5208 seconds
                  AERO completed...      19.7064 seconds
            Master Time Step
            Processing completed...      63.1229 seconds
 
     Processing Day/Time [YYYYDDD:HHMMSS]: 2022183:044000
       Which is Equivalent to (UTC): 4:40:00  Saturday,  July 2, 2022
       Time-Step Length (HHMMSS): 000500
                 VDIFF completed...      16.8635 seconds
                COUPLE completed...       0.2813 seconds
                  HADV completed...       4.0162 seconds
                  ZADV completed...       2.0440 seconds
                 HDIFF completed...       0.5106 seconds
              DECOUPLE completed...       0.3340 seconds
                  PHOT completed...       0.2740 seconds
               CLDPROC completed...       1.4373 seconds
                  CHEM completed...      17.5078 seconds
                  AERO completed...      19.7495 seconds
            Master Time Step
            Processing completed...      63.0187 seconds
 
     Processing Day/Time [YYYYDDD:HHMMSS]: 2022183:044500
       Which is Equivalent to (UTC): 4:45:00  Saturday,  July 2, 2022
       Time-Step Length (HHMMSS): 000500
                 VDIFF completed...      17.4817 seconds
                COUPLE completed...       0.2761 seconds
                  HADV completed...       4.0391 seconds
                  ZADV completed...       2.0159 seconds
                 HDIFF completed...       0.5161 seconds
              DECOUPLE completed...       0.3373 seconds
                  PHOT completed...       0.2783 seconds
               CLDPROC completed...       1.4537 seconds
                  CHEM completed...      17.5487 seconds
                  AERO completed...      19.7218 seconds
            Master Time Step
            Processing completed...      63.6689 seconds
 
     Processing Day/Time [YYYYDDD:HHMMSS]: 2022183:045000
       Which is Equivalent to (UTC): 4:50:00  Saturday,  July 2, 2022
       Time-Step Length (HHMMSS): 000500
                 VDIFF completed...      17.6287 seconds
                COUPLE completed...       0.2774 seconds
                  HADV completed...       4.0339 seconds
                  ZADV completed...       2.0326 seconds
                 HDIFF completed...       0.5206 seconds
              DECOUPLE completed...       0.3469 seconds
                  PHOT completed...       0.2937 seconds
               CLDPROC completed...       1.4697 seconds
                  CHEM completed...      17.6474 seconds
                  AERO completed...      20.0017 seconds
            Master Time Step
            Processing completed...      64.2530 seconds
 
     Processing Day/Time [YYYYDDD:HHMMSS]: 2022183:045500
       Which is Equivalent to (UTC): 4:55:00  Saturday,  July 2, 2022
       Time-Step Length (HHMMSS): 000500
                 VDIFF completed...      18.5385 seconds
                COUPLE completed...       0.2825 seconds
                  HADV completed...       4.0281 seconds
                  ZADV completed...       2.0318 seconds
                 HDIFF completed...       0.5216 seconds
              DECOUPLE completed...       0.3443 seconds
                  PHOT completed...       0.2875 seconds
               CLDPROC completed...       1.5120 seconds
                  CHEM completed...      17.4768 seconds
                  AERO completed...      19.6406 seconds
            Master Time Step
            Processing completed...      64.6642 seconds
 
      =--> Data Output completed...       0.1063 seconds
 
     Processing Day/Time [YYYYDDD:HHMMSS]: 2022183:050000
       Which is Equivalent to (UTC): 5:00:00  Saturday,  July 2, 2022
       Time-Step Length (HHMMSS): 000500
                 VDIFF completed...      18.2364 seconds
                COUPLE completed...       0.2700 seconds
                  HADV completed...       4.2057 seconds
                  ZADV completed...       2.0242 seconds
                 HDIFF completed...       0.5145 seconds
              DECOUPLE completed...       0.3411 seconds
                  PHOT completed...       0.3260 seconds
               CLDPROC completed...       1.4276 seconds
                  CHEM completed...      17.4948 seconds
                  AERO completed...      19.7348 seconds
            Master Time Step
            Processing completed...      64.5755 seconds
 
     Processing Day/Time [YYYYDDD:HHMMSS]: 2022183:050500
       Which is Equivalent to (UTC): 5:05:00  Saturday,  July 2, 2022
       Time-Step Length (HHMMSS): 000500
                 VDIFF completed...      17.5306 seconds
                COUPLE completed...       0.2733 seconds
                  HADV completed...       4.1159 seconds
                  ZADV completed...       2.0223 seconds
                 HDIFF completed...       0.5136 seconds
              DECOUPLE completed...       0.3383 seconds
                  PHOT completed...       0.2781 seconds
               CLDPROC completed...       1.4157 seconds
                  CHEM completed...      17.5007 seconds
                  AERO completed...      19.7080 seconds
            Master Time Step
            Processing completed...      63.6970 seconds
 
     Processing Day/Time [YYYYDDD:HHMMSS]: 2022183:051000
       Which is Equivalent to (UTC): 5:10:00  Saturday,  July 2, 2022
       Time-Step Length (HHMMSS): 000500
                 VDIFF completed...      16.5305 seconds
                COUPLE completed...       0.2704 seconds
                  HADV completed...       4.1207 seconds
                  ZADV completed...       2.0228 seconds
                 HDIFF completed...       0.5156 seconds
              DECOUPLE completed...       0.3405 seconds
                  PHOT completed...       0.2795 seconds
               CLDPROC completed...       1.4270 seconds
                  CHEM completed...      17.4920 seconds
                  AERO completed...      19.8084 seconds
            Master Time Step
            Processing completed...      62.8077 seconds
 
     Processing Day/Time [YYYYDDD:HHMMSS]: 2022183:051500
       Which is Equivalent to (UTC): 5:15:00  Saturday,  July 2, 2022
       Time-Step Length (HHMMSS): 000500
                 VDIFF completed...      17.6168 seconds
                COUPLE completed...       0.2745 seconds
                  HADV completed...       4.1336 seconds
                  ZADV completed...       2.0354 seconds
                 HDIFF completed...       0.5297 seconds
              DECOUPLE completed...       0.3434 seconds
                  PHOT completed...       0.2827 seconds
               CLDPROC completed...       1.4585 seconds
                  CHEM completed...      17.6194 seconds
                  AERO completed...      20.0291 seconds
            Master Time Step
            Processing completed...      64.3236 seconds
 
     Processing Day/Time [YYYYDDD:HHMMSS]: 2022183:052000
       Which is Equivalent to (UTC): 5:20:00  Saturday,  July 2, 2022
       Time-Step Length (HHMMSS): 000500
                 VDIFF completed...      17.4375 seconds
                COUPLE completed...       0.2771 seconds
                  HADV completed...       4.1640 seconds
                  ZADV completed...       2.0363 seconds
                 HDIFF completed...       0.5202 seconds
              DECOUPLE completed...       0.3420 seconds
                  PHOT completed...       0.2827 seconds
               CLDPROC completed...       1.4585 seconds
                  CHEM completed...      17.4722 seconds
                  AERO completed...      19.7653 seconds
            Master Time Step
            Processing completed...      63.7561 seconds
 
     Processing Day/Time [YYYYDDD:HHMMSS]: 2022183:052500
       Which is Equivalent to (UTC): 5:25:00  Saturday,  July 2, 2022
       Time-Step Length (HHMMSS): 000500
                 VDIFF completed...      17.6329 seconds
                COUPLE completed...       0.2683 seconds
                  HADV completed...       4.1126 seconds
                  ZADV completed...       2.0369 seconds
                 HDIFF completed...       0.5146 seconds
              DECOUPLE completed...       0.3378 seconds
                  PHOT completed...       0.2801 seconds
               CLDPROC completed...       1.4480 seconds
                  CHEM completed...      17.3945 seconds
                  AERO completed...      19.7258 seconds
            Master Time Step
            Processing completed...      63.7519 seconds
 
     Processing Day/Time [YYYYDDD:HHMMSS]: 2022183:053000
       Which is Equivalent to (UTC): 5:30:00  Saturday,  July 2, 2022
       Time-Step Length (HHMMSS): 000500
                 VDIFF completed...      16.8632 seconds
                COUPLE completed...       0.2723 seconds
                  HADV completed...       4.1310 seconds
                  ZADV completed...       2.0272 seconds
                 HDIFF completed...       0.5192 seconds
              DECOUPLE completed...       0.3404 seconds
                  PHOT completed...       0.2806 seconds
               CLDPROC completed...       1.4317 seconds
                  CHEM completed...      17.4090 seconds
                  AERO completed...      19.7972 seconds
            Master Time Step
            Processing completed...      63.0720 seconds
 
     Processing Day/Time [YYYYDDD:HHMMSS]: 2022183:053500
       Which is Equivalent to (UTC): 5:35:00  Saturday,  July 2, 2022
       Time-Step Length (HHMMSS): 000500
                 VDIFF completed...      17.6806 seconds
                COUPLE completed...       0.2752 seconds
                  HADV completed...       4.1064 seconds
                  ZADV completed...       2.0180 seconds
                 HDIFF completed...       0.5125 seconds
              DECOUPLE completed...       0.3368 seconds
                  PHOT completed...       0.2782 seconds
               CLDPROC completed...       1.4478 seconds
                  CHEM completed...      17.4049 seconds
                  AERO completed...      19.8307 seconds
            Master Time Step
            Processing completed...      63.8915 seconds
 
     Processing Day/Time [YYYYDDD:HHMMSS]: 2022183:054000
       Which is Equivalent to (UTC): 5:40:00  Saturday,  July 2, 2022
       Time-Step Length (HHMMSS): 000500
                 VDIFF completed...      17.0718 seconds
                COUPLE completed...       0.2697 seconds
                  HADV completed...       4.0955 seconds
                  ZADV completed...       2.0228 seconds
                 HDIFF completed...       0.5141 seconds
              DECOUPLE completed...       0.3357 seconds
                  PHOT completed...       0.2782 seconds
               CLDPROC completed...       1.4288 seconds
                  CHEM completed...      17.4207 seconds
                  AERO completed...      19.7835 seconds
            Master Time Step
            Processing completed...      63.2211 seconds
 
     Processing Day/Time [YYYYDDD:HHMMSS]: 2022183:054500
       Which is Equivalent to (UTC): 5:45:00  Saturday,  July 2, 2022
       Time-Step Length (HHMMSS): 000500
                 VDIFF completed...      18.1225 seconds
                COUPLE completed...       0.2895 seconds
                  HADV completed...       4.1381 seconds
                  ZADV completed...       2.0396 seconds
                 HDIFF completed...       0.5288 seconds
              DECOUPLE completed...       0.3487 seconds
                  PHOT completed...       0.2863 seconds
               CLDPROC completed...       1.4570 seconds
                  CHEM completed...      17.4096 seconds
                  AERO completed...      19.8382 seconds
            Master Time Step
            Processing completed...      64.4587 seconds
 
     Processing Day/Time [YYYYDDD:HHMMSS]: 2022183:055000
       Which is Equivalent to (UTC): 5:50:00  Saturday,  July 2, 2022
       Time-Step Length (HHMMSS): 000500
                 VDIFF completed...      17.8454 seconds
                COUPLE completed...       0.2804 seconds
                  HADV completed...       4.1211 seconds
                  ZADV completed...       2.0283 seconds
                 HDIFF completed...       0.5194 seconds
              DECOUPLE completed...       0.3426 seconds
                  PHOT completed...       0.2834 seconds
               CLDPROC completed...       1.4407 seconds
                  CHEM completed...      17.3875 seconds
                  AERO completed...      19.7864 seconds
            Master Time Step
            Processing completed...      64.0356 seconds
 
     Processing Day/Time [YYYYDDD:HHMMSS]: 2022183:055500
       Which is Equivalent to (UTC): 5:55:00  Saturday,  July 2, 2022
       Time-Step Length (HHMMSS): 000500
                 VDIFF completed...      16.8875 seconds
                COUPLE completed...       0.2675 seconds
                  HADV completed...       4.1027 seconds
                  ZADV completed...       2.0238 seconds
                 HDIFF completed...       0.5168 seconds
              DECOUPLE completed...       0.3407 seconds
                  PHOT completed...       0.2803 seconds
               CLDPROC completed...       1.4686 seconds
                  CHEM completed...      17.3871 seconds
                  AERO completed...      19.7911 seconds
            Master Time Step
            Processing completed...      63.0666 seconds
 
      =--> Data Output completed...       0.1059 seconds
 
     Processing Day/Time [YYYYDDD:HHMMSS]: 2022183:060000
       Which is Equivalent to (UTC): 6:00:00  Saturday,  July 2, 2022
       Time-Step Length (HHMMSS): 000500
                 VDIFF completed...      18.7575 seconds
                COUPLE completed...       0.2716 seconds
                  HADV completed...       4.2149 seconds
                  ZADV completed...       2.0168 seconds
                 HDIFF completed...       0.5110 seconds
              DECOUPLE completed...       0.3361 seconds
                  PHOT completed...       0.3212 seconds
               CLDPROC completed...       1.4483 seconds
                  CHEM completed...      17.3857 seconds
                  AERO completed...      19.8539 seconds
            Master Time Step
            Processing completed...      65.1173 seconds
 
     Processing Day/Time [YYYYDDD:HHMMSS]: 2022183:060500
       Which is Equivalent to (UTC): 6:05:00  Saturday,  July 2, 2022
       Time-Step Length (HHMMSS): 000500
                 VDIFF completed...      17.4089 seconds
                COUPLE completed...       0.2747 seconds
                  HADV completed...       4.1313 seconds
                  ZADV completed...       2.0262 seconds
                 HDIFF completed...       0.5189 seconds
              DECOUPLE completed...       0.3439 seconds
                  PHOT completed...       0.2830 seconds
               CLDPROC completed...       1.4340 seconds
                  CHEM completed...      17.3573 seconds
                  AERO completed...      19.7524 seconds
            Master Time Step
            Processing completed...      63.5312 seconds
 
     Processing Day/Time [YYYYDDD:HHMMSS]: 2022183:061000
       Which is Equivalent to (UTC): 6:10:00  Saturday,  July 2, 2022
       Time-Step Length (HHMMSS): 000500
                 VDIFF completed...      16.2460 seconds
                COUPLE completed...       0.2708 seconds
                  HADV completed...       4.1220 seconds
                  ZADV completed...       2.0239 seconds
                 HDIFF completed...       0.5199 seconds
              DECOUPLE completed...       0.3424 seconds
                  PHOT completed...       0.2811 seconds
               CLDPROC completed...       1.4393 seconds
                  CHEM completed...      17.4629 seconds
                  AERO completed...      19.9530 seconds
            Master Time Step
            Processing completed...      62.6618 seconds
 
     Processing Day/Time [YYYYDDD:HHMMSS]: 2022183:061500
       Which is Equivalent to (UTC): 6:15:00  Saturday,  July 2, 2022
       Time-Step Length (HHMMSS): 000500
                 VDIFF completed...      16.6974 seconds
                COUPLE completed...       0.2786 seconds
                  HADV completed...       4.1219 seconds
                  ZADV completed...       2.0317 seconds
                 HDIFF completed...       0.5217 seconds
              DECOUPLE completed...       0.3448 seconds
                  PHOT completed...       0.2851 seconds
               CLDPROC completed...       1.4492 seconds
                  CHEM completed...      17.3830 seconds
                  AERO completed...      19.8053 seconds
            Master Time Step
            Processing completed...      62.9191 seconds
 
     Processing Day/Time [YYYYDDD:HHMMSS]: 2022183:062000
       Which is Equivalent to (UTC): 6:20:00  Saturday,  July 2, 2022
       Time-Step Length (HHMMSS): 000500
                 VDIFF completed...      16.2091 seconds
                COUPLE completed...       0.2765 seconds
                  HADV completed...       4.1334 seconds
                  ZADV completed...       2.0245 seconds
                 HDIFF completed...       0.5193 seconds
              DECOUPLE completed...       0.3422 seconds
                  PHOT completed...       0.2808 seconds
               CLDPROC completed...       1.4373 seconds
                  CHEM completed...      17.3664 seconds
                  AERO completed...      19.7941 seconds
            Master Time Step
            Processing completed...      62.3840 seconds
 
     Processing Day/Time [YYYYDDD:HHMMSS]: 2022183:062500
       Which is Equivalent to (UTC): 6:25:00  Saturday,  July 2, 2022
       Time-Step Length (HHMMSS): 000500
                 VDIFF completed...      16.2082 seconds
                COUPLE completed...       0.2698 seconds
                  HADV completed...       4.1075 seconds
                  ZADV completed...       2.0244 seconds
                 HDIFF completed...       0.5193 seconds
              DECOUPLE completed...       0.3417 seconds
                  PHOT completed...       0.2828 seconds
               CLDPROC completed...       1.4460 seconds
                  CHEM completed...      17.3576 seconds
                  AERO completed...      19.7911 seconds
            Master Time Step
            Processing completed...      62.3488 seconds
 
     Processing Day/Time [YYYYDDD:HHMMSS]: 2022183:063000
       Which is Equivalent to (UTC): 6:30:00  Saturday,  July 2, 2022
       Time-Step Length (HHMMSS): 000500
                 VDIFF completed...      16.9453 seconds
                COUPLE completed...       0.2799 seconds
                  HADV completed...       4.1361 seconds
                  ZADV completed...       2.0388 seconds
                 HDIFF completed...       0.5310 seconds
              DECOUPLE completed...       0.3485 seconds
                  PHOT completed...       0.2893 seconds
               CLDPROC completed...       1.4799 seconds
                  CHEM completed...      17.4301 seconds
                  AERO completed...      19.9033 seconds
            Master Time Step
            Processing completed...      63.3825 seconds
 
     Processing Day/Time [YYYYDDD:HHMMSS]: 2022183:063500
       Which is Equivalent to (UTC): 6:35:00  Saturday,  July 2, 2022
       Time-Step Length (HHMMSS): 000500
                 VDIFF completed...      16.1757 seconds
                COUPLE completed...       0.2685 seconds
                  HADV completed...       4.0814 seconds
                  ZADV completed...       2.0180 seconds
                 HDIFF completed...       0.5146 seconds
              DECOUPLE completed...       0.3365 seconds
                  PHOT completed...       0.2777 seconds
               CLDPROC completed...       1.4271 seconds
                  CHEM completed...      17.3025 seconds
                  AERO completed...      19.7950 seconds
            Master Time Step
            Processing completed...      62.1974 seconds
 
     Processing Day/Time [YYYYDDD:HHMMSS]: 2022183:064000
       Which is Equivalent to (UTC): 6:40:00  Saturday,  July 2, 2022
       Time-Step Length (HHMMSS): 000500
                 VDIFF completed...      17.0127 seconds
                COUPLE completed...       0.2756 seconds
                  HADV completed...       4.1249 seconds
                  ZADV completed...       2.0293 seconds
                 HDIFF completed...       0.5262 seconds
              DECOUPLE completed...       0.3487 seconds
                  PHOT completed...       0.2891 seconds
               CLDPROC completed...       1.4485 seconds
                  CHEM completed...      17.3086 seconds
                  AERO completed...      19.8517 seconds
            Master Time Step
            Processing completed...      63.2155 seconds
 
     Processing Day/Time [YYYYDDD:HHMMSS]: 2022183:064500
       Which is Equivalent to (UTC): 6:45:00  Saturday,  July 2, 2022
       Time-Step Length (HHMMSS): 000500
                 VDIFF completed...      17.1614 seconds
                COUPLE completed...       0.2741 seconds
                  HADV completed...       4.1246 seconds
                  ZADV completed...       2.0253 seconds
                 HDIFF completed...       0.5153 seconds
              DECOUPLE completed...       0.3398 seconds
                  PHOT completed...       0.2813 seconds
               CLDPROC completed...       1.4215 seconds
                  CHEM completed...      17.3030 seconds
                  AERO completed...      19.8083 seconds
            Master Time Step
            Processing completed...      63.2550 seconds
 
     Processing Day/Time [YYYYDDD:HHMMSS]: 2022183:065000
       Which is Equivalent to (UTC): 6:50:00  Saturday,  July 2, 2022
       Time-Step Length (HHMMSS): 000500
                 VDIFF completed...      16.4455 seconds
                COUPLE completed...       0.2746 seconds
                  HADV completed...       4.1116 seconds
                  ZADV completed...       2.0214 seconds
                 HDIFF completed...       0.5164 seconds
              DECOUPLE completed...       0.3380 seconds
                  PHOT completed...       0.2783 seconds
               CLDPROC completed...       1.4214 seconds
                  CHEM completed...      17.3315 seconds
                  AERO completed...      20.0068 seconds
            Master Time Step
            Processing completed...      62.7460 seconds
 
     Processing Day/Time [YYYYDDD:HHMMSS]: 2022183:065500
       Which is Equivalent to (UTC): 6:55:00  Saturday,  July 2, 2022
       Time-Step Length (HHMMSS): 000500
                 VDIFF completed...      19.3901 seconds
                COUPLE completed...       0.2791 seconds
                  HADV completed...       4.1275 seconds
                  ZADV completed...       2.0366 seconds
                 HDIFF completed...       0.5216 seconds
              DECOUPLE completed...       0.3416 seconds
                  PHOT completed...       0.2820 seconds
               CLDPROC completed...       1.4681 seconds
                  CHEM completed...      17.3505 seconds
                  AERO completed...      19.9658 seconds
            Master Time Step
            Processing completed...      65.7634 seconds
 
      =--> Data Output completed...       0.1056 seconds
 
     Processing Day/Time [YYYYDDD:HHMMSS]: 2022183:070000
       Which is Equivalent to (UTC): 7:00:00  Saturday,  July 2, 2022
       Time-Step Length (HHMMSS): 000500
                 VDIFF completed...      18.3346 seconds
                COUPLE completed...       0.2733 seconds
                  HADV completed...       4.1054 seconds
                  ZADV completed...       2.0279 seconds
                 HDIFF completed...       0.5164 seconds
              DECOUPLE completed...       0.3406 seconds
                  PHOT completed...       0.3040 seconds
               CLDPROC completed...       1.3983 seconds
                  CHEM completed...      17.2983 seconds
                  AERO completed...      19.8286 seconds
            Master Time Step
            Processing completed...      64.4276 seconds
 
     Processing Day/Time [YYYYDDD:HHMMSS]: 2022183:070500
       Which is Equivalent to (UTC): 7:05:00  Saturday,  July 2, 2022
       Time-Step Length (HHMMSS): 000500
                 VDIFF completed...      16.4861 seconds
                COUPLE completed...       0.2715 seconds
                  HADV completed...       3.9832 seconds
                  ZADV completed...       2.0255 seconds
                 HDIFF completed...       0.5134 seconds
              DECOUPLE completed...       0.3342 seconds
                  PHOT completed...       0.2769 seconds
               CLDPROC completed...       1.4155 seconds
                  CHEM completed...      17.2534 seconds
                  AERO completed...      19.8911 seconds
            Master Time Step
            Processing completed...      62.4510 seconds
 
     Processing Day/Time [YYYYDDD:HHMMSS]: 2022183:071000
       Which is Equivalent to (UTC): 7:10:00  Saturday,  July 2, 2022
       Time-Step Length (HHMMSS): 000500
                 VDIFF completed...      16.3610 seconds
                COUPLE completed...       0.2726 seconds
                  HADV completed...       4.0203 seconds
                  ZADV completed...       2.0242 seconds
                 HDIFF completed...       0.5220 seconds
              DECOUPLE completed...       0.3435 seconds
                  PHOT completed...       0.2839 seconds
               CLDPROC completed...       1.4236 seconds
                  CHEM completed...      17.2981 seconds
                  AERO completed...      20.0280 seconds
            Master Time Step
            Processing completed...      62.5777 seconds
 
     Processing Day/Time [YYYYDDD:HHMMSS]: 2022183:071500
       Which is Equivalent to (UTC): 7:15:00  Saturday,  July 2, 2022
       Time-Step Length (HHMMSS): 000500
                 VDIFF completed...      16.7961 seconds
                COUPLE completed...       0.2711 seconds
                  HADV completed...       4.0047 seconds
                  ZADV completed...       2.0269 seconds
                 HDIFF completed...       0.5148 seconds
              DECOUPLE completed...       0.3418 seconds
                  PHOT completed...       0.2841 seconds
               CLDPROC completed...       1.4448 seconds
                  CHEM completed...      17.3977 seconds
                  AERO completed...      19.9095 seconds
            Master Time Step
            Processing completed...      62.9917 seconds
 
     Processing Day/Time [YYYYDDD:HHMMSS]: 2022183:072000
       Which is Equivalent to (UTC): 7:20:00  Saturday,  July 2, 2022
       Time-Step Length (HHMMSS): 000500
                 VDIFF completed...      16.3288 seconds
                COUPLE completed...       0.2670 seconds
                  HADV completed...       3.9891 seconds
                  ZADV completed...       2.0115 seconds
                 HDIFF completed...       0.5140 seconds
              DECOUPLE completed...       0.3413 seconds
                  PHOT completed...       0.2777 seconds
               CLDPROC completed...       1.4196 seconds
                  CHEM completed...      17.2590 seconds
                  AERO completed...      19.9491 seconds
            Master Time Step
            Processing completed...      62.3575 seconds
 
     Processing Day/Time [YYYYDDD:HHMMSS]: 2022183:072500
       Which is Equivalent to (UTC): 7:25:00  Saturday,  July 2, 2022
       Time-Step Length (HHMMSS): 000500
                 VDIFF completed...      19.2785 seconds
                COUPLE completed...       0.2838 seconds
                  HADV completed...       4.0482 seconds
                  ZADV completed...       2.0507 seconds
                 HDIFF completed...       0.5332 seconds
              DECOUPLE completed...       0.3591 seconds
                  PHOT completed...       0.2957 seconds
               CLDPROC completed...       1.5040 seconds
                  CHEM completed...      17.3864 seconds
                  AERO completed...      19.8449 seconds
            Master Time Step
            Processing completed...      65.5849 seconds
 
     Processing Day/Time [YYYYDDD:HHMMSS]: 2022183:073000
       Which is Equivalent to (UTC): 7:30:00  Saturday,  July 2, 2022
       Time-Step Length (HHMMSS): 000500
                 VDIFF completed...      15.9959 seconds
                COUPLE completed...       0.2743 seconds
                  HADV completed...       3.9965 seconds
                  ZADV completed...       2.0220 seconds
                 HDIFF completed...       0.5150 seconds
              DECOUPLE completed...       0.3383 seconds
                  PHOT completed...       0.2782 seconds
               CLDPROC completed...       1.4325 seconds
                  CHEM completed...      17.2643 seconds
                  AERO completed...      19.9464 seconds
            Master Time Step
            Processing completed...      62.0637 seconds
 
     Processing Day/Time [YYYYDDD:HHMMSS]: 2022183:073500
       Which is Equivalent to (UTC): 7:35:00  Saturday,  July 2, 2022
       Time-Step Length (HHMMSS): 000500
                 VDIFF completed...      16.3983 seconds
                COUPLE completed...       0.2774 seconds
                  HADV completed...       3.9798 seconds
                  ZADV completed...       2.0296 seconds
                 HDIFF completed...       0.5237 seconds
              DECOUPLE completed...       0.3453 seconds
                  PHOT completed...       0.2835 seconds
               CLDPROC completed...       1.4361 seconds
                  CHEM completed...      17.2802 seconds
                  AERO completed...      20.0174 seconds
            Master Time Step
            Processing completed...      62.5717 seconds
 
     Processing Day/Time [YYYYDDD:HHMMSS]: 2022183:074000
       Which is Equivalent to (UTC): 7:40:00  Saturday,  July 2, 2022
       Time-Step Length (HHMMSS): 000500
                 VDIFF completed...      17.2416 seconds
                COUPLE completed...       0.2742 seconds
                  HADV completed...       4.0064 seconds
                  ZADV completed...       2.0276 seconds
                 HDIFF completed...       0.5237 seconds
              DECOUPLE completed...       0.3453 seconds
                  PHOT completed...       0.2862 seconds
               CLDPROC completed...       1.4298 seconds
                  CHEM completed...      17.2832 seconds
                  AERO completed...      19.9049 seconds
            Master Time Step
            Processing completed...      63.3231 seconds
 
     Processing Day/Time [YYYYDDD:HHMMSS]: 2022183:074500
       Which is Equivalent to (UTC): 7:45:00  Saturday,  July 2, 2022
       Time-Step Length (HHMMSS): 000500
                 VDIFF completed...      16.7496 seconds
                COUPLE completed...       0.2769 seconds
                  HADV completed...       3.9950 seconds
                  ZADV completed...       2.0303 seconds
                 HDIFF completed...       0.5186 seconds
              DECOUPLE completed...       0.3411 seconds
                  PHOT completed...       0.2818 seconds
               CLDPROC completed...       1.4324 seconds
                  CHEM completed...      17.1920 seconds
                  AERO completed...      19.8654 seconds
            Master Time Step
            Processing completed...      62.6835 seconds
 
     Processing Day/Time [YYYYDDD:HHMMSS]: 2022183:075000
       Which is Equivalent to (UTC): 7:50:00  Saturday,  July 2, 2022
       Time-Step Length (HHMMSS): 000500
                 VDIFF completed...      15.9680 seconds
                COUPLE completed...       0.2791 seconds
                  HADV completed...       4.0199 seconds
                  ZADV completed...       2.0351 seconds
                 HDIFF completed...       0.5268 seconds
              DECOUPLE completed...       0.3505 seconds
                  PHOT completed...       0.2936 seconds
               CLDPROC completed...       1.4909 seconds
                  CHEM completed...      17.3393 seconds
                  AERO completed...      19.9885 seconds
            Master Time Step
            Processing completed...      62.2921 seconds
 
     Processing Day/Time [YYYYDDD:HHMMSS]: 2022183:075500
       Which is Equivalent to (UTC): 7:55:00  Saturday,  July 2, 2022
       Time-Step Length (HHMMSS): 000500
                 VDIFF completed...      16.0011 seconds
                COUPLE completed...       0.2675 seconds
                  HADV completed...       3.9868 seconds
                  ZADV completed...       2.0297 seconds
                 HDIFF completed...       0.5176 seconds
              DECOUPLE completed...       0.3406 seconds
                  PHOT completed...       0.2801 seconds
               CLDPROC completed...       1.4454 seconds
                  CHEM completed...      17.2052 seconds
                  AERO completed...      19.8472 seconds
            Master Time Step
            Processing completed...      61.9216 seconds
 
      =--> Data Output completed...       0.1067 seconds
 
     Processing Day/Time [YYYYDDD:HHMMSS]: 2022183:080000
       Which is Equivalent to (UTC): 8:00:00  Saturday,  July 2, 2022
       Time-Step Length (HHMMSS): 000500
                 VDIFF completed...      18.4175 seconds
                COUPLE completed...       0.2708 seconds
                  HADV completed...       4.1222 seconds
                  ZADV completed...       2.0382 seconds
                 HDIFF completed...       0.5238 seconds
              DECOUPLE completed...       0.3464 seconds
                  PHOT completed...       0.3209 seconds
               CLDPROC completed...       1.4087 seconds
                  CHEM completed...      17.2540 seconds
                  AERO completed...      19.8722 seconds
            Master Time Step
            Processing completed...      64.5751 seconds
 
     Processing Day/Time [YYYYDDD:HHMMSS]: 2022183:080500
       Which is Equivalent to (UTC): 8:05:00  Saturday,  July 2, 2022
       Time-Step Length (HHMMSS): 000500
                 VDIFF completed...      17.5029 seconds
                COUPLE completed...       0.2813 seconds
                  HADV completed...       4.0272 seconds
                  ZADV completed...       2.0527 seconds
                 HDIFF completed...       0.5311 seconds
              DECOUPLE completed...       0.3497 seconds
                  PHOT completed...       0.2882 seconds
               CLDPROC completed...       1.4570 seconds
                  CHEM completed...      17.4206 seconds
                  AERO completed...      20.0584 seconds
            Master Time Step
            Processing completed...      63.9695 seconds
 
     Processing Day/Time [YYYYDDD:HHMMSS]: 2022183:081000
       Which is Equivalent to (UTC): 8:10:00  Saturday,  July 2, 2022
       Time-Step Length (HHMMSS): 000500
                 VDIFF completed...      16.6476 seconds
                COUPLE completed...       0.2705 seconds
                  HADV completed...       3.9877 seconds
                  ZADV completed...       2.0276 seconds
                 HDIFF completed...       0.5178 seconds
              DECOUPLE completed...       0.3422 seconds
                  PHOT completed...       0.2827 seconds
               CLDPROC completed...       1.4101 seconds
                  CHEM completed...      17.2104 seconds
                  AERO completed...      19.8525 seconds
            Master Time Step
            Processing completed...      62.5495 seconds
 
     Processing Day/Time [YYYYDDD:HHMMSS]: 2022183:081500
       Which is Equivalent to (UTC): 8:15:00  Saturday,  July 2, 2022
       Time-Step Length (HHMMSS): 000500
                 VDIFF completed...      16.4632 seconds
                COUPLE completed...       0.2725 seconds
                  HADV completed...       3.9825 seconds
                  ZADV completed...       2.0189 seconds
                 HDIFF completed...       0.5109 seconds
              DECOUPLE completed...       0.3396 seconds
                  PHOT completed...       0.2847 seconds
               CLDPROC completed...       1.4237 seconds
                  CHEM completed...      17.1778 seconds
                  AERO completed...      19.8558 seconds
            Master Time Step
            Processing completed...      62.3300 seconds
 
     Processing Day/Time [YYYYDDD:HHMMSS]: 2022183:082000
       Which is Equivalent to (UTC): 8:20:00  Saturday,  July 2, 2022
       Time-Step Length (HHMMSS): 000500
                 VDIFF completed...      17.3485 seconds
                COUPLE completed...       0.2759 seconds
                  HADV completed...       4.0221 seconds
                  ZADV completed...       2.0347 seconds
                 HDIFF completed...       0.5248 seconds
              DECOUPLE completed...       0.3483 seconds
                  PHOT completed...       0.2904 seconds
               CLDPROC completed...       1.4722 seconds
                  CHEM completed...      17.3469 seconds
                  AERO completed...      20.0012 seconds
            Master Time Step
            Processing completed...      63.6655 seconds
 
     Processing Day/Time [YYYYDDD:HHMMSS]: 2022183:082500
       Which is Equivalent to (UTC): 8:25:00  Saturday,  July 2, 2022
       Time-Step Length (HHMMSS): 000500
                 VDIFF completed...      16.0479 seconds
                COUPLE completed...       0.2627 seconds
                  HADV completed...       3.9732 seconds
                  ZADV completed...       2.0235 seconds
                 HDIFF completed...       0.5149 seconds
              DECOUPLE completed...       0.3397 seconds
                  PHOT completed...       0.2775 seconds
               CLDPROC completed...       1.4262 seconds
                  CHEM completed...      17.1616 seconds
                  AERO completed...      19.9850 seconds
            Master Time Step
            Processing completed...      62.0125 seconds
 
     Processing Day/Time [YYYYDDD:HHMMSS]: 2022183:083000
       Which is Equivalent to (UTC): 8:30:00  Saturday,  July 2, 2022
       Time-Step Length (HHMMSS): 000500
                 VDIFF completed...      17.1087 seconds
                COUPLE completed...       0.2649 seconds
                  HADV completed...       3.9929 seconds
                  ZADV completed...       2.0126 seconds
                 HDIFF completed...       0.5188 seconds
              DECOUPLE completed...       0.3409 seconds
                  PHOT completed...       0.2809 seconds
               CLDPROC completed...       1.4561 seconds
                  CHEM completed...      17.2328 seconds
                  AERO completed...      20.0652 seconds
            Master Time Step
            Processing completed...      63.2743 seconds
 
     Processing Day/Time [YYYYDDD:HHMMSS]: 2022183:083500
       Which is Equivalent to (UTC): 8:35:00  Saturday,  July 2, 2022
       Time-Step Length (HHMMSS): 000500
                 VDIFF completed...      17.4748 seconds
                COUPLE completed...       0.2902 seconds
                  HADV completed...       4.0074 seconds
                  ZADV completed...       2.0349 seconds
                 HDIFF completed...       0.5270 seconds
              DECOUPLE completed...       0.3497 seconds
                  PHOT completed...       0.2885 seconds
               CLDPROC completed...       1.4710 seconds
                  CHEM completed...      17.2678 seconds
                  AERO completed...      19.9908 seconds
            Master Time Step
            Processing completed...      63.7024 seconds
 
     Processing Day/Time [YYYYDDD:HHMMSS]: 2022183:084000
       Which is Equivalent to (UTC): 8:40:00  Saturday,  July 2, 2022
       Time-Step Length (HHMMSS): 000500
                 VDIFF completed...      15.9807 seconds
                COUPLE completed...       0.2714 seconds
                  HADV completed...       3.9992 seconds
                  ZADV completed...       2.0237 seconds
                 HDIFF completed...       0.5144 seconds
              DECOUPLE completed...       0.3389 seconds
                  PHOT completed...       0.2862 seconds
               CLDPROC completed...       1.4435 seconds
                  CHEM completed...      17.1539 seconds
                  AERO completed...      19.8821 seconds
            Master Time Step
            Processing completed...      61.8944 seconds
 
     Processing Day/Time [YYYYDDD:HHMMSS]: 2022183:084500
       Which is Equivalent to (UTC): 8:45:00  Saturday,  July 2, 2022
       Time-Step Length (HHMMSS): 000500
                 VDIFF completed...      15.7957 seconds
                COUPLE completed...       0.2652 seconds
                  HADV completed...       3.9744 seconds
                  ZADV completed...       2.0222 seconds
                 HDIFF completed...       0.5121 seconds
              DECOUPLE completed...       0.3358 seconds
                  PHOT completed...       0.2773 seconds
               CLDPROC completed...       1.4425 seconds
                  CHEM completed...      17.1921 seconds
                  AERO completed...      20.2329 seconds
            Master Time Step
            Processing completed...      62.0507 seconds
 
     Processing Day/Time [YYYYDDD:HHMMSS]: 2022183:085000
       Which is Equivalent to (UTC): 8:50:00  Saturday,  July 2, 2022
       Time-Step Length (HHMMSS): 000500
                 VDIFF completed...      17.6995 seconds
                COUPLE completed...       0.2836 seconds
                  HADV completed...       4.0150 seconds
                  ZADV completed...       2.0264 seconds
                 HDIFF completed...       0.5163 seconds
              DECOUPLE completed...       0.3394 seconds
                  PHOT completed...       0.2801 seconds
               CLDPROC completed...       1.4639 seconds
                  CHEM completed...      17.1418 seconds
                  AERO completed...      19.8778 seconds
            Master Time Step
            Processing completed...      63.6441 seconds
 
     Processing Day/Time [YYYYDDD:HHMMSS]: 2022183:085500
       Which is Equivalent to (UTC): 8:55:00  Saturday,  July 2, 2022
       Time-Step Length (HHMMSS): 000500
                 VDIFF completed...      16.5236 seconds
                COUPLE completed...       0.2747 seconds
                  HADV completed...       3.9932 seconds
                  ZADV completed...       2.0281 seconds
                 HDIFF completed...       0.5149 seconds
              DECOUPLE completed...       0.3384 seconds
                  PHOT completed...       0.2780 seconds
               CLDPROC completed...       1.5197 seconds
                  CHEM completed...      17.1407 seconds
                  AERO completed...      19.8640 seconds
            Master Time Step
            Processing completed...      62.4756 seconds
 
      =--> Data Output completed...       0.1044 seconds
 
     Processing Day/Time [YYYYDDD:HHMMSS]: 2022183:090000
       Which is Equivalent to (UTC): 9:00:00  Saturday,  July 2, 2022
       Time-Step Length (HHMMSS): 000500
                 VDIFF completed...      18.3109 seconds
                COUPLE completed...       0.2816 seconds
                  HADV completed...       4.2294 seconds
                  ZADV completed...       2.0343 seconds
                 HDIFF completed...       0.5178 seconds
              DECOUPLE completed...       0.3411 seconds
                  PHOT completed...       0.2965 seconds
               CLDPROC completed...       1.4324 seconds
                  CHEM completed...      17.2257 seconds
                  AERO completed...      20.1727 seconds
            Master Time Step
            Processing completed...      64.8428 seconds
 
     Processing Day/Time [YYYYDDD:HHMMSS]: 2022183:090500
       Which is Equivalent to (UTC): 9:05:00  Saturday,  July 2, 2022
       Time-Step Length (HHMMSS): 000500
                 VDIFF completed...      18.4057 seconds
                COUPLE completed...       0.2891 seconds
                  HADV completed...       4.1603 seconds
                  ZADV completed...       2.0438 seconds
                 HDIFF completed...       0.5249 seconds
              DECOUPLE completed...       0.3470 seconds
                  PHOT completed...       0.2906 seconds
               CLDPROC completed...       1.5035 seconds
                  CHEM completed...      17.2953 seconds
                  AERO completed...      20.0512 seconds
            Master Time Step
            Processing completed...      64.9118 seconds
 
     Processing Day/Time [YYYYDDD:HHMMSS]: 2022183:091000
       Which is Equivalent to (UTC): 9:10:00  Saturday,  July 2, 2022
       Time-Step Length (HHMMSS): 000500
                 VDIFF completed...      16.9968 seconds
                COUPLE completed...       0.2740 seconds
                  HADV completed...       4.1026 seconds
                  ZADV completed...       2.0240 seconds
                 HDIFF completed...       0.5157 seconds
              DECOUPLE completed...       0.3392 seconds
                  PHOT completed...       0.2852 seconds
               CLDPROC completed...       1.4926 seconds
                  CHEM completed...      17.1627 seconds
                  AERO completed...      19.9205 seconds
            Master Time Step
            Processing completed...      63.1139 seconds
 
     Processing Day/Time [YYYYDDD:HHMMSS]: 2022183:091500
       Which is Equivalent to (UTC): 9:15:00  Saturday,  July 2, 2022
       Time-Step Length (HHMMSS): 000500
                 VDIFF completed...      18.6043 seconds
                COUPLE completed...       0.2815 seconds
                  HADV completed...       4.1566 seconds
                  ZADV completed...       2.0397 seconds
                 HDIFF completed...       0.5303 seconds
              DECOUPLE completed...       0.3505 seconds
                  PHOT completed...       0.2899 seconds
               CLDPROC completed...       1.4947 seconds
                  CHEM completed...      17.1901 seconds
                  AERO completed...      19.9092 seconds
            Master Time Step
            Processing completed...      64.8473 seconds
 
     Processing Day/Time [YYYYDDD:HHMMSS]: 2022183:092000
       Which is Equivalent to (UTC): 9:20:00  Saturday,  July 2, 2022
       Time-Step Length (HHMMSS): 000500
                 VDIFF completed...      16.3394 seconds
                COUPLE completed...       0.2743 seconds
                  HADV completed...       4.0812 seconds
                  ZADV completed...       2.0153 seconds
                 HDIFF completed...       0.5146 seconds
              DECOUPLE completed...       0.3382 seconds
                  PHOT completed...       0.2874 seconds
               CLDPROC completed...       1.4748 seconds
                  CHEM completed...      17.1153 seconds
                  AERO completed...      19.8438 seconds
            Master Time Step
            Processing completed...      62.2847 seconds
 
     Processing Day/Time [YYYYDDD:HHMMSS]: 2022183:092500
       Which is Equivalent to (UTC): 9:25:00  Saturday,  July 2, 2022
       Time-Step Length (HHMMSS): 000500
                 VDIFF completed...      16.8632 seconds
                COUPLE completed...       0.2719 seconds
                  HADV completed...       4.1077 seconds
                  ZADV completed...       2.0279 seconds
                 HDIFF completed...       0.5196 seconds
              DECOUPLE completed...       0.3432 seconds
                  PHOT completed...       0.2926 seconds
               CLDPROC completed...       1.4911 seconds
                  CHEM completed...      17.1355 seconds
                  AERO completed...      20.0256 seconds
            Master Time Step
            Processing completed...      63.0788 seconds
 
     Processing Day/Time [YYYYDDD:HHMMSS]: 2022183:093000
       Which is Equivalent to (UTC): 9:30:00  Saturday,  July 2, 2022
       Time-Step Length (HHMMSS): 000500
                 VDIFF completed...      17.6485 seconds
                COUPLE completed...       0.2763 seconds
                  HADV completed...       4.1053 seconds
                  ZADV completed...       2.0202 seconds
                 HDIFF completed...       0.5160 seconds
              DECOUPLE completed...       0.3379 seconds
                  PHOT completed...       0.2760 seconds
               CLDPROC completed...       1.4596 seconds
                  CHEM completed...      17.1504 seconds
                  AERO completed...      19.9303 seconds
            Master Time Step
            Processing completed...      63.7209 seconds
 
     Processing Day/Time [YYYYDDD:HHMMSS]: 2022183:093500
       Which is Equivalent to (UTC): 9:35:00  Saturday,  July 2, 2022
       Time-Step Length (HHMMSS): 000500
                 VDIFF completed...      17.0975 seconds
                COUPLE completed...       0.2784 seconds
                  HADV completed...       4.1263 seconds
                  ZADV completed...       2.0399 seconds
                 HDIFF completed...       0.5281 seconds
              DECOUPLE completed...       0.3474 seconds
                  PHOT completed...       0.2874 seconds
               CLDPROC completed...       1.4994 seconds
                  CHEM completed...      17.0983 seconds
                  AERO completed...      19.8919 seconds
            Master Time Step
            Processing completed...      63.1950 seconds
 
     Processing Day/Time [YYYYDDD:HHMMSS]: 2022183:094000
       Which is Equivalent to (UTC): 9:40:00  Saturday,  July 2, 2022
       Time-Step Length (HHMMSS): 000500
                 VDIFF completed...      16.9650 seconds
                COUPLE completed...       0.2729 seconds
                  HADV completed...       4.1206 seconds
                  ZADV completed...       2.0367 seconds
                 HDIFF completed...       0.5262 seconds
              DECOUPLE completed...       0.3505 seconds
                  PHOT completed...       0.2922 seconds
               CLDPROC completed...       1.5237 seconds
                  CHEM completed...      17.2611 seconds
                  AERO completed...      19.9804 seconds
            Master Time Step
            Processing completed...      63.3297 seconds
 
     Processing Day/Time [YYYYDDD:HHMMSS]: 2022183:094500
       Which is Equivalent to (UTC): 9:45:00  Saturday,  July 2, 2022
       Time-Step Length (HHMMSS): 000500
                 VDIFF completed...      16.8779 seconds
                COUPLE completed...       0.2712 seconds
                  HADV completed...       4.0705 seconds
                  ZADV completed...       2.0156 seconds
                 HDIFF completed...       0.5160 seconds
              DECOUPLE completed...       0.3381 seconds
                  PHOT completed...       0.2788 seconds
               CLDPROC completed...       1.4610 seconds
                  CHEM completed...      17.0560 seconds
                  AERO completed...      19.8794 seconds
            Master Time Step
            Processing completed...      62.7648 seconds
 
     Processing Day/Time [YYYYDDD:HHMMSS]: 2022183:095000
       Which is Equivalent to (UTC): 9:50:00  Saturday,  July 2, 2022
       Time-Step Length (HHMMSS): 000500
                 VDIFF completed...      16.0359 seconds
                COUPLE completed...       0.2697 seconds
                  HADV completed...       4.0993 seconds
                  ZADV completed...       2.0273 seconds
                 HDIFF completed...       0.5166 seconds
              DECOUPLE completed...       0.3404 seconds
                  PHOT completed...       0.4396 seconds
               CLDPROC completed...       1.4671 seconds
                  CHEM completed...      17.1193 seconds
                  AERO completed...      19.9993 seconds
            Master Time Step
            Processing completed...      62.3147 seconds
 
     Processing Day/Time [YYYYDDD:HHMMSS]: 2022183:095500
       Which is Equivalent to (UTC): 9:55:00  Saturday,  July 2, 2022
       Time-Step Length (HHMMSS): 000500
                 VDIFF completed...      17.9771 seconds
                COUPLE completed...       0.2875 seconds
                  HADV completed...       4.1514 seconds
                  ZADV completed...       2.0437 seconds
                 HDIFF completed...       0.5281 seconds
              DECOUPLE completed...       0.3523 seconds
                  PHOT completed...       0.5369 seconds
               CLDPROC completed...       1.5469 seconds
                  CHEM completed...      17.1836 seconds
                  AERO completed...      19.9534 seconds
            Master Time Step
            Processing completed...      64.5613 seconds
 
      =--> Data Output completed...       0.1065 seconds
 
     Processing Day/Time [YYYYDDD:HHMMSS]: 2022183:100000
       Which is Equivalent to (UTC): 10:00:00 Saturday,  July 2, 2022
       Time-Step Length (HHMMSS): 000500
                 VDIFF completed...      19.7851 seconds
                COUPLE completed...       0.2748 seconds
                  HADV completed...       4.2099 seconds
                  ZADV completed...       2.0342 seconds
                 HDIFF completed...       0.5190 seconds
              DECOUPLE completed...       0.3439 seconds
                  PHOT completed...       0.6905 seconds
               CLDPROC completed...       1.5228 seconds
                  CHEM completed...      17.0577 seconds
                  AERO completed...      19.8687 seconds
            Master Time Step
            Processing completed...      66.3068 seconds
 
     Processing Day/Time [YYYYDDD:HHMMSS]: 2022183:100500
       Which is Equivalent to (UTC): 10:05:00 Saturday,  July 2, 2022
       Time-Step Length (HHMMSS): 000500
                 VDIFF completed...      16.4826 seconds
                COUPLE completed...       0.2710 seconds
                  HADV completed...       4.0778 seconds
                  ZADV completed...       2.0180 seconds
                 HDIFF completed...       0.5089 seconds
              DECOUPLE completed...       0.3349 seconds
                  PHOT completed...       0.8117 seconds
               CLDPROC completed...       1.4822 seconds
                  CHEM completed...      17.1254 seconds
                  AERO completed...      19.9609 seconds
            Master Time Step
            Processing completed...      63.0738 seconds
 
     Processing Day/Time [YYYYDDD:HHMMSS]: 2022183:101000
       Which is Equivalent to (UTC): 10:10:00 Saturday,  July 2, 2022
       Time-Step Length (HHMMSS): 000500
                 VDIFF completed...      17.6295 seconds
                COUPLE completed...       0.2853 seconds
                  HADV completed...       4.1142 seconds
                  ZADV completed...       2.0301 seconds
                 HDIFF completed...       0.5176 seconds
              DECOUPLE completed...       0.3412 seconds
                  PHOT completed...       1.0741 seconds
               CLDPROC completed...       1.5352 seconds
                  CHEM completed...      17.1527 seconds
                  AERO completed...      19.9745 seconds
            Master Time Step
            Processing completed...      64.6548 seconds
 
     Processing Day/Time [YYYYDDD:HHMMSS]: 2022183:101500
       Which is Equivalent to (UTC): 10:15:00 Saturday,  July 2, 2022
       Time-Step Length (HHMMSS): 000500
                 VDIFF completed...      16.8052 seconds
                COUPLE completed...       0.2674 seconds
                  HADV completed...       4.0884 seconds
                  ZADV completed...       2.0244 seconds
                 HDIFF completed...       0.5131 seconds
              DECOUPLE completed...       0.3426 seconds
                  PHOT completed...       1.3671 seconds
               CLDPROC completed...       1.5042 seconds
                  CHEM completed...      17.1788 seconds
                  AERO completed...      19.9725 seconds
            Master Time Step
            Processing completed...      64.0641 seconds
 
     Processing Day/Time [YYYYDDD:HHMMSS]: 2022183:102000
       Which is Equivalent to (UTC): 10:20:00 Saturday,  July 2, 2022
       Time-Step Length (HHMMSS): 000500
                 VDIFF completed...      17.1345 seconds
                COUPLE completed...       0.2756 seconds
                  HADV completed...       4.1115 seconds
                  ZADV completed...       2.0275 seconds
                 HDIFF completed...       0.5183 seconds
              DECOUPLE completed...       0.3407 seconds
                  PHOT completed...       1.7204 seconds
               CLDPROC completed...       1.5354 seconds
                  CHEM completed...      17.4767 seconds
                  AERO completed...      19.9840 seconds
            Master Time Step
            Processing completed...      65.1251 seconds
 
     Processing Day/Time [YYYYDDD:HHMMSS]: 2022183:102500
       Which is Equivalent to (UTC): 10:25:00 Saturday,  July 2, 2022
       Time-Step Length (HHMMSS): 000500
                 VDIFF completed...      17.5546 seconds
                COUPLE completed...       0.2680 seconds
                  HADV completed...       4.0849 seconds
                  ZADV completed...       2.0241 seconds
                 HDIFF completed...       0.5195 seconds
              DECOUPLE completed...       0.3448 seconds
                  PHOT completed...       2.1255 seconds
               CLDPROC completed...       1.5628 seconds
                  CHEM completed...      18.2058 seconds
                  AERO completed...      19.9883 seconds
            Master Time Step
            Processing completed...      66.6786 seconds
 
     Processing Day/Time [YYYYDDD:HHMMSS]: 2022183:103000
       Which is Equivalent to (UTC): 10:30:00 Saturday,  July 2, 2022
       Time-Step Length (HHMMSS): 000500
                 VDIFF completed...      16.6788 seconds
                COUPLE completed...       0.2654 seconds
                  HADV completed...       4.0947 seconds
                  ZADV completed...       2.0190 seconds
                 HDIFF completed...       0.5136 seconds
              DECOUPLE completed...       0.3378 seconds
                  PHOT completed...       2.5262 seconds
               CLDPROC completed...       1.5207 seconds
                  CHEM completed...      19.0516 seconds
                  AERO completed...      19.8931 seconds
            Master Time Step
            Processing completed...      66.9013 seconds
 
     Processing Day/Time [YYYYDDD:HHMMSS]: 2022183:103500
       Which is Equivalent to (UTC): 10:35:00 Saturday,  July 2, 2022
       Time-Step Length (HHMMSS): 000500
                 VDIFF completed...      17.0565 seconds
                COUPLE completed...       0.2753 seconds
                  HADV completed...       4.0995 seconds
                  ZADV completed...       2.0287 seconds
                 HDIFF completed...       0.5175 seconds
              DECOUPLE completed...       0.3425 seconds
                  PHOT completed...       2.9884 seconds
               CLDPROC completed...       1.5863 seconds
                  CHEM completed...      20.2274 seconds
                  AERO completed...      20.0914 seconds
            Master Time Step
            Processing completed...      69.2139 seconds
 
     Processing Day/Time [YYYYDDD:HHMMSS]: 2022183:104000
       Which is Equivalent to (UTC): 10:40:00 Saturday,  July 2, 2022
       Time-Step Length (HHMMSS): 000500
                 VDIFF completed...      17.9068 seconds
                COUPLE completed...       0.2790 seconds
                  HADV completed...       4.1407 seconds
                  ZADV completed...       2.0423 seconds
                 HDIFF completed...       0.5256 seconds
              DECOUPLE completed...       0.3483 seconds
                  PHOT completed...       3.4457 seconds
               CLDPROC completed...       1.5770 seconds
                  CHEM completed...      21.6079 seconds
                  AERO completed...      19.9162 seconds
            Master Time Step
            Processing completed...      71.7900 seconds
 
     Processing Day/Time [YYYYDDD:HHMMSS]: 2022183:104500
       Which is Equivalent to (UTC): 10:45:00 Saturday,  July 2, 2022
       Time-Step Length (HHMMSS): 000500
                 VDIFF completed...      16.8662 seconds
                COUPLE completed...       0.2791 seconds
                  HADV completed...       4.1171 seconds
                  ZADV completed...       2.0361 seconds
                 HDIFF completed...       0.5217 seconds
              DECOUPLE completed...       0.3457 seconds
                  PHOT completed...       3.8522 seconds
               CLDPROC completed...       1.5726 seconds
                  CHEM completed...      23.2481 seconds
                  AERO completed...      19.9963 seconds
            Master Time Step
            Processing completed...      72.8355 seconds
 
     Processing Day/Time [YYYYDDD:HHMMSS]: 2022183:105000
       Which is Equivalent to (UTC): 10:50:00 Saturday,  July 2, 2022
       Time-Step Length (HHMMSS): 000500
                 VDIFF completed...      17.1859 seconds
                COUPLE completed...       0.2688 seconds
                  HADV completed...       4.0790 seconds
                  ZADV completed...       2.0121 seconds
                 HDIFF completed...       0.5099 seconds
              DECOUPLE completed...       0.3338 seconds
                  PHOT completed...       4.1581 seconds
               CLDPROC completed...       1.5260 seconds
                  CHEM completed...      24.8953 seconds
                  AERO completed...      19.9216 seconds
            Master Time Step
            Processing completed...      74.8912 seconds
 
     Processing Day/Time [YYYYDDD:HHMMSS]: 2022183:105500
       Which is Equivalent to (UTC): 10:55:00 Saturday,  July 2, 2022
       Time-Step Length (HHMMSS): 000500
                 VDIFF completed...      16.6221 seconds
                COUPLE completed...       0.2724 seconds
                  HADV completed...       4.0823 seconds
                  ZADV completed...       2.0237 seconds
                 HDIFF completed...       0.5132 seconds
              DECOUPLE completed...       0.3360 seconds
                  PHOT completed...       4.4986 seconds
               CLDPROC completed...       1.5479 seconds
                  CHEM completed...      26.7417 seconds
                  AERO completed...      20.1338 seconds
            Master Time Step
            Processing completed...      76.7720 seconds
 
      =--> Data Output completed...       0.1059 seconds
 
     Processing Day/Time [YYYYDDD:HHMMSS]: 2022183:110000
       Which is Equivalent to (UTC): 11:00:00 Saturday,  July 2, 2022
       Time-Step Length (HHMMSS): 000500
                 VDIFF completed...      19.7146 seconds
                COUPLE completed...       0.2681 seconds
                  HADV completed...       4.1974 seconds
                  ZADV completed...       2.0235 seconds
                 HDIFF completed...       0.5153 seconds
              DECOUPLE completed...       0.3400 seconds
                  PHOT completed...       4.7098 seconds
               CLDPROC completed...       1.6072 seconds
                  CHEM completed...      28.4353 seconds
                  AERO completed...      19.9526 seconds
            Master Time Step
            Processing completed...      81.7644 seconds
 
     Processing Day/Time [YYYYDDD:HHMMSS]: 2022183:110500
       Which is Equivalent to (UTC): 11:05:00 Saturday,  July 2, 2022
       Time-Step Length (HHMMSS): 000500
                 VDIFF completed...      17.3859 seconds
                COUPLE completed...       0.2739 seconds
                  HADV completed...       4.1040 seconds
                  ZADV completed...       2.0234 seconds
                 HDIFF completed...       0.5171 seconds
              DECOUPLE completed...       0.3401 seconds
                  PHOT completed...       4.8607 seconds
               CLDPROC completed...       1.5936 seconds
                  CHEM completed...      30.0932 seconds
                  AERO completed...      19.9743 seconds
            Master Time Step
            Processing completed...      81.1665 seconds
 
     Processing Day/Time [YYYYDDD:HHMMSS]: 2022183:111000
       Which is Equivalent to (UTC): 11:10:00 Saturday,  July 2, 2022
       Time-Step Length (HHMMSS): 000500
                 VDIFF completed...      17.4573 seconds
                COUPLE completed...       0.2800 seconds
                  HADV completed...       4.1123 seconds
                  ZADV completed...       2.0291 seconds
                 HDIFF completed...       0.5188 seconds
              DECOUPLE completed...       0.3410 seconds
                  PHOT completed...       5.0033 seconds
               CLDPROC completed...       1.5958 seconds
                  CHEM completed...      31.2958 seconds
                  AERO completed...      19.9354 seconds
            Master Time Step
            Processing completed...      82.5692 seconds
 
     Processing Day/Time [YYYYDDD:HHMMSS]: 2022183:111500
       Which is Equivalent to (UTC): 11:15:00 Saturday,  July 2, 2022
       Time-Step Length (HHMMSS): 000500
                 VDIFF completed...      17.3869 seconds
                COUPLE completed...       0.2804 seconds
                  HADV completed...       4.1333 seconds
                  ZADV completed...       2.0358 seconds
                 HDIFF completed...       0.5231 seconds
              DECOUPLE completed...       0.3420 seconds
                  PHOT completed...       5.1197 seconds
               CLDPROC completed...       1.6090 seconds
                  CHEM completed...      32.0891 seconds
                  AERO completed...      19.9999 seconds
            Master Time Step
            Processing completed...      83.5197 seconds
 
     Processing Day/Time [YYYYDDD:HHMMSS]: 2022183:112000
       Which is Equivalent to (UTC): 11:20:00 Saturday,  July 2, 2022
       Time-Step Length (HHMMSS): 000500
                 VDIFF completed...      17.6362 seconds
                COUPLE completed...       0.2757 seconds
                  HADV completed...       4.1241 seconds
                  ZADV completed...       2.0231 seconds
                 HDIFF completed...       0.5291 seconds
              DECOUPLE completed...       0.3520 seconds
                  PHOT completed...       5.2144 seconds
               CLDPROC completed...       1.6577 seconds
                  CHEM completed...      32.6988 seconds
                  AERO completed...      20.1145 seconds
            Master Time Step
            Processing completed...      84.6259 seconds
 
     Processing Day/Time [YYYYDDD:HHMMSS]: 2022183:112500
       Which is Equivalent to (UTC): 11:25:00 Saturday,  July 2, 2022
       Time-Step Length (HHMMSS): 000500
                 VDIFF completed...      17.1451 seconds
                COUPLE completed...       0.2678 seconds
                  HADV completed...       4.0985 seconds
                  ZADV completed...       2.0217 seconds
                 HDIFF completed...       0.5164 seconds
              DECOUPLE completed...       0.3407 seconds
                  PHOT completed...       5.2225 seconds
               CLDPROC completed...       1.6499 seconds
                  CHEM completed...      32.6301 seconds
                  AERO completed...      19.9790 seconds
            Master Time Step
            Processing completed...      83.8721 seconds
 
     Processing Day/Time [YYYYDDD:HHMMSS]: 2022183:113000
       Which is Equivalent to (UTC): 11:30:00 Saturday,  July 2, 2022
       Time-Step Length (HHMMSS): 000500
                 VDIFF completed...      17.7420 seconds
                COUPLE completed...       0.2665 seconds
                  HADV completed...       4.0905 seconds
                  ZADV completed...       2.0100 seconds
                 HDIFF completed...       0.5159 seconds
              DECOUPLE completed...       0.3400 seconds
                  PHOT completed...       5.2130 seconds
               CLDPROC completed...       1.6676 seconds
                  CHEM completed...      32.4334 seconds
                  AERO completed...      19.9582 seconds
            Master Time Step
            Processing completed...      84.2375 seconds
 
     Processing Day/Time [YYYYDDD:HHMMSS]: 2022183:113500
       Which is Equivalent to (UTC): 11:35:00 Saturday,  July 2, 2022
       Time-Step Length (HHMMSS): 000500
                 VDIFF completed...      16.6216 seconds
                COUPLE completed...       0.2660 seconds
                  HADV completed...       4.0789 seconds
                  ZADV completed...       1.9967 seconds
                 HDIFF completed...       0.5072 seconds
              DECOUPLE completed...       0.3329 seconds
                  PHOT completed...       5.2025 seconds
               CLDPROC completed...       1.6973 seconds
                  CHEM completed...      32.3823 seconds
                  AERO completed...      19.9541 seconds
            Master Time Step
            Processing completed...      83.0399 seconds
 
     Processing Day/Time [YYYYDDD:HHMMSS]: 2022183:114000
       Which is Equivalent to (UTC): 11:40:00 Saturday,  July 2, 2022
       Time-Step Length (HHMMSS): 000500
                 VDIFF completed...      19.7987 seconds
                COUPLE completed...       0.2799 seconds
                  HADV completed...       4.1535 seconds
                  ZADV completed...       2.0290 seconds
                 HDIFF completed...       0.5239 seconds
              DECOUPLE completed...       0.3447 seconds
                  PHOT completed...       5.2416 seconds
               CLDPROC completed...       1.7343 seconds
                  CHEM completed...      32.3579 seconds
                  AERO completed...      20.0244 seconds
            Master Time Step
            Processing completed...      86.4882 seconds
 
     Processing Day/Time [YYYYDDD:HHMMSS]: 2022183:114500
       Which is Equivalent to (UTC): 11:45:00 Saturday,  July 2, 2022
       Time-Step Length (HHMMSS): 000500
                 VDIFF completed...      17.0311 seconds
                COUPLE completed...       0.2656 seconds
                  HADV completed...       4.0786 seconds
                  ZADV completed...       2.0066 seconds
                 HDIFF completed...       0.5180 seconds
              DECOUPLE completed...       0.3402 seconds
                  PHOT completed...       5.2115 seconds
               CLDPROC completed...       1.7252 seconds
                  CHEM completed...      32.4243 seconds
                  AERO completed...      20.0418 seconds
            Master Time Step
            Processing completed...      83.6433 seconds
 
     Processing Day/Time [YYYYDDD:HHMMSS]: 2022183:115000
       Which is Equivalent to (UTC): 11:50:00 Saturday,  July 2, 2022
       Time-Step Length (HHMMSS): 000500
                 VDIFF completed...      17.4782 seconds
                COUPLE completed...       0.2645 seconds
                  HADV completed...       4.0888 seconds
                  ZADV completed...       2.0014 seconds
                 HDIFF completed...       0.5092 seconds
              DECOUPLE completed...       0.3339 seconds
                  PHOT completed...       5.2112 seconds
               CLDPROC completed...       1.7333 seconds
                  CHEM completed...      32.5291 seconds
                  AERO completed...      19.9785 seconds
            Master Time Step
            Processing completed...      84.1285 seconds
 
     Processing Day/Time [YYYYDDD:HHMMSS]: 2022183:115500
       Which is Equivalent to (UTC): 11:55:00 Saturday,  July 2, 2022
       Time-Step Length (HHMMSS): 000500
                 VDIFF completed...      17.2482 seconds
                COUPLE completed...       0.2656 seconds
                  HADV completed...       4.0887 seconds
                  ZADV completed...       2.0206 seconds
                 HDIFF completed...       0.5139 seconds
              DECOUPLE completed...       0.3364 seconds
                  PHOT completed...       5.2348 seconds
               CLDPROC completed...       1.8438 seconds
                  CHEM completed...      32.8413 seconds
                  AERO completed...      20.0484 seconds
            Master Time Step
            Processing completed...      84.4420 seconds
 
      =--> Data Output completed...       0.1063 seconds
 
     Processing Day/Time [YYYYDDD:HHMMSS]: 2022183:120000
       Which is Equivalent to (UTC): 12:00:00 Saturday,  July 2, 2022
       Time-Step Length (HHMMSS): 000500
                 VDIFF completed...      21.2150 seconds
                COUPLE completed...       0.2852 seconds
                  HADV completed...       4.2623 seconds
                  ZADV completed...       2.0344 seconds
                 HDIFF completed...       0.5291 seconds
              DECOUPLE completed...       0.3574 seconds
                  PHOT completed...       5.3115 seconds
               CLDPROC completed...       1.8344 seconds
                  CHEM completed...      33.0980 seconds
                  AERO completed...      20.0465 seconds
            Master Time Step
            Processing completed...      88.9742 seconds
 
     Processing Day/Time [YYYYDDD:HHMMSS]: 2022183:120500
       Which is Equivalent to (UTC): 12:05:00 Saturday,  July 2, 2022
       Time-Step Length (HHMMSS): 000500
                 VDIFF completed...      18.3088 seconds
                COUPLE completed...       0.2755 seconds
                  HADV completed...       4.1041 seconds
                  ZADV completed...       2.0021 seconds
                 HDIFF completed...       0.5140 seconds
              DECOUPLE completed...       0.3384 seconds
                  PHOT completed...       5.2432 seconds
               CLDPROC completed...       1.8332 seconds
                  CHEM completed...      33.2810 seconds
                  AERO completed...      20.1006 seconds
            Master Time Step
            Processing completed...      86.0013 seconds
 
     Processing Day/Time [YYYYDDD:HHMMSS]: 2022183:121000
       Which is Equivalent to (UTC): 12:10:00 Saturday,  July 2, 2022
       Time-Step Length (HHMMSS): 000500
                 VDIFF completed...      18.5080 seconds
                COUPLE completed...       0.2702 seconds
                  HADV completed...       4.1071 seconds
                  ZADV completed...       2.0024 seconds
                 HDIFF completed...       0.5118 seconds
              DECOUPLE completed...       0.3385 seconds
                  PHOT completed...       5.2487 seconds
               CLDPROC completed...       1.8336 seconds
                  CHEM completed...      33.4693 seconds
                  AERO completed...      20.0759 seconds
            Master Time Step
            Processing completed...      86.3659 seconds
 
     Processing Day/Time [YYYYDDD:HHMMSS]: 2022183:121500
       Which is Equivalent to (UTC): 12:15:00 Saturday,  July 2, 2022
       Time-Step Length (HHMMSS): 000500
                 VDIFF completed...      19.0676 seconds
                COUPLE completed...       0.2671 seconds
                  HADV completed...       4.0953 seconds
                  ZADV completed...       2.0017 seconds
                 HDIFF completed...       0.5192 seconds
              DECOUPLE completed...       0.3411 seconds
                  PHOT completed...       5.2487 seconds
               CLDPROC completed...       1.8465 seconds
                  CHEM completed...      33.8514 seconds
                  AERO completed...      20.0076 seconds
            Master Time Step
            Processing completed...      87.2467 seconds
 
     Processing Day/Time [YYYYDDD:HHMMSS]: 2022183:122000
       Which is Equivalent to (UTC): 12:20:00 Saturday,  July 2, 2022
       Time-Step Length (HHMMSS): 000500
                 VDIFF completed...      18.5982 seconds
                COUPLE completed...       0.2741 seconds
                  HADV completed...       4.1122 seconds
                  ZADV completed...       2.0003 seconds
                 HDIFF completed...       0.5117 seconds
              DECOUPLE completed...       0.3360 seconds
                  PHOT completed...       5.2589 seconds
               CLDPROC completed...       1.8849 seconds
                  CHEM completed...      34.1208 seconds
                  AERO completed...      20.1478 seconds
            Master Time Step
            Processing completed...      87.2452 seconds
 
     Processing Day/Time [YYYYDDD:HHMMSS]: 2022183:122500
       Which is Equivalent to (UTC): 12:25:00 Saturday,  July 2, 2022
       Time-Step Length (HHMMSS): 000500
                 VDIFF completed...      18.4991 seconds
                COUPLE completed...       0.2654 seconds
                  HADV completed...       4.0902 seconds
                  ZADV completed...       1.9977 seconds
                 HDIFF completed...       0.5158 seconds
              DECOUPLE completed...       0.3391 seconds
                  PHOT completed...       5.2595 seconds
               CLDPROC completed...       1.8970 seconds
                  CHEM completed...      34.4002 seconds
                  AERO completed...      20.0572 seconds
            Master Time Step
            Processing completed...      87.3215 seconds
 
     Processing Day/Time [YYYYDDD:HHMMSS]: 2022183:123000
       Which is Equivalent to (UTC): 12:30:00 Saturday,  July 2, 2022
       Time-Step Length (HHMMSS): 000500
                 VDIFF completed...      19.8919 seconds
                COUPLE completed...       0.2826 seconds
                  HADV completed...       4.1423 seconds
                  ZADV completed...       2.0091 seconds
                 HDIFF completed...       0.5209 seconds
              DECOUPLE completed...       0.3425 seconds
                  PHOT completed...       5.2734 seconds
               CLDPROC completed...       1.9283 seconds
                  CHEM completed...      34.7751 seconds
                  AERO completed...      19.9999 seconds
            Master Time Step
            Processing completed...      89.1664 seconds
 
     Processing Day/Time [YYYYDDD:HHMMSS]: 2022183:123500
       Which is Equivalent to (UTC): 12:35:00 Saturday,  July 2, 2022
       Time-Step Length (HHMMSS): 000500
                 VDIFF completed...      18.4663 seconds
                COUPLE completed...       0.2823 seconds
                  HADV completed...       4.1152 seconds
                  ZADV completed...       1.9987 seconds
                 HDIFF completed...       0.5166 seconds
              DECOUPLE completed...       0.3406 seconds
                  PHOT completed...       5.2696 seconds
               CLDPROC completed...       1.9135 seconds
                  CHEM completed...      34.9909 seconds
                  AERO completed...      20.0807 seconds
            Master Time Step
            Processing completed...      87.9748 seconds
 
     Processing Day/Time [YYYYDDD:HHMMSS]: 2022183:124000
       Which is Equivalent to (UTC): 12:40:00 Saturday,  July 2, 2022
       Time-Step Length (HHMMSS): 000500
                 VDIFF completed...      19.0453 seconds
                COUPLE completed...       0.2720 seconds
                  HADV completed...       4.1069 seconds
                  ZADV completed...       1.9929 seconds
                 HDIFF completed...       0.5098 seconds
              DECOUPLE completed...       0.3368 seconds
                  PHOT completed...       5.2576 seconds
               CLDPROC completed...       1.8874 seconds
                  CHEM completed...      35.2270 seconds
                  AERO completed...      20.0569 seconds
            Master Time Step
            Processing completed...      88.6930 seconds
 
     Processing Day/Time [YYYYDDD:HHMMSS]: 2022183:124500
       Which is Equivalent to (UTC): 12:45:00 Saturday,  July 2, 2022
       Time-Step Length (HHMMSS): 000500
                 VDIFF completed...      19.6173 seconds
                COUPLE completed...       0.2718 seconds
                  HADV completed...       4.1226 seconds
                  ZADV completed...       2.0009 seconds
                 HDIFF completed...       0.5228 seconds
              DECOUPLE completed...       0.3457 seconds
                  PHOT completed...       5.2842 seconds
               CLDPROC completed...       1.8941 seconds
                  CHEM completed...      35.5732 seconds
                  AERO completed...      20.0925 seconds
            Master Time Step
            Processing completed...      89.7255 seconds
 
     Processing Day/Time [YYYYDDD:HHMMSS]: 2022183:125000
       Which is Equivalent to (UTC): 12:50:00 Saturday,  July 2, 2022
       Time-Step Length (HHMMSS): 000500
                 VDIFF completed...      18.2351 seconds
                COUPLE completed...       0.2538 seconds
                  HADV completed...       3.8051 seconds
                  ZADV completed...       1.8993 seconds
                 HDIFF completed...       0.4962 seconds
              DECOUPLE completed...       0.3318 seconds
                  PHOT completed...       5.1162 seconds
               CLDPROC completed...       1.8603 seconds
                  CHEM completed...      34.0776 seconds
                  AERO completed...      18.2010 seconds
            Master Time Step
            Processing completed...      84.2769 seconds
 
     Processing Day/Time [YYYYDDD:HHMMSS]: 2022183:125500
       Which is Equivalent to (UTC): 12:55:00 Saturday,  July 2, 2022
       Time-Step Length (HHMMSS): 000500
                 VDIFF completed...      16.9496 seconds
                COUPLE completed...       0.2522 seconds
                  HADV completed...       3.7230 seconds
                  ZADV completed...       1.8299 seconds
                 HDIFF completed...       0.4740 seconds
              DECOUPLE completed...       0.3128 seconds
                  PHOT completed...       4.7660 seconds
               CLDPROC completed...       1.7608 seconds
                  CHEM completed...      32.6022 seconds
                  AERO completed...      18.2278 seconds
            Master Time Step
            Processing completed...      80.8989 seconds
 
      =--> Data Output completed...       0.0965 seconds
 
     Processing Day/Time [YYYYDDD:HHMMSS]: 2022183:130000
       Which is Equivalent to (UTC): 13:00:00 Saturday,  July 2, 2022
       Time-Step Length (HHMMSS): 000500
                 VDIFF completed...      18.9118 seconds
                COUPLE completed...       0.2524 seconds
                  HADV completed...       3.7267 seconds
                  ZADV completed...       1.8212 seconds
                 HDIFF completed...       0.4732 seconds
              DECOUPLE completed...       0.3122 seconds
                  PHOT completed...       4.7781 seconds
               CLDPROC completed...       1.6894 seconds
                  CHEM completed...      32.9693 seconds
                  AERO completed...      18.2496 seconds
            Master Time Step
            Processing completed...      83.1843 seconds
 
     Processing Day/Time [YYYYDDD:HHMMSS]: 2022183:130500
       Which is Equivalent to (UTC): 13:05:00 Saturday,  July 2, 2022
       Time-Step Length (HHMMSS): 000500
                 VDIFF completed...      16.8561 seconds
                COUPLE completed...       0.2553 seconds
                  HADV completed...       3.6349 seconds
                  ZADV completed...       1.8177 seconds
                 HDIFF completed...       0.4734 seconds
              DECOUPLE completed...       0.3150 seconds
                  PHOT completed...       4.7543 seconds
               CLDPROC completed...       1.6832 seconds
                  CHEM completed...      33.0627 seconds
                  AERO completed...      18.2454 seconds
            Master Time Step
            Processing completed...      81.0984 seconds
 
     Processing Day/Time [YYYYDDD:HHMMSS]: 2022183:131000
       Which is Equivalent to (UTC): 13:10:00 Saturday,  July 2, 2022
       Time-Step Length (HHMMSS): 000500
                 VDIFF completed...      17.3050 seconds
                COUPLE completed...       0.2521 seconds
                  HADV completed...       3.6336 seconds
                  ZADV completed...       1.8228 seconds
                 HDIFF completed...       0.4733 seconds
              DECOUPLE completed...       0.3123 seconds
                  PHOT completed...       4.7522 seconds
               CLDPROC completed...       1.6705 seconds
                  CHEM completed...      33.1683 seconds
                  AERO completed...      18.2531 seconds
            Master Time Step
            Processing completed...      81.6437 seconds
 
     Processing Day/Time [YYYYDDD:HHMMSS]: 2022183:131500
       Which is Equivalent to (UTC): 13:15:00 Saturday,  July 2, 2022
       Time-Step Length (HHMMSS): 000500
                 VDIFF completed...      17.8047 seconds
                COUPLE completed...       0.2508 seconds
                  HADV completed...       3.6293 seconds
                  ZADV completed...       1.8139 seconds
                 HDIFF completed...       0.4777 seconds
              DECOUPLE completed...       0.3131 seconds
                  PHOT completed...       4.7525 seconds
               CLDPROC completed...       1.6789 seconds
                  CHEM completed...      33.2928 seconds
                  AERO completed...      18.2745 seconds
            Master Time Step
            Processing completed...      82.2885 seconds
 
     Processing Day/Time [YYYYDDD:HHMMSS]: 2022183:132000
       Which is Equivalent to (UTC): 13:20:00 Saturday,  July 2, 2022
       Time-Step Length (HHMMSS): 000500
                 VDIFF completed...      17.6836 seconds
                COUPLE completed...       0.2518 seconds
                  HADV completed...       3.6359 seconds
                  ZADV completed...       1.8125 seconds
                 HDIFF completed...       0.4741 seconds
              DECOUPLE completed...       0.3127 seconds
                  PHOT completed...       4.7448 seconds
               CLDPROC completed...       1.6505 seconds
                  CHEM completed...      33.3764 seconds
                  AERO completed...      18.2875 seconds
            Master Time Step
            Processing completed...      82.2302 seconds
 
     Processing Day/Time [YYYYDDD:HHMMSS]: 2022183:132500
       Which is Equivalent to (UTC): 13:25:00 Saturday,  July 2, 2022
       Time-Step Length (HHMMSS): 000500
                 VDIFF completed...      17.5215 seconds
                COUPLE completed...       0.2609 seconds
                  HADV completed...       3.6294 seconds
                  ZADV completed...       1.8120 seconds
                 HDIFF completed...       0.4738 seconds
              DECOUPLE completed...       0.3129 seconds
                  PHOT completed...       4.7435 seconds
               CLDPROC completed...       1.6427 seconds
                  CHEM completed...      33.4553 seconds
                  AERO completed...      18.2933 seconds
            Master Time Step
            Processing completed...      82.1456 seconds
 
     Processing Day/Time [YYYYDDD:HHMMSS]: 2022183:133000
       Which is Equivalent to (UTC): 13:30:00 Saturday,  July 2, 2022
       Time-Step Length (HHMMSS): 000500
                 VDIFF completed...      17.4085 seconds
                COUPLE completed...       0.2556 seconds
                  HADV completed...       3.6277 seconds
                  ZADV completed...       1.8070 seconds
                 HDIFF completed...       0.4722 seconds
              DECOUPLE completed...       0.3116 seconds
                  PHOT completed...       4.7414 seconds
               CLDPROC completed...       1.6262 seconds
                  CHEM completed...      33.4732 seconds
                  AERO completed...      18.3125 seconds
            Master Time Step
            Processing completed...      82.0364 seconds
 
     Processing Day/Time [YYYYDDD:HHMMSS]: 2022183:133500
       Which is Equivalent to (UTC): 13:35:00 Saturday,  July 2, 2022
       Time-Step Length (HHMMSS): 000500
                 VDIFF completed...      18.0850 seconds
                COUPLE completed...       0.2508 seconds
                  HADV completed...       3.6336 seconds
                  ZADV completed...       1.8084 seconds
                 HDIFF completed...       0.4742 seconds
              DECOUPLE completed...       0.3160 seconds
                  PHOT completed...       4.7331 seconds
               CLDPROC completed...       1.6094 seconds
                  CHEM completed...      33.5831 seconds
                  AERO completed...      18.3011 seconds
            Master Time Step
            Processing completed...      82.7950 seconds
 
     Processing Day/Time [YYYYDDD:HHMMSS]: 2022183:134000
       Which is Equivalent to (UTC): 13:40:00 Saturday,  July 2, 2022
       Time-Step Length (HHMMSS): 000500
                 VDIFF completed...      17.4025 seconds
                COUPLE completed...       0.2520 seconds
                  HADV completed...       3.6374 seconds
                  ZADV completed...       1.8125 seconds
                 HDIFF completed...       0.4745 seconds
              DECOUPLE completed...       0.3116 seconds
                  PHOT completed...       4.7256 seconds
               CLDPROC completed...       1.5776 seconds
                  CHEM completed...      33.5139 seconds
                  AERO completed...      18.3156 seconds
            Master Time Step
            Processing completed...      82.0236 seconds
 
     Processing Day/Time [YYYYDDD:HHMMSS]: 2022183:134500
       Which is Equivalent to (UTC): 13:45:00 Saturday,  July 2, 2022
       Time-Step Length (HHMMSS): 000500
                 VDIFF completed...      17.7530 seconds
                COUPLE completed...       0.2606 seconds
                  HADV completed...       3.6304 seconds
                  ZADV completed...       1.8114 seconds
                 HDIFF completed...       0.4739 seconds
              DECOUPLE completed...       0.3122 seconds
                  PHOT completed...       4.7225 seconds
               CLDPROC completed...       1.5516 seconds
                  CHEM completed...      33.6720 seconds
                  AERO completed...      18.3488 seconds
            Master Time Step
            Processing completed...      82.5369 seconds
 
     Processing Day/Time [YYYYDDD:HHMMSS]: 2022183:135000
       Which is Equivalent to (UTC): 13:50:00 Saturday,  July 2, 2022
       Time-Step Length (HHMMSS): 000500
                 VDIFF completed...      18.2574 seconds
                COUPLE completed...       0.2506 seconds
                  HADV completed...       3.6323 seconds
                  ZADV completed...       1.8054 seconds
                 HDIFF completed...       0.4724 seconds
              DECOUPLE completed...       0.3117 seconds
                  PHOT completed...       4.7151 seconds
               CLDPROC completed...       1.5174 seconds
                  CHEM completed...      33.5777 seconds
                  AERO completed...      18.3545 seconds
            Master Time Step
            Processing completed...      82.8949 seconds
 
     Processing Day/Time [YYYYDDD:HHMMSS]: 2022183:135500
       Which is Equivalent to (UTC): 13:55:00 Saturday,  July 2, 2022
       Time-Step Length (HHMMSS): 000500
                 VDIFF completed...      18.5954 seconds
                COUPLE completed...       0.2516 seconds
                  HADV completed...       3.6294 seconds
                  ZADV completed...       1.8119 seconds
                 HDIFF completed...       0.4744 seconds
              DECOUPLE completed...       0.3138 seconds
                  PHOT completed...       4.7138 seconds
               CLDPROC completed...       1.5500 seconds
                  CHEM completed...      33.7176 seconds
                  AERO completed...      18.3560 seconds
            Master Time Step
            Processing completed...      83.4145 seconds
 
      =--> Data Output completed...       0.0982 seconds
 
     Processing Day/Time [YYYYDDD:HHMMSS]: 2022183:140000
       Which is Equivalent to (UTC): 14:00:00 Saturday,  July 2, 2022
       Time-Step Length (HHMMSS): 000500
                 VDIFF completed...      19.2098 seconds
                COUPLE completed...       0.2508 seconds
                  HADV completed...       3.7099 seconds
                  ZADV completed...       1.8024 seconds
                 HDIFF completed...       0.4726 seconds
              DECOUPLE completed...       0.3136 seconds
                  PHOT completed...       4.7501 seconds
               CLDPROC completed...       1.4617 seconds
                  CHEM completed...      33.8388 seconds
                  AERO completed...      18.3877 seconds
            Master Time Step
            Processing completed...      84.1980 seconds
 
     Processing Day/Time [YYYYDDD:HHMMSS]: 2022183:140500
       Which is Equivalent to (UTC): 14:05:00 Saturday,  July 2, 2022
       Time-Step Length (HHMMSS): 000500
                 VDIFF completed...      17.9212 seconds
                COUPLE completed...       0.2508 seconds
                  HADV completed...       3.6347 seconds
                  ZADV completed...       1.8065 seconds
                 HDIFF completed...       0.4730 seconds
              DECOUPLE completed...       0.3156 seconds
                  PHOT completed...       4.7120 seconds
               CLDPROC completed...       1.4928 seconds
                  CHEM completed...      33.6290 seconds
                  AERO completed...      18.3742 seconds
            Master Time Step
            Processing completed...      82.6101 seconds
 
     Processing Day/Time [YYYYDDD:HHMMSS]: 2022183:141000
       Which is Equivalent to (UTC): 14:10:00 Saturday,  July 2, 2022
       Time-Step Length (HHMMSS): 000500
                 VDIFF completed...      17.9894 seconds
                COUPLE completed...       0.2525 seconds
                  HADV completed...       3.5531 seconds
                  ZADV completed...       1.7832 seconds
                 HDIFF completed...       0.4726 seconds
              DECOUPLE completed...       0.3117 seconds
                  PHOT completed...       4.7006 seconds
               CLDPROC completed...       1.4811 seconds
                  CHEM completed...      33.6085 seconds
                  AERO completed...      18.3963 seconds
            Master Time Step
            Processing completed...      82.5493 seconds
 
     Processing Day/Time [YYYYDDD:HHMMSS]: 2022183:141500
       Which is Equivalent to (UTC): 14:15:00 Saturday,  July 2, 2022
       Time-Step Length (HHMMSS): 000500
                 VDIFF completed...      18.0048 seconds
                COUPLE completed...       0.2518 seconds
                  HADV completed...       3.6339 seconds
                  ZADV completed...       1.8000 seconds
                 HDIFF completed...       0.4725 seconds
              DECOUPLE completed...       0.3123 seconds
                  PHOT completed...       4.6970 seconds
               CLDPROC completed...       1.4784 seconds
                  CHEM completed...      33.4842 seconds
                  AERO completed...      18.3678 seconds
            Master Time Step
            Processing completed...      82.5032 seconds
 
     Processing Day/Time [YYYYDDD:HHMMSS]: 2022183:142000
       Which is Equivalent to (UTC): 14:20:00 Saturday,  July 2, 2022
       Time-Step Length (HHMMSS): 000500
                 VDIFF completed...      18.5578 seconds
                COUPLE completed...       0.2525 seconds
                  HADV completed...       3.6443 seconds
                  ZADV completed...       1.8016 seconds
                 HDIFF completed...       0.4743 seconds
              DECOUPLE completed...       0.3126 seconds
                  PHOT completed...       4.6946 seconds
               CLDPROC completed...       1.4642 seconds
                  CHEM completed...      33.4180 seconds
                  AERO completed...      18.3885 seconds
            Master Time Step
            Processing completed...      83.0086 seconds
 
     Processing Day/Time [YYYYDDD:HHMMSS]: 2022183:142500
       Which is Equivalent to (UTC): 14:25:00 Saturday,  July 2, 2022
       Time-Step Length (HHMMSS): 000500
                 VDIFF completed...      18.5219 seconds
                COUPLE completed...       0.2504 seconds
                  HADV completed...       3.6203 seconds
                  ZADV completed...       1.7947 seconds
                 HDIFF completed...       0.4728 seconds
              DECOUPLE completed...       0.3121 seconds
                  PHOT completed...       4.6872 seconds
               CLDPROC completed...       1.4611 seconds
                  CHEM completed...      33.2960 seconds
                  AERO completed...      18.3964 seconds
            Master Time Step
            Processing completed...      82.8133 seconds
 
     Processing Day/Time [YYYYDDD:HHMMSS]: 2022183:143000
       Which is Equivalent to (UTC): 14:30:00 Saturday,  July 2, 2022
       Time-Step Length (HHMMSS): 000500
                 VDIFF completed...      18.2864 seconds
                COUPLE completed...       0.2529 seconds
                  HADV completed...       3.6429 seconds
                  ZADV completed...       1.7940 seconds
                 HDIFF completed...       0.4784 seconds
              DECOUPLE completed...       0.3139 seconds
                  PHOT completed...       4.6883 seconds
               CLDPROC completed...       1.4610 seconds
                  CHEM completed...      33.2102 seconds
                  AERO completed...      18.3914 seconds
            Master Time Step
            Processing completed...      82.5197 seconds
 
     Processing Day/Time [YYYYDDD:HHMMSS]: 2022183:143500
       Which is Equivalent to (UTC): 14:35:00 Saturday,  July 2, 2022
       Time-Step Length (HHMMSS): 000500
                 VDIFF completed...      18.8409 seconds
                COUPLE completed...       0.2518 seconds
                  HADV completed...       3.6342 seconds
                  ZADV completed...       1.7915 seconds
                 HDIFF completed...       0.4728 seconds
              DECOUPLE completed...       0.3127 seconds
                  PHOT completed...       4.6844 seconds
               CLDPROC completed...       1.4304 seconds
                  CHEM completed...      33.0660 seconds
                  AERO completed...      18.3949 seconds
            Master Time Step
            Processing completed...      82.8800 seconds
 
     Processing Day/Time [YYYYDDD:HHMMSS]: 2022183:144000
       Which is Equivalent to (UTC): 14:40:00 Saturday,  July 2, 2022
       Time-Step Length (HHMMSS): 000500
                 VDIFF completed...      18.8688 seconds
                COUPLE completed...       0.2514 seconds
                  HADV completed...       3.6441 seconds
                  ZADV completed...       1.7926 seconds
                 HDIFF completed...       0.4726 seconds
              DECOUPLE completed...       0.3117 seconds
                  PHOT completed...       4.6799 seconds
               CLDPROC completed...       1.4128 seconds
                  CHEM completed...      32.9721 seconds
                  AERO completed...      18.4023 seconds
            Master Time Step
            Processing completed...      82.8086 seconds
 
     Processing Day/Time [YYYYDDD:HHMMSS]: 2022183:144500
       Which is Equivalent to (UTC): 14:45:00 Saturday,  July 2, 2022
       Time-Step Length (HHMMSS): 000500
                 VDIFF completed...      18.9356 seconds
                COUPLE completed...       0.2523 seconds
                  HADV completed...       3.6233 seconds
                  ZADV completed...       1.7897 seconds
                 HDIFF completed...       0.4728 seconds
              DECOUPLE completed...       0.3117 seconds
                  PHOT completed...       4.6757 seconds
               CLDPROC completed...       1.4073 seconds
                  CHEM completed...      32.8405 seconds
                  AERO completed...      18.4200 seconds
            Master Time Step
            Processing completed...      82.7294 seconds
 
     Processing Day/Time [YYYYDDD:HHMMSS]: 2022183:145000
       Which is Equivalent to (UTC): 14:50:00 Saturday,  July 2, 2022
       Time-Step Length (HHMMSS): 000500
                 VDIFF completed...      19.1115 seconds
                COUPLE completed...       0.2507 seconds
                  HADV completed...       3.6484 seconds
                  ZADV completed...       1.7895 seconds
                 HDIFF completed...       0.4759 seconds
              DECOUPLE completed...       0.3124 seconds
                  PHOT completed...       4.6783 seconds
               CLDPROC completed...       1.3931 seconds
                  CHEM completed...      32.7444 seconds
                  AERO completed...      18.4318 seconds
            Master Time Step
            Processing completed...      82.8364 seconds
 
     Processing Day/Time [YYYYDDD:HHMMSS]: 2022183:145500
       Which is Equivalent to (UTC): 14:55:00 Saturday,  July 2, 2022
       Time-Step Length (HHMMSS): 000500
                 VDIFF completed...      19.0897 seconds
                COUPLE completed...       0.2515 seconds
                  HADV completed...       3.6307 seconds
                  ZADV completed...       1.7891 seconds
                 HDIFF completed...       0.4738 seconds
              DECOUPLE completed...       0.3154 seconds
                  PHOT completed...       4.6740 seconds
               CLDPROC completed...       1.4118 seconds
                  CHEM completed...      32.5789 seconds
                  AERO completed...      18.4744 seconds
            Master Time Step
            Processing completed...      82.6897 seconds
 
      =--> Data Output completed...       0.0970 seconds
 
     Processing Day/Time [YYYYDDD:HHMMSS]: 2022183:150000
       Which is Equivalent to (UTC): 15:00:00 Saturday,  July 2, 2022
       Time-Step Length (HHMMSS): 000500
                 VDIFF completed...      21.3983 seconds
                COUPLE completed...       0.2509 seconds
                  HADV completed...       4.0387 seconds
                  ZADV completed...       1.7914 seconds
                 HDIFF completed...       0.4742 seconds
              DECOUPLE completed...       0.3126 seconds
                  PHOT completed...       4.6968 seconds
               CLDPROC completed...       1.3777 seconds
                  CHEM completed...      32.8084 seconds
                  AERO completed...      18.4495 seconds
            Master Time Step
            Processing completed...      85.5988 seconds
 
     Processing Day/Time [YYYYDDD:HHMMSS]: 2022183:150500
       Which is Equivalent to (UTC): 15:05:00 Saturday,  July 2, 2022
       Time-Step Length (HHMMSS): 000500
                 VDIFF completed...      19.6193 seconds
                COUPLE completed...       0.2517 seconds
                  HADV completed...       3.9430 seconds
                  ZADV completed...       1.7965 seconds
                 HDIFF completed...       0.4648 seconds
              DECOUPLE completed...       0.3060 seconds
                  PHOT completed...       4.6747 seconds
               CLDPROC completed...       1.4000 seconds
                  CHEM completed...      32.3711 seconds
                  AERO completed...      18.4776 seconds
            Master Time Step
            Processing completed...      83.3051 seconds
 
     Processing Day/Time [YYYYDDD:HHMMSS]: 2022183:151000
       Which is Equivalent to (UTC): 15:10:00 Saturday,  July 2, 2022
       Time-Step Length (HHMMSS): 000500
                 VDIFF completed...      19.6579 seconds
                COUPLE completed...       0.2524 seconds
                  HADV completed...       3.9437 seconds
                  ZADV completed...       1.7878 seconds
                 HDIFF completed...       0.4744 seconds
              DECOUPLE completed...       0.3124 seconds
                  PHOT completed...       4.6738 seconds
               CLDPROC completed...       1.3753 seconds
                  CHEM completed...      32.2252 seconds
                  AERO completed...      18.4661 seconds
            Master Time Step
            Processing completed...      83.1693 seconds
 
     Processing Day/Time [YYYYDDD:HHMMSS]: 2022183:151500
       Which is Equivalent to (UTC): 15:15:00 Saturday,  July 2, 2022
       Time-Step Length (HHMMSS): 000500
                 VDIFF completed...      19.6005 seconds
                COUPLE completed...       0.2597 seconds
                  HADV completed...       3.9641 seconds
                  ZADV completed...       1.7900 seconds
                 HDIFF completed...       0.4743 seconds
              DECOUPLE completed...       0.3133 seconds
                  PHOT completed...       4.6729 seconds
               CLDPROC completed...       1.3847 seconds
                  CHEM completed...      32.0808 seconds
                  AERO completed...      18.4756 seconds
            Master Time Step
            Processing completed...      83.0164 seconds
 
     Processing Day/Time [YYYYDDD:HHMMSS]: 2022183:152000
       Which is Equivalent to (UTC): 15:20:00 Saturday,  July 2, 2022
       Time-Step Length (HHMMSS): 000500
                 VDIFF completed...      19.7494 seconds
                COUPLE completed...       0.2514 seconds
                  HADV completed...       3.9585 seconds
                  ZADV completed...       1.7843 seconds
                 HDIFF completed...       0.4729 seconds
              DECOUPLE completed...       0.3119 seconds
                  PHOT completed...       4.6707 seconds
               CLDPROC completed...       1.3922 seconds
                  CHEM completed...      31.9415 seconds
                  AERO completed...      18.4765 seconds
            Master Time Step
            Processing completed...      83.0098 seconds
 
     Processing Day/Time [YYYYDDD:HHMMSS]: 2022183:152500
       Which is Equivalent to (UTC): 15:25:00 Saturday,  July 2, 2022
       Time-Step Length (HHMMSS): 000500
                 VDIFF completed...      20.0636 seconds
                COUPLE completed...       0.2503 seconds
                  HADV completed...       3.9359 seconds
                  ZADV completed...       1.7810 seconds
                 HDIFF completed...       0.4728 seconds
              DECOUPLE completed...       0.3118 seconds
                  PHOT completed...       4.6699 seconds
               CLDPROC completed...       1.3915 seconds
                  CHEM completed...      31.8173 seconds
                  AERO completed...      18.5089 seconds
            Master Time Step
            Processing completed...      83.2036 seconds
 
     Processing Day/Time [YYYYDDD:HHMMSS]: 2022183:153000
       Which is Equivalent to (UTC): 15:30:00 Saturday,  July 2, 2022
       Time-Step Length (HHMMSS): 000500
                 VDIFF completed...      19.7225 seconds
                COUPLE completed...       0.2513 seconds
                  HADV completed...       3.9409 seconds
                  ZADV completed...       1.7810 seconds
                 HDIFF completed...       0.4755 seconds
              DECOUPLE completed...       0.3131 seconds
                  PHOT completed...       4.6812 seconds
               CLDPROC completed...       1.3860 seconds
                  CHEM completed...      31.7433 seconds
                  AERO completed...      18.5327 seconds
            Master Time Step
            Processing completed...      82.8280 seconds
 
     Processing Day/Time [YYYYDDD:HHMMSS]: 2022183:153500
       Which is Equivalent to (UTC): 15:35:00 Saturday,  July 2, 2022
       Time-Step Length (HHMMSS): 000500
                 VDIFF completed...      20.1584 seconds
                COUPLE completed...       0.2535 seconds
                  HADV completed...       3.9633 seconds
                  ZADV completed...       1.7906 seconds
                 HDIFF completed...       0.4756 seconds
              DECOUPLE completed...       0.3140 seconds
                  PHOT completed...       4.6776 seconds
               CLDPROC completed...       1.3869 seconds
                  CHEM completed...      31.6166 seconds
                  AERO completed...      18.6047 seconds
            Master Time Step
            Processing completed...      83.2416 seconds
 
     Processing Day/Time [YYYYDDD:HHMMSS]: 2022183:154000
       Which is Equivalent to (UTC): 15:40:00 Saturday,  July 2, 2022
       Time-Step Length (HHMMSS): 000500
                 VDIFF completed...      19.9980 seconds
                COUPLE completed...       0.2537 seconds
                  HADV completed...       3.9617 seconds
                  ZADV completed...       1.7956 seconds
                 HDIFF completed...       0.4793 seconds
              DECOUPLE completed...       0.3157 seconds
                  PHOT completed...       4.7280 seconds
               CLDPROC completed...       1.3901 seconds
                  CHEM completed...      31.5923 seconds
                  AERO completed...      18.5659 seconds
            Master Time Step
            Processing completed...      83.0808 seconds
 
     Processing Day/Time [YYYYDDD:HHMMSS]: 2022183:154500
       Which is Equivalent to (UTC): 15:45:00 Saturday,  July 2, 2022
       Time-Step Length (HHMMSS): 000500
                 VDIFF completed...      20.3012 seconds
                COUPLE completed...       0.2533 seconds
                  HADV completed...       3.9775 seconds
                  ZADV completed...       1.7842 seconds
                 HDIFF completed...       0.4750 seconds
              DECOUPLE completed...       0.3135 seconds
                  PHOT completed...       4.6779 seconds
               CLDPROC completed...       1.3867 seconds
                  CHEM completed...      31.4906 seconds
                  AERO completed...      18.5617 seconds
            Master Time Step
            Processing completed...      83.2220 seconds
 
     Processing Day/Time [YYYYDDD:HHMMSS]: 2022183:155000
       Which is Equivalent to (UTC): 15:50:00 Saturday,  July 2, 2022
       Time-Step Length (HHMMSS): 000500
                 VDIFF completed...      20.5031 seconds
                COUPLE completed...       0.2524 seconds
                  HADV completed...       3.9842 seconds
                  ZADV completed...       1.7901 seconds
                 HDIFF completed...       0.4729 seconds
              DECOUPLE completed...       0.3136 seconds
                  PHOT completed...       4.6793 seconds
               CLDPROC completed...       1.3837 seconds
                  CHEM completed...      31.3566 seconds
                  AERO completed...      18.6645 seconds
            Master Time Step
            Processing completed...      83.4008 seconds
 
     Processing Day/Time [YYYYDDD:HHMMSS]: 2022183:155500
       Which is Equivalent to (UTC): 15:55:00 Saturday,  July 2, 2022
       Time-Step Length (HHMMSS): 000500
                 VDIFF completed...      20.8264 seconds
                COUPLE completed...       0.2509 seconds
                  HADV completed...       3.9636 seconds
                  ZADV completed...       1.7871 seconds
                 HDIFF completed...       0.4739 seconds
              DECOUPLE completed...       0.3170 seconds
                  PHOT completed...       4.6781 seconds
               CLDPROC completed...       1.4077 seconds
                  CHEM completed...      31.3597 seconds
                  AERO completed...      18.5846 seconds
            Master Time Step
            Processing completed...      83.6494 seconds
 
      =--> Data Output completed...       0.0972 seconds
 
     Processing Day/Time [YYYYDDD:HHMMSS]: 2022183:160000
       Which is Equivalent to (UTC): 16:00:00 Saturday,  July 2, 2022
       Time-Step Length (HHMMSS): 000500
                 VDIFF completed...      22.5717 seconds
                COUPLE completed...       0.2513 seconds
                  HADV completed...       4.1739 seconds
                  ZADV completed...       1.7866 seconds
                 HDIFF completed...       0.4759 seconds
              DECOUPLE completed...       0.3133 seconds
                  PHOT completed...       4.7325 seconds
               CLDPROC completed...       1.3921 seconds
                  CHEM completed...      31.6216 seconds
                  AERO completed...      18.6544 seconds
            Master Time Step
            Processing completed...      85.9737 seconds
 
     Processing Day/Time [YYYYDDD:HHMMSS]: 2022183:160500
       Which is Equivalent to (UTC): 16:05:00 Saturday,  July 2, 2022
       Time-Step Length (HHMMSS): 000500
                 VDIFF completed...      20.5907 seconds
                COUPLE completed...       0.2548 seconds
                  HADV completed...       4.0853 seconds
                  ZADV completed...       1.7830 seconds
                 HDIFF completed...       0.4748 seconds
              DECOUPLE completed...       0.3123 seconds
                  PHOT completed...       4.6820 seconds
               CLDPROC completed...       1.3974 seconds
                  CHEM completed...      31.3850 seconds
                  AERO completed...      18.6199 seconds
            Master Time Step
            Processing completed...      83.5857 seconds
 
     Processing Day/Time [YYYYDDD:HHMMSS]: 2022183:161000
       Which is Equivalent to (UTC): 16:10:00 Saturday,  July 2, 2022
       Time-Step Length (HHMMSS): 000500
                 VDIFF completed...      20.5545 seconds
                COUPLE completed...       0.2522 seconds
                  HADV completed...       4.0713 seconds
                  ZADV completed...       1.7761 seconds
                 HDIFF completed...       0.4714 seconds
              DECOUPLE completed...       0.3070 seconds
                  PHOT completed...       4.6846 seconds
               CLDPROC completed...       1.4258 seconds
                  CHEM completed...      31.3823 seconds
                  AERO completed...      18.5949 seconds
            Master Time Step
            Processing completed...      83.5206 seconds
 
     Processing Day/Time [YYYYDDD:HHMMSS]: 2022183:161500
       Which is Equivalent to (UTC): 16:15:00 Saturday,  July 2, 2022
       Time-Step Length (HHMMSS): 000500
                 VDIFF completed...      20.4898 seconds
                COUPLE completed...       0.2528 seconds
                  HADV completed...       4.0734 seconds
                  ZADV completed...       1.7976 seconds
                 HDIFF completed...       0.4776 seconds
              DECOUPLE completed...       0.3155 seconds
                  PHOT completed...       4.6893 seconds
               CLDPROC completed...       1.4436 seconds
                  CHEM completed...      31.3219 seconds
                  AERO completed...      18.6601 seconds
            Master Time Step
            Processing completed...      83.5220 seconds
 
     Processing Day/Time [YYYYDDD:HHMMSS]: 2022183:162000
       Which is Equivalent to (UTC): 16:20:00 Saturday,  July 2, 2022
       Time-Step Length (HHMMSS): 000500
                 VDIFF completed...      20.3623 seconds
                COUPLE completed...       0.2510 seconds
                  HADV completed...       4.0708 seconds
                  ZADV completed...       1.7801 seconds
                 HDIFF completed...       0.4780 seconds
              DECOUPLE completed...       0.3125 seconds
                  PHOT completed...       4.6974 seconds
               CLDPROC completed...       1.4427 seconds
                  CHEM completed...      31.3106 seconds
                  AERO completed...      18.6393 seconds
            Master Time Step
            Processing completed...      83.3451 seconds
 
     Processing Day/Time [YYYYDDD:HHMMSS]: 2022183:162500
       Which is Equivalent to (UTC): 16:25:00 Saturday,  July 2, 2022
       Time-Step Length (HHMMSS): 000500
                 VDIFF completed...      21.2650 seconds
                COUPLE completed...       0.2507 seconds
                  HADV completed...       4.0619 seconds
                  ZADV completed...       1.7855 seconds
                 HDIFF completed...       0.4778 seconds
              DECOUPLE completed...       0.3151 seconds
                  PHOT completed...       4.7313 seconds
               CLDPROC completed...       1.4424 seconds
                  CHEM completed...      31.1849 seconds
                  AERO completed...      18.6179 seconds
            Master Time Step
            Processing completed...      84.1330 seconds
 
     Processing Day/Time [YYYYDDD:HHMMSS]: 2022183:163000
       Which is Equivalent to (UTC): 16:30:00 Saturday,  July 2, 2022
       Time-Step Length (HHMMSS): 000500
                 VDIFF completed...      20.5149 seconds
                COUPLE completed...       0.2529 seconds
                  HADV completed...       4.0816 seconds
                  ZADV completed...       1.7984 seconds
                 HDIFF completed...       0.4783 seconds
              DECOUPLE completed...       0.3166 seconds
                  PHOT completed...       4.8073 seconds
               CLDPROC completed...       1.4825 seconds
                  CHEM completed...      31.3209 seconds
                  AERO completed...      18.6314 seconds
            Master Time Step
            Processing completed...      83.6853 seconds
 
     Processing Day/Time [YYYYDDD:HHMMSS]: 2022183:163500
       Which is Equivalent to (UTC): 16:35:00 Saturday,  July 2, 2022
       Time-Step Length (HHMMSS): 000500
                 VDIFF completed...      20.6732 seconds
                COUPLE completed...       0.2520 seconds
                  HADV completed...       4.0826 seconds
                  ZADV completed...       1.7766 seconds
                 HDIFF completed...       0.4770 seconds
              DECOUPLE completed...       0.3126 seconds
                  PHOT completed...       4.6862 seconds
               CLDPROC completed...       1.4358 seconds
                  CHEM completed...      31.2029 seconds
                  AERO completed...      18.7303 seconds
            Master Time Step
            Processing completed...      83.6294 seconds
 
     Processing Day/Time [YYYYDDD:HHMMSS]: 2022183:164000
       Which is Equivalent to (UTC): 16:40:00 Saturday,  July 2, 2022
       Time-Step Length (HHMMSS): 000500
                 VDIFF completed...      20.3753 seconds
                COUPLE completed...       0.2527 seconds
                  HADV completed...       4.0792 seconds
                  ZADV completed...       1.7815 seconds
                 HDIFF completed...       0.4739 seconds
              DECOUPLE completed...       0.3128 seconds
                  PHOT completed...       4.6843 seconds
               CLDPROC completed...       1.4332 seconds
                  CHEM completed...      31.2565 seconds
                  AERO completed...      18.7673 seconds
            Master Time Step
            Processing completed...      83.4171 seconds
 
     Processing Day/Time [YYYYDDD:HHMMSS]: 2022183:164500
       Which is Equivalent to (UTC): 16:45:00 Saturday,  July 2, 2022
       Time-Step Length (HHMMSS): 000500
                 VDIFF completed...      21.2079 seconds
                COUPLE completed...       0.2537 seconds
                  HADV completed...       4.0679 seconds
                  ZADV completed...       1.7817 seconds
                 HDIFF completed...       0.4792 seconds
              DECOUPLE completed...       0.3140 seconds
                  PHOT completed...       4.6972 seconds
               CLDPROC completed...       1.4545 seconds
                  CHEM completed...      31.1344 seconds
                  AERO completed...      18.7008 seconds
            Master Time Step
            Processing completed...      84.0917 seconds
 
     Processing Day/Time [YYYYDDD:HHMMSS]: 2022183:165000
       Which is Equivalent to (UTC): 16:50:00 Saturday,  July 2, 2022
       Time-Step Length (HHMMSS): 000500
                 VDIFF completed...      20.9736 seconds
                COUPLE completed...       0.2562 seconds
                  HADV completed...       4.0843 seconds
                  ZADV completed...       1.7798 seconds
                 HDIFF completed...       0.4731 seconds
              DECOUPLE completed...       0.3121 seconds
                  PHOT completed...       4.6859 seconds
               CLDPROC completed...       1.4166 seconds
                  CHEM completed...      31.1754 seconds
                  AERO completed...      18.8621 seconds
            Master Time Step
            Processing completed...      84.0195 seconds
 
     Processing Day/Time [YYYYDDD:HHMMSS]: 2022183:165500
       Which is Equivalent to (UTC): 16:55:00 Saturday,  July 2, 2022
       Time-Step Length (HHMMSS): 000500
                 VDIFF completed...      20.7905 seconds
                COUPLE completed...       0.2579 seconds
                  HADV completed...       4.1543 seconds
                  ZADV completed...       1.7992 seconds
                 HDIFF completed...       0.4751 seconds
              DECOUPLE completed...       0.3171 seconds
                  PHOT completed...       4.6912 seconds
               CLDPROC completed...       1.4410 seconds
                  CHEM completed...      31.2547 seconds
                  AERO completed...      18.8036 seconds
            Master Time Step
            Processing completed...      83.9851 seconds
 
      =--> Data Output completed...       0.0968 seconds
 
     Processing Day/Time [YYYYDDD:HHMMSS]: 2022183:170000
       Which is Equivalent to (UTC): 17:00:00 Saturday,  July 2, 2022
       Time-Step Length (HHMMSS): 000500
                 VDIFF completed...      23.3668 seconds
                COUPLE completed...       0.2509 seconds
                  HADV completed...       3.8797 seconds
                  ZADV completed...       1.7890 seconds
                 HDIFF completed...       0.4867 seconds
              DECOUPLE completed...       0.3266 seconds
                  PHOT completed...       4.8304 seconds
               CLDPROC completed...       1.4521 seconds
                  CHEM completed...      31.7183 seconds
                  AERO completed...      18.9446 seconds
            Master Time Step
            Processing completed...      87.0455 seconds
 
     Processing Day/Time [YYYYDDD:HHMMSS]: 2022183:170500
       Which is Equivalent to (UTC): 17:05:00 Saturday,  July 2, 2022
       Time-Step Length (HHMMSS): 000500
                 VDIFF completed...      21.3059 seconds
                COUPLE completed...       0.2519 seconds
                  HADV completed...       3.7840 seconds
                  ZADV completed...       1.7905 seconds
                 HDIFF completed...       0.4777 seconds
              DECOUPLE completed...       0.3138 seconds
                  PHOT completed...       4.7007 seconds
               CLDPROC completed...       1.4289 seconds
                  CHEM completed...      31.2699 seconds
                  AERO completed...      18.6803 seconds
            Master Time Step
            Processing completed...      84.0040 seconds
 
     Processing Day/Time [YYYYDDD:HHMMSS]: 2022183:171000
       Which is Equivalent to (UTC): 17:10:00 Saturday,  July 2, 2022
       Time-Step Length (HHMMSS): 000500
                 VDIFF completed...      20.4861 seconds
                COUPLE completed...       0.2512 seconds
                  HADV completed...       3.7907 seconds
                  ZADV completed...       1.7912 seconds
                 HDIFF completed...       0.4778 seconds
              DECOUPLE completed...       0.3176 seconds
                  PHOT completed...       4.7339 seconds
               CLDPROC completed...       1.4568 seconds
                  CHEM completed...      31.4659 seconds
                  AERO completed...      18.7197 seconds
            Master Time Step
            Processing completed...      83.4912 seconds
 
     Processing Day/Time [YYYYDDD:HHMMSS]: 2022183:171500
       Which is Equivalent to (UTC): 17:15:00 Saturday,  July 2, 2022
       Time-Step Length (HHMMSS): 000500
                 VDIFF completed...      20.3245 seconds
                COUPLE completed...       0.2518 seconds
                  HADV completed...       3.7330 seconds
                  ZADV completed...       1.7668 seconds
                 HDIFF completed...       0.4644 seconds
              DECOUPLE completed...       0.3093 seconds
                  PHOT completed...       4.6943 seconds
               CLDPROC completed...       1.4563 seconds
                  CHEM completed...      31.2411 seconds
                  AERO completed...      18.7350 seconds
            Master Time Step
            Processing completed...      82.9768 seconds
 
     Processing Day/Time [YYYYDDD:HHMMSS]: 2022183:172000
       Which is Equivalent to (UTC): 17:20:00 Saturday,  July 2, 2022
       Time-Step Length (HHMMSS): 000500
                 VDIFF completed...      20.8969 seconds
                COUPLE completed...       0.2536 seconds
                  HADV completed...       3.7787 seconds
                  ZADV completed...       1.7694 seconds
                 HDIFF completed...       0.4725 seconds
              DECOUPLE completed...       0.3126 seconds
                  PHOT completed...       4.6892 seconds
               CLDPROC completed...       1.4776 seconds
                  CHEM completed...      31.2377 seconds
                  AERO completed...      18.8956 seconds
            Master Time Step
            Processing completed...      83.7842 seconds
 
     Processing Day/Time [YYYYDDD:HHMMSS]: 2022183:172500
       Which is Equivalent to (UTC): 17:25:00 Saturday,  July 2, 2022
       Time-Step Length (HHMMSS): 000500
                 VDIFF completed...      20.6249 seconds
                COUPLE completed...       0.2583 seconds
                  HADV completed...       3.8013 seconds
                  ZADV completed...       1.7768 seconds
                 HDIFF completed...       0.4747 seconds
              DECOUPLE completed...       0.3126 seconds
                  PHOT completed...       4.6975 seconds
               CLDPROC completed...       1.4681 seconds
                  CHEM completed...      31.2500 seconds
                  AERO completed...      18.7256 seconds
            Master Time Step
            Processing completed...      83.3901 seconds
 
     Processing Day/Time [YYYYDDD:HHMMSS]: 2022183:173000
       Which is Equivalent to (UTC): 17:30:00 Saturday,  July 2, 2022
       Time-Step Length (HHMMSS): 000500
                 VDIFF completed...      21.6015 seconds
                COUPLE completed...       0.2510 seconds
                  HADV completed...       3.7701 seconds
                  ZADV completed...       1.7698 seconds
                 HDIFF completed...       0.4748 seconds
              DECOUPLE completed...       0.3127 seconds
                  PHOT completed...       4.6909 seconds
               CLDPROC completed...       1.4622 seconds
                  CHEM completed...      31.1834 seconds
                  AERO completed...      18.7103 seconds
            Master Time Step
            Processing completed...      84.2272 seconds
 
     Processing Day/Time [YYYYDDD:HHMMSS]: 2022183:173500
       Which is Equivalent to (UTC): 17:35:00 Saturday,  July 2, 2022
       Time-Step Length (HHMMSS): 000500
                 VDIFF completed...      20.8644 seconds
                COUPLE completed...       0.2577 seconds
                  HADV completed...       3.7741 seconds
                  ZADV completed...       1.7712 seconds
                 HDIFF completed...       0.4736 seconds
              DECOUPLE completed...       0.3123 seconds
                  PHOT completed...       4.6908 seconds
               CLDPROC completed...       1.4562 seconds
                  CHEM completed...      31.2193 seconds
                  AERO completed...      18.7084 seconds
            Master Time Step
            Processing completed...      83.5285 seconds
 
     Processing Day/Time [YYYYDDD:HHMMSS]: 2022183:174000
       Which is Equivalent to (UTC): 17:40:00 Saturday,  July 2, 2022
       Time-Step Length (HHMMSS): 000500
                 VDIFF completed...      20.3621 seconds
                COUPLE completed...       0.2522 seconds
                  HADV completed...       3.7774 seconds
                  ZADV completed...       1.7733 seconds
                 HDIFF completed...       0.4739 seconds
              DECOUPLE completed...       0.3124 seconds
                  PHOT completed...       4.6841 seconds
               CLDPROC completed...       1.4505 seconds
                  CHEM completed...      31.4038 seconds
                  AERO completed...      18.9961 seconds
            Master Time Step
            Processing completed...      83.4861 seconds
 
     Processing Day/Time [YYYYDDD:HHMMSS]: 2022183:174500
       Which is Equivalent to (UTC): 17:45:00 Saturday,  July 2, 2022
       Time-Step Length (HHMMSS): 000500
                 VDIFF completed...      21.2274 seconds
                COUPLE completed...       0.2642 seconds
                  HADV completed...       3.8297 seconds
                  ZADV completed...       1.8227 seconds
                 HDIFF completed...       0.4792 seconds
              DECOUPLE completed...       0.3147 seconds
                  PHOT completed...       4.7442 seconds
               CLDPROC completed...       1.4656 seconds
                  CHEM completed...      31.6793 seconds
                  AERO completed...      18.9291 seconds
            Master Time Step
            Processing completed...      84.7564 seconds
 
     Processing Day/Time [YYYYDDD:HHMMSS]: 2022183:175000
       Which is Equivalent to (UTC): 17:50:00 Saturday,  July 2, 2022
       Time-Step Length (HHMMSS): 000500
                 VDIFF completed...      21.4017 seconds
                COUPLE completed...       0.2507 seconds
                  HADV completed...       3.7823 seconds
                  ZADV completed...       1.7752 seconds
                 HDIFF completed...       0.4763 seconds
              DECOUPLE completed...       0.3128 seconds
                  PHOT completed...       4.6878 seconds
               CLDPROC completed...       1.4287 seconds
                  CHEM completed...      31.2706 seconds
                  AERO completed...      19.0228 seconds
            Master Time Step
            Processing completed...      84.4093 seconds
 
     Processing Day/Time [YYYYDDD:HHMMSS]: 2022183:175500
       Which is Equivalent to (UTC): 17:55:00 Saturday,  July 2, 2022
       Time-Step Length (HHMMSS): 000500
                 VDIFF completed...      21.3998 seconds
                COUPLE completed...       0.2532 seconds
                  HADV completed...       3.9125 seconds
                  ZADV completed...       1.8148 seconds
                 HDIFF completed...       0.4729 seconds
              DECOUPLE completed...       0.3132 seconds
                  PHOT completed...       4.6900 seconds
               CLDPROC completed...       1.4676 seconds
                  CHEM completed...      31.7053 seconds
                  AERO completed...      18.7673 seconds
            Master Time Step
            Processing completed...      84.7970 seconds
 
      =--> Data Output completed...       0.0976 seconds
 
     Processing Day/Time [YYYYDDD:HHMMSS]: 2022183:180000
       Which is Equivalent to (UTC): 18:00:00 Saturday,  July 2, 2022
       Time-Step Length (HHMMSS): 000500
                 VDIFF completed...      22.2708 seconds
                COUPLE completed...       0.2507 seconds
                  HADV completed...       3.8691 seconds
                  ZADV completed...       1.7755 seconds
                 HDIFF completed...       0.4725 seconds
              DECOUPLE completed...       0.3121 seconds
                  PHOT completed...       4.7131 seconds
               CLDPROC completed...       1.4468 seconds
                  CHEM completed...      31.8691 seconds
                  AERO completed...      18.9334 seconds
            Master Time Step
            Processing completed...      85.9136 seconds
 
     Processing Day/Time [YYYYDDD:HHMMSS]: 2022183:180500
       Which is Equivalent to (UTC): 18:05:00 Saturday,  July 2, 2022
       Time-Step Length (HHMMSS): 000500
                 VDIFF completed...      20.8278 seconds
                COUPLE completed...       0.2517 seconds
                  HADV completed...       3.7814 seconds
                  ZADV completed...       1.7793 seconds
                 HDIFF completed...       0.4781 seconds
              DECOUPLE completed...       0.3215 seconds
                  PHOT completed...       4.8326 seconds
               CLDPROC completed...       1.4493 seconds
                  CHEM completed...      32.2248 seconds
                  AERO completed...      19.0309 seconds
            Master Time Step
            Processing completed...      84.9778 seconds
 
     Processing Day/Time [YYYYDDD:HHMMSS]: 2022183:181000
       Which is Equivalent to (UTC): 18:10:00 Saturday,  July 2, 2022
       Time-Step Length (HHMMSS): 000500
                 VDIFF completed...      21.1458 seconds
                COUPLE completed...       0.2470 seconds
                  HADV completed...       3.6476 seconds
                  ZADV completed...       1.7790 seconds
                 HDIFF completed...       0.4737 seconds
              DECOUPLE completed...       0.3127 seconds
                  PHOT completed...       4.6986 seconds
               CLDPROC completed...       1.4498 seconds
                  CHEM completed...      31.5351 seconds
                  AERO completed...      18.7814 seconds
            Master Time Step
            Processing completed...      84.0710 seconds
 
     Processing Day/Time [YYYYDDD:HHMMSS]: 2022183:181500
       Which is Equivalent to (UTC): 18:15:00 Saturday,  July 2, 2022
       Time-Step Length (HHMMSS): 000500
                 VDIFF completed...      20.5382 seconds
                COUPLE completed...       0.2511 seconds
                  HADV completed...       3.7805 seconds
                  ZADV completed...       1.7732 seconds
                 HDIFF completed...       0.4725 seconds
              DECOUPLE completed...       0.3123 seconds
                  PHOT completed...       4.6970 seconds
               CLDPROC completed...       1.4550 seconds
                  CHEM completed...      31.5056 seconds
                  AERO completed...      18.7632 seconds
            Master Time Step
            Processing completed...      83.5490 seconds
 
     Processing Day/Time [YYYYDDD:HHMMSS]: 2022183:182000
       Which is Equivalent to (UTC): 18:20:00 Saturday,  July 2, 2022
       Time-Step Length (HHMMSS): 000500
                 VDIFF completed...      20.2750 seconds
                COUPLE completed...       0.2512 seconds
                  HADV completed...       3.7786 seconds
                  ZADV completed...       1.7742 seconds
                 HDIFF completed...       0.4727 seconds
              DECOUPLE completed...       0.3118 seconds
                  PHOT completed...       4.6918 seconds
               CLDPROC completed...       1.4694 seconds
                  CHEM completed...      31.5293 seconds
                  AERO completed...      18.8090 seconds
            Master Time Step
            Processing completed...      83.3635 seconds
 
     Processing Day/Time [YYYYDDD:HHMMSS]: 2022183:182500
       Which is Equivalent to (UTC): 18:25:00 Saturday,  July 2, 2022
       Time-Step Length (HHMMSS): 000500
                 VDIFF completed...      20.2051 seconds
                COUPLE completed...       0.2522 seconds
                  HADV completed...       3.7899 seconds
                  ZADV completed...       1.7765 seconds
                 HDIFF completed...       0.4733 seconds
              DECOUPLE completed...       0.3133 seconds
                  PHOT completed...       4.7046 seconds
               CLDPROC completed...       1.4735 seconds
                  CHEM completed...      32.5291 seconds
                  AERO completed...      18.7905 seconds
            Master Time Step
            Processing completed...      84.3085 seconds
 
     Processing Day/Time [YYYYDDD:HHMMSS]: 2022183:183000
       Which is Equivalent to (UTC): 18:30:00 Saturday,  July 2, 2022
       Time-Step Length (HHMMSS): 000500
                 VDIFF completed...      21.3355 seconds
                COUPLE completed...       0.2591 seconds
                  HADV completed...       3.7969 seconds
                  ZADV completed...       1.7845 seconds
                 HDIFF completed...       0.4759 seconds
              DECOUPLE completed...       0.3141 seconds
                  PHOT completed...       4.6940 seconds
               CLDPROC completed...       1.4681 seconds
                  CHEM completed...      31.5118 seconds
                  AERO completed...      18.7769 seconds
            Master Time Step
            Processing completed...      84.4173 seconds
 
     Processing Day/Time [YYYYDDD:HHMMSS]: 2022183:183500
       Which is Equivalent to (UTC): 18:35:00 Saturday,  July 2, 2022
       Time-Step Length (HHMMSS): 000500
                 VDIFF completed...      19.9644 seconds
                COUPLE completed...       0.2520 seconds
                  HADV completed...       3.7734 seconds
                  ZADV completed...       1.7776 seconds
                 HDIFF completed...       0.4729 seconds
              DECOUPLE completed...       0.3122 seconds
                  PHOT completed...       4.6925 seconds
               CLDPROC completed...       1.4666 seconds
                  CHEM completed...      31.5580 seconds
                  AERO completed...      18.7929 seconds
            Master Time Step
            Processing completed...      83.0630 seconds
 
     Processing Day/Time [YYYYDDD:HHMMSS]: 2022183:184000
       Which is Equivalent to (UTC): 18:40:00 Saturday,  July 2, 2022
       Time-Step Length (HHMMSS): 000500
                 VDIFF completed...      19.9321 seconds
                COUPLE completed...       0.2510 seconds
                  HADV completed...       3.7893 seconds
                  ZADV completed...       1.7824 seconds
                 HDIFF completed...       0.4749 seconds
              DECOUPLE completed...       0.3128 seconds
                  PHOT completed...       4.6977 seconds
               CLDPROC completed...       1.4692 seconds
                  CHEM completed...      31.5789 seconds
                  AERO completed...      18.7836 seconds
            Master Time Step
            Processing completed...      83.0722 seconds
 
     Processing Day/Time [YYYYDDD:HHMMSS]: 2022183:184500
       Which is Equivalent to (UTC): 18:45:00 Saturday,  July 2, 2022
       Time-Step Length (HHMMSS): 000500
                 VDIFF completed...      20.1894 seconds
                COUPLE completed...       0.2523 seconds
                  HADV completed...       3.7888 seconds
                  ZADV completed...       1.7844 seconds
                 HDIFF completed...       0.4733 seconds
              DECOUPLE completed...       0.3135 seconds
                  PHOT completed...       4.7189 seconds
               CLDPROC completed...       1.4998 seconds
                  CHEM completed...      32.0527 seconds
                  AERO completed...      18.8462 seconds
            Master Time Step
            Processing completed...      83.9199 seconds
 
     Processing Day/Time [YYYYDDD:HHMMSS]: 2022183:185000
       Which is Equivalent to (UTC): 18:50:00 Saturday,  July 2, 2022
       Time-Step Length (HHMMSS): 000500
                 VDIFF completed...      20.4865 seconds
                COUPLE completed...       0.2510 seconds
                  HADV completed...       3.9114 seconds
                  ZADV completed...       1.7923 seconds
                 HDIFF completed...       0.4742 seconds
              DECOUPLE completed...       0.3162 seconds
                  PHOT completed...       4.6989 seconds
               CLDPROC completed...       1.4653 seconds
                  CHEM completed...      32.0311 seconds
                  AERO completed...      18.8294 seconds
            Master Time Step
            Processing completed...      84.2567 seconds
 
     Processing Day/Time [YYYYDDD:HHMMSS]: 2022183:185500
       Which is Equivalent to (UTC): 18:55:00 Saturday,  July 2, 2022
       Time-Step Length (HHMMSS): 000500
                 VDIFF completed...      20.7169 seconds
                COUPLE completed...       0.2580 seconds
                  HADV completed...       3.8411 seconds
                  ZADV completed...       1.7874 seconds
                 HDIFF completed...       0.4772 seconds
              DECOUPLE completed...       0.3132 seconds
                  PHOT completed...       4.6980 seconds
               CLDPROC completed...       1.4889 seconds
                  CHEM completed...      31.6987 seconds
                  AERO completed...      18.9714 seconds
            Master Time Step
            Processing completed...      84.2512 seconds
 
      =--> Data Output completed...       0.0958 seconds
 
     Processing Day/Time [YYYYDDD:HHMMSS]: 2022183:190000
       Which is Equivalent to (UTC): 19:00:00 Saturday,  July 2, 2022
       Time-Step Length (HHMMSS): 000500
                 VDIFF completed...      22.4950 seconds
                COUPLE completed...       0.2518 seconds
                  HADV completed...       4.0974 seconds
                  ZADV completed...       1.7898 seconds
                 HDIFF completed...       0.4746 seconds
              DECOUPLE completed...       0.3146 seconds
                  PHOT completed...       4.7225 seconds
               CLDPROC completed...       1.4637 seconds
                  CHEM completed...      32.1295 seconds
                  AERO completed...      18.8220 seconds
            Master Time Step
            Processing completed...      86.5612 seconds
 
     Processing Day/Time [YYYYDDD:HHMMSS]: 2022183:190500
       Which is Equivalent to (UTC): 19:05:00 Saturday,  July 2, 2022
       Time-Step Length (HHMMSS): 000500
                 VDIFF completed...      20.7062 seconds
                COUPLE completed...       0.2512 seconds
                  HADV completed...       3.9488 seconds
                  ZADV completed...       1.7378 seconds
                 HDIFF completed...       0.4628 seconds
              DECOUPLE completed...       0.3072 seconds
                  PHOT completed...       4.7070 seconds
               CLDPROC completed...       1.4929 seconds
                  CHEM completed...      31.8652 seconds
                  AERO completed...      18.8116 seconds
            Master Time Step
            Processing completed...      84.2911 seconds
 
     Processing Day/Time [YYYYDDD:HHMMSS]: 2022183:191000
       Which is Equivalent to (UTC): 19:10:00 Saturday,  July 2, 2022
       Time-Step Length (HHMMSS): 000500
                 VDIFF completed...      20.8201 seconds
                COUPLE completed...       0.2545 seconds
                  HADV completed...       4.0352 seconds
                  ZADV completed...       1.7940 seconds
                 HDIFF completed...       0.4724 seconds
              DECOUPLE completed...       0.3122 seconds
                  PHOT completed...       4.6948 seconds
               CLDPROC completed...       1.4888 seconds
                  CHEM completed...      32.1115 seconds
                  AERO completed...      18.9173 seconds
            Master Time Step
            Processing completed...      84.9011 seconds
 
     Processing Day/Time [YYYYDDD:HHMMSS]: 2022183:191500
       Which is Equivalent to (UTC): 19:15:00 Saturday,  July 2, 2022
       Time-Step Length (HHMMSS): 000500
                 VDIFF completed...      20.0949 seconds
                COUPLE completed...       0.2562 seconds
                  HADV completed...       4.0166 seconds
                  ZADV completed...       1.8279 seconds
                 HDIFF completed...       0.4858 seconds
              DECOUPLE completed...       0.3231 seconds
                  PHOT completed...       4.7332 seconds
               CLDPROC completed...       1.4999 seconds
                  CHEM completed...      32.0873 seconds
                  AERO completed...      18.9842 seconds
            Master Time Step
            Processing completed...      84.3093 seconds
 
     Processing Day/Time [YYYYDDD:HHMMSS]: 2022183:192000
       Which is Equivalent to (UTC): 19:20:00 Saturday,  July 2, 2022
       Time-Step Length (HHMMSS): 000500
                 VDIFF completed...      20.3754 seconds
                COUPLE completed...       0.2510 seconds
                  HADV completed...       4.0127 seconds
                  ZADV completed...       1.7887 seconds
                 HDIFF completed...       0.4758 seconds
              DECOUPLE completed...       0.3147 seconds
                  PHOT completed...       4.8680 seconds
               CLDPROC completed...       1.5502 seconds
                  CHEM completed...      31.8372 seconds
                  AERO completed...      18.8217 seconds
            Master Time Step
            Processing completed...      84.2959 seconds
 
     Processing Day/Time [YYYYDDD:HHMMSS]: 2022183:192500
       Which is Equivalent to (UTC): 19:25:00 Saturday,  July 2, 2022
       Time-Step Length (HHMMSS): 000500
                 VDIFF completed...      20.1606 seconds
                COUPLE completed...       0.2558 seconds
                  HADV completed...       3.9922 seconds
                  ZADV completed...       1.7936 seconds
                 HDIFF completed...       0.4746 seconds
              DECOUPLE completed...       0.3143 seconds
                  PHOT completed...       4.7084 seconds
               CLDPROC completed...       1.4941 seconds
                  CHEM completed...      31.9777 seconds
                  AERO completed...      18.8577 seconds
            Master Time Step
            Processing completed...      84.0293 seconds
 
     Processing Day/Time [YYYYDDD:HHMMSS]: 2022183:193000
       Which is Equivalent to (UTC): 19:30:00 Saturday,  July 2, 2022
       Time-Step Length (HHMMSS): 000500
                 VDIFF completed...      20.3382 seconds
                COUPLE completed...       0.2527 seconds
                  HADV completed...       3.9924 seconds
                  ZADV completed...       1.7809 seconds
                 HDIFF completed...       0.4742 seconds
              DECOUPLE completed...       0.3129 seconds
                  PHOT completed...       4.7095 seconds
               CLDPROC completed...       1.5037 seconds
                  CHEM completed...      31.8899 seconds
                  AERO completed...      18.9024 seconds
            Master Time Step
            Processing completed...      84.1573 seconds
 
     Processing Day/Time [YYYYDDD:HHMMSS]: 2022183:193500
       Which is Equivalent to (UTC): 19:35:00 Saturday,  July 2, 2022
       Time-Step Length (HHMMSS): 000500
                 VDIFF completed...      19.9484 seconds
                COUPLE completed...       0.2601 seconds
                  HADV completed...       3.9992 seconds
                  ZADV completed...       1.7881 seconds
                 HDIFF completed...       0.4744 seconds
              DECOUPLE completed...       0.3121 seconds
                  PHOT completed...       4.7222 seconds
               CLDPROC completed...       1.5025 seconds
                  CHEM completed...      31.9665 seconds
                  AERO completed...      18.8787 seconds
            Master Time Step
            Processing completed...      83.8524 seconds
 
     Processing Day/Time [YYYYDDD:HHMMSS]: 2022183:194000
       Which is Equivalent to (UTC): 19:40:00 Saturday,  July 2, 2022
       Time-Step Length (HHMMSS): 000500
                 VDIFF completed...      19.5623 seconds
                COUPLE completed...       0.2533 seconds
                  HADV completed...       4.0057 seconds
                  ZADV completed...       1.7928 seconds
                 HDIFF completed...       0.4745 seconds
              DECOUPLE completed...       0.3130 seconds
                  PHOT completed...       4.7164 seconds
               CLDPROC completed...       1.4967 seconds
                  CHEM completed...      32.1138 seconds
                  AERO completed...      18.8974 seconds
            Master Time Step
            Processing completed...      83.6263 seconds
 
     Processing Day/Time [YYYYDDD:HHMMSS]: 2022183:194500
       Which is Equivalent to (UTC): 19:45:00 Saturday,  July 2, 2022
       Time-Step Length (HHMMSS): 000500
                 VDIFF completed...      20.0940 seconds
                COUPLE completed...       0.2510 seconds
                  HADV completed...       3.9797 seconds
                  ZADV completed...       1.7937 seconds
                 HDIFF completed...       0.4774 seconds
              DECOUPLE completed...       0.3121 seconds
                  PHOT completed...       4.7006 seconds
               CLDPROC completed...       1.4744 seconds
                  CHEM completed...      32.1980 seconds
                  AERO completed...      18.8414 seconds
            Master Time Step
            Processing completed...      84.1227 seconds
 
     Processing Day/Time [YYYYDDD:HHMMSS]: 2022183:195000
       Which is Equivalent to (UTC): 19:50:00 Saturday,  July 2, 2022
       Time-Step Length (HHMMSS): 000500
                 VDIFF completed...      19.8308 seconds
                COUPLE completed...       0.2517 seconds
                  HADV completed...       4.0214 seconds
                  ZADV completed...       1.8459 seconds
                 HDIFF completed...       0.4997 seconds
              DECOUPLE completed...       0.3345 seconds
                  PHOT completed...       4.8556 seconds
               CLDPROC completed...       1.4783 seconds
                  CHEM completed...      32.4842 seconds
                  AERO completed...      18.8281 seconds
            Master Time Step
            Processing completed...      84.4307 seconds
 
     Processing Day/Time [YYYYDDD:HHMMSS]: 2022183:195500
       Which is Equivalent to (UTC): 19:55:00 Saturday,  July 2, 2022
       Time-Step Length (HHMMSS): 000500
                 VDIFF completed...      20.0637 seconds
                COUPLE completed...       0.2517 seconds
                  HADV completed...       3.9918 seconds
                  ZADV completed...       1.7979 seconds
                 HDIFF completed...       0.4732 seconds
              DECOUPLE completed...       0.3130 seconds
                  PHOT completed...       4.7009 seconds
               CLDPROC completed...       1.5034 seconds
                  CHEM completed...      32.1703 seconds
                  AERO completed...      19.2152 seconds
            Master Time Step
            Processing completed...      84.4815 seconds
 
      =--> Data Output completed...       0.0968 seconds
 
     Processing Day/Time [YYYYDDD:HHMMSS]: 2022183:200000
       Which is Equivalent to (UTC): 20:00:00 Saturday,  July 2, 2022
       Time-Step Length (HHMMSS): 000500
                 VDIFF completed...      21.3401 seconds
                COUPLE completed...       0.2514 seconds
                  HADV completed...       4.0707 seconds
                  ZADV completed...       1.8047 seconds
                 HDIFF completed...       0.4718 seconds
              DECOUPLE completed...       0.3122 seconds
                  PHOT completed...       4.7404 seconds
               CLDPROC completed...       1.4322 seconds
                  CHEM completed...      32.4428 seconds
                  AERO completed...      18.9021 seconds
            Master Time Step
            Processing completed...      85.7687 seconds
 
     Processing Day/Time [YYYYDDD:HHMMSS]: 2022183:200500
       Which is Equivalent to (UTC): 20:05:00 Saturday,  July 2, 2022
       Time-Step Length (HHMMSS): 000500
                 VDIFF completed...      19.9152 seconds
                COUPLE completed...       0.2563 seconds
                  HADV completed...       3.9961 seconds
                  ZADV completed...       1.8020 seconds
                 HDIFF completed...       0.4734 seconds
              DECOUPLE completed...       0.3132 seconds
                  PHOT completed...       4.8917 seconds
               CLDPROC completed...       1.5206 seconds
                  CHEM completed...      32.2774 seconds
                  AERO completed...      19.1948 seconds
            Master Time Step
            Processing completed...      84.6412 seconds
 
     Processing Day/Time [YYYYDDD:HHMMSS]: 2022183:201000
       Which is Equivalent to (UTC): 20:10:00 Saturday,  July 2, 2022
       Time-Step Length (HHMMSS): 000500
                 VDIFF completed...      20.4991 seconds
                COUPLE completed...       0.2808 seconds
                  HADV completed...       4.3434 seconds
                  ZADV completed...       1.9089 seconds
                 HDIFF completed...       0.4890 seconds
              DECOUPLE completed...       0.3203 seconds
                  PHOT completed...       4.8978 seconds
               CLDPROC completed...       1.5107 seconds
                  CHEM completed...      33.3083 seconds
                  AERO completed...      19.4811 seconds
            Master Time Step
            Processing completed...      87.0398 seconds
 
     Processing Day/Time [YYYYDDD:HHMMSS]: 2022183:201500
       Which is Equivalent to (UTC): 20:15:00 Saturday,  July 2, 2022
       Time-Step Length (HHMMSS): 000500
                 VDIFF completed...      20.4336 seconds
                COUPLE completed...       0.2552 seconds
                  HADV completed...       4.1252 seconds
                  ZADV completed...       1.8417 seconds
                 HDIFF completed...       0.4836 seconds
              DECOUPLE completed...       0.3182 seconds
                  PHOT completed...       4.8500 seconds
               CLDPROC completed...       1.5021 seconds
                  CHEM completed...      33.2124 seconds
                  AERO completed...      19.4847 seconds
            Master Time Step
            Processing completed...      86.5071 seconds
 
     Processing Day/Time [YYYYDDD:HHMMSS]: 2022183:202000
       Which is Equivalent to (UTC): 20:20:00 Saturday,  July 2, 2022
       Time-Step Length (HHMMSS): 000500
                 VDIFF completed...      20.8714 seconds
                COUPLE completed...       0.2607 seconds
                  HADV completed...       4.1475 seconds
                  ZADV completed...       1.8529 seconds
                 HDIFF completed...       0.4931 seconds
              DECOUPLE completed...       0.3220 seconds
                  PHOT completed...       4.8595 seconds
               CLDPROC completed...       1.5068 seconds
                  CHEM completed...      33.2985 seconds
                  AERO completed...      19.6393 seconds
            Master Time Step
            Processing completed...      87.2521 seconds
 
     Processing Day/Time [YYYYDDD:HHMMSS]: 2022183:202500
       Which is Equivalent to (UTC): 20:25:00 Saturday,  July 2, 2022
       Time-Step Length (HHMMSS): 000500
                 VDIFF completed...      20.0917 seconds
                COUPLE completed...       0.2616 seconds
                  HADV completed...       4.1370 seconds
                  ZADV completed...       1.8773 seconds
                 HDIFF completed...       0.4957 seconds
              DECOUPLE completed...       0.3261 seconds
                  PHOT completed...       4.9096 seconds
               CLDPROC completed...       1.5867 seconds
                  CHEM completed...      33.3505 seconds
                  AERO completed...      19.4183 seconds
            Master Time Step
            Processing completed...      86.4548 seconds
 
     Processing Day/Time [YYYYDDD:HHMMSS]: 2022183:203000
       Which is Equivalent to (UTC): 20:30:00 Saturday,  July 2, 2022
       Time-Step Length (HHMMSS): 000500
                 VDIFF completed...      20.5223 seconds
                COUPLE completed...       0.2568 seconds
                  HADV completed...       4.1354 seconds
                  ZADV completed...       1.8500 seconds
                 HDIFF completed...       0.4909 seconds
              DECOUPLE completed...       0.3222 seconds
                  PHOT completed...       4.8421 seconds
               CLDPROC completed...       1.5158 seconds
                  CHEM completed...      33.1334 seconds
                  AERO completed...      19.8687 seconds
            Master Time Step
            Processing completed...      86.9379 seconds
 
     Processing Day/Time [YYYYDDD:HHMMSS]: 2022183:203500
       Which is Equivalent to (UTC): 20:35:00 Saturday,  July 2, 2022
       Time-Step Length (HHMMSS): 000500
                 VDIFF completed...      20.2647 seconds
                COUPLE completed...       0.2566 seconds
                  HADV completed...       4.1215 seconds
                  ZADV completed...       1.8423 seconds
                 HDIFF completed...       0.4845 seconds
              DECOUPLE completed...       0.3179 seconds
                  PHOT completed...       4.8360 seconds
               CLDPROC completed...       1.5083 seconds
                  CHEM completed...      33.1334 seconds
                  AERO completed...      19.3803 seconds
            Master Time Step
            Processing completed...      86.1460 seconds
 
     Processing Day/Time [YYYYDDD:HHMMSS]: 2022183:204000
       Which is Equivalent to (UTC): 20:40:00 Saturday,  July 2, 2022
       Time-Step Length (HHMMSS): 000500
                 VDIFF completed...      20.1866 seconds
                COUPLE completed...       0.2557 seconds
                  HADV completed...       4.1266 seconds
                  ZADV completed...       1.8503 seconds
                 HDIFF completed...       0.4879 seconds
              DECOUPLE completed...       0.3199 seconds
                  PHOT completed...       4.8304 seconds
               CLDPROC completed...       1.5036 seconds
                  CHEM completed...      33.6744 seconds
                  AERO completed...      19.3532 seconds
            Master Time Step
            Processing completed...      86.5887 seconds
 
     Processing Day/Time [YYYYDDD:HHMMSS]: 2022183:204500
       Which is Equivalent to (UTC): 20:45:00 Saturday,  July 2, 2022
       Time-Step Length (HHMMSS): 000500
                 VDIFF completed...      19.4070 seconds
                COUPLE completed...       0.2548 seconds
                  HADV completed...       4.1040 seconds
                  ZADV completed...       1.8446 seconds
                 HDIFF completed...       0.4885 seconds
              DECOUPLE completed...       0.3229 seconds
                  PHOT completed...       4.8506 seconds
               CLDPROC completed...       1.5080 seconds
                  CHEM completed...      33.4732 seconds
                  AERO completed...      19.3879 seconds
            Master Time Step
            Processing completed...      85.6420 seconds
 
     Processing Day/Time [YYYYDDD:HHMMSS]: 2022183:205000
       Which is Equivalent to (UTC): 20:50:00 Saturday,  July 2, 2022
       Time-Step Length (HHMMSS): 000500
                 VDIFF completed...      20.4619 seconds
                COUPLE completed...       0.2586 seconds
                  HADV completed...       4.1324 seconds
                  ZADV completed...       1.8566 seconds
                 HDIFF completed...       0.4898 seconds
              DECOUPLE completed...       0.3211 seconds
                  PHOT completed...       4.8416 seconds
               CLDPROC completed...       1.4952 seconds
                  CHEM completed...      33.4805 seconds
                  AERO completed...      19.3655 seconds
            Master Time Step
            Processing completed...      86.7035 seconds
 
     Processing Day/Time [YYYYDDD:HHMMSS]: 2022183:205500
       Which is Equivalent to (UTC): 20:55:00 Saturday,  July 2, 2022
       Time-Step Length (HHMMSS): 000500
                 VDIFF completed...      20.0794 seconds
                COUPLE completed...       0.2596 seconds
                  HADV completed...       4.1110 seconds
                  ZADV completed...       1.8541 seconds
                 HDIFF completed...       0.4836 seconds
              DECOUPLE completed...       0.3204 seconds
                  PHOT completed...       4.8438 seconds
               CLDPROC completed...       1.5352 seconds
                  CHEM completed...      33.4311 seconds
                  AERO completed...      19.4326 seconds
            Master Time Step
            Processing completed...      86.3511 seconds
 
      =--> Data Output completed...       0.0986 seconds
 
     Processing Day/Time [YYYYDDD:HHMMSS]: 2022183:210000
       Which is Equivalent to (UTC): 21:00:00 Saturday,  July 2, 2022
       Time-Step Length (HHMMSS): 000500
                 VDIFF completed...      21.8119 seconds
                COUPLE completed...       0.2611 seconds
                  HADV completed...       4.1156 seconds
                  ZADV completed...       1.8570 seconds
                 HDIFF completed...       0.4871 seconds
              DECOUPLE completed...       0.3214 seconds
                  PHOT completed...       4.8778 seconds
               CLDPROC completed...       1.4646 seconds
                  CHEM completed...      34.0418 seconds
                  AERO completed...      19.4669 seconds
            Master Time Step
            Processing completed...      88.7056 seconds
 
     Processing Day/Time [YYYYDDD:HHMMSS]: 2022183:210500
       Which is Equivalent to (UTC): 21:05:00 Saturday,  July 2, 2022
       Time-Step Length (HHMMSS): 000500
                 VDIFF completed...      20.1141 seconds
                COUPLE completed...       0.2628 seconds
                  HADV completed...       4.0077 seconds
                  ZADV completed...       1.8544 seconds
                 HDIFF completed...       0.4870 seconds
              DECOUPLE completed...       0.3220 seconds
                  PHOT completed...       4.8326 seconds
               CLDPROC completed...       1.4822 seconds
                  CHEM completed...      33.3294 seconds
                  AERO completed...      19.3591 seconds
            Master Time Step
            Processing completed...      86.0517 seconds
 
     Processing Day/Time [YYYYDDD:HHMMSS]: 2022183:211000
       Which is Equivalent to (UTC): 21:10:00 Saturday,  July 2, 2022
       Time-Step Length (HHMMSS): 000500
                 VDIFF completed...      19.5057 seconds
                COUPLE completed...       0.2611 seconds
                  HADV completed...       4.0133 seconds
                  ZADV completed...       1.8504 seconds
                 HDIFF completed...       0.4905 seconds
              DECOUPLE completed...       0.3230 seconds
                  PHOT completed...       4.8841 seconds
               CLDPROC completed...       1.5525 seconds
                  CHEM completed...      33.4781 seconds
                  AERO completed...      19.3142 seconds
            Master Time Step
            Processing completed...      85.6732 seconds
 
     Processing Day/Time [YYYYDDD:HHMMSS]: 2022183:211500
       Which is Equivalent to (UTC): 21:15:00 Saturday,  July 2, 2022
       Time-Step Length (HHMMSS): 000500
                 VDIFF completed...      18.9239 seconds
                COUPLE completed...       0.2539 seconds
                  HADV completed...       4.0060 seconds
                  ZADV completed...       1.9226 seconds
                 HDIFF completed...       0.4997 seconds
              DECOUPLE completed...       0.3348 seconds
                  PHOT completed...       4.8939 seconds
               CLDPROC completed...       1.5109 seconds
                  CHEM completed...      33.4390 seconds
                  AERO completed...      19.4912 seconds
            Master Time Step
            Processing completed...      85.2763 seconds
 
     Processing Day/Time [YYYYDDD:HHMMSS]: 2022183:212000
       Which is Equivalent to (UTC): 21:20:00 Saturday,  July 2, 2022
       Time-Step Length (HHMMSS): 000500
                 VDIFF completed...      19.6115 seconds
                COUPLE completed...       0.2579 seconds
                  HADV completed...       4.0653 seconds
                  ZADV completed...       1.9069 seconds
                 HDIFF completed...       0.4830 seconds
              DECOUPLE completed...       0.3194 seconds
                  PHOT completed...       4.9613 seconds
               CLDPROC completed...       1.5804 seconds
                  CHEM completed...      33.4623 seconds
                  AERO completed...      19.3192 seconds
            Master Time Step
            Processing completed...      85.9675 seconds
 
     Processing Day/Time [YYYYDDD:HHMMSS]: 2022183:212500
       Which is Equivalent to (UTC): 21:25:00 Saturday,  July 2, 2022
       Time-Step Length (HHMMSS): 000500
                 VDIFF completed...      18.5947 seconds
                COUPLE completed...       0.2608 seconds
                  HADV completed...       4.0151 seconds
                  ZADV completed...       1.8576 seconds
                 HDIFF completed...       0.4842 seconds
              DECOUPLE completed...       0.3180 seconds
                  PHOT completed...       4.8478 seconds
               CLDPROC completed...       1.5077 seconds
                  CHEM completed...      33.9086 seconds
                  AERO completed...      19.3578 seconds
            Master Time Step
            Processing completed...      85.1528 seconds
 
     Processing Day/Time [YYYYDDD:HHMMSS]: 2022183:213000
       Which is Equivalent to (UTC): 21:30:00 Saturday,  July 2, 2022
       Time-Step Length (HHMMSS): 000500
                 VDIFF completed...      18.7066 seconds
                COUPLE completed...       0.2575 seconds
                  HADV completed...       4.0236 seconds
                  ZADV completed...       1.8652 seconds
                 HDIFF completed...       0.4891 seconds
              DECOUPLE completed...       0.3198 seconds
                  PHOT completed...       4.8608 seconds
               CLDPROC completed...       1.5298 seconds
                  CHEM completed...      33.3568 seconds
                  AERO completed...      19.3040 seconds
            Master Time Step
            Processing completed...      84.7136 seconds
 
     Processing Day/Time [YYYYDDD:HHMMSS]: 2022183:213500
       Which is Equivalent to (UTC): 21:35:00 Saturday,  July 2, 2022
       Time-Step Length (HHMMSS): 000500
                 VDIFF completed...      19.1087 seconds
                COUPLE completed...       0.2538 seconds
                  HADV completed...       4.0118 seconds
                  ZADV completed...       1.8580 seconds
                 HDIFF completed...       0.4875 seconds
              DECOUPLE completed...       0.3197 seconds
                  PHOT completed...       4.8524 seconds
               CLDPROC completed...       1.5203 seconds
                  CHEM completed...      33.3712 seconds
                  AERO completed...      19.2885 seconds
            Master Time Step
            Processing completed...      85.0722 seconds
 
     Processing Day/Time [YYYYDDD:HHMMSS]: 2022183:214000
       Which is Equivalent to (UTC): 21:40:00 Saturday,  July 2, 2022
       Time-Step Length (HHMMSS): 000500
                 VDIFF completed...      18.6786 seconds
                COUPLE completed...       0.2531 seconds
                  HADV completed...       4.0180 seconds
                  ZADV completed...       1.8593 seconds
                 HDIFF completed...       0.4874 seconds
              DECOUPLE completed...       0.3193 seconds
                  PHOT completed...       4.8484 seconds
               CLDPROC completed...       1.4947 seconds
                  CHEM completed...      33.3980 seconds
                  AERO completed...      19.3042 seconds
            Master Time Step
            Processing completed...      84.6614 seconds
 
     Processing Day/Time [YYYYDDD:HHMMSS]: 2022183:214500
       Which is Equivalent to (UTC): 21:45:00 Saturday,  July 2, 2022
       Time-Step Length (HHMMSS): 000500
                 VDIFF completed...      18.7003 seconds
                COUPLE completed...       0.2585 seconds
                  HADV completed...       4.0072 seconds
                  ZADV completed...       1.8673 seconds
                 HDIFF completed...       0.4859 seconds
              DECOUPLE completed...       0.3197 seconds
                  PHOT completed...       4.8495 seconds
               CLDPROC completed...       1.5021 seconds
                  CHEM completed...      33.4260 seconds
                  AERO completed...      19.4912 seconds
            Master Time Step
            Processing completed...      84.9083 seconds
 
     Processing Day/Time [YYYYDDD:HHMMSS]: 2022183:215000
       Which is Equivalent to (UTC): 21:50:00 Saturday,  July 2, 2022
       Time-Step Length (HHMMSS): 000500
                 VDIFF completed...      19.3545 seconds
                COUPLE completed...       0.2610 seconds
                  HADV completed...       4.0196 seconds
                  ZADV completed...       1.8715 seconds
                 HDIFF completed...       0.4879 seconds
              DECOUPLE completed...       0.3181 seconds
                  PHOT completed...       4.8594 seconds
               CLDPROC completed...       1.5038 seconds
                  CHEM completed...      33.4076 seconds
                  AERO completed...      19.3611 seconds
            Master Time Step
            Processing completed...      85.4449 seconds
 
     Processing Day/Time [YYYYDDD:HHMMSS]: 2022183:215500
       Which is Equivalent to (UTC): 21:55:00 Saturday,  July 2, 2022
       Time-Step Length (HHMMSS): 000500
                 VDIFF completed...      19.0322 seconds
                COUPLE completed...       0.2584 seconds
                  HADV completed...       4.0060 seconds
                  ZADV completed...       1.8674 seconds
                 HDIFF completed...       0.4836 seconds
              DECOUPLE completed...       0.3191 seconds
                  PHOT completed...       4.8540 seconds
               CLDPROC completed...       1.5485 seconds
                  CHEM completed...      33.4481 seconds
                  AERO completed...      19.2784 seconds
            Master Time Step
            Processing completed...      85.0959 seconds
 
      =--> Data Output completed...       0.1004 seconds
 
     Processing Day/Time [YYYYDDD:HHMMSS]: 2022183:220000
       Which is Equivalent to (UTC): 22:00:00 Saturday,  July 2, 2022
       Time-Step Length (HHMMSS): 000500
                 VDIFF completed...      20.3718 seconds
                COUPLE completed...       0.2595 seconds
                  HADV completed...       4.2174 seconds
                  ZADV completed...       1.8659 seconds
                 HDIFF completed...       0.4841 seconds
              DECOUPLE completed...       0.3176 seconds
                  PHOT completed...       4.8800 seconds
               CLDPROC completed...       1.4792 seconds
                  CHEM completed...      33.7322 seconds
                  AERO completed...      19.2819 seconds
            Master Time Step
            Processing completed...      86.8900 seconds
 
     Processing Day/Time [YYYYDDD:HHMMSS]: 2022183:220500
       Which is Equivalent to (UTC): 22:05:00 Saturday,  July 2, 2022
       Time-Step Length (HHMMSS): 000500
                 VDIFF completed...      19.0149 seconds
                COUPLE completed...       0.2553 seconds
                  HADV completed...       4.1133 seconds
                  ZADV completed...       1.8698 seconds
                 HDIFF completed...       0.4846 seconds
              DECOUPLE completed...       0.3177 seconds
                  PHOT completed...       4.8494 seconds
               CLDPROC completed...       1.5082 seconds
                  CHEM completed...      33.4682 seconds
                  AERO completed...      19.2537 seconds
            Master Time Step
            Processing completed...      85.1355 seconds
 
     Processing Day/Time [YYYYDDD:HHMMSS]: 2022183:221000
       Which is Equivalent to (UTC): 22:10:00 Saturday,  July 2, 2022
       Time-Step Length (HHMMSS): 000500
                 VDIFF completed...      18.7065 seconds
                COUPLE completed...       0.2597 seconds
                  HADV completed...       4.1135 seconds
                  ZADV completed...       1.8640 seconds
                 HDIFF completed...       0.4833 seconds
              DECOUPLE completed...       0.3186 seconds
                  PHOT completed...       4.8644 seconds
               CLDPROC completed...       1.5259 seconds
                  CHEM completed...      33.4194 seconds
                  AERO completed...      19.2556 seconds
            Master Time Step
            Processing completed...      84.8112 seconds
 
     Processing Day/Time [YYYYDDD:HHMMSS]: 2022183:221500
       Which is Equivalent to (UTC): 22:15:00 Saturday,  July 2, 2022
       Time-Step Length (HHMMSS): 000500
                 VDIFF completed...      18.7512 seconds
                COUPLE completed...       0.2525 seconds
                  HADV completed...       4.1102 seconds
                  ZADV completed...       1.8670 seconds
                 HDIFF completed...       0.4860 seconds
              DECOUPLE completed...       0.3174 seconds
                  PHOT completed...       4.8473 seconds
               CLDPROC completed...       1.5184 seconds
                  CHEM completed...      33.4167 seconds
                  AERO completed...      19.2156 seconds
            Master Time Step
            Processing completed...      84.7826 seconds
 
     Processing Day/Time [YYYYDDD:HHMMSS]: 2022183:222000
       Which is Equivalent to (UTC): 22:20:00 Saturday,  July 2, 2022
       Time-Step Length (HHMMSS): 000500
                 VDIFF completed...      18.0637 seconds
                COUPLE completed...       0.2591 seconds
                  HADV completed...       4.1218 seconds
                  ZADV completed...       1.8571 seconds
                 HDIFF completed...       0.4813 seconds
              DECOUPLE completed...       0.3171 seconds
                  PHOT completed...       4.8510 seconds
               CLDPROC completed...       1.5222 seconds
                  CHEM completed...      33.4524 seconds
                  AERO completed...      19.2658 seconds
            Master Time Step
            Processing completed...      84.1918 seconds
 
     Processing Day/Time [YYYYDDD:HHMMSS]: 2022183:222500
       Which is Equivalent to (UTC): 22:25:00 Saturday,  July 2, 2022
       Time-Step Length (HHMMSS): 000500
                 VDIFF completed...      18.3657 seconds
                COUPLE completed...       0.2569 seconds
                  HADV completed...       4.1142 seconds
                  ZADV completed...       1.8644 seconds
                 HDIFF completed...       0.4857 seconds
              DECOUPLE completed...       0.3184 seconds
                  PHOT completed...       4.8552 seconds
               CLDPROC completed...       1.5032 seconds
                  CHEM completed...      33.8289 seconds
                  AERO completed...      19.4990 seconds
            Master Time Step
            Processing completed...      85.0919 seconds
 
     Processing Day/Time [YYYYDDD:HHMMSS]: 2022183:223000
       Which is Equivalent to (UTC): 22:30:00 Saturday,  July 2, 2022
       Time-Step Length (HHMMSS): 000500
                 VDIFF completed...      18.0735 seconds
                COUPLE completed...       0.2560 seconds
                  HADV completed...       4.1327 seconds
                  ZADV completed...       1.8704 seconds
                 HDIFF completed...       0.4898 seconds
              DECOUPLE completed...       0.3233 seconds
                  PHOT completed...       4.8644 seconds
               CLDPROC completed...       1.5403 seconds
                  CHEM completed...      33.4846 seconds
                  AERO completed...      19.2558 seconds
            Master Time Step
            Processing completed...      84.2912 seconds
 
     Processing Day/Time [YYYYDDD:HHMMSS]: 2022183:223500
       Which is Equivalent to (UTC): 22:35:00 Saturday,  July 2, 2022
       Time-Step Length (HHMMSS): 000500
                 VDIFF completed...      18.5904 seconds
                COUPLE completed...       0.2554 seconds
                  HADV completed...       4.1118 seconds
                  ZADV completed...       1.8738 seconds
                 HDIFF completed...       0.4850 seconds
              DECOUPLE completed...       0.3192 seconds
                  PHOT completed...       4.8595 seconds
               CLDPROC completed...       1.5216 seconds
                  CHEM completed...      33.6796 seconds
                  AERO completed...      19.4735 seconds
            Master Time Step
            Processing completed...      85.1703 seconds
 
     Processing Day/Time [YYYYDDD:HHMMSS]: 2022183:224000
       Which is Equivalent to (UTC): 22:40:00 Saturday,  July 2, 2022
       Time-Step Length (HHMMSS): 000500
                 VDIFF completed...      18.8548 seconds
                COUPLE completed...       0.2672 seconds
                  HADV completed...       4.1532 seconds
                  ZADV completed...       1.8808 seconds
                 HDIFF completed...       0.4901 seconds
              DECOUPLE completed...       0.3256 seconds
                  PHOT completed...       4.8794 seconds
               CLDPROC completed...       1.5353 seconds
                  CHEM completed...      33.4137 seconds
                  AERO completed...      19.2269 seconds
            Master Time Step
            Processing completed...      85.0273 seconds
 
     Processing Day/Time [YYYYDDD:HHMMSS]: 2022183:224500
       Which is Equivalent to (UTC): 22:45:00 Saturday,  July 2, 2022
       Time-Step Length (HHMMSS): 000500
                 VDIFF completed...      18.1830 seconds
                COUPLE completed...       0.2560 seconds
                  HADV completed...       4.1102 seconds
                  ZADV completed...       1.8763 seconds
                 HDIFF completed...       0.4865 seconds
              DECOUPLE completed...       0.3211 seconds
                  PHOT completed...       4.8721 seconds
               CLDPROC completed...       1.5039 seconds
                  CHEM completed...      33.3347 seconds
                  AERO completed...      19.2067 seconds
            Master Time Step
            Processing completed...      84.1510 seconds
 
     Processing Day/Time [YYYYDDD:HHMMSS]: 2022183:225000
       Which is Equivalent to (UTC): 22:50:00 Saturday,  July 2, 2022
       Time-Step Length (HHMMSS): 000500
                 VDIFF completed...      17.6805 seconds
                COUPLE completed...       0.2615 seconds
                  HADV completed...       4.1420 seconds
                  ZADV completed...       1.9215 seconds
                 HDIFF completed...       0.4858 seconds
              DECOUPLE completed...       0.3211 seconds
                  PHOT completed...       5.0675 seconds
               CLDPROC completed...       1.5194 seconds
                  CHEM completed...      33.6362 seconds
                  AERO completed...      19.5617 seconds
            Master Time Step
            Processing completed...      84.5974 seconds
 
     Processing Day/Time [YYYYDDD:HHMMSS]: 2022183:225500
       Which is Equivalent to (UTC): 22:55:00 Saturday,  July 2, 2022
       Time-Step Length (HHMMSS): 000500
                 VDIFF completed...      17.8723 seconds
                COUPLE completed...       0.2631 seconds
                  HADV completed...       4.1175 seconds
                  ZADV completed...       1.8902 seconds
                 HDIFF completed...       0.4857 seconds
              DECOUPLE completed...       0.3187 seconds
                  PHOT completed...       4.8923 seconds
               CLDPROC completed...       1.6004 seconds
                  CHEM completed...      33.4266 seconds
                  AERO completed...      19.4163 seconds
            Master Time Step
            Processing completed...      84.2835 seconds
 
      =--> Data Output completed...       0.0997 seconds
 
     Processing Day/Time [YYYYDDD:HHMMSS]: 2022183:230000
       Which is Equivalent to (UTC): 23:00:00 Saturday,  July 2, 2022
       Time-Step Length (HHMMSS): 000500
                 VDIFF completed...      19.1437 seconds
                COUPLE completed...       0.2630 seconds
                  HADV completed...       4.4103 seconds
                  ZADV completed...       1.9869 seconds
                 HDIFF completed...       0.4941 seconds
              DECOUPLE completed...       0.3315 seconds
                  PHOT completed...       4.8857 seconds
               CLDPROC completed...       1.4677 seconds
                  CHEM completed...      33.6662 seconds
                  AERO completed...      19.3613 seconds
            Master Time Step
            Processing completed...      86.0109 seconds
 
     Processing Day/Time [YYYYDDD:HHMMSS]: 2022183:230500
       Which is Equivalent to (UTC): 23:05:00 Saturday,  July 2, 2022
       Time-Step Length (HHMMSS): 000500
                 VDIFF completed...      17.5262 seconds
                COUPLE completed...       0.2692 seconds
                  HADV completed...       4.3736 seconds
                  ZADV completed...       1.8850 seconds
                 HDIFF completed...       0.4872 seconds
              DECOUPLE completed...       0.3205 seconds
                  PHOT completed...       4.8576 seconds
               CLDPROC completed...       1.4647 seconds
                  CHEM completed...      32.9859 seconds
                  AERO completed...      19.2094 seconds
            Master Time Step
            Processing completed...      83.3796 seconds
 
     Processing Day/Time [YYYYDDD:HHMMSS]: 2022183:231000
       Which is Equivalent to (UTC): 23:10:00 Saturday,  July 2, 2022
       Time-Step Length (HHMMSS): 000500
                 VDIFF completed...      17.4185 seconds
                COUPLE completed...       0.2584 seconds
                  HADV completed...       4.2366 seconds
                  ZADV completed...       1.8806 seconds
                 HDIFF completed...       0.4839 seconds
              DECOUPLE completed...       0.3177 seconds
                  PHOT completed...       4.8503 seconds
               CLDPROC completed...       1.4756 seconds
                  CHEM completed...      33.0174 seconds
                  AERO completed...      19.1997 seconds
            Master Time Step
            Processing completed...      83.1392 seconds
 
     Processing Day/Time [YYYYDDD:HHMMSS]: 2022183:231500
       Which is Equivalent to (UTC): 23:15:00 Saturday,  July 2, 2022
       Time-Step Length (HHMMSS): 000500
                 VDIFF completed...      17.1767 seconds
                COUPLE completed...       0.2675 seconds
                  HADV completed...       4.2289 seconds
                  ZADV completed...       1.8832 seconds
                 HDIFF completed...       0.4873 seconds
              DECOUPLE completed...       0.3192 seconds
                  PHOT completed...       4.8572 seconds
               CLDPROC completed...       1.4802 seconds
                  CHEM completed...      32.7740 seconds
                  AERO completed...      19.1531 seconds
            Master Time Step
            Processing completed...      82.6276 seconds
 
     Processing Day/Time [YYYYDDD:HHMMSS]: 2022183:232000
       Which is Equivalent to (UTC): 23:20:00 Saturday,  July 2, 2022
       Time-Step Length (HHMMSS): 000500
                 VDIFF completed...      16.9321 seconds
                COUPLE completed...       0.2567 seconds
                  HADV completed...       4.2374 seconds
                  ZADV completed...       1.8810 seconds
                 HDIFF completed...       0.4882 seconds
              DECOUPLE completed...       0.3238 seconds
                  PHOT completed...       4.8559 seconds
               CLDPROC completed...       1.4828 seconds
                  CHEM completed...      32.6598 seconds
                  AERO completed...      19.1541 seconds
            Master Time Step
            Processing completed...      82.2721 seconds
 
     Processing Day/Time [YYYYDDD:HHMMSS]: 2022183:232500
       Which is Equivalent to (UTC): 23:25:00 Saturday,  July 2, 2022
       Time-Step Length (HHMMSS): 000500
                 VDIFF completed...      16.8511 seconds
                COUPLE completed...       0.2603 seconds
                  HADV completed...       4.2250 seconds
                  ZADV completed...       1.8835 seconds
                 HDIFF completed...       0.4857 seconds
              DECOUPLE completed...       0.3192 seconds
                  PHOT completed...       4.8547 seconds
               CLDPROC completed...       1.4678 seconds
                  CHEM completed...      32.6029 seconds
                  AERO completed...      19.1904 seconds
            Master Time Step
            Processing completed...      82.1411 seconds
 
     Processing Day/Time [YYYYDDD:HHMMSS]: 2022183:233000
       Which is Equivalent to (UTC): 23:30:00 Saturday,  July 2, 2022
       Time-Step Length (HHMMSS): 000500
                 VDIFF completed...      16.8554 seconds
                COUPLE completed...       0.2600 seconds
                  HADV completed...       4.2296 seconds
                  ZADV completed...       1.8809 seconds
                 HDIFF completed...       0.4855 seconds
              DECOUPLE completed...       0.3285 seconds
                  PHOT completed...       4.8586 seconds
               CLDPROC completed...       1.4677 seconds
                  CHEM completed...      32.3723 seconds
                  AERO completed...      19.1320 seconds
            Master Time Step
            Processing completed...      81.8711 seconds
 
     Processing Day/Time [YYYYDDD:HHMMSS]: 2022183:233500
       Which is Equivalent to (UTC): 23:35:00 Saturday,  July 2, 2022
       Time-Step Length (HHMMSS): 000500
                 VDIFF completed...      16.6492 seconds
                COUPLE completed...       0.2606 seconds
                  HADV completed...       4.2455 seconds
                  ZADV completed...       1.8972 seconds
                 HDIFF completed...       0.4878 seconds
              DECOUPLE completed...       0.3212 seconds
                  PHOT completed...       4.8746 seconds
               CLDPROC completed...       1.4721 seconds
                  CHEM completed...      32.1908 seconds
                  AERO completed...      19.1080 seconds
            Master Time Step
            Processing completed...      81.5073 seconds
 
     Processing Day/Time [YYYYDDD:HHMMSS]: 2022183:234000
       Which is Equivalent to (UTC): 23:40:00 Saturday,  July 2, 2022
       Time-Step Length (HHMMSS): 000500
                 VDIFF completed...      17.3110 seconds
                COUPLE completed...       0.2578 seconds
                  HADV completed...       4.2205 seconds
                  ZADV completed...       1.8857 seconds
                 HDIFF completed...       0.4844 seconds
              DECOUPLE completed...       0.3175 seconds
                  PHOT completed...       4.8307 seconds
               CLDPROC completed...       1.4673 seconds
                  CHEM completed...      32.1314 seconds
                  AERO completed...      19.1001 seconds
            Master Time Step
            Processing completed...      82.0067 seconds
 
     Processing Day/Time [YYYYDDD:HHMMSS]: 2022183:234500
       Which is Equivalent to (UTC): 23:45:00 Saturday,  July 2, 2022
       Time-Step Length (HHMMSS): 000500
                 VDIFF completed...      16.6198 seconds
                COUPLE completed...       0.2596 seconds
                  HADV completed...       4.2114 seconds
                  ZADV completed...       1.8851 seconds
                 HDIFF completed...       0.4903 seconds
              DECOUPLE completed...       0.3220 seconds
                  PHOT completed...       4.7209 seconds
               CLDPROC completed...       1.4602 seconds
                  CHEM completed...      32.0410 seconds
                  AERO completed...      19.1286 seconds
            Master Time Step
            Processing completed...      81.1391 seconds
 
     Processing Day/Time [YYYYDDD:HHMMSS]: 2022183:235000
       Which is Equivalent to (UTC): 23:50:00 Saturday,  July 2, 2022
       Time-Step Length (HHMMSS): 000500
                 VDIFF completed...      16.7090 seconds
                COUPLE completed...       0.2556 seconds
                  HADV completed...       4.2247 seconds
                  ZADV completed...       1.8931 seconds
                 HDIFF completed...       0.4854 seconds
              DECOUPLE completed...       0.3177 seconds
                  PHOT completed...       4.5767 seconds
               CLDPROC completed...       1.4405 seconds
                  CHEM completed...      31.7297 seconds
                  AERO completed...      19.0961 seconds
            Master Time Step
            Processing completed...      80.7289 seconds
 
     Processing Day/Time [YYYYDDD:HHMMSS]: 2022183:235500
       Which is Equivalent to (UTC): 23:55:00 Saturday,  July 2, 2022
       Time-Step Length (HHMMSS): 000500
                 VDIFF completed...      16.5875 seconds
                COUPLE completed...       0.2587 seconds
                  HADV completed...       4.2248 seconds
                  ZADV completed...       1.8989 seconds
                 HDIFF completed...       0.4897 seconds
              DECOUPLE completed...       0.3204 seconds
                  PHOT completed...       4.4381 seconds
               CLDPROC completed...       1.4924 seconds
                  CHEM completed...      31.1144 seconds
                  AERO completed...      19.1107 seconds
            Master Time Step
            Processing completed...      79.9361 seconds
 
      =--> Data Output completed...       0.1001 seconds
 
 
 
     ==============================================
     |>---   PROGRAM COMPLETED SUCCESSFULLY   ---<|
     ==============================================
     Date and time 0:00:00   July 3, 2022   (2022184:000000)
 
     The elapsed time for this simulation was   22693.4 seconds.
 

CMAQ Processing of Day 20220702 Finished at Sat Aug 15 10:31:11 AM EDT 2026

\\\\\=====\\\\\=====\\\\\=====\\\\\=====/////=====/////=====/////=====/////


==================================
  ***** CMAQ TIMING REPORT *****
==================================
Start Day: 2022-07-01
End Day:   2022-07-02
Number of Simulation Days: 2
Domain Name:               SE60BENCH
Number of Grid Cells:      280000  (ROW x COL x LAY)
Number of Layers:          35
Number of Processes:       16
   All times are in seconds.

Num  Day        Wall Time
01   2022-07-01   22193.6
02   2022-07-02   22693.4
     Total Time = 44887.00
      Avg. Time = 22443.50
