Start Model Run At  Tue Aug 18 01:25:52 PM EDT 2026
Compiler is set to intel

Working Directory is /proj/ie/proj/CMAS/CMASOps2026/CMAQ_CMAS_6/intelmpi_intel_2024_redo/CCTM/scripts
Build Directory is /proj/ie/proj/CMAS/CMASOps2026/CMAQ_CMAS_6/intelmpi_intel_2024_redo/CCTM/scripts/BLD_CCTM_v6_intel
Output Directory is /work/users/l/i/lizadams/CMAQv6.0_2022_12SE1_Benchmark_2day//output_CCTM_v6_intel_Bench_2022_12SE1_1node_64pe
Log Directory is /work/users/l/i/lizadams/CMAQv6.0_2022_12SE1_Benchmark_2day//output_CCTM_v6_intel_Bench_2022_12SE1_1node_64pe/LOGS
Executable Name is CCTM_v6.exe

---CMAQ EXECUTION ID: CMAQ_CCTMv6_lizadams_20260818_172556_986243966 ---

Set up input and output files for Day 2022-07-01.

Existing Logs and Output Files for Day 2022-07-01 Will Be Deleted
rm: No match.

CMAQ Processing of Day 20220701 Began at Tue Aug 18 01:26:07 PM EDT 2026

MPI startup(): I_MPI_VARS_SET environment variable is not supported.
MPI startup(): To check the list of supported variables, use the impi_info utility or refer to https://www.intel.com/content/www/us/en/docs/mpi-library/developer-reference-linux/
                  CTM_APPL  |  v6_intel_Bench_2022_12SE1_1node_64pe_20220701
#================================================================================#        
#|                                                                              |#        
#|               The Community Multiscale Air Quality (CMAQ) Model              |#        
#|                                  Version 6.0_alpha1                          |#        
#|                                                                              |#        
#|                          Built and Maintained by the                         |#        
#|                        Office of Research and Development                    |#        
#|                   United States Environmental Protection Agency              |#        
#|                                                                              |#        
#|                            https://www.epa.gov/cmaq                          |#        
#|                                                                              |#        
#|       Source Code:   https://www.github.com/USEPA/cmaq/tree/master           |#        
#|       Documentation: https://www.github.com/USEPA/cmaq/tree/master/DOCS      |#        
#|                                                                              |#        
#|         The CMAQ Model is tested and released with cooperation from          |#        
#|         the Community Modeling and Analysis System (CMAS) Center via         |#        
#|         contract support. CMAS is managed by the Institute for the           |#        
#|         Environment, University of North Carolina at Chapel Hill.            |#        
#|         CMAS URL: (https://www.cmascenter.org)                               |#        
#|                                                                              |#        
#================================================================================#        
 
 
     ==================================
     |>---   INITIALIZE I/O-API   ---<|
     ==================================
                                                                     
     This program uses the EPA-AREAL/MCNC-EnvPgms/BAMS/ UNC IE       
     Models-3 I/O Applications Programming Interface, [I/O API]      
     which is built on top of the netCDF I/O library (Copyright      
     993, 1996 University Corporation for Atmospheric Research       
     Unidata Program) and the PVM parallel-programming library       
     (from Oak Ridge National Laboratory).                           
     Copyright (C) 1992-2002 MCNC,                                   
     (C) 1992-2018 Carlie J. Coats, Jr.,                             
     (C) 2003-2012 Baron Advanced Meteorological Systems, LLC, and   
     (C) 2014-2023 UNC Institute for the Environment.                
     Released under the GNU LGPL  License, version 2.1.  See URL     
                                                                     
         https://www.gnu.org/licenses/old-licenses/lgpl-2.1.html     
                                                                     
     for conditions of use.                                          
                                                                     
     ioapi-3.2: $Id: init3.F90 247 2023-03-22 15:59:19Z coats $
     netCDF version 4.8.1 of Aug 13 2026 10:00:20 $
      
 
 
     ===========================================
     |>---   ENVIRONMENT VARIABLE REPORT   ---<|
     ===========================================

     |> Grid and High-Level Model Parameters:
     +=========================================
        ---Env Variable---  |  ---Value---
      --------------------------------------------------------------------------------
                       BLD  |             (default)
                    OUTDIR  |  /work/users/l/i/lizadams/CMAQv6.0_2022_12SE1_Benchmark_2day//output_CCTM_v6_intel_Bench_2022_12SE1_1node_64pe
                 NEW_START  |           T
            IGNORE_SOILINP  |           F (default)
              EXECUTION_ID  |  CMAQ_CCTMv6_lizadams_20260818_172556_986243966
                 GRID_NAME  |  SE60BENCH
                 CTM_TSTEP  |       10000
                CTM_RUNLEN  |      240000
              CTM_PROGNAME  |  DRIVER (default)
                CTM_STDATE  |     2022182
                CTM_STTIME  |           0
               NPCOL_NPROW  |  8 8
               CTM_MAXSYNC  |         300
               CTM_MINSYNC  |          60

     |> Multiprocess control, output and error checking:
     +====================================================
        ---Env Variable---  |  ---Value---
      --------------------------------------------------------------------------------
           PRINT_PROC_TIME  |           T
               FL_ERR_STOP  |           F
              CTM_MIO_FILE  |           F (default)
                 CTM_CKSUM  |           T
          AVG_FILE_ENDTIME  |           F
             AVG_CONC_SPCS  |  ALL
                 CONC_SPCS  |  O3 NO ANO3I ANO3J NO2 NH3 ANH4I ANH4J ASO4I ASO4J
           ACONC_BLEV_ELEV  |   1 1
            CONC_BLEV_ELEV  |   1 1
           IOAPI_LOG_WRITE  |           F
                   VERTEXT  |           F
        VERTEXT_COORD_PATH  |  /proj/ie/proj/CMAS/CMASOps2026/CMAQ_CMAS_6/intelmpi_intel_2024_redo/CCTM/scripts/lonlat.csv
             gc_matrix_nml  |  /proj/ie/proj/CMAS/CMASOps2026/CMAQ_CMAS_6/intelmpi_intel_2024_redo/CCTM/scripts/BLD_CCTM_v6_intel/GC_cracmm3.nml
             ae_matrix_nml  |  /proj/ie/proj/CMAS/CMASOps2026/CMAQ_CMAS_6/intelmpi_intel_2024_redo/CCTM/scripts/BLD_CCTM_v6_intel/AE_cracmm3.nml
             nr_matrix_nml  |  /proj/ie/proj/CMAS/CMASOps2026/CMAQ_CMAS_6/intelmpi_intel_2024_redo/CCTM/scripts/BLD_CCTM_v6_intel/NR_cracmm3.nml
             tr_matrix_nml  |  /proj/ie/proj/CMAS/CMASOps2026/CMAQ_CMAS_6/intelmpi_intel_2024_redo/CCTM/scripts/BLD_CCTM_v6_intel/Species_Table_TR_0.nml

     |> Chemistry and Photolysis:
     +=============================
        ---Env Variable---  |  ---Value---
      --------------------------------------------------------------------------------
                      MECH  |  cracmm3
              CTM_PHOTDIAG  |           F
            AEROSOL_OPTICS  |           3

      --ATOL settings are in ppmV.--

             GEAR_MAX_ATOL  |   0.100E-06 (default)
             GEAR_MIN_ATOL  |   0.100E-08 (default)
           GEAR_CONC_FLOOR  |   0.100E-11 (default)
                 GEAR_RTOL  |   0.100E-02 (default)
                   RB_RTOL  |   0.100E-02 (default)
                   RB_ATOL  |   0.100E-06 (default)
                  CTM_PVO3  |           F

     |> Aerosols:
     +=============
        ---Env Variable---  |  ---Value---
      --------------------------------------------------------------------------------
                   AERO_MT  |  HYB
            AERO_DYN_TSTEP  |          90
             BC_AERO_M2WET  |           F
             BC_AERO_M2USE  |           T
              STM_SO4TRACK  |           F

     |> Cloud Processes:
     +====================
        ---Env Variable---  |  ---Value---
      --------------------------------------------------------------------------------
                  CLD_DIAG  |           F

     |> Air-Surface Exchange Processes:
     +===================================
        ---Env Variable---  |  ---Value---
      --------------------------------------------------------------------------------
                PX_VERSION  |           T
                CTM_ABFLUX  |           T
                CTM_MOSAIC  |           F
              CTM_SFC_HONO  |           T
               CLM_VERSION  |           F
              NOAH_VERSION  |           F
             CTM_DEPV_FILE  |           F
                CTM_HGBIDI  |           F
         CTM_BIDI_FERT_NH3  |           T
             CTM_USE_STAGE  |           T
           CTM_WBDUST_BELD  |  UNKNOWN (default)
             STAGECTRL_NML  |  /proj/ie/proj/CMAS/CMASOps2026/CMAQ_CMAS_6/intelmpi_intel_2024_redo/CCTM/scripts/BLD_CCTM_v6_intel/CMAQ_Control_STAGE.nml
             CTM_STAGE_P22  |           F
             CTM_STAGE_E20  |           T
             CTM_STAGE_S22  |           F

     |> Transport Processes:
     +========================
        ---Env Variable---  |  ---Value---
      --------------------------------------------------------------------------------
           VDIFF_DIAG_FILE  |           F
            SIGMA_SYNC_TOP  |   0.700E+00
              ADV_HDIV_LIM  |   0.900E+00 (default)
               CTM_ADV_CFL  |   0.950E+00
                     KZMIN  |           T
                KZU_CUSTOM  |   0.100E+01 (default)
                  CTM_WVEL  |           T
             CTM_GRAV_SETL  |           T

     |> Emissions Parameters:
     +=========================
        ---Env Variable---  |  ---Value---
      --------------------------------------------------------------------------------
             CMAQ_CTRL_NML  |  /proj/ie/proj/CMAS/CMASOps2026/CMAQ_CMAS_6/intelmpi_intel_2024_redo/CCTM/scripts/BLD_CCTM_v6_intel/CMAQ_Control.nml
          CMAQ_CH_CTRL_NML  |  /proj/ie/proj/CMAS/CMASOps2026/CMAQ_CMAS_6/intelmpi_intel_2024_redo/CCTM/scripts/BLD_CCTM_v6_intel/CMAQ_Chem_Control_cracmm3.nml
                 N_EMIS_GR  |           2
                 N_EMIS_TR  |           0 (default)
               CTM_EMISCHK  |           F
           CTM_BIOGEMIS_BE  |           T
           CTM_BIOGEMIS_MG  |           F
             USE_MEGAN_LAI  |           F (default)
              MGN_ONLN_DEP  |           F (default)
               BDSNP_MEGAN  |           F
                USE_SEGA_N  |           F
             USE_SEGA_N_EF  |           F
                 BIOG_SPRO  |  DEFAULT (default)
                B3GTS_DIAG  |           F
              CTM_MGEMDIAG  |           F (default)
            CTM_OCEAN_CHEM  |           T
               CTM_WB_DUST  |           T
             CTM_BROWN_VEG  |           T
           CTM_DUSTEM_DIAG  |           F
              CTM_SSEMDIAG  |           F
              CTM_MET_EMIS  |           F (default)
         CTM_MET_EMIS_DIAG  |           F (default)
          CTM_MET_EMIS_HUM  |           F (default)
            CTM_LNO_ONLINE  |           T
             LTNG_ASSIM_DT  |           0 (default)
             USE_LTNG_DATA  |           T
                  LTNGDIAG  |           F
                   MOLSNCG  |   0.350E+03 (default)
                   MOLSNIC  |   0.350E+03 (default)
                LNO_OPTION  |           1
                 N_EMIS_PT  |          11
                    IPVERT  |           0 (default)
             EMIS_SYM_DATE  |           F (default)

     |> Process Analysis Parameters:
     +================================
        ---Env Variable---  |  ---Value---
      --------------------------------------------------------------------------------
                CTM_PROCAN  |           F
                CTM_BUDGET  |  /work/users/l/i/lizadams/CMAQv6.0_2022_12SE1_Benchmark_2day//output_CCTM_v6_intel_Bench_2022_12SE1_1node_64pe/CCTM_BUDGET_v6_intel_Bench_2022_12SE1_1node_64pe_20220701.txt -v
                 MET_TSTEP  |       10000 (default)

     MET data determined based on WRF ARW version 4.4.2

 
          -=-  MPP Processor-to-Subdomain Map  -=-
                 Number of Processors =  64
    ____________________________________________________
    |                                                  |
    |  PE    #Cols    Col_Range     #Rows    Row_Range |
    |__________________________________________________|
    |                                                  |
    |  0       13      1:  13         10      1:  10   |
    |  1       13     14:  26         10      1:  10   |
    |  2       13     27:  39         10      1:  10   |
    |  3       13     40:  52         10      1:  10   |
    |  4       12     53:  64         10      1:  10   |
    |  5       12     65:  76         10      1:  10   |
    |  6       12     77:  88         10      1:  10   |
    |  7       12     89: 100         10      1:  10   |
    |  8       13      1:  13         10     11:  20   |
    |  9       13     14:  26         10     11:  20   |
    | 10       13     27:  39         10     11:  20   |
    | 11       13     40:  52         10     11:  20   |
    | 12       12     53:  64         10     11:  20   |
    | 13       12     65:  76         10     11:  20   |
    | 14       12     77:  88         10     11:  20   |
    | 15       12     89: 100         10     11:  20   |
    | 16       13      1:  13         10     21:  30   |
    | 17       13     14:  26         10     21:  30   |
    | 18       13     27:  39         10     21:  30   |
    | 19       13     40:  52         10     21:  30   |
    | 20       12     53:  64         10     21:  30   |
    | 21       12     65:  76         10     21:  30   |
    | 22       12     77:  88         10     21:  30   |
    | 23       12     89: 100         10     21:  30   |
    | 24       13      1:  13         10     31:  40   |
    | 25       13     14:  26         10     31:  40   |
    | 26       13     27:  39         10     31:  40   |
    | 27       13     40:  52         10     31:  40   |
    | 28       12     53:  64         10     31:  40   |
    | 29       12     65:  76         10     31:  40   |
    | 30       12     77:  88         10     31:  40   |
    | 31       12     89: 100         10     31:  40   |
    | 32       13      1:  13         10     41:  50   |
    | 33       13     14:  26         10     41:  50   |
    | 34       13     27:  39         10     41:  50   |
    | 35       13     40:  52         10     41:  50   |
    | 36       12     53:  64         10     41:  50   |
    | 37       12     65:  76         10     41:  50   |
    | 38       12     77:  88         10     41:  50   |
    | 39       12     89: 100         10     41:  50   |
    | 40       13      1:  13         10     51:  60   |
    | 41       13     14:  26         10     51:  60   |
    | 42       13     27:  39         10     51:  60   |
    | 43       13     40:  52         10     51:  60   |
    | 44       12     53:  64         10     51:  60   |
    | 45       12     65:  76         10     51:  60   |
    | 46       12     77:  88         10     51:  60   |
    | 47       12     89: 100         10     51:  60   |
    | 48       13      1:  13         10     61:  70   |
    | 49       13     14:  26         10     61:  70   |
    | 50       13     27:  39         10     61:  70   |
    | 51       13     40:  52         10     61:  70   |
    | 52       12     53:  64         10     61:  70   |
    | 53       12     65:  76         10     61:  70   |
    | 54       12     77:  88         10     61:  70   |
    | 55       12     89: 100         10     61:  70   |
    | 56       13      1:  13         10     71:  80   |
    | 57       13     14:  26         10     71:  80   |
    | 58       13     27:  39         10     71:  80   |
    | 59       13     40:  52         10     71:  80   |
    | 60       12     53:  64         10     71:  80   |
    | 61       12     65:  76         10     71:  80   |
    | 62       12     77:  88         10     71:  80   |
    | 63       12     89: 100         10     71:  80   |
    |__________________________________________________|
 
 
 
     ================================
     |>---   TIME INTEGRATION   ---<|
     ================================
 
     Processing Day/Time [YYYYDDD:HHMMSS]: 2022182:000000
       Which is Equivalent to (UTC): 0:00:00  Friday,  July 1, 2022
       Time-Step Length (HHMMSS): 000500
                 VDIFF completed...       5.5440 seconds
                COUPLE completed...       0.3928 seconds
                  HADV completed...       0.5416 seconds
                  ZADV completed...       0.0179 seconds
                 HDIFF completed...       0.4188 seconds
              DECOUPLE completed...       0.0026 seconds
                  PHOT completed...      27.4148 seconds
               CLDPROC completed...       0.0085 seconds
                  CHEM completed...       0.3637 seconds
                  AERO completed...       0.6094 seconds
            Master Time Step
            Processing completed...      35.5492 seconds
 
     Processing Day/Time [YYYYDDD:HHMMSS]: 2022182:000500
       Which is Equivalent to (UTC): 0:05:00  Friday,  July 1, 2022
       Time-Step Length (HHMMSS): 000500
                 VDIFF completed...       0.1247 seconds
                COUPLE completed...       0.0026 seconds
                  HADV completed...       0.0945 seconds
                  ZADV completed...       0.0172 seconds
                 HDIFF completed...       0.0085 seconds
              DECOUPLE completed...       0.0026 seconds
                  PHOT completed...       0.0384 seconds
               CLDPROC completed...       0.0060 seconds
                  CHEM completed...       0.2968 seconds
                  AERO completed...       0.1749 seconds
            Master Time Step
            Processing completed...       0.7685 seconds
 
     Processing Day/Time [YYYYDDD:HHMMSS]: 2022182:001000
       Which is Equivalent to (UTC): 0:10:00  Friday,  July 1, 2022
       Time-Step Length (HHMMSS): 000500
                 VDIFF completed...       0.1111 seconds
                COUPLE completed...       0.0025 seconds
                  HADV completed...       0.0779 seconds
                  ZADV completed...       0.0173 seconds
                 HDIFF completed...       0.0085 seconds
              DECOUPLE completed...       0.0026 seconds
                  PHOT completed...       0.0381 seconds
               CLDPROC completed...       0.0055 seconds
                  CHEM completed...       0.2943 seconds
                  AERO completed...       0.1741 seconds
            Master Time Step
            Processing completed...       0.7341 seconds
 
     Processing Day/Time [YYYYDDD:HHMMSS]: 2022182:001500
       Which is Equivalent to (UTC): 0:15:00  Friday,  July 1, 2022
       Time-Step Length (HHMMSS): 000500
                 VDIFF completed...       0.1145 seconds
                COUPLE completed...       0.0025 seconds
                  HADV completed...       0.0714 seconds
                  ZADV completed...       0.0173 seconds
                 HDIFF completed...       0.0084 seconds
              DECOUPLE completed...       0.0026 seconds
                  PHOT completed...       0.0377 seconds
               CLDPROC completed...       0.0058 seconds
                  CHEM completed...       0.2962 seconds
                  AERO completed...       0.1737 seconds
            Master Time Step
            Processing completed...       0.7326 seconds
 
     Processing Day/Time [YYYYDDD:HHMMSS]: 2022182:002000
       Which is Equivalent to (UTC): 0:20:00  Friday,  July 1, 2022
       Time-Step Length (HHMMSS): 000500
                 VDIFF completed...       0.1143 seconds
                COUPLE completed...       0.0025 seconds
                  HADV completed...       0.0745 seconds
                  ZADV completed...       0.0172 seconds
                 HDIFF completed...       0.0078 seconds
              DECOUPLE completed...       0.0026 seconds
                  PHOT completed...       0.0381 seconds
               CLDPROC completed...       0.0045 seconds
                  CHEM completed...       0.2968 seconds
                  AERO completed...       0.1744 seconds
            Master Time Step
            Processing completed...       0.7348 seconds
 
     Processing Day/Time [YYYYDDD:HHMMSS]: 2022182:002500
       Which is Equivalent to (UTC): 0:25:00  Friday,  July 1, 2022
       Time-Step Length (HHMMSS): 000500
                 VDIFF completed...       0.1108 seconds
                COUPLE completed...       0.0025 seconds
                  HADV completed...       0.0734 seconds
                  ZADV completed...       0.0172 seconds
                 HDIFF completed...       0.0084 seconds
              DECOUPLE completed...       0.0026 seconds
                  PHOT completed...       0.0323 seconds
               CLDPROC completed...       0.0043 seconds
                  CHEM completed...       0.2970 seconds
                  AERO completed...       0.1759 seconds
            Master Time Step
            Processing completed...       0.7269 seconds
 
     Processing Day/Time [YYYYDDD:HHMMSS]: 2022182:003000
       Which is Equivalent to (UTC): 0:30:00  Friday,  July 1, 2022
       Time-Step Length (HHMMSS): 000500
                 VDIFF completed...       0.1047 seconds
                COUPLE completed...       0.0025 seconds
                  HADV completed...       0.0722 seconds
                  ZADV completed...       0.0174 seconds
                 HDIFF completed...       0.0083 seconds
              DECOUPLE completed...       0.0026 seconds
                  PHOT completed...       0.0244 seconds
               CLDPROC completed...       0.0056 seconds
                  CHEM completed...       0.2604 seconds
                  AERO completed...       0.1744 seconds
            Master Time Step
            Processing completed...       0.6749 seconds
 
     Processing Day/Time [YYYYDDD:HHMMSS]: 2022182:003500
       Which is Equivalent to (UTC): 0:35:00  Friday,  July 1, 2022
       Time-Step Length (HHMMSS): 000500
                 VDIFF completed...       0.1037 seconds
                COUPLE completed...       0.0025 seconds
                  HADV completed...       0.0858 seconds
                  ZADV completed...       0.0174 seconds
                 HDIFF completed...       0.0082 seconds
              DECOUPLE completed...       0.0026 seconds
                  PHOT completed...       0.0247 seconds
               CLDPROC completed...       0.0062 seconds
                  CHEM completed...       0.2103 seconds
                  AERO completed...       0.1740 seconds
            Master Time Step
            Processing completed...       0.6377 seconds
 
     Processing Day/Time [YYYYDDD:HHMMSS]: 2022182:004000
       Which is Equivalent to (UTC): 0:40:00  Friday,  July 1, 2022
       Time-Step Length (HHMMSS): 000500
                 VDIFF completed...       0.1030 seconds
                COUPLE completed...       0.0026 seconds
                  HADV completed...       0.1224 seconds
                  ZADV completed...       0.0173 seconds
                 HDIFF completed...       0.0087 seconds
              DECOUPLE completed...       0.0026 seconds
                  PHOT completed...       0.0247 seconds
               CLDPROC completed...       0.0047 seconds
                  CHEM completed...       0.1833 seconds
                  AERO completed...       0.1732 seconds
            Master Time Step
            Processing completed...       0.6449 seconds
 
     Processing Day/Time [YYYYDDD:HHMMSS]: 2022182:004500
       Which is Equivalent to (UTC): 0:45:00  Friday,  July 1, 2022
       Time-Step Length (HHMMSS): 000500
                 VDIFF completed...       0.1042 seconds
                COUPLE completed...       0.0025 seconds
                  HADV completed...       0.1397 seconds
                  ZADV completed...       0.0172 seconds
                 HDIFF completed...       0.0082 seconds
              DECOUPLE completed...       0.0026 seconds
                  PHOT completed...       0.0250 seconds
               CLDPROC completed...       0.0044 seconds
                  CHEM completed...       0.1686 seconds
                  AERO completed...       0.1736 seconds
            Master Time Step
            Processing completed...       0.6484 seconds
 
     Processing Day/Time [YYYYDDD:HHMMSS]: 2022182:005000
       Which is Equivalent to (UTC): 0:50:00  Friday,  July 1, 2022
       Time-Step Length (HHMMSS): 000500
                 VDIFF completed...       0.1059 seconds
                COUPLE completed...       0.0026 seconds
                  HADV completed...       0.1111 seconds
                  ZADV completed...       0.0173 seconds
                 HDIFF completed...       0.0076 seconds
              DECOUPLE completed...       0.0026 seconds
                  PHOT completed...       0.0187 seconds
               CLDPROC completed...       0.0045 seconds
                  CHEM completed...       0.1618 seconds
                  AERO completed...       0.1767 seconds
            Master Time Step
            Processing completed...       0.6109 seconds
 
     Processing Day/Time [YYYYDDD:HHMMSS]: 2022182:005500
       Which is Equivalent to (UTC): 0:55:00  Friday,  July 1, 2022
       Time-Step Length (HHMMSS): 000500
                 VDIFF completed...       0.1893 seconds
                COUPLE completed...       0.0025 seconds
                  HADV completed...       0.0741 seconds
                  ZADV completed...       0.0174 seconds
                 HDIFF completed...       0.0086 seconds
              DECOUPLE completed...       0.0026 seconds
                  PHOT completed...       0.0056 seconds
               CLDPROC completed...       0.2436 seconds
                  CHEM completed...       0.1531 seconds
                  AERO completed...       0.1775 seconds
            Master Time Step
            Processing completed...       0.8770 seconds
 
      =--> Data Output completed...       0.7772 seconds
 
     Processing Day/Time [YYYYDDD:HHMMSS]: 2022182:010000
       Which is Equivalent to (UTC): 1:00:00  Friday,  July 1, 2022
       Time-Step Length (HHMMSS): 000500
                 VDIFF completed...       0.3661 seconds
                COUPLE completed...       0.0025 seconds
                  HADV completed...       0.1884 seconds
                  ZADV completed...       0.0174 seconds
                 HDIFF completed...       0.0080 seconds
              DECOUPLE completed...       0.0026 seconds
                  PHOT completed...       0.0060 seconds
               CLDPROC completed...       0.0077 seconds
                  CHEM completed...       0.1496 seconds
                  AERO completed...       0.1728 seconds
            Master Time Step
            Processing completed...       0.9232 seconds
 
     Processing Day/Time [YYYYDDD:HHMMSS]: 2022182:010500
       Which is Equivalent to (UTC): 1:05:00  Friday,  July 1, 2022
       Time-Step Length (HHMMSS): 000500
                 VDIFF completed...       0.1192 seconds
                COUPLE completed...       0.0025 seconds
                  HADV completed...       0.0959 seconds
                  ZADV completed...       0.0173 seconds
                 HDIFF completed...       0.0090 seconds
              DECOUPLE completed...       0.0026 seconds
                  PHOT completed...       0.0027 seconds
               CLDPROC completed...       0.0087 seconds
                  CHEM completed...       0.1449 seconds
                  AERO completed...       0.1731 seconds
            Master Time Step
            Processing completed...       0.5782 seconds
 
     Processing Day/Time [YYYYDDD:HHMMSS]: 2022182:011000
       Which is Equivalent to (UTC): 1:10:00  Friday,  July 1, 2022
       Time-Step Length (HHMMSS): 000500
                 VDIFF completed...       0.1220 seconds
                COUPLE completed...       0.0025 seconds
                  HADV completed...       0.0954 seconds
                  ZADV completed...       0.0172 seconds
                 HDIFF completed...       0.0079 seconds
              DECOUPLE completed...       0.0026 seconds
                  PHOT completed...       0.0049 seconds
               CLDPROC completed...       0.0088 seconds
                  CHEM completed...       0.1424 seconds
                  AERO completed...       0.1725 seconds
            Master Time Step
            Processing completed...       0.5787 seconds
 
     Processing Day/Time [YYYYDDD:HHMMSS]: 2022182:011500
       Which is Equivalent to (UTC): 1:15:00  Friday,  July 1, 2022
       Time-Step Length (HHMMSS): 000500
                 VDIFF completed...       0.1151 seconds
                COUPLE completed...       0.0025 seconds
                  HADV completed...       0.0960 seconds
                  ZADV completed...       0.0173 seconds
                 HDIFF completed...       0.0081 seconds
              DECOUPLE completed...       0.0026 seconds
                  PHOT completed...       0.0027 seconds
               CLDPROC completed...       0.0080 seconds
                  CHEM completed...       0.1401 seconds
                  AERO completed...       0.1721 seconds
            Master Time Step
            Processing completed...       0.5671 seconds
 
     Processing Day/Time [YYYYDDD:HHMMSS]: 2022182:012000
       Which is Equivalent to (UTC): 1:20:00  Friday,  July 1, 2022
       Time-Step Length (HHMMSS): 000500
                 VDIFF completed...       0.1166 seconds
                COUPLE completed...       0.0025 seconds
                  HADV completed...       0.0953 seconds
                  ZADV completed...       0.0173 seconds
                 HDIFF completed...       0.0087 seconds
              DECOUPLE completed...       0.0027 seconds
                  PHOT completed...       0.0031 seconds
               CLDPROC completed...       0.0074 seconds
                  CHEM completed...       0.1386 seconds
                  AERO completed...       0.1723 seconds
            Master Time Step
            Processing completed...       0.5669 seconds
 
     Processing Day/Time [YYYYDDD:HHMMSS]: 2022182:012500
       Which is Equivalent to (UTC): 1:25:00  Friday,  July 1, 2022
       Time-Step Length (HHMMSS): 000500
                 VDIFF completed...       0.1164 seconds
                COUPLE completed...       0.0025 seconds
                  HADV completed...       0.0974 seconds
                  ZADV completed...       0.0175 seconds
                 HDIFF completed...       0.0090 seconds
              DECOUPLE completed...       0.0026 seconds
                  PHOT completed...       0.0028 seconds
               CLDPROC completed...       0.0084 seconds
                  CHEM completed...       0.1374 seconds
                  AERO completed...       0.1714 seconds
            Master Time Step
            Processing completed...       0.5678 seconds
 
     Processing Day/Time [YYYYDDD:HHMMSS]: 2022182:013000
       Which is Equivalent to (UTC): 1:30:00  Friday,  July 1, 2022
       Time-Step Length (HHMMSS): 000500
                 VDIFF completed...       0.1157 seconds
                COUPLE completed...       0.0025 seconds
                  HADV completed...       0.0902 seconds
                  ZADV completed...       0.0174 seconds
                 HDIFF completed...       0.0084 seconds
              DECOUPLE completed...       0.0029 seconds
                  PHOT completed...       0.0030 seconds
               CLDPROC completed...       0.0084 seconds
                  CHEM completed...       0.1361 seconds
                  AERO completed...       0.1707 seconds
            Master Time Step
            Processing completed...       0.5576 seconds
 
     Processing Day/Time [YYYYDDD:HHMMSS]: 2022182:013500
       Which is Equivalent to (UTC): 1:35:00  Friday,  July 1, 2022
       Time-Step Length (HHMMSS): 000500
                 VDIFF completed...       0.1140 seconds
                COUPLE completed...       0.0025 seconds
                  HADV completed...       0.0990 seconds
                  ZADV completed...       0.0173 seconds
                 HDIFF completed...       0.0088 seconds
              DECOUPLE completed...       0.0026 seconds
                  PHOT completed...       0.0040 seconds
               CLDPROC completed...       0.0093 seconds
                  CHEM completed...       0.1349 seconds
                  AERO completed...       0.1701 seconds
            Master Time Step
            Processing completed...       0.5647 seconds
 
     Processing Day/Time [YYYYDDD:HHMMSS]: 2022182:014000
       Which is Equivalent to (UTC): 1:40:00  Friday,  July 1, 2022
       Time-Step Length (HHMMSS): 000500
                 VDIFF completed...       0.1150 seconds
                COUPLE completed...       0.0025 seconds
                  HADV completed...       0.0983 seconds
                  ZADV completed...       0.0174 seconds
                 HDIFF completed...       0.0083 seconds
              DECOUPLE completed...       0.0026 seconds
                  PHOT completed...       0.0025 seconds
               CLDPROC completed...       0.0093 seconds
                  CHEM completed...       0.1343 seconds
                  AERO completed...       0.1704 seconds
            Master Time Step
            Processing completed...       0.5626 seconds
 
     Processing Day/Time [YYYYDDD:HHMMSS]: 2022182:014500
       Which is Equivalent to (UTC): 1:45:00  Friday,  July 1, 2022
       Time-Step Length (HHMMSS): 000500
                 VDIFF completed...       0.1144 seconds
                COUPLE completed...       0.0025 seconds
                  HADV completed...       0.0943 seconds
                  ZADV completed...       0.0174 seconds
                 HDIFF completed...       0.0088 seconds
              DECOUPLE completed...       0.0027 seconds
                  PHOT completed...       0.0038 seconds
               CLDPROC completed...       0.0062 seconds
                  CHEM completed...       0.1328 seconds
                  AERO completed...       0.1701 seconds
            Master Time Step
            Processing completed...       0.5556 seconds
 
     Processing Day/Time [YYYYDDD:HHMMSS]: 2022182:015000
       Which is Equivalent to (UTC): 1:50:00  Friday,  July 1, 2022
       Time-Step Length (HHMMSS): 000500
                 VDIFF completed...       0.1153 seconds
                COUPLE completed...       0.0025 seconds
                  HADV completed...       0.1001 seconds
                  ZADV completed...       0.0174 seconds
                 HDIFF completed...       0.0088 seconds
              DECOUPLE completed...       0.0026 seconds
                  PHOT completed...       0.0038 seconds
               CLDPROC completed...       0.0069 seconds
                  CHEM completed...       0.1311 seconds
                  AERO completed...       0.1714 seconds
            Master Time Step
            Processing completed...       0.5623 seconds
 
     Processing Day/Time [YYYYDDD:HHMMSS]: 2022182:015500
       Which is Equivalent to (UTC): 1:55:00  Friday,  July 1, 2022
       Time-Step Length (HHMMSS): 000500
                 VDIFF completed...       0.1656 seconds
                COUPLE completed...       0.0025 seconds
                  HADV completed...       0.0738 seconds
                  ZADV completed...       0.0173 seconds
                 HDIFF completed...       0.0078 seconds
              DECOUPLE completed...       0.0026 seconds
                  PHOT completed...       0.0033 seconds
               CLDPROC completed...       0.0563 seconds
                  CHEM completed...       0.1296 seconds
                  AERO completed...       0.1711 seconds
            Master Time Step
            Processing completed...       0.6324 seconds
 
      =--> Data Output completed...       0.0991 seconds
 
     Processing Day/Time [YYYYDDD:HHMMSS]: 2022182:020000
       Which is Equivalent to (UTC): 2:00:00  Friday,  July 1, 2022
       Time-Step Length (HHMMSS): 000500
                 VDIFF completed...       0.2914 seconds
                COUPLE completed...       0.0025 seconds
                  HADV completed...       0.2554 seconds
                  ZADV completed...       0.0173 seconds
                 HDIFF completed...       0.0081 seconds
              DECOUPLE completed...       0.0026 seconds
                  PHOT completed...       0.0079 seconds
               CLDPROC completed...       0.0081 seconds
                  CHEM completed...       0.1296 seconds
                  AERO completed...       0.1699 seconds
            Master Time Step
            Processing completed...       0.8952 seconds
 
     Processing Day/Time [YYYYDDD:HHMMSS]: 2022182:020500
       Which is Equivalent to (UTC): 2:05:00  Friday,  July 1, 2022
       Time-Step Length (HHMMSS): 000500
                 VDIFF completed...       0.1151 seconds
                COUPLE completed...       0.0025 seconds
                  HADV completed...       0.0916 seconds
                  ZADV completed...       0.0174 seconds
                 HDIFF completed...       0.0084 seconds
              DECOUPLE completed...       0.0026 seconds
                  PHOT completed...       0.0030 seconds
               CLDPROC completed...       0.0095 seconds
                  CHEM completed...       0.1286 seconds
                  AERO completed...       0.1706 seconds
            Master Time Step
            Processing completed...       0.5515 seconds
 
     Processing Day/Time [YYYYDDD:HHMMSS]: 2022182:021000
       Which is Equivalent to (UTC): 2:10:00  Friday,  July 1, 2022
       Time-Step Length (HHMMSS): 000500
                 VDIFF completed...       0.1131 seconds
                COUPLE completed...       0.0025 seconds
                  HADV completed...       0.1001 seconds
                  ZADV completed...       0.0174 seconds
                 HDIFF completed...       0.0100 seconds
              DECOUPLE completed...       0.0028 seconds
                  PHOT completed...       0.0042 seconds
               CLDPROC completed...       0.0082 seconds
                  CHEM completed...       0.1272 seconds
                  AERO completed...       0.1711 seconds
            Master Time Step
            Processing completed...       0.5593 seconds
 
     Processing Day/Time [YYYYDDD:HHMMSS]: 2022182:021500
       Which is Equivalent to (UTC): 2:15:00  Friday,  July 1, 2022
       Time-Step Length (HHMMSS): 000500
                 VDIFF completed...       0.1283 seconds
                COUPLE completed...       0.0025 seconds
                  HADV completed...       0.0857 seconds
                  ZADV completed...       0.0174 seconds
                 HDIFF completed...       0.0079 seconds
              DECOUPLE completed...       0.0026 seconds
                  PHOT completed...       0.0036 seconds
               CLDPROC completed...       0.0077 seconds
                  CHEM completed...       0.1271 seconds
                  AERO completed...       0.1739 seconds
            Master Time Step
            Processing completed...       0.5593 seconds
 
     Processing Day/Time [YYYYDDD:HHMMSS]: 2022182:022000
       Which is Equivalent to (UTC): 2:20:00  Friday,  July 1, 2022
       Time-Step Length (HHMMSS): 000500
                 VDIFF completed...       0.1135 seconds
                COUPLE completed...       0.0025 seconds
                  HADV completed...       0.0990 seconds
                  ZADV completed...       0.0174 seconds
                 HDIFF completed...       0.0082 seconds
              DECOUPLE completed...       0.0026 seconds
                  PHOT completed...       0.0026 seconds
               CLDPROC completed...       0.0084 seconds
                  CHEM completed...       0.1267 seconds
                  AERO completed...       0.1706 seconds
            Master Time Step
            Processing completed...       0.5539 seconds
 
     Processing Day/Time [YYYYDDD:HHMMSS]: 2022182:022500
       Which is Equivalent to (UTC): 2:25:00  Friday,  July 1, 2022
       Time-Step Length (HHMMSS): 000500
                 VDIFF completed...       0.1161 seconds
                COUPLE completed...       0.0025 seconds
                  HADV completed...       0.1001 seconds
                  ZADV completed...       0.0177 seconds
                 HDIFF completed...       0.0094 seconds
              DECOUPLE completed...       0.0026 seconds
                  PHOT completed...       0.0038 seconds
               CLDPROC completed...       0.0064 seconds
                  CHEM completed...       0.1297 seconds
                  AERO completed...       0.1704 seconds
            Master Time Step
            Processing completed...       0.5607 seconds
 
     Processing Day/Time [YYYYDDD:HHMMSS]: 2022182:023000
       Which is Equivalent to (UTC): 2:30:00  Friday,  July 1, 2022
       Time-Step Length (HHMMSS): 000500
                 VDIFF completed...       0.1247 seconds
                COUPLE completed...       0.0025 seconds
                  HADV completed...       0.0971 seconds
                  ZADV completed...       0.0173 seconds
                 HDIFF completed...       0.0083 seconds
              DECOUPLE completed...       0.0026 seconds
                  PHOT completed...       0.0030 seconds
               CLDPROC completed...       0.0076 seconds
                  CHEM completed...       0.1260 seconds
                  AERO completed...       0.1705 seconds
            Master Time Step
            Processing completed...       0.5622 seconds
 
     Processing Day/Time [YYYYDDD:HHMMSS]: 2022182:023500
       Which is Equivalent to (UTC): 2:35:00  Friday,  July 1, 2022
       Time-Step Length (HHMMSS): 000500
                 VDIFF completed...       0.1166 seconds
                COUPLE completed...       0.0028 seconds
                  HADV completed...       0.1021 seconds
                  ZADV completed...       0.0174 seconds
                 HDIFF completed...       0.0088 seconds
              DECOUPLE completed...       0.0026 seconds
                  PHOT completed...       0.0031 seconds
               CLDPROC completed...       0.0094 seconds
                  CHEM completed...       0.1258 seconds
                  AERO completed...       0.1716 seconds
            Master Time Step
            Processing completed...       0.5623 seconds
 
     Processing Day/Time [YYYYDDD:HHMMSS]: 2022182:024000
       Which is Equivalent to (UTC): 2:40:00  Friday,  July 1, 2022
       Time-Step Length (HHMMSS): 000500
                 VDIFF completed...       0.1149 seconds
                COUPLE completed...       0.0025 seconds
                  HADV completed...       0.1003 seconds
                  ZADV completed...       0.0174 seconds
                 HDIFF completed...       0.0085 seconds
              DECOUPLE completed...       0.0026 seconds
                  PHOT completed...       0.0029 seconds
               CLDPROC completed...       0.0073 seconds
                  CHEM completed...       0.1253 seconds
                  AERO completed...       0.1709 seconds
            Master Time Step
            Processing completed...       0.5551 seconds
 
     Processing Day/Time [YYYYDDD:HHMMSS]: 2022182:024500
       Which is Equivalent to (UTC): 2:45:00  Friday,  July 1, 2022
       Time-Step Length (HHMMSS): 000500
                 VDIFF completed...       0.1186 seconds
                COUPLE completed...       0.0025 seconds
                  HADV completed...       0.0701 seconds
                  ZADV completed...       0.0173 seconds
                 HDIFF completed...       0.0079 seconds
              DECOUPLE completed...       0.0026 seconds
                  PHOT completed...       0.0042 seconds
               CLDPROC completed...       0.0092 seconds
                  CHEM completed...       0.1256 seconds
                  AERO completed...       0.1700 seconds
            Master Time Step
            Processing completed...       0.5305 seconds
 
     Processing Day/Time [YYYYDDD:HHMMSS]: 2022182:025000
       Which is Equivalent to (UTC): 2:50:00  Friday,  July 1, 2022
       Time-Step Length (HHMMSS): 000500
                 VDIFF completed...       0.1190 seconds
                COUPLE completed...       0.0025 seconds
                  HADV completed...       0.0959 seconds
                  ZADV completed...       0.0174 seconds
                 HDIFF completed...       0.0078 seconds
              DECOUPLE completed...       0.0027 seconds
                  PHOT completed...       0.0031 seconds
               CLDPROC completed...       0.0092 seconds
                  CHEM completed...       0.1285 seconds
                  AERO completed...       0.1709 seconds
            Master Time Step
            Processing completed...       0.5598 seconds
 
     Processing Day/Time [YYYYDDD:HHMMSS]: 2022182:025500
       Which is Equivalent to (UTC): 2:55:00  Friday,  July 1, 2022
       Time-Step Length (HHMMSS): 000500
                 VDIFF completed...       0.1731 seconds
                COUPLE completed...       0.0025 seconds
                  HADV completed...       0.0717 seconds
                  ZADV completed...       0.0173 seconds
                 HDIFF completed...       0.0085 seconds
              DECOUPLE completed...       0.0026 seconds
                  PHOT completed...       0.0028 seconds
               CLDPROC completed...       0.0510 seconds
                  CHEM completed...       0.1245 seconds
                  AERO completed...       0.1713 seconds
            Master Time Step
            Processing completed...       0.6279 seconds
 
      =--> Data Output completed...       0.1105 seconds
 
     Processing Day/Time [YYYYDDD:HHMMSS]: 2022182:030000
       Which is Equivalent to (UTC): 3:00:00  Friday,  July 1, 2022
       Time-Step Length (HHMMSS): 000500
                 VDIFF completed...       0.3028 seconds
                COUPLE completed...       0.0028 seconds
                  HADV completed...       0.1639 seconds
                  ZADV completed...       0.0174 seconds
                 HDIFF completed...       0.0078 seconds
              DECOUPLE completed...       0.0026 seconds
                  PHOT completed...       0.0038 seconds
               CLDPROC completed...       0.0086 seconds
                  CHEM completed...       0.1265 seconds
                  AERO completed...       0.1706 seconds
            Master Time Step
            Processing completed...       0.8088 seconds
 
     Processing Day/Time [YYYYDDD:HHMMSS]: 2022182:030500
       Which is Equivalent to (UTC): 3:05:00  Friday,  July 1, 2022
       Time-Step Length (HHMMSS): 000500
                 VDIFF completed...       0.1142 seconds
                COUPLE completed...       0.0026 seconds
                  HADV completed...       0.0911 seconds
                  ZADV completed...       0.0173 seconds
                 HDIFF completed...       0.0086 seconds
              DECOUPLE completed...       0.0026 seconds
                  PHOT completed...       0.0031 seconds
               CLDPROC completed...       0.0087 seconds
                  CHEM completed...       0.1244 seconds
                  AERO completed...       0.1719 seconds
            Master Time Step
            Processing completed...       0.5470 seconds
 
     Processing Day/Time [YYYYDDD:HHMMSS]: 2022182:031000
       Which is Equivalent to (UTC): 3:10:00  Friday,  July 1, 2022
       Time-Step Length (HHMMSS): 000500
                 VDIFF completed...       0.1145 seconds
                COUPLE completed...       0.0025 seconds
                  HADV completed...       0.0948 seconds
                  ZADV completed...       0.0173 seconds
                 HDIFF completed...       0.0083 seconds
              DECOUPLE completed...       0.0026 seconds
                  PHOT completed...       0.0050 seconds
               CLDPROC completed...       0.0082 seconds
                  CHEM completed...       0.1244 seconds
                  AERO completed...       0.1713 seconds
            Master Time Step
            Processing completed...       0.5516 seconds
 
     Processing Day/Time [YYYYDDD:HHMMSS]: 2022182:031500
       Which is Equivalent to (UTC): 3:15:00  Friday,  July 1, 2022
       Time-Step Length (HHMMSS): 000500
                 VDIFF completed...       0.1170 seconds
                COUPLE completed...       0.0025 seconds
                  HADV completed...       0.0887 seconds
                  ZADV completed...       0.0173 seconds
                 HDIFF completed...       0.0079 seconds
              DECOUPLE completed...       0.0026 seconds
                  PHOT completed...       0.0040 seconds
               CLDPROC completed...       0.0089 seconds
                  CHEM completed...       0.1243 seconds
                  AERO completed...       0.1718 seconds
            Master Time Step
            Processing completed...       0.5475 seconds
 
     Processing Day/Time [YYYYDDD:HHMMSS]: 2022182:032000
       Which is Equivalent to (UTC): 3:20:00  Friday,  July 1, 2022
       Time-Step Length (HHMMSS): 000500
                 VDIFF completed...       0.1158 seconds
                COUPLE completed...       0.0025 seconds
                  HADV completed...       0.0965 seconds
                  ZADV completed...       0.0172 seconds
                 HDIFF completed...       0.0090 seconds
              DECOUPLE completed...       0.0027 seconds
                  PHOT completed...       0.0027 seconds
               CLDPROC completed...       0.0082 seconds
                  CHEM completed...       0.1245 seconds
                  AERO completed...       0.1717 seconds
            Master Time Step
            Processing completed...       0.5529 seconds
 
     Processing Day/Time [YYYYDDD:HHMMSS]: 2022182:032500
       Which is Equivalent to (UTC): 3:25:00  Friday,  July 1, 2022
       Time-Step Length (HHMMSS): 000500
                 VDIFF completed...       0.1148 seconds
                COUPLE completed...       0.0025 seconds
                  HADV completed...       0.0948 seconds
                  ZADV completed...       0.0172 seconds
                 HDIFF completed...       0.0081 seconds
              DECOUPLE completed...       0.0026 seconds
                  PHOT completed...       0.0030 seconds
               CLDPROC completed...       0.0090 seconds
                  CHEM completed...       0.1246 seconds
                  AERO completed...       0.1715 seconds
            Master Time Step
            Processing completed...       0.5505 seconds
 
     Processing Day/Time [YYYYDDD:HHMMSS]: 2022182:033000
       Which is Equivalent to (UTC): 3:30:00  Friday,  July 1, 2022
       Time-Step Length (HHMMSS): 000500
                 VDIFF completed...       0.1154 seconds
                COUPLE completed...       0.0025 seconds
                  HADV completed...       0.0924 seconds
                  ZADV completed...       0.0173 seconds
                 HDIFF completed...       0.0099 seconds
              DECOUPLE completed...       0.0026 seconds
                  PHOT completed...       0.0029 seconds
               CLDPROC completed...       0.0085 seconds
                  CHEM completed...       0.1244 seconds
                  AERO completed...       0.1713 seconds
            Master Time Step
            Processing completed...       0.5499 seconds
 
     Processing Day/Time [YYYYDDD:HHMMSS]: 2022182:033500
       Which is Equivalent to (UTC): 3:35:00  Friday,  July 1, 2022
       Time-Step Length (HHMMSS): 000500
                 VDIFF completed...       0.1151 seconds
                COUPLE completed...       0.0025 seconds
                  HADV completed...       0.1018 seconds
                  ZADV completed...       0.0173 seconds
                 HDIFF completed...       0.0089 seconds
              DECOUPLE completed...       0.0026 seconds
                  PHOT completed...       0.0044 seconds
               CLDPROC completed...       0.0086 seconds
                  CHEM completed...       0.1242 seconds
                  AERO completed...       0.1720 seconds
            Master Time Step
            Processing completed...       0.5601 seconds
 
     Processing Day/Time [YYYYDDD:HHMMSS]: 2022182:034000
       Which is Equivalent to (UTC): 3:40:00  Friday,  July 1, 2022
       Time-Step Length (HHMMSS): 000500
                 VDIFF completed...       0.1154 seconds
                COUPLE completed...       0.0025 seconds
                  HADV completed...       0.0908 seconds
                  ZADV completed...       0.0173 seconds
                 HDIFF completed...       0.0085 seconds
              DECOUPLE completed...       0.0026 seconds
                  PHOT completed...       0.0036 seconds
               CLDPROC completed...       0.0092 seconds
                  CHEM completed...       0.1242 seconds
                  AERO completed...       0.1725 seconds
            Master Time Step
            Processing completed...       0.5492 seconds
 
     Processing Day/Time [YYYYDDD:HHMMSS]: 2022182:034500
       Which is Equivalent to (UTC): 3:45:00  Friday,  July 1, 2022
       Time-Step Length (HHMMSS): 000500
                 VDIFF completed...       0.1157 seconds
                COUPLE completed...       0.0025 seconds
                  HADV completed...       0.0910 seconds
                  ZADV completed...       0.0173 seconds
                 HDIFF completed...       0.0086 seconds
              DECOUPLE completed...       0.0026 seconds
                  PHOT completed...       0.0034 seconds
               CLDPROC completed...       0.0067 seconds
                  CHEM completed...       0.1269 seconds
                  AERO completed...       0.1745 seconds
            Master Time Step
            Processing completed...       0.5520 seconds
 
     Processing Day/Time [YYYYDDD:HHMMSS]: 2022182:035000
       Which is Equivalent to (UTC): 3:50:00  Friday,  July 1, 2022
       Time-Step Length (HHMMSS): 000500
                 VDIFF completed...       0.1223 seconds
                COUPLE completed...       0.0025 seconds
                  HADV completed...       0.0819 seconds
                  ZADV completed...       0.0174 seconds
                 HDIFF completed...       0.0082 seconds
              DECOUPLE completed...       0.0027 seconds
                  PHOT completed...       0.0052 seconds
               CLDPROC completed...       0.0095 seconds
                  CHEM completed...       0.1248 seconds
                  AERO completed...       0.1712 seconds
            Master Time Step
            Processing completed...       0.5481 seconds
 
     Processing Day/Time [YYYYDDD:HHMMSS]: 2022182:035500
       Which is Equivalent to (UTC): 3:55:00  Friday,  July 1, 2022
       Time-Step Length (HHMMSS): 000500
                 VDIFF completed...       0.1750 seconds
                COUPLE completed...       0.0025 seconds
                  HADV completed...       0.0679 seconds
                  ZADV completed...       0.0173 seconds
                 HDIFF completed...       0.0089 seconds
              DECOUPLE completed...       0.0026 seconds
                  PHOT completed...       0.0032 seconds
               CLDPROC completed...       0.0450 seconds
                  CHEM completed...       0.1241 seconds
                  AERO completed...       0.1714 seconds
            Master Time Step
            Processing completed...       0.6203 seconds
 
      =--> Data Output completed...       0.1103 seconds
 
     Processing Day/Time [YYYYDDD:HHMMSS]: 2022182:040000
       Which is Equivalent to (UTC): 4:00:00  Friday,  July 1, 2022
       Time-Step Length (HHMMSS): 000500
                 VDIFF completed...       0.2939 seconds
                COUPLE completed...       0.0025 seconds
                  HADV completed...       0.1510 seconds
                  ZADV completed...       0.0172 seconds
                 HDIFF completed...       0.0076 seconds
              DECOUPLE completed...       0.0026 seconds
                  PHOT completed...       0.0083 seconds
               CLDPROC completed...       0.0086 seconds
                  CHEM completed...       0.1254 seconds
                  AERO completed...       0.1711 seconds
            Master Time Step
            Processing completed...       0.7900 seconds
 
     Processing Day/Time [YYYYDDD:HHMMSS]: 2022182:040500
       Which is Equivalent to (UTC): 4:05:00  Friday,  July 1, 2022
       Time-Step Length (HHMMSS): 000500
                 VDIFF completed...       0.1189 seconds
                COUPLE completed...       0.0025 seconds
                  HADV completed...       0.0777 seconds
                  ZADV completed...       0.0173 seconds
                 HDIFF completed...       0.0087 seconds
              DECOUPLE completed...       0.0027 seconds
                  PHOT completed...       0.0026 seconds
               CLDPROC completed...       0.0078 seconds
                  CHEM completed...       0.1246 seconds
                  AERO completed...       0.1718 seconds
            Master Time Step
            Processing completed...       0.5372 seconds
 
     Processing Day/Time [YYYYDDD:HHMMSS]: 2022182:041000
       Which is Equivalent to (UTC): 4:10:00  Friday,  July 1, 2022
       Time-Step Length (HHMMSS): 000500
                 VDIFF completed...       0.1165 seconds
                COUPLE completed...       0.0025 seconds
                  HADV completed...       0.0861 seconds
                  ZADV completed...       0.0172 seconds
                 HDIFF completed...       0.0084 seconds
              DECOUPLE completed...       0.0026 seconds
                  PHOT completed...       0.0029 seconds
               CLDPROC completed...       0.0083 seconds
                  CHEM completed...       0.1243 seconds
                  AERO completed...       0.1716 seconds
            Master Time Step
            Processing completed...       0.5428 seconds
 
     Processing Day/Time [YYYYDDD:HHMMSS]: 2022182:041500
       Which is Equivalent to (UTC): 4:15:00  Friday,  July 1, 2022
       Time-Step Length (HHMMSS): 000500
                 VDIFF completed...       0.1174 seconds
                COUPLE completed...       0.0025 seconds
                  HADV completed...       0.0885 seconds
                  ZADV completed...       0.0174 seconds
                 HDIFF completed...       0.0080 seconds
              DECOUPLE completed...       0.0027 seconds
                  PHOT completed...       0.0027 seconds
               CLDPROC completed...       0.0084 seconds
                  CHEM completed...       0.1279 seconds
                  AERO completed...       0.1721 seconds
            Master Time Step
            Processing completed...       0.5503 seconds
 
     Processing Day/Time [YYYYDDD:HHMMSS]: 2022182:042000
       Which is Equivalent to (UTC): 4:20:00  Friday,  July 1, 2022
       Time-Step Length (HHMMSS): 000500
                 VDIFF completed...       0.1222 seconds
                COUPLE completed...       0.0026 seconds
                  HADV completed...       0.0755 seconds
                  ZADV completed...       0.0174 seconds
                 HDIFF completed...       0.0096 seconds
              DECOUPLE completed...       0.0027 seconds
                  PHOT completed...       0.0055 seconds
               CLDPROC completed...       0.0060 seconds
                  CHEM completed...       0.1241 seconds
                  AERO completed...       0.1723 seconds
            Master Time Step
            Processing completed...       0.5401 seconds
 
     Processing Day/Time [YYYYDDD:HHMMSS]: 2022182:042500
       Which is Equivalent to (UTC): 4:25:00  Friday,  July 1, 2022
       Time-Step Length (HHMMSS): 000500
                 VDIFF completed...       0.1164 seconds
                COUPLE completed...       0.0025 seconds
                  HADV completed...       0.0871 seconds
                  ZADV completed...       0.0176 seconds
                 HDIFF completed...       0.0087 seconds
              DECOUPLE completed...       0.0026 seconds
                  PHOT completed...       0.0029 seconds
               CLDPROC completed...       0.0098 seconds
                  CHEM completed...       0.1245 seconds
                  AERO completed...       0.1726 seconds
            Master Time Step
            Processing completed...       0.5470 seconds
 
     Processing Day/Time [YYYYDDD:HHMMSS]: 2022182:043000
       Which is Equivalent to (UTC): 4:30:00  Friday,  July 1, 2022
       Time-Step Length (HHMMSS): 000500
                 VDIFF completed...       0.1175 seconds
                COUPLE completed...       0.0025 seconds
                  HADV completed...       0.0865 seconds
                  ZADV completed...       0.0173 seconds
                 HDIFF completed...       0.0080 seconds
              DECOUPLE completed...       0.0026 seconds
                  PHOT completed...       0.0042 seconds
               CLDPROC completed...       0.0095 seconds
                  CHEM completed...       0.1249 seconds
                  AERO completed...       0.1728 seconds
            Master Time Step
            Processing completed...       0.5484 seconds
 
     Processing Day/Time [YYYYDDD:HHMMSS]: 2022182:043500
       Which is Equivalent to (UTC): 4:35:00  Friday,  July 1, 2022
       Time-Step Length (HHMMSS): 000500
                 VDIFF completed...       0.1202 seconds
                COUPLE completed...       0.0025 seconds
                  HADV completed...       0.0778 seconds
                  ZADV completed...       0.0175 seconds
                 HDIFF completed...       0.0082 seconds
              DECOUPLE completed...       0.0026 seconds
                  PHOT completed...       0.0028 seconds
               CLDPROC completed...       0.0084 seconds
                  CHEM completed...       0.1243 seconds
                  AERO completed...       0.1731 seconds
            Master Time Step
            Processing completed...       0.5400 seconds
 
     Processing Day/Time [YYYYDDD:HHMMSS]: 2022182:044000
       Which is Equivalent to (UTC): 4:40:00  Friday,  July 1, 2022
       Time-Step Length (HHMMSS): 000500
                 VDIFF completed...       0.1177 seconds
                COUPLE completed...       0.0025 seconds
                  HADV completed...       0.0856 seconds
                  ZADV completed...       0.0174 seconds
                 HDIFF completed...       0.0090 seconds
              DECOUPLE completed...       0.0027 seconds
                  PHOT completed...       0.0036 seconds
               CLDPROC completed...       0.0061 seconds
                  CHEM completed...       0.1244 seconds
                  AERO completed...       0.1732 seconds
            Master Time Step
            Processing completed...       0.5448 seconds
 
     Processing Day/Time [YYYYDDD:HHMMSS]: 2022182:044500
       Which is Equivalent to (UTC): 4:45:00  Friday,  July 1, 2022
       Time-Step Length (HHMMSS): 000500
                 VDIFF completed...       0.1157 seconds
                COUPLE completed...       0.0025 seconds
                  HADV completed...       0.0862 seconds
                  ZADV completed...       0.0174 seconds
                 HDIFF completed...       0.0083 seconds
              DECOUPLE completed...       0.0026 seconds
                  PHOT completed...       0.0026 seconds
               CLDPROC completed...       0.0089 seconds
                  CHEM completed...       0.1241 seconds
                  AERO completed...       0.1732 seconds
            Master Time Step
            Processing completed...       0.5440 seconds
 
     Processing Day/Time [YYYYDDD:HHMMSS]: 2022182:045000
       Which is Equivalent to (UTC): 4:50:00  Friday,  July 1, 2022
       Time-Step Length (HHMMSS): 000500
                 VDIFF completed...       0.1165 seconds
                COUPLE completed...       0.0025 seconds
                  HADV completed...       0.0825 seconds
                  ZADV completed...       0.0176 seconds
                 HDIFF completed...       0.0079 seconds
              DECOUPLE completed...       0.0026 seconds
                  PHOT completed...       0.0034 seconds
               CLDPROC completed...       0.0084 seconds
                  CHEM completed...       0.1261 seconds
                  AERO completed...       0.1731 seconds
            Master Time Step
            Processing completed...       0.5433 seconds
 
     Processing Day/Time [YYYYDDD:HHMMSS]: 2022182:045500
       Which is Equivalent to (UTC): 4:55:00  Friday,  July 1, 2022
       Time-Step Length (HHMMSS): 000500
                 VDIFF completed...       0.1626 seconds
                COUPLE completed...       0.0025 seconds
                  HADV completed...       0.0650 seconds
                  ZADV completed...       0.0175 seconds
                 HDIFF completed...       0.0083 seconds
              DECOUPLE completed...       0.0026 seconds
                  PHOT completed...       0.0038 seconds
               CLDPROC completed...       0.0401 seconds
                  CHEM completed...       0.1249 seconds
                  AERO completed...       0.1734 seconds
            Master Time Step
            Processing completed...       0.6034 seconds
 
      =--> Data Output completed...       0.0969 seconds
 
     Processing Day/Time [YYYYDDD:HHMMSS]: 2022182:050000
       Which is Equivalent to (UTC): 5:00:00  Friday,  July 1, 2022
       Time-Step Length (HHMMSS): 000500
                 VDIFF completed...       0.2838 seconds
                COUPLE completed...       0.0026 seconds
                  HADV completed...       0.1776 seconds
                  ZADV completed...       0.0175 seconds
                 HDIFF completed...       0.0080 seconds
              DECOUPLE completed...       0.0026 seconds
                  PHOT completed...       0.0191 seconds
               CLDPROC completed...       0.0092 seconds
                  CHEM completed...       0.1252 seconds
                  AERO completed...       0.1734 seconds
            Master Time Step
            Processing completed...       0.8215 seconds
 
     Processing Day/Time [YYYYDDD:HHMMSS]: 2022182:050500
       Which is Equivalent to (UTC): 5:05:00  Friday,  July 1, 2022
       Time-Step Length (HHMMSS): 000500
                 VDIFF completed...       0.1129 seconds
                COUPLE completed...       0.0026 seconds
                  HADV completed...       0.0794 seconds
                  ZADV completed...       0.0176 seconds
                 HDIFF completed...       0.0083 seconds
              DECOUPLE completed...       0.0026 seconds
                  PHOT completed...       0.0028 seconds
               CLDPROC completed...       0.0093 seconds
                  CHEM completed...       0.1247 seconds
                  AERO completed...       0.1734 seconds
            Master Time Step
            Processing completed...       0.5365 seconds
 
     Processing Day/Time [YYYYDDD:HHMMSS]: 2022182:051000
       Which is Equivalent to (UTC): 5:10:00  Friday,  July 1, 2022
       Time-Step Length (HHMMSS): 000500
                 VDIFF completed...       0.1164 seconds
                COUPLE completed...       0.0025 seconds
                  HADV completed...       0.0810 seconds
                  ZADV completed...       0.0175 seconds
                 HDIFF completed...       0.0084 seconds
              DECOUPLE completed...       0.0028 seconds
                  PHOT completed...       0.0030 seconds
               CLDPROC completed...       0.0103 seconds
                  CHEM completed...       0.1250 seconds
                  AERO completed...       0.1728 seconds
            Master Time Step
            Processing completed...       0.5421 seconds
 
     Processing Day/Time [YYYYDDD:HHMMSS]: 2022182:051500
       Which is Equivalent to (UTC): 5:15:00  Friday,  July 1, 2022
       Time-Step Length (HHMMSS): 000500
                 VDIFF completed...       0.1168 seconds
                COUPLE completed...       0.0025 seconds
                  HADV completed...       0.0822 seconds
                  ZADV completed...       0.0176 seconds
                 HDIFF completed...       0.0092 seconds
              DECOUPLE completed...       0.0028 seconds
                  PHOT completed...       0.0045 seconds
               CLDPROC completed...       0.0087 seconds
                  CHEM completed...       0.1244 seconds
                  AERO completed...       0.1730 seconds
            Master Time Step
            Processing completed...       0.5447 seconds
 
     Processing Day/Time [YYYYDDD:HHMMSS]: 2022182:052000
       Which is Equivalent to (UTC): 5:20:00  Friday,  July 1, 2022
       Time-Step Length (HHMMSS): 000500
                 VDIFF completed...       0.1147 seconds
                COUPLE completed...       0.0025 seconds
                  HADV completed...       0.0834 seconds
                  ZADV completed...       0.0176 seconds
                 HDIFF completed...       0.0085 seconds
              DECOUPLE completed...       0.0028 seconds
                  PHOT completed...       0.0028 seconds
               CLDPROC completed...       0.0101 seconds
                  CHEM completed...       0.1248 seconds
                  AERO completed...       0.1730 seconds
            Master Time Step
            Processing completed...       0.5426 seconds
 
     Processing Day/Time [YYYYDDD:HHMMSS]: 2022182:052500
       Which is Equivalent to (UTC): 5:25:00  Friday,  July 1, 2022
       Time-Step Length (HHMMSS): 000500
                 VDIFF completed...       0.1148 seconds
                COUPLE completed...       0.0025 seconds
                  HADV completed...       0.0839 seconds
                  ZADV completed...       0.0175 seconds
                 HDIFF completed...       0.0086 seconds
              DECOUPLE completed...       0.0026 seconds
                  PHOT completed...       0.0030 seconds
               CLDPROC completed...       0.0099 seconds
                  CHEM completed...       0.1251 seconds
                  AERO completed...       0.1721 seconds
            Master Time Step
            Processing completed...       0.5427 seconds
 
     Processing Day/Time [YYYYDDD:HHMMSS]: 2022182:053000
       Which is Equivalent to (UTC): 5:30:00  Friday,  July 1, 2022
       Time-Step Length (HHMMSS): 000500
                 VDIFF completed...       0.1142 seconds
                COUPLE completed...       0.0025 seconds
                  HADV completed...       0.0842 seconds
                  ZADV completed...       0.0175 seconds
                 HDIFF completed...       0.0086 seconds
              DECOUPLE completed...       0.0027 seconds
                  PHOT completed...       0.0028 seconds
               CLDPROC completed...       0.0093 seconds
                  CHEM completed...       0.1245 seconds
                  AERO completed...       0.1723 seconds
            Master Time Step
            Processing completed...       0.5409 seconds
 
     Processing Day/Time [YYYYDDD:HHMMSS]: 2022182:053500
       Which is Equivalent to (UTC): 5:35:00  Friday,  July 1, 2022
       Time-Step Length (HHMMSS): 000500
                 VDIFF completed...       0.1153 seconds
                COUPLE completed...       0.0025 seconds
                  HADV completed...       0.0844 seconds
                  ZADV completed...       0.0175 seconds
                 HDIFF completed...       0.0096 seconds
              DECOUPLE completed...       0.0027 seconds
                  PHOT completed...       0.0032 seconds
               CLDPROC completed...       0.0093 seconds
                  CHEM completed...       0.1252 seconds
                  AERO completed...       0.1711 seconds
            Master Time Step
            Processing completed...       0.5434 seconds
 
     Processing Day/Time [YYYYDDD:HHMMSS]: 2022182:054000
       Which is Equivalent to (UTC): 5:40:00  Friday,  July 1, 2022
       Time-Step Length (HHMMSS): 000500
                 VDIFF completed...       0.1154 seconds
                COUPLE completed...       0.0025 seconds
                  HADV completed...       0.0850 seconds
                  ZADV completed...       0.0176 seconds
                 HDIFF completed...       0.0097 seconds
              DECOUPLE completed...       0.0026 seconds
                  PHOT completed...       0.0030 seconds
               CLDPROC completed...       0.0089 seconds
                  CHEM completed...       0.1243 seconds
                  AERO completed...       0.1720 seconds
            Master Time Step
            Processing completed...       0.5435 seconds
 
     Processing Day/Time [YYYYDDD:HHMMSS]: 2022182:054500
       Which is Equivalent to (UTC): 5:45:00  Friday,  July 1, 2022
       Time-Step Length (HHMMSS): 000500
                 VDIFF completed...       0.1171 seconds
                COUPLE completed...       0.0025 seconds
                  HADV completed...       0.0812 seconds
                  ZADV completed...       0.0179 seconds
                 HDIFF completed...       0.0079 seconds
              DECOUPLE completed...       0.0026 seconds
                  PHOT completed...       0.0032 seconds
               CLDPROC completed...       0.0099 seconds
                  CHEM completed...       0.1255 seconds
                  AERO completed...       0.1721 seconds
            Master Time Step
            Processing completed...       0.5428 seconds
 
     Processing Day/Time [YYYYDDD:HHMMSS]: 2022182:055000
       Which is Equivalent to (UTC): 5:50:00  Friday,  July 1, 2022
       Time-Step Length (HHMMSS): 000500
                 VDIFF completed...       0.1186 seconds
                COUPLE completed...       0.0025 seconds
                  HADV completed...       0.0743 seconds
                  ZADV completed...       0.0176 seconds
                 HDIFF completed...       0.0084 seconds
              DECOUPLE completed...       0.0026 seconds
                  PHOT completed...       0.0026 seconds
               CLDPROC completed...       0.0100 seconds
                  CHEM completed...       0.1244 seconds
                  AERO completed...       0.1723 seconds
            Master Time Step
            Processing completed...       0.5356 seconds
 
     Processing Day/Time [YYYYDDD:HHMMSS]: 2022182:055500
       Which is Equivalent to (UTC): 5:55:00  Friday,  July 1, 2022
       Time-Step Length (HHMMSS): 000500
                 VDIFF completed...       0.1641 seconds
                COUPLE completed...       0.0025 seconds
                  HADV completed...       0.0651 seconds
                  ZADV completed...       0.0176 seconds
                 HDIFF completed...       0.0082 seconds
              DECOUPLE completed...       0.0026 seconds
                  PHOT completed...       0.0033 seconds
               CLDPROC completed...       0.0426 seconds
                  CHEM completed...       0.1254 seconds
                  AERO completed...       0.1712 seconds
            Master Time Step
            Processing completed...       0.6052 seconds
 
      =--> Data Output completed...       0.0981 seconds
 
     Processing Day/Time [YYYYDDD:HHMMSS]: 2022182:060000
       Which is Equivalent to (UTC): 6:00:00  Friday,  July 1, 2022
       Time-Step Length (HHMMSS): 000500
                 VDIFF completed...       0.2885 seconds
                COUPLE completed...       0.0026 seconds
                  HADV completed...       0.1702 seconds
                  ZADV completed...       0.0176 seconds
                 HDIFF completed...       0.0078 seconds
              DECOUPLE completed...       0.0027 seconds
                  PHOT completed...       0.0059 seconds
               CLDPROC completed...       0.0092 seconds
                  CHEM completed...       0.1256 seconds
                  AERO completed...       0.1742 seconds
            Master Time Step
            Processing completed...       0.8069 seconds
 
     Processing Day/Time [YYYYDDD:HHMMSS]: 2022182:060500
       Which is Equivalent to (UTC): 6:05:00  Friday,  July 1, 2022
       Time-Step Length (HHMMSS): 000500
                 VDIFF completed...       0.1170 seconds
                COUPLE completed...       0.0025 seconds
                  HADV completed...       0.0719 seconds
                  ZADV completed...       0.0176 seconds
                 HDIFF completed...       0.0083 seconds
              DECOUPLE completed...       0.0026 seconds
                  PHOT completed...       0.0027 seconds
               CLDPROC completed...       0.0097 seconds
                  CHEM completed...       0.1248 seconds
                  AERO completed...       0.1716 seconds
            Master Time Step
            Processing completed...       0.5312 seconds
 
     Processing Day/Time [YYYYDDD:HHMMSS]: 2022182:061000
       Which is Equivalent to (UTC): 6:10:00  Friday,  July 1, 2022
       Time-Step Length (HHMMSS): 000500
                 VDIFF completed...       0.1159 seconds
                COUPLE completed...       0.0025 seconds
                  HADV completed...       0.0822 seconds
                  ZADV completed...       0.0176 seconds
                 HDIFF completed...       0.0086 seconds
              DECOUPLE completed...       0.0026 seconds
                  PHOT completed...       0.0042 seconds
               CLDPROC completed...       0.0102 seconds
                  CHEM completed...       0.1253 seconds
                  AERO completed...       0.1711 seconds
            Master Time Step
            Processing completed...       0.5422 seconds
 
     Processing Day/Time [YYYYDDD:HHMMSS]: 2022182:061500
       Which is Equivalent to (UTC): 6:15:00  Friday,  July 1, 2022
       Time-Step Length (HHMMSS): 000500
                 VDIFF completed...       0.1089 seconds
                COUPLE completed...       0.0025 seconds
                  HADV completed...       0.0645 seconds
                  ZADV completed...       0.0176 seconds
                 HDIFF completed...       0.0088 seconds
              DECOUPLE completed...       0.0026 seconds
                  PHOT completed...       0.0036 seconds
               CLDPROC completed...       0.0084 seconds
                  CHEM completed...       0.1250 seconds
                  AERO completed...       0.1705 seconds
            Master Time Step
            Processing completed...       0.5147 seconds
 
     Processing Day/Time [YYYYDDD:HHMMSS]: 2022182:062000
       Which is Equivalent to (UTC): 6:20:00  Friday,  July 1, 2022
       Time-Step Length (HHMMSS): 000500
                 VDIFF completed...       0.1149 seconds
                COUPLE completed...       0.0025 seconds
                  HADV completed...       0.0880 seconds
                  ZADV completed...       0.0176 seconds
                 HDIFF completed...       0.0083 seconds
              DECOUPLE completed...       0.0026 seconds
                  PHOT completed...       0.0045 seconds
               CLDPROC completed...       0.0086 seconds
                  CHEM completed...       0.1250 seconds
                  AERO completed...       0.1694 seconds
            Master Time Step
            Processing completed...       0.5438 seconds
 
     Processing Day/Time [YYYYDDD:HHMMSS]: 2022182:062500
       Which is Equivalent to (UTC): 6:25:00  Friday,  July 1, 2022
       Time-Step Length (HHMMSS): 000500
                 VDIFF completed...       0.1154 seconds
                COUPLE completed...       0.0025 seconds
                  HADV completed...       0.0819 seconds
                  ZADV completed...       0.0175 seconds
                 HDIFF completed...       0.0080 seconds
              DECOUPLE completed...       0.0027 seconds
                  PHOT completed...       0.0027 seconds
               CLDPROC completed...       0.0086 seconds
                  CHEM completed...       0.1248 seconds
                  AERO completed...       0.1699 seconds
            Master Time Step
            Processing completed...       0.5365 seconds
 
     Processing Day/Time [YYYYDDD:HHMMSS]: 2022182:063000
       Which is Equivalent to (UTC): 6:30:00  Friday,  July 1, 2022
       Time-Step Length (HHMMSS): 000500
                 VDIFF completed...       0.1139 seconds
                COUPLE completed...       0.0026 seconds
                  HADV completed...       0.0774 seconds
                  ZADV completed...       0.0175 seconds
                 HDIFF completed...       0.0078 seconds
              DECOUPLE completed...       0.0026 seconds
                  PHOT completed...       0.0044 seconds
               CLDPROC completed...       0.0100 seconds
                  CHEM completed...       0.1258 seconds
                  AERO completed...       0.1691 seconds
            Master Time Step
            Processing completed...       0.5331 seconds
 
     Processing Day/Time [YYYYDDD:HHMMSS]: 2022182:063500
       Which is Equivalent to (UTC): 6:35:00  Friday,  July 1, 2022
       Time-Step Length (HHMMSS): 000500
                 VDIFF completed...       0.1135 seconds
                COUPLE completed...       0.0025 seconds
                  HADV completed...       0.0788 seconds
                  ZADV completed...       0.0211 seconds
                 HDIFF completed...       0.0071 seconds
              DECOUPLE completed...       0.0026 seconds
                  PHOT completed...       0.0030 seconds
               CLDPROC completed...       0.0105 seconds
                  CHEM completed...       0.1255 seconds
                  AERO completed...       0.1690 seconds
            Master Time Step
            Processing completed...       0.5362 seconds
 
     Processing Day/Time [YYYYDDD:HHMMSS]: 2022182:064000
       Which is Equivalent to (UTC): 6:40:00  Friday,  July 1, 2022
       Time-Step Length (HHMMSS): 000500
                 VDIFF completed...       0.1210 seconds
                COUPLE completed...       0.0025 seconds
                  HADV completed...       0.0823 seconds
                  ZADV completed...       0.0177 seconds
                 HDIFF completed...       0.0088 seconds
              DECOUPLE completed...       0.0026 seconds
                  PHOT completed...       0.0035 seconds
               CLDPROC completed...       0.0100 seconds
                  CHEM completed...       0.1254 seconds
                  AERO completed...       0.1686 seconds
            Master Time Step
            Processing completed...       0.5448 seconds
 
     Processing Day/Time [YYYYDDD:HHMMSS]: 2022182:064500
       Which is Equivalent to (UTC): 6:45:00  Friday,  July 1, 2022
       Time-Step Length (HHMMSS): 000500
                 VDIFF completed...       0.1139 seconds
                COUPLE completed...       0.0025 seconds
                  HADV completed...       0.0892 seconds
                  ZADV completed...       0.0177 seconds
                 HDIFF completed...       0.0086 seconds
              DECOUPLE completed...       0.0026 seconds
                  PHOT completed...       0.0047 seconds
               CLDPROC completed...       0.0098 seconds
                  CHEM completed...       0.1248 seconds
                  AERO completed...       0.1686 seconds
            Master Time Step
            Processing completed...       0.5449 seconds
 
     Processing Day/Time [YYYYDDD:HHMMSS]: 2022182:065000
       Which is Equivalent to (UTC): 6:50:00  Friday,  July 1, 2022
       Time-Step Length (HHMMSS): 000500
                 VDIFF completed...       0.5261 seconds
                COUPLE completed...       0.0025 seconds
                  HADV completed...       0.0673 seconds
                  ZADV completed...       0.0175 seconds
                 HDIFF completed...       0.0085 seconds
              DECOUPLE completed...       0.0026 seconds
                  PHOT completed...       0.0035 seconds
               CLDPROC completed...       0.0097 seconds
                  CHEM completed...       0.1251 seconds
                  AERO completed...       0.1678 seconds
            Master Time Step
            Processing completed...       0.9332 seconds
 
     Processing Day/Time [YYYYDDD:HHMMSS]: 2022182:065500
       Which is Equivalent to (UTC): 6:55:00  Friday,  July 1, 2022
       Time-Step Length (HHMMSS): 000500
                 VDIFF completed...       0.1643 seconds
                COUPLE completed...       0.0025 seconds
                  HADV completed...       0.0666 seconds
                  ZADV completed...       0.0176 seconds
                 HDIFF completed...       0.0083 seconds
              DECOUPLE completed...       0.0027 seconds
                  PHOT completed...       0.0030 seconds
               CLDPROC completed...       0.0402 seconds
                  CHEM completed...       0.1250 seconds
                  AERO completed...       0.1676 seconds
            Master Time Step
            Processing completed...       0.6005 seconds
 
      =--> Data Output completed...       0.0975 seconds
 
     Processing Day/Time [YYYYDDD:HHMMSS]: 2022182:070000
       Which is Equivalent to (UTC): 7:00:00  Friday,  July 1, 2022
       Time-Step Length (HHMMSS): 000500
                 VDIFF completed...       0.2823 seconds
                COUPLE completed...       0.0027 seconds
                  HADV completed...       0.1727 seconds
                  ZADV completed...       0.0177 seconds
                 HDIFF completed...       0.0083 seconds
              DECOUPLE completed...       0.0026 seconds
                  PHOT completed...       0.0056 seconds
               CLDPROC completed...       0.0108 seconds
                  CHEM completed...       0.1277 seconds
                  AERO completed...       0.1673 seconds
            Master Time Step
            Processing completed...       0.8000 seconds
 
     Processing Day/Time [YYYYDDD:HHMMSS]: 2022182:070500
       Which is Equivalent to (UTC): 7:05:00  Friday,  July 1, 2022
       Time-Step Length (HHMMSS): 000500
                 VDIFF completed...       0.1123 seconds
                COUPLE completed...       0.0025 seconds
                  HADV completed...       0.0788 seconds
                  ZADV completed...       0.0176 seconds
                 HDIFF completed...       0.0088 seconds
              DECOUPLE completed...       0.0026 seconds
                  PHOT completed...       0.0034 seconds
               CLDPROC completed...       0.0114 seconds
                  CHEM completed...       0.1283 seconds
                  AERO completed...       0.1683 seconds
            Master Time Step
            Processing completed...       0.5367 seconds
 
     Processing Day/Time [YYYYDDD:HHMMSS]: 2022182:071000
       Which is Equivalent to (UTC): 7:10:00  Friday,  July 1, 2022
       Time-Step Length (HHMMSS): 000500
                 VDIFF completed...       0.1136 seconds
                COUPLE completed...       0.0027 seconds
                  HADV completed...       0.0793 seconds
                  ZADV completed...       0.0174 seconds
                 HDIFF completed...       0.0081 seconds
              DECOUPLE completed...       0.0026 seconds
                  PHOT completed...       0.0049 seconds
               CLDPROC completed...       0.0108 seconds
                  CHEM completed...       0.1277 seconds
                  AERO completed...       0.1658 seconds
            Master Time Step
            Processing completed...       0.5356 seconds
 
     Processing Day/Time [YYYYDDD:HHMMSS]: 2022182:071500
       Which is Equivalent to (UTC): 7:15:00  Friday,  July 1, 2022
       Time-Step Length (HHMMSS): 000500
                 VDIFF completed...       0.1136 seconds
                COUPLE completed...       0.0025 seconds
                  HADV completed...       0.0817 seconds
                  ZADV completed...       0.0176 seconds
                 HDIFF completed...       0.0072 seconds
              DECOUPLE completed...       0.0026 seconds
                  PHOT completed...       0.0029 seconds
               CLDPROC completed...       0.0106 seconds
                  CHEM completed...       0.1281 seconds
                  AERO completed...       0.1656 seconds
            Master Time Step
            Processing completed...       0.5352 seconds
 
     Processing Day/Time [YYYYDDD:HHMMSS]: 2022182:072000
       Which is Equivalent to (UTC): 7:20:00  Friday,  July 1, 2022
       Time-Step Length (HHMMSS): 000500
                 VDIFF completed...       0.1122 seconds
                COUPLE completed...       0.0026 seconds
                  HADV completed...       0.0781 seconds
                  ZADV completed...       0.0174 seconds
                 HDIFF completed...       0.0087 seconds
              DECOUPLE completed...       0.0026 seconds
                  PHOT completed...       0.0026 seconds
               CLDPROC completed...       0.0108 seconds
                  CHEM completed...       0.1276 seconds
                  AERO completed...       0.1660 seconds
            Master Time Step
            Processing completed...       0.5310 seconds
 
     Processing Day/Time [YYYYDDD:HHMMSS]: 2022182:072500
       Which is Equivalent to (UTC): 7:25:00  Friday,  July 1, 2022
       Time-Step Length (HHMMSS): 000500
                 VDIFF completed...       0.1143 seconds
                COUPLE completed...       0.0025 seconds
                  HADV completed...       0.0872 seconds
                  ZADV completed...       0.0174 seconds
                 HDIFF completed...       0.0087 seconds
              DECOUPLE completed...       0.0027 seconds
                  PHOT completed...       0.0036 seconds
               CLDPROC completed...       0.0103 seconds
                  CHEM completed...       0.1274 seconds
                  AERO completed...       0.1650 seconds
            Master Time Step
            Processing completed...       0.5418 seconds
 
     Processing Day/Time [YYYYDDD:HHMMSS]: 2022182:073000
       Which is Equivalent to (UTC): 7:30:00  Friday,  July 1, 2022
       Time-Step Length (HHMMSS): 000500
                 VDIFF completed...       0.1154 seconds
                COUPLE completed...       0.0026 seconds
                  HADV completed...       0.0784 seconds
                  ZADV completed...       0.0174 seconds
                 HDIFF completed...       0.0085 seconds
              DECOUPLE completed...       0.0027 seconds
                  PHOT completed...       0.0040 seconds
               CLDPROC completed...       0.0104 seconds
                  CHEM completed...       0.1276 seconds
                  AERO completed...       0.1648 seconds
            Master Time Step
            Processing completed...       0.5341 seconds
 
     Processing Day/Time [YYYYDDD:HHMMSS]: 2022182:073500
       Which is Equivalent to (UTC): 7:35:00  Friday,  July 1, 2022
       Time-Step Length (HHMMSS): 000500
                 VDIFF completed...       0.1145 seconds
                COUPLE completed...       0.0027 seconds
                  HADV completed...       0.0811 seconds
                  ZADV completed...       0.0174 seconds
                 HDIFF completed...       0.0088 seconds
              DECOUPLE completed...       0.0026 seconds
                  PHOT completed...       0.0035 seconds
               CLDPROC completed...       0.0105 seconds
                  CHEM completed...       0.1280 seconds
                  AERO completed...       0.1642 seconds
            Master Time Step
            Processing completed...       0.5361 seconds
 
     Processing Day/Time [YYYYDDD:HHMMSS]: 2022182:074000
       Which is Equivalent to (UTC): 7:40:00  Friday,  July 1, 2022
       Time-Step Length (HHMMSS): 000500
                 VDIFF completed...       0.1137 seconds
                COUPLE completed...       0.0025 seconds
                  HADV completed...       0.0857 seconds
                  ZADV completed...       0.0173 seconds
                 HDIFF completed...       0.0077 seconds
              DECOUPLE completed...       0.0026 seconds
                  PHOT completed...       0.0041 seconds
               CLDPROC completed...       0.0101 seconds
                  CHEM completed...       0.1281 seconds
                  AERO completed...       0.1635 seconds
            Master Time Step
            Processing completed...       0.5380 seconds
 
     Processing Day/Time [YYYYDDD:HHMMSS]: 2022182:074500
       Which is Equivalent to (UTC): 7:45:00  Friday,  July 1, 2022
       Time-Step Length (HHMMSS): 000500
                 VDIFF completed...       0.1126 seconds
                COUPLE completed...       0.0025 seconds
                  HADV completed...       0.0797 seconds
                  ZADV completed...       0.0174 seconds
                 HDIFF completed...       0.0079 seconds
              DECOUPLE completed...       0.0026 seconds
                  PHOT completed...       0.0043 seconds
               CLDPROC completed...       0.0108 seconds
                  CHEM completed...       0.1281 seconds
                  AERO completed...       0.1633 seconds
            Master Time Step
            Processing completed...       0.5317 seconds
 
     Processing Day/Time [YYYYDDD:HHMMSS]: 2022182:075000
       Which is Equivalent to (UTC): 7:50:00  Friday,  July 1, 2022
       Time-Step Length (HHMMSS): 000500
                 VDIFF completed...       0.1134 seconds
                COUPLE completed...       0.0025 seconds
                  HADV completed...       0.0849 seconds
                  ZADV completed...       0.0175 seconds
                 HDIFF completed...       0.0092 seconds
              DECOUPLE completed...       0.0026 seconds
                  PHOT completed...       0.0032 seconds
               CLDPROC completed...       0.0098 seconds
                  CHEM completed...       0.1284 seconds
                  AERO completed...       0.1633 seconds
            Master Time Step
            Processing completed...       0.5375 seconds
 
     Processing Day/Time [YYYYDDD:HHMMSS]: 2022182:075500
       Which is Equivalent to (UTC): 7:55:00  Friday,  July 1, 2022
       Time-Step Length (HHMMSS): 000500
                 VDIFF completed...       0.1609 seconds
                COUPLE completed...       0.0025 seconds
                  HADV completed...       0.0642 seconds
                  ZADV completed...       0.0174 seconds
                 HDIFF completed...       0.0089 seconds
              DECOUPLE completed...       0.0026 seconds
                  PHOT completed...       0.0033 seconds
               CLDPROC completed...       0.0406 seconds
                  CHEM completed...       0.1293 seconds
                  AERO completed...       0.1641 seconds
            Master Time Step
            Processing completed...       0.5963 seconds
 
      =--> Data Output completed...       0.0927 seconds
 
     Processing Day/Time [YYYYDDD:HHMMSS]: 2022182:080000
       Which is Equivalent to (UTC): 8:00:00  Friday,  July 1, 2022
       Time-Step Length (HHMMSS): 000500
                 VDIFF completed...       0.2886 seconds
                COUPLE completed...       0.0026 seconds
                  HADV completed...       0.1579 seconds
                  ZADV completed...       0.0173 seconds
                 HDIFF completed...       0.0081 seconds
              DECOUPLE completed...       0.0026 seconds
                  PHOT completed...       0.0042 seconds
               CLDPROC completed...       0.0114 seconds
                  CHEM completed...       0.1293 seconds
                  AERO completed...       0.1629 seconds
            Master Time Step
            Processing completed...       0.7873 seconds
 
     Processing Day/Time [YYYYDDD:HHMMSS]: 2022182:080500
       Which is Equivalent to (UTC): 8:05:00  Friday,  July 1, 2022
       Time-Step Length (HHMMSS): 000500
                 VDIFF completed...       0.1127 seconds
                COUPLE completed...       0.0026 seconds
                  HADV completed...       0.0793 seconds
                  ZADV completed...       0.0173 seconds
                 HDIFF completed...       0.0084 seconds
              DECOUPLE completed...       0.0027 seconds
                  PHOT completed...       0.0025 seconds
               CLDPROC completed...       0.0103 seconds
                  CHEM completed...       0.1295 seconds
                  AERO completed...       0.1625 seconds
            Master Time Step
            Processing completed...       0.5303 seconds
 
     Processing Day/Time [YYYYDDD:HHMMSS]: 2022182:081000
       Which is Equivalent to (UTC): 8:10:00  Friday,  July 1, 2022
       Time-Step Length (HHMMSS): 000500
                 VDIFF completed...       0.1117 seconds
                COUPLE completed...       0.0026 seconds
                  HADV completed...       0.0791 seconds
                  ZADV completed...       0.0172 seconds
                 HDIFF completed...       0.0086 seconds
              DECOUPLE completed...       0.0026 seconds
                  PHOT completed...       0.0051 seconds
               CLDPROC completed...       0.0109 seconds
                  CHEM completed...       0.1298 seconds
                  AERO completed...       0.1623 seconds
            Master Time Step
            Processing completed...       0.5325 seconds
 
     Processing Day/Time [YYYYDDD:HHMMSS]: 2022182:081500
       Which is Equivalent to (UTC): 8:15:00  Friday,  July 1, 2022
       Time-Step Length (HHMMSS): 000500
                 VDIFF completed...       0.1105 seconds
                COUPLE completed...       0.0026 seconds
                  HADV completed...       0.0827 seconds
                  ZADV completed...       0.0171 seconds
                 HDIFF completed...       0.0088 seconds
              DECOUPLE completed...       0.0026 seconds
                  PHOT completed...       0.0030 seconds
               CLDPROC completed...       0.0113 seconds
                  CHEM completed...       0.1297 seconds
                  AERO completed...       0.1626 seconds
            Master Time Step
            Processing completed...       0.5335 seconds
 
     Processing Day/Time [YYYYDDD:HHMMSS]: 2022182:082000
       Which is Equivalent to (UTC): 8:20:00  Friday,  July 1, 2022
       Time-Step Length (HHMMSS): 000500
                 VDIFF completed...       0.1138 seconds
                COUPLE completed...       0.0025 seconds
                  HADV completed...       0.0840 seconds
                  ZADV completed...       0.0173 seconds
                 HDIFF completed...       0.0089 seconds
              DECOUPLE completed...       0.0026 seconds
                  PHOT completed...       0.0026 seconds
               CLDPROC completed...       0.0109 seconds
                  CHEM completed...       0.1291 seconds
                  AERO completed...       0.1620 seconds
            Master Time Step
            Processing completed...       0.5365 seconds
 
     Processing Day/Time [YYYYDDD:HHMMSS]: 2022182:082500
       Which is Equivalent to (UTC): 8:25:00  Friday,  July 1, 2022
       Time-Step Length (HHMMSS): 000500
                 VDIFF completed...       0.1161 seconds
                COUPLE completed...       0.0025 seconds
                  HADV completed...       0.0837 seconds
                  ZADV completed...       0.0176 seconds
                 HDIFF completed...       0.0092 seconds
              DECOUPLE completed...       0.0027 seconds
                  PHOT completed...       0.0036 seconds
               CLDPROC completed...       0.0109 seconds
                  CHEM completed...       0.1293 seconds
                  AERO completed...       0.1621 seconds
            Master Time Step
            Processing completed...       0.5405 seconds
 
     Processing Day/Time [YYYYDDD:HHMMSS]: 2022182:083000
       Which is Equivalent to (UTC): 8:30:00  Friday,  July 1, 2022
       Time-Step Length (HHMMSS): 000500
                 VDIFF completed...       0.1147 seconds
                COUPLE completed...       0.0025 seconds
                  HADV completed...       0.0791 seconds
                  ZADV completed...       0.0173 seconds
                 HDIFF completed...       0.0088 seconds
              DECOUPLE completed...       0.0026 seconds
                  PHOT completed...       0.0035 seconds
               CLDPROC completed...       0.0114 seconds
                  CHEM completed...       0.1295 seconds
                  AERO completed...       0.1619 seconds
            Master Time Step
            Processing completed...       0.5336 seconds
 
     Processing Day/Time [YYYYDDD:HHMMSS]: 2022182:083500
       Which is Equivalent to (UTC): 8:35:00  Friday,  July 1, 2022
       Time-Step Length (HHMMSS): 000500
                 VDIFF completed...       0.1134 seconds
                COUPLE completed...       0.0025 seconds
                  HADV completed...       0.0903 seconds
                  ZADV completed...       0.0174 seconds
                 HDIFF completed...       0.0100 seconds
              DECOUPLE completed...       0.0026 seconds
                  PHOT completed...       0.0034 seconds
               CLDPROC completed...       0.0114 seconds
                  CHEM completed...       0.1293 seconds
                  AERO completed...       0.1610 seconds
            Master Time Step
            Processing completed...       0.5439 seconds
 
     Processing Day/Time [YYYYDDD:HHMMSS]: 2022182:084000
       Which is Equivalent to (UTC): 8:40:00  Friday,  July 1, 2022
       Time-Step Length (HHMMSS): 000500
                 VDIFF completed...       0.1133 seconds
                COUPLE completed...       0.0025 seconds
                  HADV completed...       0.0845 seconds
                  ZADV completed...       0.0173 seconds
                 HDIFF completed...       0.0087 seconds
              DECOUPLE completed...       0.0026 seconds
                  PHOT completed...       0.0027 seconds
               CLDPROC completed...       0.0110 seconds
                  CHEM completed...       0.1290 seconds
                  AERO completed...       0.1612 seconds
            Master Time Step
            Processing completed...       0.5356 seconds
 
     Processing Day/Time [YYYYDDD:HHMMSS]: 2022182:084500
       Which is Equivalent to (UTC): 8:45:00  Friday,  July 1, 2022
       Time-Step Length (HHMMSS): 000500
                 VDIFF completed...       0.1131 seconds
                COUPLE completed...       0.0025 seconds
                  HADV completed...       0.0855 seconds
                  ZADV completed...       0.0174 seconds
                 HDIFF completed...       0.0091 seconds
              DECOUPLE completed...       0.0027 seconds
                  PHOT completed...       0.0051 seconds
               CLDPROC completed...       0.0119 seconds
                  CHEM completed...       0.1293 seconds
                  AERO completed...       0.1636 seconds
            Master Time Step
            Processing completed...       0.5424 seconds
 
     Processing Day/Time [YYYYDDD:HHMMSS]: 2022182:085000
       Which is Equivalent to (UTC): 8:50:00  Friday,  July 1, 2022
       Time-Step Length (HHMMSS): 000500
                 VDIFF completed...       0.1195 seconds
                COUPLE completed...       0.0025 seconds
                  HADV completed...       0.0741 seconds
                  ZADV completed...       0.0172 seconds
                 HDIFF completed...       0.0077 seconds
              DECOUPLE completed...       0.0026 seconds
                  PHOT completed...       0.0027 seconds
               CLDPROC completed...       0.0119 seconds
                  CHEM completed...       0.1301 seconds
                  AERO completed...       0.1594 seconds
            Master Time Step
            Processing completed...       0.5301 seconds
 
     Processing Day/Time [YYYYDDD:HHMMSS]: 2022182:085500
       Which is Equivalent to (UTC): 8:55:00  Friday,  July 1, 2022
       Time-Step Length (HHMMSS): 000500
                 VDIFF completed...       0.1575 seconds
                COUPLE completed...       0.0025 seconds
                  HADV completed...       0.0657 seconds
                  ZADV completed...       0.0174 seconds
                 HDIFF completed...       0.0083 seconds
              DECOUPLE completed...       0.0028 seconds
                  PHOT completed...       0.0025 seconds
               CLDPROC completed...       0.0427 seconds
                  CHEM completed...       0.1303 seconds
                  AERO completed...       0.1598 seconds
            Master Time Step
            Processing completed...       0.5925 seconds
 
      =--> Data Output completed...       0.0934 seconds
 
     Processing Day/Time [YYYYDDD:HHMMSS]: 2022182:090000
       Which is Equivalent to (UTC): 9:00:00  Friday,  July 1, 2022
       Time-Step Length (HHMMSS): 000500
                 VDIFF completed...       0.2872 seconds
                COUPLE completed...       0.0025 seconds
                  HADV completed...       0.1830 seconds
                  ZADV completed...       0.0173 seconds
                 HDIFF completed...       0.0078 seconds
              DECOUPLE completed...       0.0028 seconds
                  PHOT completed...       0.0045 seconds
               CLDPROC completed...       0.0140 seconds
                  CHEM completed...       0.1324 seconds
                  AERO completed...       0.1596 seconds
            Master Time Step
            Processing completed...       0.8128 seconds
 
     Processing Day/Time [YYYYDDD:HHMMSS]: 2022182:090500
       Which is Equivalent to (UTC): 9:05:00  Friday,  July 1, 2022
       Time-Step Length (HHMMSS): 000500
                 VDIFF completed...       0.1108 seconds
                COUPLE completed...       0.0026 seconds
                  HADV completed...       0.0875 seconds
                  ZADV completed...       0.0173 seconds
                 HDIFF completed...       0.0082 seconds
              DECOUPLE completed...       0.0026 seconds
                  PHOT completed...       0.0034 seconds
               CLDPROC completed...       0.0144 seconds
                  CHEM completed...       0.1331 seconds
                  AERO completed...       0.1586 seconds
            Master Time Step
            Processing completed...       0.5412 seconds
 
     Processing Day/Time [YYYYDDD:HHMMSS]: 2022182:091000
       Which is Equivalent to (UTC): 9:10:00  Friday,  July 1, 2022
       Time-Step Length (HHMMSS): 000500
                 VDIFF completed...       0.1103 seconds
                COUPLE completed...       0.0025 seconds
                  HADV completed...       0.0793 seconds
                  ZADV completed...       0.0208 seconds
                 HDIFF completed...       0.0069 seconds
              DECOUPLE completed...       0.0026 seconds
                  PHOT completed...       0.0047 seconds
               CLDPROC completed...       0.0140 seconds
                  CHEM completed...       0.1334 seconds
                  AERO completed...       0.1579 seconds
            Master Time Step
            Processing completed...       0.5346 seconds
 
     Processing Day/Time [YYYYDDD:HHMMSS]: 2022182:091500
       Which is Equivalent to (UTC): 9:15:00  Friday,  July 1, 2022
       Time-Step Length (HHMMSS): 000500
                 VDIFF completed...       0.1147 seconds
                COUPLE completed...       0.0025 seconds
                  HADV completed...       0.0761 seconds
                  ZADV completed...       0.0173 seconds
                 HDIFF completed...       0.0079 seconds
              DECOUPLE completed...       0.0026 seconds
                  PHOT completed...       0.0029 seconds
               CLDPROC completed...       0.0145 seconds
                  CHEM completed...       0.1332 seconds
                  AERO completed...       0.1571 seconds
            Master Time Step
            Processing completed...       0.5315 seconds
 
     Processing Day/Time [YYYYDDD:HHMMSS]: 2022182:092000
       Which is Equivalent to (UTC): 9:20:00  Friday,  July 1, 2022
       Time-Step Length (HHMMSS): 000500
                 VDIFF completed...       0.1086 seconds
                COUPLE completed...       0.0025 seconds
                  HADV completed...       0.0836 seconds
                  ZADV completed...       0.0173 seconds
                 HDIFF completed...       0.0088 seconds
              DECOUPLE completed...       0.0026 seconds
                  PHOT completed...       0.0039 seconds
               CLDPROC completed...       0.0137 seconds
                  CHEM completed...       0.1327 seconds
                  AERO completed...       0.1583 seconds
            Master Time Step
            Processing completed...       0.5347 seconds
 
     Processing Day/Time [YYYYDDD:HHMMSS]: 2022182:092500
       Which is Equivalent to (UTC): 9:25:00  Friday,  July 1, 2022
       Time-Step Length (HHMMSS): 000500
                 VDIFF completed...       0.1122 seconds
                COUPLE completed...       0.0026 seconds
                  HADV completed...       0.0830 seconds
                  ZADV completed...       0.0173 seconds
                 HDIFF completed...       0.0092 seconds
              DECOUPLE completed...       0.0030 seconds
                  PHOT completed...       0.0030 seconds
               CLDPROC completed...       0.0139 seconds
                  CHEM completed...       0.1332 seconds
                  AERO completed...       0.1582 seconds
            Master Time Step
            Processing completed...       0.5383 seconds
 
     Processing Day/Time [YYYYDDD:HHMMSS]: 2022182:093000
       Which is Equivalent to (UTC): 9:30:00  Friday,  July 1, 2022
       Time-Step Length (HHMMSS): 000500
                 VDIFF completed...       0.1116 seconds
                COUPLE completed...       0.0026 seconds
                  HADV completed...       0.1320 seconds
                  ZADV completed...       0.0175 seconds
                 HDIFF completed...       0.0084 seconds
              DECOUPLE completed...       0.0026 seconds
                  PHOT completed...       0.0029 seconds
               CLDPROC completed...       0.0145 seconds
                  CHEM completed...       0.1331 seconds
                  AERO completed...       0.1575 seconds
            Master Time Step
            Processing completed...       0.5853 seconds
 
     Processing Day/Time [YYYYDDD:HHMMSS]: 2022182:093500
       Which is Equivalent to (UTC): 9:35:00  Friday,  July 1, 2022
       Time-Step Length (HHMMSS): 000500
                 VDIFF completed...       0.1124 seconds
                COUPLE completed...       0.0025 seconds
                  HADV completed...       0.0902 seconds
                  ZADV completed...       0.0174 seconds
                 HDIFF completed...       0.0075 seconds
              DECOUPLE completed...       0.0026 seconds
                  PHOT completed...       0.0039 seconds
               CLDPROC completed...       0.0148 seconds
                  CHEM completed...       0.1336 seconds
                  AERO completed...       0.1561 seconds
            Master Time Step
            Processing completed...       0.5435 seconds
 
     Processing Day/Time [YYYYDDD:HHMMSS]: 2022182:094000
       Which is Equivalent to (UTC): 9:40:00  Friday,  July 1, 2022
       Time-Step Length (HHMMSS): 000500
                 VDIFF completed...       0.1122 seconds
                COUPLE completed...       0.0025 seconds
                  HADV completed...       0.0774 seconds
                  ZADV completed...       0.0175 seconds
                 HDIFF completed...       0.0088 seconds
              DECOUPLE completed...       0.0026 seconds
                  PHOT completed...       0.0040 seconds
               CLDPROC completed...       0.0151 seconds
                  CHEM completed...       0.1334 seconds
                  AERO completed...       0.1565 seconds
            Master Time Step
            Processing completed...       0.5326 seconds
 
     Processing Day/Time [YYYYDDD:HHMMSS]: 2022182:094500
       Which is Equivalent to (UTC): 9:45:00  Friday,  July 1, 2022
       Time-Step Length (HHMMSS): 000500
                 VDIFF completed...       0.1196 seconds
                COUPLE completed...       0.0025 seconds
                  HADV completed...       0.0763 seconds
                  ZADV completed...       0.0174 seconds
                 HDIFF completed...       0.0083 seconds
              DECOUPLE completed...       0.0026 seconds
                  PHOT completed...       0.0040 seconds
               CLDPROC completed...       0.0145 seconds
                  CHEM completed...       0.1337 seconds
                  AERO completed...       0.1556 seconds
            Master Time Step
            Processing completed...       0.5370 seconds
 
     Processing Day/Time [YYYYDDD:HHMMSS]: 2022182:095000
       Which is Equivalent to (UTC): 9:50:00  Friday,  July 1, 2022
       Time-Step Length (HHMMSS): 000500
                 VDIFF completed...       0.1096 seconds
                COUPLE completed...       0.0026 seconds
                  HADV completed...       0.0788 seconds
                  ZADV completed...       0.0174 seconds
                 HDIFF completed...       0.0079 seconds
              DECOUPLE completed...       0.0027 seconds
                  PHOT completed...       0.0046 seconds
               CLDPROC completed...       0.0141 seconds
                  CHEM completed...       0.1339 seconds
                  AERO completed...       0.1549 seconds
            Master Time Step
            Processing completed...       0.5287 seconds
 
     Processing Day/Time [YYYYDDD:HHMMSS]: 2022182:095500
       Which is Equivalent to (UTC): 9:55:00  Friday,  July 1, 2022
       Time-Step Length (HHMMSS): 000500
                 VDIFF completed...       0.1535 seconds
                COUPLE completed...       0.0026 seconds
                  HADV completed...       0.0689 seconds
                  ZADV completed...       0.0174 seconds
                 HDIFF completed...       0.0074 seconds
              DECOUPLE completed...       0.0026 seconds
                  PHOT completed...       0.0031 seconds
               CLDPROC completed...       0.0433 seconds
                  CHEM completed...       0.1346 seconds
                  AERO completed...       0.1551 seconds
            Master Time Step
            Processing completed...       0.5913 seconds
 
      =--> Data Output completed...       0.0956 seconds
 
     Processing Day/Time [YYYYDDD:HHMMSS]: 2022182:100000
       Which is Equivalent to (UTC): 10:00:00 Friday,  July 1, 2022
       Time-Step Length (HHMMSS): 000500
                 VDIFF completed...       0.2799 seconds
                COUPLE completed...       0.0026 seconds
                  HADV completed...       0.1736 seconds
                  ZADV completed...       0.0175 seconds
                 HDIFF completed...       0.0078 seconds
              DECOUPLE completed...       0.0026 seconds
                  PHOT completed...       0.0057 seconds
               CLDPROC completed...       0.0172 seconds
                  CHEM completed...       0.1438 seconds
                  AERO completed...       0.1544 seconds
            Master Time Step
            Processing completed...       0.8077 seconds
 
     Processing Day/Time [YYYYDDD:HHMMSS]: 2022182:100500
       Which is Equivalent to (UTC): 10:05:00 Friday,  July 1, 2022
       Time-Step Length (HHMMSS): 000500
                 VDIFF completed...       0.1077 seconds
                COUPLE completed...       0.0026 seconds
                  HADV completed...       0.0731 seconds
                  ZADV completed...       0.0173 seconds
                 HDIFF completed...       0.0080 seconds
              DECOUPLE completed...       0.0026 seconds
                  PHOT completed...       0.0038 seconds
               CLDPROC completed...       0.0179 seconds
                  CHEM completed...       0.1450 seconds
                  AERO completed...       0.1530 seconds
            Master Time Step
            Processing completed...       0.5337 seconds
 
     Processing Day/Time [YYYYDDD:HHMMSS]: 2022182:101000
       Which is Equivalent to (UTC): 10:10:00 Friday,  July 1, 2022
       Time-Step Length (HHMMSS): 000500
                 VDIFF completed...       0.1135 seconds
                COUPLE completed...       0.0027 seconds
                  HADV completed...       0.0710 seconds
                  ZADV completed...       0.0173 seconds
                 HDIFF completed...       0.0081 seconds
              DECOUPLE completed...       0.0026 seconds
                  PHOT completed...       0.0028 seconds
               CLDPROC completed...       0.0197 seconds
                  CHEM completed...       0.1452 seconds
                  AERO completed...       0.1536 seconds
            Master Time Step
            Processing completed...       0.5391 seconds
 
     Processing Day/Time [YYYYDDD:HHMMSS]: 2022182:101500
       Which is Equivalent to (UTC): 10:15:00 Friday,  July 1, 2022
       Time-Step Length (HHMMSS): 000500
                 VDIFF completed...       0.1090 seconds
                COUPLE completed...       0.0026 seconds
                  HADV completed...       0.0757 seconds
                  ZADV completed...       0.0174 seconds
                 HDIFF completed...       0.0083 seconds
              DECOUPLE completed...       0.0026 seconds
                  PHOT completed...       0.0034 seconds
               CLDPROC completed...       0.0185 seconds
                  CHEM completed...       0.1455 seconds
                  AERO completed...       0.1530 seconds
            Master Time Step
            Processing completed...       0.5386 seconds
 
     Processing Day/Time [YYYYDDD:HHMMSS]: 2022182:102000
       Which is Equivalent to (UTC): 10:20:00 Friday,  July 1, 2022
       Time-Step Length (HHMMSS): 000500
                 VDIFF completed...       0.1068 seconds
                COUPLE completed...       0.0026 seconds
                  HADV completed...       0.0707 seconds
                  ZADV completed...       0.0173 seconds
                 HDIFF completed...       0.0084 seconds
              DECOUPLE completed...       0.0026 seconds
                  PHOT completed...       0.0030 seconds
               CLDPROC completed...       0.0199 seconds
                  CHEM completed...       0.1457 seconds
                  AERO completed...       0.1528 seconds
            Master Time Step
            Processing completed...       0.5325 seconds
 
     Processing Day/Time [YYYYDDD:HHMMSS]: 2022182:102500
       Which is Equivalent to (UTC): 10:25:00 Friday,  July 1, 2022
       Time-Step Length (HHMMSS): 000500
                 VDIFF completed...       0.1067 seconds
                COUPLE completed...       0.0025 seconds
                  HADV completed...       0.1074 seconds
                  ZADV completed...       0.0174 seconds
                 HDIFF completed...       0.0087 seconds
              DECOUPLE completed...       0.0026 seconds
                  PHOT completed...       0.0031 seconds
               CLDPROC completed...       0.0191 seconds
                  CHEM completed...       0.1450 seconds
                  AERO completed...       0.1518 seconds
            Master Time Step
            Processing completed...       0.5671 seconds
 
     Processing Day/Time [YYYYDDD:HHMMSS]: 2022182:103000
       Which is Equivalent to (UTC): 10:30:00 Friday,  July 1, 2022
       Time-Step Length (HHMMSS): 000500
                 VDIFF completed...       0.1081 seconds
                COUPLE completed...       0.0025 seconds
                  HADV completed...       0.1235 seconds
                  ZADV completed...       0.0173 seconds
                 HDIFF completed...       0.0085 seconds
              DECOUPLE completed...       0.0026 seconds
                  PHOT completed...       0.0030 seconds
               CLDPROC completed...       0.0205 seconds
                  CHEM completed...       0.1449 seconds
                  AERO completed...       0.1511 seconds
            Master Time Step
            Processing completed...       0.5845 seconds
 
     Processing Day/Time [YYYYDDD:HHMMSS]: 2022182:103500
       Which is Equivalent to (UTC): 10:35:00 Friday,  July 1, 2022
       Time-Step Length (HHMMSS): 000500
                 VDIFF completed...       0.1082 seconds
                COUPLE completed...       0.0025 seconds
                  HADV completed...       0.1422 seconds
                  ZADV completed...       0.0174 seconds
                 HDIFF completed...       0.0085 seconds
              DECOUPLE completed...       0.0026 seconds
                  PHOT completed...       0.0026 seconds
               CLDPROC completed...       0.0192 seconds
                  CHEM completed...       0.1450 seconds
                  AERO completed...       0.1502 seconds
            Master Time Step
            Processing completed...       0.6009 seconds
 
     Processing Day/Time [YYYYDDD:HHMMSS]: 2022182:104000
       Which is Equivalent to (UTC): 10:40:00 Friday,  July 1, 2022
       Time-Step Length (HHMMSS): 000500
                 VDIFF completed...       0.1063 seconds
                COUPLE completed...       0.0025 seconds
                  HADV completed...       0.1897 seconds
                  ZADV completed...       0.0173 seconds
                 HDIFF completed...       0.0088 seconds
              DECOUPLE completed...       0.0026 seconds
                  PHOT completed...       0.0026 seconds
               CLDPROC completed...       0.0188 seconds
                  CHEM completed...       0.1453 seconds
                  AERO completed...       0.1492 seconds
            Master Time Step
            Processing completed...       0.6454 seconds
 
     Processing Day/Time [YYYYDDD:HHMMSS]: 2022182:104500
       Which is Equivalent to (UTC): 10:45:00 Friday,  July 1, 2022
       Time-Step Length (HHMMSS): 000500
                 VDIFF completed...       0.1055 seconds
                COUPLE completed...       0.0025 seconds
                  HADV completed...       0.2081 seconds
                  ZADV completed...       0.0175 seconds
                 HDIFF completed...       0.0081 seconds
              DECOUPLE completed...       0.0026 seconds
                  PHOT completed...       0.0026 seconds
               CLDPROC completed...       0.0180 seconds
                  CHEM completed...       0.1453 seconds
                  AERO completed...       0.1492 seconds
            Master Time Step
            Processing completed...       0.6618 seconds
 
     Processing Day/Time [YYYYDDD:HHMMSS]: 2022182:105000
       Which is Equivalent to (UTC): 10:50:00 Friday,  July 1, 2022
       Time-Step Length (HHMMSS): 000500
                 VDIFF completed...       0.1045 seconds
                COUPLE completed...       0.0028 seconds
                  HADV completed...       0.2302 seconds
                  ZADV completed...       0.0176 seconds
                 HDIFF completed...       0.0092 seconds
              DECOUPLE completed...       0.0026 seconds
                  PHOT completed...       0.0027 seconds
               CLDPROC completed...       0.0182 seconds
                  CHEM completed...       0.1452 seconds
                  AERO completed...       0.1486 seconds
            Master Time Step
            Processing completed...       0.6838 seconds
 
     Processing Day/Time [YYYYDDD:HHMMSS]: 2022182:105500
       Which is Equivalent to (UTC): 10:55:00 Friday,  July 1, 2022
       Time-Step Length (HHMMSS): 000500
                 VDIFF completed...       0.2997 seconds
                COUPLE completed...       0.0025 seconds
                  HADV completed...       0.0692 seconds
                  ZADV completed...       0.0175 seconds
                 HDIFF completed...       0.0086 seconds
              DECOUPLE completed...       0.0026 seconds
                  PHOT completed...       0.0130 seconds
               CLDPROC completed...       0.0727 seconds
                  CHEM completed...       0.1449 seconds
                  AERO completed...       0.1477 seconds
            Master Time Step
            Processing completed...       0.7808 seconds
 
      =--> Data Output completed...       0.2170 seconds
 
     Processing Day/Time [YYYYDDD:HHMMSS]: 2022182:110000
       Which is Equivalent to (UTC): 11:00:00 Friday,  July 1, 2022
       Time-Step Length (HHMMSS): 000500
                 VDIFF completed...       0.3408 seconds
                COUPLE completed...       0.0025 seconds
                  HADV completed...       0.1532 seconds
                  ZADV completed...       0.0174 seconds
                 HDIFF completed...       0.0086 seconds
              DECOUPLE completed...       0.0027 seconds
                  PHOT completed...       0.0270 seconds
               CLDPROC completed...       0.0200 seconds
                  CHEM completed...       0.1517 seconds
                  AERO completed...       0.1486 seconds
            Master Time Step
            Processing completed...       0.8751 seconds
 
     Processing Day/Time [YYYYDDD:HHMMSS]: 2022182:110500
       Which is Equivalent to (UTC): 11:05:00 Friday,  July 1, 2022
       Time-Step Length (HHMMSS): 000500
                 VDIFF completed...       0.0969 seconds
                COUPLE completed...       0.0025 seconds
                  HADV completed...       0.2152 seconds
                  ZADV completed...       0.0175 seconds
                 HDIFF completed...       0.0090 seconds
              DECOUPLE completed...       0.0026 seconds
                  PHOT completed...       0.0250 seconds
               CLDPROC completed...       0.0201 seconds
                  CHEM completed...       0.1523 seconds
                  AERO completed...       0.1480 seconds
            Master Time Step
            Processing completed...       0.6912 seconds
 
     Processing Day/Time [YYYYDDD:HHMMSS]: 2022182:111000
       Which is Equivalent to (UTC): 11:10:00 Friday,  July 1, 2022
       Time-Step Length (HHMMSS): 000500
                 VDIFF completed...       0.2186 seconds
                COUPLE completed...       0.0026 seconds
                  HADV completed...       0.1354 seconds
                  ZADV completed...       0.0173 seconds
                 HDIFF completed...       0.0089 seconds
              DECOUPLE completed...       0.0026 seconds
                  PHOT completed...       0.0251 seconds
               CLDPROC completed...       0.0215 seconds
                  CHEM completed...       0.1522 seconds
                  AERO completed...       0.1489 seconds
            Master Time Step
            Processing completed...       0.7356 seconds
 
     Processing Day/Time [YYYYDDD:HHMMSS]: 2022182:111500
       Which is Equivalent to (UTC): 11:15:00 Friday,  July 1, 2022
       Time-Step Length (HHMMSS): 000500
                 VDIFF completed...       0.2817 seconds
                COUPLE completed...       0.0025 seconds
                  HADV completed...       0.0703 seconds
                  ZADV completed...       0.0175 seconds
                 HDIFF completed...       0.0083 seconds
              DECOUPLE completed...       0.0026 seconds
                  PHOT completed...       0.0251 seconds
               CLDPROC completed...       0.0218 seconds
                  CHEM completed...       0.1521 seconds
                  AERO completed...       0.1479 seconds
            Master Time Step
            Processing completed...       0.7324 seconds
 
     Processing Day/Time [YYYYDDD:HHMMSS]: 2022182:112000
       Which is Equivalent to (UTC): 11:20:00 Friday,  July 1, 2022
       Time-Step Length (HHMMSS): 000500
                 VDIFF completed...       0.1281 seconds
                COUPLE completed...       0.0025 seconds
                  HADV completed...       0.0678 seconds
                  ZADV completed...       0.0173 seconds
                 HDIFF completed...       0.0087 seconds
              DECOUPLE completed...       0.0027 seconds
                  PHOT completed...       0.0303 seconds
               CLDPROC completed...       0.0227 seconds
                  CHEM completed...       0.2000 seconds
                  AERO completed...       0.1480 seconds
            Master Time Step
            Processing completed...       0.6305 seconds
 
     Processing Day/Time [YYYYDDD:HHMMSS]: 2022182:112500
       Which is Equivalent to (UTC): 11:25:00 Friday,  July 1, 2022
       Time-Step Length (HHMMSS): 000500
                 VDIFF completed...       0.1040 seconds
                COUPLE completed...       0.0025 seconds
                  HADV completed...       0.0669 seconds
                  ZADV completed...       0.0176 seconds
                 HDIFF completed...       0.0086 seconds
              DECOUPLE completed...       0.0026 seconds
                  PHOT completed...       0.0411 seconds
               CLDPROC completed...       0.0225 seconds
                  CHEM completed...       0.3207 seconds
                  AERO completed...       0.1487 seconds
            Master Time Step
            Processing completed...       0.7378 seconds
 
     Processing Day/Time [YYYYDDD:HHMMSS]: 2022182:113000
       Which is Equivalent to (UTC): 11:30:00 Friday,  July 1, 2022
       Time-Step Length (HHMMSS): 000500
                 VDIFF completed...       0.1025 seconds
                COUPLE completed...       0.0025 seconds
                  HADV completed...       0.0659 seconds
                  ZADV completed...       0.0176 seconds
                 HDIFF completed...       0.0084 seconds
              DECOUPLE completed...       0.0026 seconds
                  PHOT completed...       0.0405 seconds
               CLDPROC completed...       0.0227 seconds
                  CHEM completed...       0.3257 seconds
                  AERO completed...       0.1483 seconds
            Master Time Step
            Processing completed...       0.7392 seconds
 
     Processing Day/Time [YYYYDDD:HHMMSS]: 2022182:113500
       Which is Equivalent to (UTC): 11:35:00 Friday,  July 1, 2022
       Time-Step Length (HHMMSS): 000500
                 VDIFF completed...       0.1025 seconds
                COUPLE completed...       0.0025 seconds
                  HADV completed...       0.0666 seconds
                  ZADV completed...       0.0176 seconds
                 HDIFF completed...       0.0086 seconds
              DECOUPLE completed...       0.0026 seconds
                  PHOT completed...       0.0403 seconds
               CLDPROC completed...       0.0231 seconds
                  CHEM completed...       0.3072 seconds
                  AERO completed...       0.1483 seconds
            Master Time Step
            Processing completed...       0.7219 seconds
 
     Processing Day/Time [YYYYDDD:HHMMSS]: 2022182:114000
       Which is Equivalent to (UTC): 11:40:00 Friday,  July 1, 2022
       Time-Step Length (HHMMSS): 000500
                 VDIFF completed...       0.1036 seconds
                COUPLE completed...       0.0025 seconds
                  HADV completed...       0.0668 seconds
                  ZADV completed...       0.0175 seconds
                 HDIFF completed...       0.0076 seconds
              DECOUPLE completed...       0.0026 seconds
                  PHOT completed...       0.0398 seconds
               CLDPROC completed...       0.0231 seconds
                  CHEM completed...       0.2932 seconds
                  AERO completed...       0.1475 seconds
            Master Time Step
            Processing completed...       0.7068 seconds
 
     Processing Day/Time [YYYYDDD:HHMMSS]: 2022182:114500
       Which is Equivalent to (UTC): 11:45:00 Friday,  July 1, 2022
       Time-Step Length (HHMMSS): 000500
                 VDIFF completed...       0.1081 seconds
                COUPLE completed...       0.0025 seconds
                  HADV completed...       0.0674 seconds
                  ZADV completed...       0.0177 seconds
                 HDIFF completed...       0.0076 seconds
              DECOUPLE completed...       0.0026 seconds
                  PHOT completed...       0.0408 seconds
               CLDPROC completed...       0.0231 seconds
                  CHEM completed...       0.2873 seconds
                  AERO completed...       0.1473 seconds
            Master Time Step
            Processing completed...       0.7071 seconds
 
     Processing Day/Time [YYYYDDD:HHMMSS]: 2022182:115000
       Which is Equivalent to (UTC): 11:50:00 Friday,  July 1, 2022
       Time-Step Length (HHMMSS): 000500
                 VDIFF completed...       0.1095 seconds
                COUPLE completed...       0.0025 seconds
                  HADV completed...       0.0661 seconds
                  ZADV completed...       0.0176 seconds
                 HDIFF completed...       0.0084 seconds
              DECOUPLE completed...       0.0026 seconds
                  PHOT completed...       0.0405 seconds
               CLDPROC completed...       0.0241 seconds
                  CHEM completed...       0.2862 seconds
                  AERO completed...       0.1471 seconds
            Master Time Step
            Processing completed...       0.7068 seconds
 
     Processing Day/Time [YYYYDDD:HHMMSS]: 2022182:115500
       Which is Equivalent to (UTC): 11:55:00 Friday,  July 1, 2022
       Time-Step Length (HHMMSS): 000500
                 VDIFF completed...       0.1393 seconds
                COUPLE completed...       0.0028 seconds
                  HADV completed...       0.0725 seconds
                  ZADV completed...       0.0177 seconds
                 HDIFF completed...       0.0078 seconds
              DECOUPLE completed...       0.0026 seconds
                  PHOT completed...       0.0401 seconds
               CLDPROC completed...       0.0561 seconds
                  CHEM completed...       0.2878 seconds
                  AERO completed...       0.1468 seconds
            Master Time Step
            Processing completed...       0.7759 seconds
 
      =--> Data Output completed...       0.0907 seconds
 
     Processing Day/Time [YYYYDDD:HHMMSS]: 2022182:120000
       Which is Equivalent to (UTC): 12:00:00 Friday,  July 1, 2022
       Time-Step Length (HHMMSS): 000500
                 VDIFF completed...       0.3345 seconds
                COUPLE completed...       0.0025 seconds
                  HADV completed...       0.1677 seconds
                  ZADV completed...       0.0177 seconds
                 HDIFF completed...       0.0076 seconds
              DECOUPLE completed...       0.0026 seconds
                  PHOT completed...       0.0433 seconds
               CLDPROC completed...       0.0288 seconds
                  CHEM completed...       0.2964 seconds
                  AERO completed...       0.1468 seconds
            Master Time Step
            Processing completed...       1.0507 seconds
 
     Processing Day/Time [YYYYDDD:HHMMSS]: 2022182:120500
       Which is Equivalent to (UTC): 12:05:00 Friday,  July 1, 2022
       Time-Step Length (HHMMSS): 000500
                 VDIFF completed...       0.1066 seconds
                COUPLE completed...       0.0025 seconds
                  HADV completed...       0.0673 seconds
                  ZADV completed...       0.0173 seconds
                 HDIFF completed...       0.0076 seconds
              DECOUPLE completed...       0.0026 seconds
                  PHOT completed...       0.0409 seconds
               CLDPROC completed...       0.0305 seconds
                  CHEM completed...       0.2941 seconds
                  AERO completed...       0.1493 seconds
            Master Time Step
            Processing completed...       0.7215 seconds
 
     Processing Day/Time [YYYYDDD:HHMMSS]: 2022182:121000
       Which is Equivalent to (UTC): 12:10:00 Friday,  July 1, 2022
       Time-Step Length (HHMMSS): 000500
                 VDIFF completed...       0.1144 seconds
                COUPLE completed...       0.0025 seconds
                  HADV completed...       0.0659 seconds
                  ZADV completed...       0.0173 seconds
                 HDIFF completed...       0.0085 seconds
              DECOUPLE completed...       0.0026 seconds
                  PHOT completed...       0.0411 seconds
               CLDPROC completed...       0.0317 seconds
                  CHEM completed...       0.2945 seconds
                  AERO completed...       0.1457 seconds
            Master Time Step
            Processing completed...       0.7270 seconds
 
     Processing Day/Time [YYYYDDD:HHMMSS]: 2022182:121500
       Which is Equivalent to (UTC): 12:15:00 Friday,  July 1, 2022
       Time-Step Length (HHMMSS): 000500
                 VDIFF completed...       0.1104 seconds
                COUPLE completed...       0.0025 seconds
                  HADV completed...       0.0673 seconds
                  ZADV completed...       0.0172 seconds
                 HDIFF completed...       0.0083 seconds
              DECOUPLE completed...       0.0026 seconds
                  PHOT completed...       0.0409 seconds
               CLDPROC completed...       0.0317 seconds
                  CHEM completed...       0.2965 seconds
                  AERO completed...       0.1454 seconds
            Master Time Step
            Processing completed...       0.7254 seconds
 
     Processing Day/Time [YYYYDDD:HHMMSS]: 2022182:122000
       Which is Equivalent to (UTC): 12:20:00 Friday,  July 1, 2022
       Time-Step Length (HHMMSS): 000500
                 VDIFF completed...       0.1148 seconds
                COUPLE completed...       0.0025 seconds
                  HADV completed...       0.0664 seconds
                  ZADV completed...       0.0171 seconds
                 HDIFF completed...       0.0095 seconds
              DECOUPLE completed...       0.0026 seconds
                  PHOT completed...       0.0414 seconds
               CLDPROC completed...       0.0321 seconds
                  CHEM completed...       0.2992 seconds
                  AERO completed...       0.1442 seconds
            Master Time Step
            Processing completed...       0.7322 seconds
 
     Processing Day/Time [YYYYDDD:HHMMSS]: 2022182:122500
       Which is Equivalent to (UTC): 12:25:00 Friday,  July 1, 2022
       Time-Step Length (HHMMSS): 000500
                 VDIFF completed...       0.1122 seconds
                COUPLE completed...       0.0025 seconds
                  HADV completed...       0.0681 seconds
                  ZADV completed...       0.0170 seconds
                 HDIFF completed...       0.0088 seconds
              DECOUPLE completed...       0.0026 seconds
                  PHOT completed...       0.0408 seconds
               CLDPROC completed...       0.0318 seconds
                  CHEM completed...       0.3017 seconds
                  AERO completed...       0.1439 seconds
            Master Time Step
            Processing completed...       0.7320 seconds
 
     Processing Day/Time [YYYYDDD:HHMMSS]: 2022182:123000
       Which is Equivalent to (UTC): 12:30:00 Friday,  July 1, 2022
       Time-Step Length (HHMMSS): 000500
                 VDIFF completed...       0.1126 seconds
                COUPLE completed...       0.0025 seconds
                  HADV completed...       0.0671 seconds
                  ZADV completed...       0.0169 seconds
                 HDIFF completed...       0.0081 seconds
              DECOUPLE completed...       0.0026 seconds
                  PHOT completed...       0.0408 seconds
               CLDPROC completed...       0.0312 seconds
                  CHEM completed...       0.3056 seconds
                  AERO completed...       0.1431 seconds
            Master Time Step
            Processing completed...       0.7331 seconds
 
     Processing Day/Time [YYYYDDD:HHMMSS]: 2022182:123500
       Which is Equivalent to (UTC): 12:35:00 Friday,  July 1, 2022
       Time-Step Length (HHMMSS): 000500
                 VDIFF completed...       0.1200 seconds
                COUPLE completed...       0.0025 seconds
                  HADV completed...       0.0672 seconds
                  ZADV completed...       0.0170 seconds
                 HDIFF completed...       0.0083 seconds
              DECOUPLE completed...       0.0026 seconds
                  PHOT completed...       0.0406 seconds
               CLDPROC completed...       0.0314 seconds
                  CHEM completed...       0.3084 seconds
                  AERO completed...       0.1442 seconds
            Master Time Step
            Processing completed...       0.7449 seconds
 
     Processing Day/Time [YYYYDDD:HHMMSS]: 2022182:124000
       Which is Equivalent to (UTC): 12:40:00 Friday,  July 1, 2022
       Time-Step Length (HHMMSS): 000500
                 VDIFF completed...       0.1128 seconds
                COUPLE completed...       0.0025 seconds
                  HADV completed...       0.0664 seconds
                  ZADV completed...       0.0171 seconds
                 HDIFF completed...       0.0080 seconds
              DECOUPLE completed...       0.0026 seconds
                  PHOT completed...       0.0409 seconds
               CLDPROC completed...       0.0309 seconds
                  CHEM completed...       0.3116 seconds
                  AERO completed...       0.1443 seconds
            Master Time Step
            Processing completed...       0.7397 seconds
 
     Processing Day/Time [YYYYDDD:HHMMSS]: 2022182:124500
       Which is Equivalent to (UTC): 12:45:00 Friday,  July 1, 2022
       Time-Step Length (HHMMSS): 000500
                 VDIFF completed...       0.1129 seconds
                COUPLE completed...       0.0025 seconds
                  HADV completed...       0.0675 seconds
                  ZADV completed...       0.0170 seconds
                 HDIFF completed...       0.0083 seconds
              DECOUPLE completed...       0.0026 seconds
                  PHOT completed...       0.0409 seconds
               CLDPROC completed...       0.0308 seconds
                  CHEM completed...       0.3164 seconds
                  AERO completed...       0.1445 seconds
            Master Time Step
            Processing completed...       0.7456 seconds
 
     Processing Day/Time [YYYYDDD:HHMMSS]: 2022182:125000
       Which is Equivalent to (UTC): 12:50:00 Friday,  July 1, 2022
       Time-Step Length (HHMMSS): 000500
                 VDIFF completed...       0.1114 seconds
                COUPLE completed...       0.0025 seconds
                  HADV completed...       0.0669 seconds
                  ZADV completed...       0.0170 seconds
                 HDIFF completed...       0.0078 seconds
              DECOUPLE completed...       0.0026 seconds
                  PHOT completed...       0.0407 seconds
               CLDPROC completed...       0.0310 seconds
                  CHEM completed...       0.3196 seconds
                  AERO completed...       0.1443 seconds
            Master Time Step
            Processing completed...       0.7465 seconds
 
     Processing Day/Time [YYYYDDD:HHMMSS]: 2022182:125500
       Which is Equivalent to (UTC): 12:55:00 Friday,  July 1, 2022
       Time-Step Length (HHMMSS): 000500
                 VDIFF completed...       0.1395 seconds
                COUPLE completed...       0.0025 seconds
                  HADV completed...       0.0686 seconds
                  ZADV completed...       0.0173 seconds
                 HDIFF completed...       0.0083 seconds
              DECOUPLE completed...       0.0026 seconds
                  PHOT completed...       0.0405 seconds
               CLDPROC completed...       0.0537 seconds
                  CHEM completed...       0.3260 seconds
                  AERO completed...       0.1438 seconds
            Master Time Step
            Processing completed...       0.8054 seconds
 
      =--> Data Output completed...       0.1099 seconds
 
     Processing Day/Time [YYYYDDD:HHMMSS]: 2022182:130000
       Which is Equivalent to (UTC): 13:00:00 Friday,  July 1, 2022
       Time-Step Length (HHMMSS): 000500
                 VDIFF completed...       0.3356 seconds
                COUPLE completed...       0.0026 seconds
                  HADV completed...       0.2757 seconds
                  ZADV completed...       0.0172 seconds
                 HDIFF completed...       0.0080 seconds
              DECOUPLE completed...       0.0026 seconds
                  PHOT completed...       0.0455 seconds
               CLDPROC completed...       0.0311 seconds
                  CHEM completed...       0.3419 seconds
                  AERO completed...       0.1434 seconds
            Master Time Step
            Processing completed...       1.2061 seconds
 
     Processing Day/Time [YYYYDDD:HHMMSS]: 2022182:130500
       Which is Equivalent to (UTC): 13:05:00 Friday,  July 1, 2022
       Time-Step Length (HHMMSS): 000500
                 VDIFF completed...       0.1148 seconds
                COUPLE completed...       0.0025 seconds
                  HADV completed...       0.0646 seconds
                  ZADV completed...       0.0170 seconds
                 HDIFF completed...       0.0081 seconds
              DECOUPLE completed...       0.0026 seconds
                  PHOT completed...       0.0404 seconds
               CLDPROC completed...       0.0310 seconds
                  CHEM completed...       0.3326 seconds
                  AERO completed...       0.1439 seconds
            Master Time Step
            Processing completed...       0.7601 seconds
 
     Processing Day/Time [YYYYDDD:HHMMSS]: 2022182:131000
       Which is Equivalent to (UTC): 13:10:00 Friday,  July 1, 2022
       Time-Step Length (HHMMSS): 000500
                 VDIFF completed...       0.1111 seconds
                COUPLE completed...       0.0025 seconds
                  HADV completed...       0.0638 seconds
                  ZADV completed...       0.0169 seconds
                 HDIFF completed...       0.0078 seconds
              DECOUPLE completed...       0.0026 seconds
                  PHOT completed...       0.0404 seconds
               CLDPROC completed...       0.0310 seconds
                  CHEM completed...       0.3332 seconds
                  AERO completed...       0.1438 seconds
            Master Time Step
            Processing completed...       0.7556 seconds
 
     Processing Day/Time [YYYYDDD:HHMMSS]: 2022182:131500
       Which is Equivalent to (UTC): 13:15:00 Friday,  July 1, 2022
       Time-Step Length (HHMMSS): 000500
                 VDIFF completed...       0.1133 seconds
                COUPLE completed...       0.0025 seconds
                  HADV completed...       0.0651 seconds
                  ZADV completed...       0.0167 seconds
                 HDIFF completed...       0.0086 seconds
              DECOUPLE completed...       0.0026 seconds
                  PHOT completed...       0.0406 seconds
               CLDPROC completed...       0.0304 seconds
                  CHEM completed...       0.3349 seconds
                  AERO completed...       0.1442 seconds
            Master Time Step
            Processing completed...       0.7613 seconds
 
     Processing Day/Time [YYYYDDD:HHMMSS]: 2022182:132000
       Which is Equivalent to (UTC): 13:20:00 Friday,  July 1, 2022
       Time-Step Length (HHMMSS): 000500
                 VDIFF completed...       0.1130 seconds
                COUPLE completed...       0.0025 seconds
                  HADV completed...       0.0666 seconds
                  ZADV completed...       0.0166 seconds
                 HDIFF completed...       0.0087 seconds
              DECOUPLE completed...       0.0026 seconds
                  PHOT completed...       0.0406 seconds
               CLDPROC completed...       0.0304 seconds
                  CHEM completed...       0.3373 seconds
                  AERO completed...       0.1469 seconds
            Master Time Step
            Processing completed...       0.7677 seconds
 
     Processing Day/Time [YYYYDDD:HHMMSS]: 2022182:132500
       Which is Equivalent to (UTC): 13:25:00 Friday,  July 1, 2022
       Time-Step Length (HHMMSS): 000500
                 VDIFF completed...       0.1185 seconds
                COUPLE completed...       0.0025 seconds
                  HADV completed...       0.0639 seconds
                  ZADV completed...       0.0168 seconds
                 HDIFF completed...       0.0086 seconds
              DECOUPLE completed...       0.0026 seconds
                  PHOT completed...       0.0404 seconds
               CLDPROC completed...       0.0308 seconds
                  CHEM completed...       0.3404 seconds
                  AERO completed...       0.1437 seconds
            Master Time Step
            Processing completed...       0.7707 seconds
 
     Processing Day/Time [YYYYDDD:HHMMSS]: 2022182:133000
       Which is Equivalent to (UTC): 13:30:00 Friday,  July 1, 2022
       Time-Step Length (HHMMSS): 000500
                 VDIFF completed...       0.1137 seconds
                COUPLE completed...       0.0025 seconds
                  HADV completed...       0.0647 seconds
                  ZADV completed...       0.0165 seconds
                 HDIFF completed...       0.0084 seconds
              DECOUPLE completed...       0.0026 seconds
                  PHOT completed...       0.0407 seconds
               CLDPROC completed...       0.0303 seconds
                  CHEM completed...       0.3434 seconds
                  AERO completed...       0.1436 seconds
            Master Time Step
            Processing completed...       0.7688 seconds
 
     Processing Day/Time [YYYYDDD:HHMMSS]: 2022182:133500
       Which is Equivalent to (UTC): 13:35:00 Friday,  July 1, 2022
       Time-Step Length (HHMMSS): 000500
                 VDIFF completed...       0.1128 seconds
                COUPLE completed...       0.0025 seconds
                  HADV completed...       0.0644 seconds
                  ZADV completed...       0.0164 seconds
                 HDIFF completed...       0.0083 seconds
              DECOUPLE completed...       0.0028 seconds
                  PHOT completed...       0.0410 seconds
               CLDPROC completed...       0.0297 seconds
                  CHEM completed...       0.3445 seconds
                  AERO completed...       0.1440 seconds
            Master Time Step
            Processing completed...       0.7686 seconds
 
     Processing Day/Time [YYYYDDD:HHMMSS]: 2022182:134000
       Which is Equivalent to (UTC): 13:40:00 Friday,  July 1, 2022
       Time-Step Length (HHMMSS): 000500
                 VDIFF completed...       0.1133 seconds
                COUPLE completed...       0.0025 seconds
                  HADV completed...       0.0669 seconds
                  ZADV completed...       0.0166 seconds
                 HDIFF completed...       0.0097 seconds
              DECOUPLE completed...       0.0026 seconds
                  PHOT completed...       0.0402 seconds
               CLDPROC completed...       0.0289 seconds
                  CHEM completed...       0.3477 seconds
                  AERO completed...       0.1445 seconds
            Master Time Step
            Processing completed...       0.7751 seconds
 
     Processing Day/Time [YYYYDDD:HHMMSS]: 2022182:134500
       Which is Equivalent to (UTC): 13:45:00 Friday,  July 1, 2022
       Time-Step Length (HHMMSS): 000500
                 VDIFF completed...       0.1131 seconds
                COUPLE completed...       0.0025 seconds
                  HADV completed...       0.0681 seconds
                  ZADV completed...       0.0166 seconds
                 HDIFF completed...       0.0081 seconds
              DECOUPLE completed...       0.0026 seconds
                  PHOT completed...       0.0408 seconds
               CLDPROC completed...       0.0279 seconds
                  CHEM completed...       0.3497 seconds
                  AERO completed...       0.1444 seconds
            Master Time Step
            Processing completed...       0.7759 seconds
 
     Processing Day/Time [YYYYDDD:HHMMSS]: 2022182:135000
       Which is Equivalent to (UTC): 13:50:00 Friday,  July 1, 2022
       Time-Step Length (HHMMSS): 000500
                 VDIFF completed...       0.1117 seconds
                COUPLE completed...       0.0025 seconds
                  HADV completed...       0.0639 seconds
                  ZADV completed...       0.0166 seconds
                 HDIFF completed...       0.0080 seconds
              DECOUPLE completed...       0.0026 seconds
                  PHOT completed...       0.0405 seconds
               CLDPROC completed...       0.0275 seconds
                  CHEM completed...       0.3520 seconds
                  AERO completed...       0.1445 seconds
            Master Time Step
            Processing completed...       0.7724 seconds
 
     Processing Day/Time [YYYYDDD:HHMMSS]: 2022182:135500
       Which is Equivalent to (UTC): 13:55:00 Friday,  July 1, 2022
       Time-Step Length (HHMMSS): 000500
                 VDIFF completed...       0.1380 seconds
                COUPLE completed...       0.0025 seconds
                  HADV completed...       0.0664 seconds
                  ZADV completed...       0.0167 seconds
                 HDIFF completed...       0.0086 seconds
              DECOUPLE completed...       0.0026 seconds
                  PHOT completed...       0.0403 seconds
               CLDPROC completed...       0.0449 seconds
                  CHEM completed...       0.3556 seconds
                  AERO completed...       0.1446 seconds
            Master Time Step
            Processing completed...       0.8227 seconds
 
      =--> Data Output completed...       0.0785 seconds
 
     Processing Day/Time [YYYYDDD:HHMMSS]: 2022182:140000
       Which is Equivalent to (UTC): 14:00:00 Friday,  July 1, 2022
       Time-Step Length (HHMMSS): 000500
                 VDIFF completed...       0.3387 seconds
                COUPLE completed...       0.0025 seconds
                  HADV completed...       0.1604 seconds
                  ZADV completed...       0.0168 seconds
                 HDIFF completed...       0.0083 seconds
              DECOUPLE completed...       0.0026 seconds
                  PHOT completed...       0.0419 seconds
               CLDPROC completed...       0.0266 seconds
                  CHEM completed...       0.3763 seconds
                  AERO completed...       0.1459 seconds
            Master Time Step
            Processing completed...       1.1227 seconds
 
     Processing Day/Time [YYYYDDD:HHMMSS]: 2022182:140500
       Which is Equivalent to (UTC): 14:05:00 Friday,  July 1, 2022
       Time-Step Length (HHMMSS): 000500
                 VDIFF completed...       0.1108 seconds
                COUPLE completed...       0.0025 seconds
                  HADV completed...       0.0699 seconds
                  ZADV completed...       0.0166 seconds
                 HDIFF completed...       0.0081 seconds
              DECOUPLE completed...       0.0026 seconds
                  PHOT completed...       0.0406 seconds
               CLDPROC completed...       0.0261 seconds
                  CHEM completed...       0.3639 seconds
                  AERO completed...       0.1454 seconds
            Master Time Step
            Processing completed...       0.7890 seconds
 
     Processing Day/Time [YYYYDDD:HHMMSS]: 2022182:141000
       Which is Equivalent to (UTC): 14:10:00 Friday,  July 1, 2022
       Time-Step Length (HHMMSS): 000500
                 VDIFF completed...       0.1107 seconds
                COUPLE completed...       0.0025 seconds
                  HADV completed...       0.0665 seconds
                  ZADV completed...       0.0166 seconds
                 HDIFF completed...       0.0083 seconds
              DECOUPLE completed...       0.0026 seconds
                  PHOT completed...       0.0408 seconds
               CLDPROC completed...       0.0266 seconds
                  CHEM completed...       0.3633 seconds
                  AERO completed...       0.1458 seconds
            Master Time Step
            Processing completed...       0.7858 seconds
 
     Processing Day/Time [YYYYDDD:HHMMSS]: 2022182:141500
       Which is Equivalent to (UTC): 14:15:00 Friday,  July 1, 2022
       Time-Step Length (HHMMSS): 000500
                 VDIFF completed...       0.1115 seconds
                COUPLE completed...       0.0025 seconds
                  HADV completed...       0.0689 seconds
                  ZADV completed...       0.0165 seconds
                 HDIFF completed...       0.0078 seconds
              DECOUPLE completed...       0.0026 seconds
                  PHOT completed...       0.0411 seconds
               CLDPROC completed...       0.0267 seconds
                  CHEM completed...       0.3637 seconds
                  AERO completed...       0.1462 seconds
            Master Time Step
            Processing completed...       0.7899 seconds
 
     Processing Day/Time [YYYYDDD:HHMMSS]: 2022182:142000
       Which is Equivalent to (UTC): 14:20:00 Friday,  July 1, 2022
       Time-Step Length (HHMMSS): 000500
                 VDIFF completed...       0.1110 seconds
                COUPLE completed...       0.0025 seconds
                  HADV completed...       0.0660 seconds
                  ZADV completed...       0.0162 seconds
                 HDIFF completed...       0.0089 seconds
              DECOUPLE completed...       0.0026 seconds
                  PHOT completed...       0.0410 seconds
               CLDPROC completed...       0.0263 seconds
                  CHEM completed...       0.3640 seconds
                  AERO completed...       0.1470 seconds
            Master Time Step
            Processing completed...       0.7881 seconds
 
     Processing Day/Time [YYYYDDD:HHMMSS]: 2022182:142500
       Which is Equivalent to (UTC): 14:25:00 Friday,  July 1, 2022
       Time-Step Length (HHMMSS): 000500
                 VDIFF completed...       0.1131 seconds
                COUPLE completed...       0.0026 seconds
                  HADV completed...       0.0676 seconds
                  ZADV completed...       0.0163 seconds
                 HDIFF completed...       0.0081 seconds
              DECOUPLE completed...       0.0026 seconds
                  PHOT completed...       0.0406 seconds
               CLDPROC completed...       0.0266 seconds
                  CHEM completed...       0.3636 seconds
                  AERO completed...       0.1472 seconds
            Master Time Step
            Processing completed...       0.7908 seconds
 
     Processing Day/Time [YYYYDDD:HHMMSS]: 2022182:143000
       Which is Equivalent to (UTC): 14:30:00 Friday,  July 1, 2022
       Time-Step Length (HHMMSS): 000500
                 VDIFF completed...       0.1121 seconds
                COUPLE completed...       0.0025 seconds
                  HADV completed...       0.0680 seconds
                  ZADV completed...       0.0163 seconds
                 HDIFF completed...       0.0087 seconds
              DECOUPLE completed...       0.0026 seconds
                  PHOT completed...       0.0410 seconds
               CLDPROC completed...       0.0260 seconds
                  CHEM completed...       0.3648 seconds
                  AERO completed...       0.1482 seconds
            Master Time Step
            Processing completed...       0.7925 seconds
 
     Processing Day/Time [YYYYDDD:HHMMSS]: 2022182:143500
       Which is Equivalent to (UTC): 14:35:00 Friday,  July 1, 2022
       Time-Step Length (HHMMSS): 000500
                 VDIFF completed...       0.1112 seconds
                COUPLE completed...       0.0025 seconds
                  HADV completed...       0.0684 seconds
                  ZADV completed...       0.0164 seconds
                 HDIFF completed...       0.0088 seconds
              DECOUPLE completed...       0.0026 seconds
                  PHOT completed...       0.0401 seconds
               CLDPROC completed...       0.0254 seconds
                  CHEM completed...       0.3650 seconds
                  AERO completed...       0.1487 seconds
            Master Time Step
            Processing completed...       0.7916 seconds
 
     Processing Day/Time [YYYYDDD:HHMMSS]: 2022182:144000
       Which is Equivalent to (UTC): 14:40:00 Friday,  July 1, 2022
       Time-Step Length (HHMMSS): 000500
                 VDIFF completed...       0.1122 seconds
                COUPLE completed...       0.0025 seconds
                  HADV completed...       0.0660 seconds
                  ZADV completed...       0.0166 seconds
                 HDIFF completed...       0.0089 seconds
              DECOUPLE completed...       0.0026 seconds
                  PHOT completed...       0.0404 seconds
               CLDPROC completed...       0.0253 seconds
                  CHEM completed...       0.3646 seconds
                  AERO completed...       0.1493 seconds
            Master Time Step
            Processing completed...       0.7907 seconds
 
     Processing Day/Time [YYYYDDD:HHMMSS]: 2022182:144500
       Which is Equivalent to (UTC): 14:45:00 Friday,  July 1, 2022
       Time-Step Length (HHMMSS): 000500
                 VDIFF completed...       0.1126 seconds
                COUPLE completed...       0.0025 seconds
                  HADV completed...       0.0673 seconds
                  ZADV completed...       0.0163 seconds
                 HDIFF completed...       0.0088 seconds
              DECOUPLE completed...       0.0026 seconds
                  PHOT completed...       0.0401 seconds
               CLDPROC completed...       0.0248 seconds
                  CHEM completed...       0.3656 seconds
                  AERO completed...       0.1501 seconds
            Master Time Step
            Processing completed...       0.7934 seconds
 
     Processing Day/Time [YYYYDDD:HHMMSS]: 2022182:145000
       Which is Equivalent to (UTC): 14:50:00 Friday,  July 1, 2022
       Time-Step Length (HHMMSS): 000500
                 VDIFF completed...       0.1137 seconds
                COUPLE completed...       0.0025 seconds
                  HADV completed...       0.0666 seconds
                  ZADV completed...       0.0163 seconds
                 HDIFF completed...       0.0086 seconds
              DECOUPLE completed...       0.0026 seconds
                  PHOT completed...       0.0405 seconds
               CLDPROC completed...       0.0243 seconds
                  CHEM completed...       0.3656 seconds
                  AERO completed...       0.1508 seconds
            Master Time Step
            Processing completed...       0.7940 seconds
 
     Processing Day/Time [YYYYDDD:HHMMSS]: 2022182:145500
       Which is Equivalent to (UTC): 14:55:00 Friday,  July 1, 2022
       Time-Step Length (HHMMSS): 000500
                 VDIFF completed...       0.1420 seconds
                COUPLE completed...       0.0025 seconds
                  HADV completed...       0.0731 seconds
                  ZADV completed...       0.0164 seconds
                 HDIFF completed...       0.0086 seconds
              DECOUPLE completed...       0.0026 seconds
                  PHOT completed...       0.0400 seconds
               CLDPROC completed...       0.0481 seconds
                  CHEM completed...       0.3658 seconds
                  AERO completed...       0.1518 seconds
            Master Time Step
            Processing completed...       0.8535 seconds
 
      =--> Data Output completed...       0.0810 seconds
 
     Processing Day/Time [YYYYDDD:HHMMSS]: 2022182:150000
       Which is Equivalent to (UTC): 15:00:00 Friday,  July 1, 2022
       Time-Step Length (HHMMSS): 000500
                 VDIFF completed...       0.3130 seconds
                COUPLE completed...       0.0026 seconds
                  HADV completed...       0.1863 seconds
                  ZADV completed...       0.0167 seconds
                 HDIFF completed...       0.0089 seconds
              DECOUPLE completed...       0.0027 seconds
                  PHOT completed...       0.0432 seconds
               CLDPROC completed...       0.0242 seconds
                  CHEM completed...       0.3856 seconds
                  AERO completed...       0.1540 seconds
            Master Time Step
            Processing completed...       1.1399 seconds
 
     Processing Day/Time [YYYYDDD:HHMMSS]: 2022182:150500
       Which is Equivalent to (UTC): 15:05:00 Friday,  July 1, 2022
       Time-Step Length (HHMMSS): 000500
                 VDIFF completed...       0.1125 seconds
                COUPLE completed...       0.0025 seconds
                  HADV completed...       0.0682 seconds
                  ZADV completed...       0.0164 seconds
                 HDIFF completed...       0.0080 seconds
              DECOUPLE completed...       0.0026 seconds
                  PHOT completed...       0.0409 seconds
               CLDPROC completed...       0.0245 seconds
                  CHEM completed...       0.3666 seconds
                  AERO completed...       0.1535 seconds
            Master Time Step
            Processing completed...       0.7981 seconds
 
     Processing Day/Time [YYYYDDD:HHMMSS]: 2022182:151000
       Which is Equivalent to (UTC): 15:10:00 Friday,  July 1, 2022
       Time-Step Length (HHMMSS): 000500
                 VDIFF completed...       0.1124 seconds
                COUPLE completed...       0.0025 seconds
                  HADV completed...       0.0683 seconds
                  ZADV completed...       0.0164 seconds
                 HDIFF completed...       0.0079 seconds
              DECOUPLE completed...       0.0026 seconds
                  PHOT completed...       0.0398 seconds
               CLDPROC completed...       0.0236 seconds
                  CHEM completed...       0.3654 seconds
                  AERO completed...       0.1541 seconds
            Master Time Step
            Processing completed...       0.7955 seconds
 
     Processing Day/Time [YYYYDDD:HHMMSS]: 2022182:151500
       Which is Equivalent to (UTC): 15:15:00 Friday,  July 1, 2022
       Time-Step Length (HHMMSS): 000500
                 VDIFF completed...       0.1127 seconds
                COUPLE completed...       0.0025 seconds
                  HADV completed...       0.0677 seconds
                  ZADV completed...       0.0165 seconds
                 HDIFF completed...       0.0083 seconds
              DECOUPLE completed...       0.0026 seconds
                  PHOT completed...       0.0400 seconds
               CLDPROC completed...       0.0244 seconds
                  CHEM completed...       0.3640 seconds
                  AERO completed...       0.1546 seconds
            Master Time Step
            Processing completed...       0.7960 seconds
 
     Processing Day/Time [YYYYDDD:HHMMSS]: 2022182:152000
       Which is Equivalent to (UTC): 15:20:00 Friday,  July 1, 2022
       Time-Step Length (HHMMSS): 000500
                 VDIFF completed...       0.1143 seconds
                COUPLE completed...       0.0025 seconds
                  HADV completed...       0.0664 seconds
                  ZADV completed...       0.0165 seconds
                 HDIFF completed...       0.0080 seconds
              DECOUPLE completed...       0.0026 seconds
                  PHOT completed...       0.0411 seconds
               CLDPROC completed...       0.0242 seconds
                  CHEM completed...       0.3636 seconds
                  AERO completed...       0.1560 seconds
            Master Time Step
            Processing completed...       0.7976 seconds
 
     Processing Day/Time [YYYYDDD:HHMMSS]: 2022182:152500
       Which is Equivalent to (UTC): 15:25:00 Friday,  July 1, 2022
       Time-Step Length (HHMMSS): 000500
                 VDIFF completed...       0.1137 seconds
                COUPLE completed...       0.0025 seconds
                  HADV completed...       0.0684 seconds
                  ZADV completed...       0.0165 seconds
                 HDIFF completed...       0.0091 seconds
              DECOUPLE completed...       0.0026 seconds
                  PHOT completed...       0.0407 seconds
               CLDPROC completed...       0.0241 seconds
                  CHEM completed...       0.3616 seconds
                  AERO completed...       0.1563 seconds
            Master Time Step
            Processing completed...       0.7981 seconds
 
     Processing Day/Time [YYYYDDD:HHMMSS]: 2022182:153000
       Which is Equivalent to (UTC): 15:30:00 Friday,  July 1, 2022
       Time-Step Length (HHMMSS): 000500
                 VDIFF completed...       0.1148 seconds
                COUPLE completed...       0.0025 seconds
                  HADV completed...       0.0721 seconds
                  ZADV completed...       0.0167 seconds
                 HDIFF completed...       0.0080 seconds
              DECOUPLE completed...       0.0026 seconds
                  PHOT completed...       0.0399 seconds
               CLDPROC completed...       0.0238 seconds
                  CHEM completed...       0.3607 seconds
                  AERO completed...       0.1570 seconds
            Master Time Step
            Processing completed...       0.8005 seconds
 
     Processing Day/Time [YYYYDDD:HHMMSS]: 2022182:153500
       Which is Equivalent to (UTC): 15:35:00 Friday,  July 1, 2022
       Time-Step Length (HHMMSS): 000500
                 VDIFF completed...       0.1143 seconds
                COUPLE completed...       0.0025 seconds
                  HADV completed...       0.0720 seconds
                  ZADV completed...       0.0166 seconds
                 HDIFF completed...       0.0079 seconds
              DECOUPLE completed...       0.0026 seconds
                  PHOT completed...       0.0402 seconds
               CLDPROC completed...       0.0234 seconds
                  CHEM completed...       0.3597 seconds
                  AERO completed...       0.1571 seconds
            Master Time Step
            Processing completed...       0.7990 seconds
 
     Processing Day/Time [YYYYDDD:HHMMSS]: 2022182:154000
       Which is Equivalent to (UTC): 15:40:00 Friday,  July 1, 2022
       Time-Step Length (HHMMSS): 000500
                 VDIFF completed...       0.1152 seconds
                COUPLE completed...       0.0025 seconds
                  HADV completed...       0.0773 seconds
                  ZADV completed...       0.0166 seconds
                 HDIFF completed...       0.0082 seconds
              DECOUPLE completed...       0.0026 seconds
                  PHOT completed...       0.0402 seconds
               CLDPROC completed...       0.0228 seconds
                  CHEM completed...       0.3585 seconds
                  AERO completed...       0.1581 seconds
            Master Time Step
            Processing completed...       0.8045 seconds
 
     Processing Day/Time [YYYYDDD:HHMMSS]: 2022182:154500
       Which is Equivalent to (UTC): 15:45:00 Friday,  July 1, 2022
       Time-Step Length (HHMMSS): 000500
                 VDIFF completed...       0.1161 seconds
                COUPLE completed...       0.0025 seconds
                  HADV completed...       0.0844 seconds
                  ZADV completed...       0.0166 seconds
                 HDIFF completed...       0.0085 seconds
              DECOUPLE completed...       0.0026 seconds
                  PHOT completed...       0.0400 seconds
               CLDPROC completed...       0.0224 seconds
                  CHEM completed...       0.3581 seconds
                  AERO completed...       0.1590 seconds
            Master Time Step
            Processing completed...       0.8126 seconds
 
     Processing Day/Time [YYYYDDD:HHMMSS]: 2022182:155000
       Which is Equivalent to (UTC): 15:50:00 Friday,  July 1, 2022
       Time-Step Length (HHMMSS): 000500
                 VDIFF completed...       0.1162 seconds
                COUPLE completed...       0.0025 seconds
                  HADV completed...       0.0829 seconds
                  ZADV completed...       0.0167 seconds
                 HDIFF completed...       0.0080 seconds
              DECOUPLE completed...       0.0026 seconds
                  PHOT completed...       0.0401 seconds
               CLDPROC completed...       0.0217 seconds
                  CHEM completed...       0.3572 seconds
                  AERO completed...       0.1596 seconds
            Master Time Step
            Processing completed...       0.8103 seconds
 
     Processing Day/Time [YYYYDDD:HHMMSS]: 2022182:155500
       Which is Equivalent to (UTC): 15:55:00 Friday,  July 1, 2022
       Time-Step Length (HHMMSS): 000500
                 VDIFF completed...       0.2390 seconds
                COUPLE completed...       0.0025 seconds
                  HADV completed...       0.0694 seconds
                  ZADV completed...       0.0169 seconds
                 HDIFF completed...       0.0081 seconds
              DECOUPLE completed...       0.0026 seconds
                  PHOT completed...       0.0393 seconds
               CLDPROC completed...       0.0504 seconds
                  CHEM completed...       0.3560 seconds
                  AERO completed...       0.1597 seconds
            Master Time Step
            Processing completed...       0.9464 seconds
 
      =--> Data Output completed...       0.0756 seconds
 
     Processing Day/Time [YYYYDDD:HHMMSS]: 2022182:160000
       Which is Equivalent to (UTC): 16:00:00 Friday,  July 1, 2022
       Time-Step Length (HHMMSS): 000500
                 VDIFF completed...       0.3140 seconds
                COUPLE completed...       0.0026 seconds
                  HADV completed...       0.1961 seconds
                  ZADV completed...       0.0167 seconds
                 HDIFF completed...       0.0085 seconds
              DECOUPLE completed...       0.0027 seconds
                  PHOT completed...       0.0413 seconds
               CLDPROC completed...       0.0187 seconds
                  CHEM completed...       0.3822 seconds
                  AERO completed...       0.1611 seconds
            Master Time Step
            Processing completed...       1.1466 seconds
 
     Processing Day/Time [YYYYDDD:HHMMSS]: 2022182:160500
       Which is Equivalent to (UTC): 16:05:00 Friday,  July 1, 2022
       Time-Step Length (HHMMSS): 000500
                 VDIFF completed...       0.1176 seconds
                COUPLE completed...       0.0025 seconds
                  HADV completed...       0.0879 seconds
                  ZADV completed...       0.0171 seconds
                 HDIFF completed...       0.0082 seconds
              DECOUPLE completed...       0.0026 seconds
                  PHOT completed...       0.0409 seconds
               CLDPROC completed...       0.0188 seconds
                  CHEM completed...       0.3685 seconds
                  AERO completed...       0.1610 seconds
            Master Time Step
            Processing completed...       0.8270 seconds
 
     Processing Day/Time [YYYYDDD:HHMMSS]: 2022182:161000
       Which is Equivalent to (UTC): 16:10:00 Friday,  July 1, 2022
       Time-Step Length (HHMMSS): 000500
                 VDIFF completed...       0.1180 seconds
                COUPLE completed...       0.0025 seconds
                  HADV completed...       0.0940 seconds
                  ZADV completed...       0.0167 seconds
                 HDIFF completed...       0.0078 seconds
              DECOUPLE completed...       0.0026 seconds
                  PHOT completed...       0.0405 seconds
               CLDPROC completed...       0.0188 seconds
                  CHEM completed...       0.3672 seconds
                  AERO completed...       0.1617 seconds
            Master Time Step
            Processing completed...       0.8324 seconds
 
     Processing Day/Time [YYYYDDD:HHMMSS]: 2022182:161500
       Which is Equivalent to (UTC): 16:15:00 Friday,  July 1, 2022
       Time-Step Length (HHMMSS): 000500
                 VDIFF completed...       0.1174 seconds
                COUPLE completed...       0.0025 seconds
                  HADV completed...       0.0953 seconds
                  ZADV completed...       0.0166 seconds
                 HDIFF completed...       0.0088 seconds
              DECOUPLE completed...       0.0026 seconds
                  PHOT completed...       0.0397 seconds
               CLDPROC completed...       0.0176 seconds
                  CHEM completed...       0.3666 seconds
                  AERO completed...       0.1616 seconds
            Master Time Step
            Processing completed...       0.8314 seconds
 
     Processing Day/Time [YYYYDDD:HHMMSS]: 2022182:162000
       Which is Equivalent to (UTC): 16:20:00 Friday,  July 1, 2022
       Time-Step Length (HHMMSS): 000500
                 VDIFF completed...       0.1185 seconds
                COUPLE completed...       0.0025 seconds
                  HADV completed...       0.0960 seconds
                  ZADV completed...       0.0166 seconds
                 HDIFF completed...       0.0085 seconds
              DECOUPLE completed...       0.0026 seconds
                  PHOT completed...       0.0402 seconds
               CLDPROC completed...       0.0176 seconds
                  CHEM completed...       0.3659 seconds
                  AERO completed...       0.1615 seconds
            Master Time Step
            Processing completed...       0.8325 seconds
 
     Processing Day/Time [YYYYDDD:HHMMSS]: 2022182:162500
       Which is Equivalent to (UTC): 16:25:00 Friday,  July 1, 2022
       Time-Step Length (HHMMSS): 000500
                 VDIFF completed...       0.1183 seconds
                COUPLE completed...       0.0025 seconds
                  HADV completed...       0.0948 seconds
                  ZADV completed...       0.0164 seconds
                 HDIFF completed...       0.0086 seconds
              DECOUPLE completed...       0.0026 seconds
                  PHOT completed...       0.0410 seconds
               CLDPROC completed...       0.0172 seconds
                  CHEM completed...       0.3655 seconds
                  AERO completed...       0.1622 seconds
            Master Time Step
            Processing completed...       0.8316 seconds
 
     Processing Day/Time [YYYYDDD:HHMMSS]: 2022182:163000
       Which is Equivalent to (UTC): 16:30:00 Friday,  July 1, 2022
       Time-Step Length (HHMMSS): 000500
                 VDIFF completed...       0.1191 seconds
                COUPLE completed...       0.0025 seconds
                  HADV completed...       0.0935 seconds
                  ZADV completed...       0.0164 seconds
                 HDIFF completed...       0.0091 seconds
              DECOUPLE completed...       0.0026 seconds
                  PHOT completed...       0.0402 seconds
               CLDPROC completed...       0.0173 seconds
                  CHEM completed...       0.3653 seconds
                  AERO completed...       0.1628 seconds
            Master Time Step
            Processing completed...       0.8313 seconds
 
     Processing Day/Time [YYYYDDD:HHMMSS]: 2022182:163500
       Which is Equivalent to (UTC): 16:35:00 Friday,  July 1, 2022
       Time-Step Length (HHMMSS): 000500
                 VDIFF completed...       0.1189 seconds
                COUPLE completed...       0.0025 seconds
                  HADV completed...       0.1040 seconds
                  ZADV completed...       0.0163 seconds
                 HDIFF completed...       0.0082 seconds
              DECOUPLE completed...       0.0026 seconds
                  PHOT completed...       0.0393 seconds
               CLDPROC completed...       0.0180 seconds
                  CHEM completed...       0.3649 seconds
                  AERO completed...       0.1628 seconds
            Master Time Step
            Processing completed...       0.8401 seconds
 
     Processing Day/Time [YYYYDDD:HHMMSS]: 2022182:164000
       Which is Equivalent to (UTC): 16:40:00 Friday,  July 1, 2022
       Time-Step Length (HHMMSS): 000500
                 VDIFF completed...       0.1190 seconds
                COUPLE completed...       0.0025 seconds
                  HADV completed...       0.1013 seconds
                  ZADV completed...       0.0162 seconds
                 HDIFF completed...       0.0085 seconds
              DECOUPLE completed...       0.0026 seconds
                  PHOT completed...       0.0400 seconds
               CLDPROC completed...       0.0176 seconds
                  CHEM completed...       0.3640 seconds
                  AERO completed...       0.1630 seconds
            Master Time Step
            Processing completed...       0.8374 seconds
 
     Processing Day/Time [YYYYDDD:HHMMSS]: 2022182:164500
       Which is Equivalent to (UTC): 16:45:00 Friday,  July 1, 2022
       Time-Step Length (HHMMSS): 000500
                 VDIFF completed...       0.1206 seconds
                COUPLE completed...       0.0025 seconds
                  HADV completed...       0.1047 seconds
                  ZADV completed...       0.0163 seconds
                 HDIFF completed...       0.0088 seconds
              DECOUPLE completed...       0.0026 seconds
                  PHOT completed...       0.0403 seconds
               CLDPROC completed...       0.0180 seconds
                  CHEM completed...       0.3645 seconds
                  AERO completed...       0.1629 seconds
            Master Time Step
            Processing completed...       0.8437 seconds
 
     Processing Day/Time [YYYYDDD:HHMMSS]: 2022182:165000
       Which is Equivalent to (UTC): 16:50:00 Friday,  July 1, 2022
       Time-Step Length (HHMMSS): 000500
                 VDIFF completed...       0.1198 seconds
                COUPLE completed...       0.0025 seconds
                  HADV completed...       0.1002 seconds
                  ZADV completed...       0.0163 seconds
                 HDIFF completed...       0.0088 seconds
              DECOUPLE completed...       0.0026 seconds
                  PHOT completed...       0.0402 seconds
               CLDPROC completed...       0.0182 seconds
                  CHEM completed...       0.3641 seconds
                  AERO completed...       0.1633 seconds
            Master Time Step
            Processing completed...       0.8385 seconds
 
     Processing Day/Time [YYYYDDD:HHMMSS]: 2022182:165500
       Which is Equivalent to (UTC): 16:55:00 Friday,  July 1, 2022
       Time-Step Length (HHMMSS): 000500
                 VDIFF completed...       0.1935 seconds
                COUPLE completed...       0.0025 seconds
                  HADV completed...       0.0657 seconds
                  ZADV completed...       0.0164 seconds
                 HDIFF completed...       0.0094 seconds
              DECOUPLE completed...       0.0026 seconds
                  PHOT completed...       0.0394 seconds
               CLDPROC completed...       0.0507 seconds
                  CHEM completed...       0.3639 seconds
                  AERO completed...       0.1627 seconds
            Master Time Step
            Processing completed...       0.9094 seconds
 
      =--> Data Output completed...       0.0767 seconds
 
     Processing Day/Time [YYYYDDD:HHMMSS]: 2022182:170000
       Which is Equivalent to (UTC): 17:00:00 Friday,  July 1, 2022
       Time-Step Length (HHMMSS): 000500
                 VDIFF completed...       0.3150 seconds
                COUPLE completed...       0.0026 seconds
                  HADV completed...       0.1947 seconds
                  ZADV completed...       0.0164 seconds
                 HDIFF completed...       0.0092 seconds
              DECOUPLE completed...       0.0026 seconds
                  PHOT completed...       0.0413 seconds
               CLDPROC completed...       0.0173 seconds
                  CHEM completed...       0.3780 seconds
                  AERO completed...       0.1626 seconds
            Master Time Step
            Processing completed...       1.1423 seconds
 
     Processing Day/Time [YYYYDDD:HHMMSS]: 2022182:170500
       Which is Equivalent to (UTC): 17:05:00 Friday,  July 1, 2022
       Time-Step Length (HHMMSS): 000500
                 VDIFF completed...       0.1204 seconds
                COUPLE completed...       0.0025 seconds
                  HADV completed...       0.0995 seconds
                  ZADV completed...       0.0163 seconds
                 HDIFF completed...       0.0088 seconds
              DECOUPLE completed...       0.0026 seconds
                  PHOT completed...       0.0392 seconds
               CLDPROC completed...       0.0175 seconds
                  CHEM completed...       0.3700 seconds
                  AERO completed...       0.1631 seconds
            Master Time Step
            Processing completed...       0.8427 seconds
 
     Processing Day/Time [YYYYDDD:HHMMSS]: 2022182:171000
       Which is Equivalent to (UTC): 17:10:00 Friday,  July 1, 2022
       Time-Step Length (HHMMSS): 000500
                 VDIFF completed...       0.1206 seconds
                COUPLE completed...       0.0025 seconds
                  HADV completed...       0.0998 seconds
                  ZADV completed...       0.0163 seconds
                 HDIFF completed...       0.0089 seconds
              DECOUPLE completed...       0.0026 seconds
                  PHOT completed...       0.0390 seconds
               CLDPROC completed...       0.0167 seconds
                  CHEM completed...       0.3702 seconds
                  AERO completed...       0.1634 seconds
            Master Time Step
            Processing completed...       0.8427 seconds
 
     Processing Day/Time [YYYYDDD:HHMMSS]: 2022182:171500
       Which is Equivalent to (UTC): 17:15:00 Friday,  July 1, 2022
       Time-Step Length (HHMMSS): 000500
                 VDIFF completed...       0.1201 seconds
                COUPLE completed...       0.0025 seconds
                  HADV completed...       0.1005 seconds
                  ZADV completed...       0.0165 seconds
                 HDIFF completed...       0.0088 seconds
              DECOUPLE completed...       0.0026 seconds
                  PHOT completed...       0.0397 seconds
               CLDPROC completed...       0.0169 seconds
                  CHEM completed...       0.3705 seconds
                  AERO completed...       0.1643 seconds
            Master Time Step
            Processing completed...       0.8449 seconds
 
     Processing Day/Time [YYYYDDD:HHMMSS]: 2022182:172000
       Which is Equivalent to (UTC): 17:20:00 Friday,  July 1, 2022
       Time-Step Length (HHMMSS): 000500
                 VDIFF completed...       0.1209 seconds
                COUPLE completed...       0.0025 seconds
                  HADV completed...       0.0953 seconds
                  ZADV completed...       0.0162 seconds
                 HDIFF completed...       0.0084 seconds
              DECOUPLE completed...       0.0026 seconds
                  PHOT completed...       0.0392 seconds
               CLDPROC completed...       0.0181 seconds
                  CHEM completed...       0.3714 seconds
                  AERO completed...       0.1649 seconds
            Master Time Step
            Processing completed...       0.8421 seconds
 
     Processing Day/Time [YYYYDDD:HHMMSS]: 2022182:172500
       Which is Equivalent to (UTC): 17:25:00 Friday,  July 1, 2022
       Time-Step Length (HHMMSS): 000500
                 VDIFF completed...       0.1197 seconds
                COUPLE completed...       0.0025 seconds
                  HADV completed...       0.0977 seconds
                  ZADV completed...       0.0165 seconds
                 HDIFF completed...       0.0091 seconds
              DECOUPLE completed...       0.0026 seconds
                  PHOT completed...       0.0390 seconds
               CLDPROC completed...       0.0167 seconds
                  CHEM completed...       0.3713 seconds
                  AERO completed...       0.1647 seconds
            Master Time Step
            Processing completed...       0.8425 seconds
 
     Processing Day/Time [YYYYDDD:HHMMSS]: 2022182:173000
       Which is Equivalent to (UTC): 17:30:00 Friday,  July 1, 2022
       Time-Step Length (HHMMSS): 000500
                 VDIFF completed...       0.1204 seconds
                COUPLE completed...       0.0025 seconds
                  HADV completed...       0.1000 seconds
                  ZADV completed...       0.0162 seconds
                 HDIFF completed...       0.0078 seconds
              DECOUPLE completed...       0.0026 seconds
                  PHOT completed...       0.0389 seconds
               CLDPROC completed...       0.0175 seconds
                  CHEM completed...       0.3703 seconds
                  AERO completed...       0.1647 seconds
            Master Time Step
            Processing completed...       0.8434 seconds
 
     Processing Day/Time [YYYYDDD:HHMMSS]: 2022182:173500
       Which is Equivalent to (UTC): 17:35:00 Friday,  July 1, 2022
       Time-Step Length (HHMMSS): 000500
                 VDIFF completed...       0.1200 seconds
                COUPLE completed...       0.0025 seconds
                  HADV completed...       0.0998 seconds
                  ZADV completed...       0.0164 seconds
                 HDIFF completed...       0.0081 seconds
              DECOUPLE completed...       0.0026 seconds
                  PHOT completed...       0.0391 seconds
               CLDPROC completed...       0.0171 seconds
                  CHEM completed...       0.3710 seconds
                  AERO completed...       0.1644 seconds
            Master Time Step
            Processing completed...       0.8435 seconds
 
     Processing Day/Time [YYYYDDD:HHMMSS]: 2022182:174000
       Which is Equivalent to (UTC): 17:40:00 Friday,  July 1, 2022
       Time-Step Length (HHMMSS): 000500
                 VDIFF completed...       0.1201 seconds
                COUPLE completed...       0.0025 seconds
                  HADV completed...       0.0984 seconds
                  ZADV completed...       0.0164 seconds
                 HDIFF completed...       0.0093 seconds
              DECOUPLE completed...       0.0026 seconds
                  PHOT completed...       0.0392 seconds
               CLDPROC completed...       0.0178 seconds
                  CHEM completed...       0.3704 seconds
                  AERO completed...       0.1653 seconds
            Master Time Step
            Processing completed...       0.8447 seconds
 
     Processing Day/Time [YYYYDDD:HHMMSS]: 2022182:174500
       Which is Equivalent to (UTC): 17:45:00 Friday,  July 1, 2022
       Time-Step Length (HHMMSS): 000500
                 VDIFF completed...       0.1212 seconds
                COUPLE completed...       0.0025 seconds
                  HADV completed...       0.0982 seconds
                  ZADV completed...       0.0166 seconds
                 HDIFF completed...       0.0089 seconds
              DECOUPLE completed...       0.0026 seconds
                  PHOT completed...       0.0395 seconds
               CLDPROC completed...       0.0184 seconds
                  CHEM completed...       0.3702 seconds
                  AERO completed...       0.1686 seconds
            Master Time Step
            Processing completed...       0.8494 seconds
 
     Processing Day/Time [YYYYDDD:HHMMSS]: 2022182:175000
       Which is Equivalent to (UTC): 17:50:00 Friday,  July 1, 2022
       Time-Step Length (HHMMSS): 000500
                 VDIFF completed...       0.1252 seconds
                COUPLE completed...       0.0025 seconds
                  HADV completed...       0.0883 seconds
                  ZADV completed...       0.0168 seconds
                 HDIFF completed...       0.0092 seconds
              DECOUPLE completed...       0.0026 seconds
                  PHOT completed...       0.0392 seconds
               CLDPROC completed...       0.0177 seconds
                  CHEM completed...       0.3699 seconds
                  AERO completed...       0.1652 seconds
            Master Time Step
            Processing completed...       0.8391 seconds
 
     Processing Day/Time [YYYYDDD:HHMMSS]: 2022182:175500
       Which is Equivalent to (UTC): 17:55:00 Friday,  July 1, 2022
       Time-Step Length (HHMMSS): 000500
                 VDIFF completed...       0.1772 seconds
                COUPLE completed...       0.0025 seconds
                  HADV completed...       0.0744 seconds
                  ZADV completed...       0.0168 seconds
                 HDIFF completed...       0.0104 seconds
              DECOUPLE completed...       0.0026 seconds
                  PHOT completed...       0.0394 seconds
               CLDPROC completed...       0.0461 seconds
                  CHEM completed...       0.3730 seconds
                  AERO completed...       0.1671 seconds
            Master Time Step
            Processing completed...       0.9119 seconds
 
      =--> Data Output completed...       0.0746 seconds
 
     Processing Day/Time [YYYYDDD:HHMMSS]: 2022182:180000
       Which is Equivalent to (UTC): 18:00:00 Friday,  July 1, 2022
       Time-Step Length (HHMMSS): 000500
                 VDIFF completed...       0.3102 seconds
                COUPLE completed...       0.0026 seconds
                  HADV completed...       0.2010 seconds
                  ZADV completed...       0.0167 seconds
                 HDIFF completed...       0.0098 seconds
              DECOUPLE completed...       0.0026 seconds
                  PHOT completed...       0.0409 seconds
               CLDPROC completed...       0.0174 seconds
                  CHEM completed...       0.3857 seconds
                  AERO completed...       0.1660 seconds
            Master Time Step
            Processing completed...       1.1551 seconds
 
     Processing Day/Time [YYYYDDD:HHMMSS]: 2022182:180500
       Which is Equivalent to (UTC): 18:05:00 Friday,  July 1, 2022
       Time-Step Length (HHMMSS): 000500
                 VDIFF completed...       0.1208 seconds
                COUPLE completed...       0.0025 seconds
                  HADV completed...       0.0893 seconds
                  ZADV completed...       0.0167 seconds
                 HDIFF completed...       0.0103 seconds
              DECOUPLE completed...       0.0026 seconds
                  PHOT completed...       0.0398 seconds
               CLDPROC completed...       0.0170 seconds
                  CHEM completed...       0.3731 seconds
                  AERO completed...       0.1665 seconds
            Master Time Step
            Processing completed...       0.8413 seconds
 
     Processing Day/Time [YYYYDDD:HHMMSS]: 2022182:181000
       Which is Equivalent to (UTC): 18:10:00 Friday,  July 1, 2022
       Time-Step Length (HHMMSS): 000500
                 VDIFF completed...       0.1203 seconds
                COUPLE completed...       0.0025 seconds
                  HADV completed...       0.0970 seconds
                  ZADV completed...       0.0166 seconds
                 HDIFF completed...       0.0096 seconds
              DECOUPLE completed...       0.0026 seconds
                  PHOT completed...       0.0390 seconds
               CLDPROC completed...       0.0171 seconds
                  CHEM completed...       0.3714 seconds
                  AERO completed...       0.1697 seconds
            Master Time Step
            Processing completed...       0.8481 seconds
 
     Processing Day/Time [YYYYDDD:HHMMSS]: 2022182:181500
       Which is Equivalent to (UTC): 18:15:00 Friday,  July 1, 2022
       Time-Step Length (HHMMSS): 000500
                 VDIFF completed...       0.1261 seconds
                COUPLE completed...       0.0025 seconds
                  HADV completed...       0.0881 seconds
                  ZADV completed...       0.0164 seconds
                 HDIFF completed...       0.0098 seconds
              DECOUPLE completed...       0.0026 seconds
                  PHOT completed...       0.0397 seconds
               CLDPROC completed...       0.0165 seconds
                  CHEM completed...       0.3697 seconds
                  AERO completed...       0.1668 seconds
            Master Time Step
            Processing completed...       0.8406 seconds
 
     Processing Day/Time [YYYYDDD:HHMMSS]: 2022182:182000
       Which is Equivalent to (UTC): 18:20:00 Friday,  July 1, 2022
       Time-Step Length (HHMMSS): 000500
                 VDIFF completed...       0.1251 seconds
                COUPLE completed...       0.0025 seconds
                  HADV completed...       0.0931 seconds
                  ZADV completed...       0.0165 seconds
                 HDIFF completed...       0.0098 seconds
              DECOUPLE completed...       0.0026 seconds
                  PHOT completed...       0.0392 seconds
               CLDPROC completed...       0.0168 seconds
                  CHEM completed...       0.3690 seconds
                  AERO completed...       0.1663 seconds
            Master Time Step
            Processing completed...       0.8434 seconds
 
     Processing Day/Time [YYYYDDD:HHMMSS]: 2022182:182500
       Which is Equivalent to (UTC): 18:25:00 Friday,  July 1, 2022
       Time-Step Length (HHMMSS): 000500
                 VDIFF completed...       0.1225 seconds
                COUPLE completed...       0.0025 seconds
                  HADV completed...       0.0998 seconds
                  ZADV completed...       0.0166 seconds
                 HDIFF completed...       0.0097 seconds
              DECOUPLE completed...       0.0026 seconds
                  PHOT completed...       0.0395 seconds
               CLDPROC completed...       0.0162 seconds
                  CHEM completed...       0.3675 seconds
                  AERO completed...       0.1653 seconds
            Master Time Step
            Processing completed...       0.8447 seconds
 
     Processing Day/Time [YYYYDDD:HHMMSS]: 2022182:183000
       Which is Equivalent to (UTC): 18:30:00 Friday,  July 1, 2022
       Time-Step Length (HHMMSS): 000500
                 VDIFF completed...       0.1238 seconds
                COUPLE completed...       0.0025 seconds
                  HADV completed...       0.0963 seconds
                  ZADV completed...       0.0164 seconds
                 HDIFF completed...       0.0092 seconds
              DECOUPLE completed...       0.0026 seconds
                  PHOT completed...       0.0389 seconds
               CLDPROC completed...       0.0166 seconds
                  CHEM completed...       0.3664 seconds
                  AERO completed...       0.1663 seconds
            Master Time Step
            Processing completed...       0.8416 seconds
 
     Processing Day/Time [YYYYDDD:HHMMSS]: 2022182:183500
       Which is Equivalent to (UTC): 18:35:00 Friday,  July 1, 2022
       Time-Step Length (HHMMSS): 000500
                 VDIFF completed...       0.1239 seconds
                COUPLE completed...       0.0025 seconds
                  HADV completed...       0.0988 seconds
                  ZADV completed...       0.0165 seconds
                 HDIFF completed...       0.0103 seconds
              DECOUPLE completed...       0.0026 seconds
                  PHOT completed...       0.0395 seconds
               CLDPROC completed...       0.0159 seconds
                  CHEM completed...       0.3657 seconds
                  AERO completed...       0.1663 seconds
            Master Time Step
            Processing completed...       0.8445 seconds
 
     Processing Day/Time [YYYYDDD:HHMMSS]: 2022182:184000
       Which is Equivalent to (UTC): 18:40:00 Friday,  July 1, 2022
       Time-Step Length (HHMMSS): 000500
                 VDIFF completed...       0.1240 seconds
                COUPLE completed...       0.0025 seconds
                  HADV completed...       0.0986 seconds
                  ZADV completed...       0.0165 seconds
                 HDIFF completed...       0.0105 seconds
              DECOUPLE completed...       0.0026 seconds
                  PHOT completed...       0.0400 seconds
               CLDPROC completed...       0.0153 seconds
                  CHEM completed...       0.3652 seconds
                  AERO completed...       0.1658 seconds
            Master Time Step
            Processing completed...       0.8434 seconds
 
     Processing Day/Time [YYYYDDD:HHMMSS]: 2022182:184500
       Which is Equivalent to (UTC): 18:45:00 Friday,  July 1, 2022
       Time-Step Length (HHMMSS): 000500
                 VDIFF completed...       0.1261 seconds
                COUPLE completed...       0.0025 seconds
                  HADV completed...       0.1406 seconds
                  ZADV completed...       0.0163 seconds
                 HDIFF completed...       0.0103 seconds
              DECOUPLE completed...       0.0026 seconds
                  PHOT completed...       0.0393 seconds
               CLDPROC completed...       0.0148 seconds
                  CHEM completed...       0.3644 seconds
                  AERO completed...       0.1659 seconds
            Master Time Step
            Processing completed...       0.8854 seconds
 
     Processing Day/Time [YYYYDDD:HHMMSS]: 2022182:185000
       Which is Equivalent to (UTC): 18:50:00 Friday,  July 1, 2022
       Time-Step Length (HHMMSS): 000500
                 VDIFF completed...       0.1324 seconds
                COUPLE completed...       0.0025 seconds
                  HADV completed...       0.0983 seconds
                  ZADV completed...       0.0164 seconds
                 HDIFF completed...       0.0111 seconds
              DECOUPLE completed...       0.0026 seconds
                  PHOT completed...       0.0393 seconds
               CLDPROC completed...       0.0144 seconds
                  CHEM completed...       0.3640 seconds
                  AERO completed...       0.1663 seconds
            Master Time Step
            Processing completed...       0.8498 seconds
 
     Processing Day/Time [YYYYDDD:HHMMSS]: 2022182:185500
       Which is Equivalent to (UTC): 18:55:00 Friday,  July 1, 2022
       Time-Step Length (HHMMSS): 000500
                 VDIFF completed...       0.1908 seconds
                COUPLE completed...       0.0025 seconds
                  HADV completed...       0.0722 seconds
                  ZADV completed...       0.0165 seconds
                 HDIFF completed...       0.0103 seconds
              DECOUPLE completed...       0.0026 seconds
                  PHOT completed...       0.0389 seconds
               CLDPROC completed...       0.0490 seconds
                  CHEM completed...       0.3650 seconds
                  AERO completed...       0.1665 seconds
            Master Time Step
            Processing completed...       0.9170 seconds
 
      =--> Data Output completed...       0.0992 seconds
 
     Processing Day/Time [YYYYDDD:HHMMSS]: 2022182:190000
       Which is Equivalent to (UTC): 19:00:00 Friday,  July 1, 2022
       Time-Step Length (HHMMSS): 000500
                 VDIFF completed...       0.3091 seconds
                COUPLE completed...       0.0026 seconds
                  HADV completed...       0.2029 seconds
                  ZADV completed...       0.0164 seconds
                 HDIFF completed...       0.0104 seconds
              DECOUPLE completed...       0.0026 seconds
                  PHOT completed...       0.0420 seconds
               CLDPROC completed...       0.0130 seconds
                  CHEM completed...       0.3791 seconds
                  AERO completed...       0.1685 seconds
            Master Time Step
            Processing completed...       1.1491 seconds
 
     Processing Day/Time [YYYYDDD:HHMMSS]: 2022182:190500
       Which is Equivalent to (UTC): 19:05:00 Friday,  July 1, 2022
       Time-Step Length (HHMMSS): 000500
                 VDIFF completed...       0.1204 seconds
                COUPLE completed...       0.0025 seconds
                  HADV completed...       0.0985 seconds
                  ZADV completed...       0.0168 seconds
                 HDIFF completed...       0.0097 seconds
              DECOUPLE completed...       0.0026 seconds
                  PHOT completed...       0.0388 seconds
               CLDPROC completed...       0.0132 seconds
                  CHEM completed...       0.3705 seconds
                  AERO completed...       0.1668 seconds
            Master Time Step
            Processing completed...       0.8421 seconds
 
     Processing Day/Time [YYYYDDD:HHMMSS]: 2022182:191000
       Which is Equivalent to (UTC): 19:10:00 Friday,  July 1, 2022
       Time-Step Length (HHMMSS): 000500
                 VDIFF completed...       0.1237 seconds
                COUPLE completed...       0.0025 seconds
                  HADV completed...       0.0928 seconds
                  ZADV completed...       0.0163 seconds
                 HDIFF completed...       0.0100 seconds
              DECOUPLE completed...       0.0026 seconds
                  PHOT completed...       0.0393 seconds
               CLDPROC completed...       0.0133 seconds
                  CHEM completed...       0.3699 seconds
                  AERO completed...       0.1693 seconds
            Master Time Step
            Processing completed...       0.8424 seconds
 
     Processing Day/Time [YYYYDDD:HHMMSS]: 2022182:191500
       Which is Equivalent to (UTC): 19:15:00 Friday,  July 1, 2022
       Time-Step Length (HHMMSS): 000500
                 VDIFF completed...       0.1279 seconds
                COUPLE completed...       0.0025 seconds
                  HADV completed...       0.0877 seconds
                  ZADV completed...       0.0168 seconds
                 HDIFF completed...       0.0096 seconds
              DECOUPLE completed...       0.0026 seconds
                  PHOT completed...       0.0402 seconds
               CLDPROC completed...       0.0132 seconds
                  CHEM completed...       0.3717 seconds
                  AERO completed...       0.1670 seconds
            Master Time Step
            Processing completed...       0.8416 seconds
 
     Processing Day/Time [YYYYDDD:HHMMSS]: 2022182:192000
       Which is Equivalent to (UTC): 19:20:00 Friday,  July 1, 2022
       Time-Step Length (HHMMSS): 000500
                 VDIFF completed...       0.1212 seconds
                COUPLE completed...       0.0025 seconds
                  HADV completed...       0.0944 seconds
                  ZADV completed...       0.0166 seconds
                 HDIFF completed...       0.0092 seconds
              DECOUPLE completed...       0.0026 seconds
                  PHOT completed...       0.0393 seconds
               CLDPROC completed...       0.0131 seconds
                  CHEM completed...       0.3710 seconds
                  AERO completed...       0.1671 seconds
            Master Time Step
            Processing completed...       0.8395 seconds
 
     Processing Day/Time [YYYYDDD:HHMMSS]: 2022182:192500
       Which is Equivalent to (UTC): 19:25:00 Friday,  July 1, 2022
       Time-Step Length (HHMMSS): 000500
                 VDIFF completed...       0.1213 seconds
                COUPLE completed...       0.0025 seconds
                  HADV completed...       0.0970 seconds
                  ZADV completed...       0.0167 seconds
                 HDIFF completed...       0.0091 seconds
              DECOUPLE completed...       0.0026 seconds
                  PHOT completed...       0.0389 seconds
               CLDPROC completed...       0.0138 seconds
                  CHEM completed...       0.3703 seconds
                  AERO completed...       0.1656 seconds
            Master Time Step
            Processing completed...       0.8402 seconds
 
     Processing Day/Time [YYYYDDD:HHMMSS]: 2022182:193000
       Which is Equivalent to (UTC): 19:30:00 Friday,  July 1, 2022
       Time-Step Length (HHMMSS): 000500
                 VDIFF completed...       0.1218 seconds
                COUPLE completed...       0.0025 seconds
                  HADV completed...       0.0979 seconds
                  ZADV completed...       0.0166 seconds
                 HDIFF completed...       0.0089 seconds
              DECOUPLE completed...       0.0027 seconds
                  PHOT completed...       0.0391 seconds
               CLDPROC completed...       0.0137 seconds
                  CHEM completed...       0.3708 seconds
                  AERO completed...       0.1643 seconds
            Master Time Step
            Processing completed...       0.8409 seconds
 
     Processing Day/Time [YYYYDDD:HHMMSS]: 2022182:193500
       Which is Equivalent to (UTC): 19:35:00 Friday,  July 1, 2022
       Time-Step Length (HHMMSS): 000500
                 VDIFF completed...       0.1228 seconds
                COUPLE completed...       0.0025 seconds
                  HADV completed...       0.0998 seconds
                  ZADV completed...       0.0166 seconds
                 HDIFF completed...       0.0093 seconds
              DECOUPLE completed...       0.0026 seconds
                  PHOT completed...       0.0387 seconds
               CLDPROC completed...       0.0134 seconds
                  CHEM completed...       0.3717 seconds
                  AERO completed...       0.1656 seconds
            Master Time Step
            Processing completed...       0.8455 seconds
 
     Processing Day/Time [YYYYDDD:HHMMSS]: 2022182:194000
       Which is Equivalent to (UTC): 19:40:00 Friday,  July 1, 2022
       Time-Step Length (HHMMSS): 000500
                 VDIFF completed...       0.1211 seconds
                COUPLE completed...       0.0025 seconds
                  HADV completed...       0.1004 seconds
                  ZADV completed...       0.0165 seconds
                 HDIFF completed...       0.0092 seconds
              DECOUPLE completed...       0.0026 seconds
                  PHOT completed...       0.0395 seconds
               CLDPROC completed...       0.0134 seconds
                  CHEM completed...       0.3720 seconds
                  AERO completed...       0.1649 seconds
            Master Time Step
            Processing completed...       0.8446 seconds
 
     Processing Day/Time [YYYYDDD:HHMMSS]: 2022182:194500
       Which is Equivalent to (UTC): 19:45:00 Friday,  July 1, 2022
       Time-Step Length (HHMMSS): 000500
                 VDIFF completed...       0.1195 seconds
                COUPLE completed...       0.0025 seconds
                  HADV completed...       0.1041 seconds
                  ZADV completed...       0.0182 seconds
                 HDIFF completed...       0.0073 seconds
              DECOUPLE completed...       0.0026 seconds
                  PHOT completed...       0.0392 seconds
               CLDPROC completed...       0.0133 seconds
                  CHEM completed...       0.3714 seconds
                  AERO completed...       0.1636 seconds
            Master Time Step
            Processing completed...       0.8444 seconds
 
     Processing Day/Time [YYYYDDD:HHMMSS]: 2022182:195000
       Which is Equivalent to (UTC): 19:50:00 Friday,  July 1, 2022
       Time-Step Length (HHMMSS): 000500
                 VDIFF completed...       0.1236 seconds
                COUPLE completed...       0.0025 seconds
                  HADV completed...       0.1014 seconds
                  ZADV completed...       0.0166 seconds
                 HDIFF completed...       0.0092 seconds
              DECOUPLE completed...       0.0026 seconds
                  PHOT completed...       0.0403 seconds
               CLDPROC completed...       0.0130 seconds
                  CHEM completed...       0.3714 seconds
                  AERO completed...       0.1633 seconds
            Master Time Step
            Processing completed...       0.8464 seconds
 
     Processing Day/Time [YYYYDDD:HHMMSS]: 2022182:195500
       Which is Equivalent to (UTC): 19:55:00 Friday,  July 1, 2022
       Time-Step Length (HHMMSS): 000500
                 VDIFF completed...       0.1941 seconds
                COUPLE completed...       0.0025 seconds
                  HADV completed...       0.0644 seconds
                  ZADV completed...       0.0164 seconds
                 HDIFF completed...       0.0092 seconds
              DECOUPLE completed...       0.0026 seconds
                  PHOT completed...       0.0383 seconds
               CLDPROC completed...       0.0471 seconds
                  CHEM completed...       0.3725 seconds
                  AERO completed...       0.1641 seconds
            Master Time Step
            Processing completed...       0.9137 seconds
 
      =--> Data Output completed...       0.1070 seconds
 
     Processing Day/Time [YYYYDDD:HHMMSS]: 2022182:200000
       Which is Equivalent to (UTC): 20:00:00 Friday,  July 1, 2022
       Time-Step Length (HHMMSS): 000500
                 VDIFF completed...       0.3153 seconds
                COUPLE completed...       0.0026 seconds
                  HADV completed...       0.1946 seconds
                  ZADV completed...       0.0167 seconds
                 HDIFF completed...       0.0091 seconds
              DECOUPLE completed...       0.0026 seconds
                  PHOT completed...       0.0450 seconds
               CLDPROC completed...       0.0136 seconds
                  CHEM completed...       0.3808 seconds
                  AERO completed...       0.1646 seconds
            Master Time Step
            Processing completed...       1.1472 seconds
 
     Processing Day/Time [YYYYDDD:HHMMSS]: 2022182:200500
       Which is Equivalent to (UTC): 20:05:00 Friday,  July 1, 2022
       Time-Step Length (HHMMSS): 000500
                 VDIFF completed...       0.1205 seconds
                COUPLE completed...       0.0025 seconds
                  HADV completed...       0.1107 seconds
                  ZADV completed...       0.0166 seconds
                 HDIFF completed...       0.0095 seconds
              DECOUPLE completed...       0.0026 seconds
                  PHOT completed...       0.0384 seconds
               CLDPROC completed...       0.0137 seconds
                  CHEM completed...       0.3729 seconds
                  AERO completed...       0.1627 seconds
            Master Time Step
            Processing completed...       0.8530 seconds
 
     Processing Day/Time [YYYYDDD:HHMMSS]: 2022182:201000
       Which is Equivalent to (UTC): 20:10:00 Friday,  July 1, 2022
       Time-Step Length (HHMMSS): 000500
                 VDIFF completed...       0.1205 seconds
                COUPLE completed...       0.0025 seconds
                  HADV completed...       0.1015 seconds
                  ZADV completed...       0.0166 seconds
                 HDIFF completed...       0.0095 seconds
              DECOUPLE completed...       0.0026 seconds
                  PHOT completed...       0.0384 seconds
               CLDPROC completed...       0.0135 seconds
                  CHEM completed...       0.3714 seconds
                  AERO completed...       0.1629 seconds
            Master Time Step
            Processing completed...       0.8420 seconds
 
     Processing Day/Time [YYYYDDD:HHMMSS]: 2022182:201500
       Which is Equivalent to (UTC): 20:15:00 Friday,  July 1, 2022
       Time-Step Length (HHMMSS): 000500
                 VDIFF completed...       0.1209 seconds
                COUPLE completed...       0.0025 seconds
                  HADV completed...       0.1006 seconds
                  ZADV completed...       0.0167 seconds
                 HDIFF completed...       0.0098 seconds
              DECOUPLE completed...       0.0026 seconds
                  PHOT completed...       0.0382 seconds
               CLDPROC completed...       0.0129 seconds
                  CHEM completed...       0.3709 seconds
                  AERO completed...       0.1616 seconds
            Master Time Step
            Processing completed...       0.8392 seconds
 
     Processing Day/Time [YYYYDDD:HHMMSS]: 2022182:202000
       Which is Equivalent to (UTC): 20:20:00 Friday,  July 1, 2022
       Time-Step Length (HHMMSS): 000500
                 VDIFF completed...       0.1195 seconds
                COUPLE completed...       0.0025 seconds
                  HADV completed...       0.1028 seconds
                  ZADV completed...       0.0165 seconds
                 HDIFF completed...       0.0093 seconds
              DECOUPLE completed...       0.0028 seconds
                  PHOT completed...       0.0391 seconds
               CLDPROC completed...       0.0135 seconds
                  CHEM completed...       0.3706 seconds
                  AERO completed...       0.1617 seconds
            Master Time Step
            Processing completed...       0.8409 seconds
 
     Processing Day/Time [YYYYDDD:HHMMSS]: 2022182:202500
       Which is Equivalent to (UTC): 20:25:00 Friday,  July 1, 2022
       Time-Step Length (HHMMSS): 000500
                 VDIFF completed...       0.1192 seconds
                COUPLE completed...       0.0025 seconds
                  HADV completed...       0.1025 seconds
                  ZADV completed...       0.0165 seconds
                 HDIFF completed...       0.0093 seconds
              DECOUPLE completed...       0.0026 seconds
                  PHOT completed...       0.0393 seconds
               CLDPROC completed...       0.0135 seconds
                  CHEM completed...       0.3712 seconds
                  AERO completed...       0.1617 seconds
            Master Time Step
            Processing completed...       0.8409 seconds
 
     Processing Day/Time [YYYYDDD:HHMMSS]: 2022182:203000
       Which is Equivalent to (UTC): 20:30:00 Friday,  July 1, 2022
       Time-Step Length (HHMMSS): 000500
                 VDIFF completed...       0.1193 seconds
                COUPLE completed...       0.0025 seconds
                  HADV completed...       0.1014 seconds
                  ZADV completed...       0.0166 seconds
                 HDIFF completed...       0.0090 seconds
              DECOUPLE completed...       0.0026 seconds
                  PHOT completed...       0.0388 seconds
               CLDPROC completed...       0.0143 seconds
                  CHEM completed...       0.3703 seconds
                  AERO completed...       0.1616 seconds
            Master Time Step
            Processing completed...       0.8389 seconds
 
     Processing Day/Time [YYYYDDD:HHMMSS]: 2022182:203500
       Which is Equivalent to (UTC): 20:35:00 Friday,  July 1, 2022
       Time-Step Length (HHMMSS): 000500
                 VDIFF completed...       0.1186 seconds
                COUPLE completed...       0.0025 seconds
                  HADV completed...       0.0987 seconds
                  ZADV completed...       0.0165 seconds
                 HDIFF completed...       0.0093 seconds
              DECOUPLE completed...       0.0026 seconds
                  PHOT completed...       0.0386 seconds
               CLDPROC completed...       0.0131 seconds
                  CHEM completed...       0.3711 seconds
                  AERO completed...       0.1603 seconds
            Master Time Step
            Processing completed...       0.8338 seconds
 
     Processing Day/Time [YYYYDDD:HHMMSS]: 2022182:204000
       Which is Equivalent to (UTC): 20:40:00 Friday,  July 1, 2022
       Time-Step Length (HHMMSS): 000500
                 VDIFF completed...       0.1156 seconds
                COUPLE completed...       0.0027 seconds
                  HADV completed...       0.1087 seconds
                  ZADV completed...       0.0165 seconds
                 HDIFF completed...       0.0084 seconds
              DECOUPLE completed...       0.0026 seconds
                  PHOT completed...       0.0393 seconds
               CLDPROC completed...       0.0134 seconds
                  CHEM completed...       0.3718 seconds
                  AERO completed...       0.1611 seconds
            Master Time Step
            Processing completed...       0.8425 seconds
 
     Processing Day/Time [YYYYDDD:HHMMSS]: 2022182:204500
       Which is Equivalent to (UTC): 20:45:00 Friday,  July 1, 2022
       Time-Step Length (HHMMSS): 000500
                 VDIFF completed...       0.1173 seconds
                COUPLE completed...       0.0025 seconds
                  HADV completed...       0.0965 seconds
                  ZADV completed...       0.0165 seconds
                 HDIFF completed...       0.0104 seconds
              DECOUPLE completed...       0.0026 seconds
                  PHOT completed...       0.0382 seconds
               CLDPROC completed...       0.0136 seconds
                  CHEM completed...       0.3719 seconds
                  AERO completed...       0.1620 seconds
            Master Time Step
            Processing completed...       0.8342 seconds
 
     Processing Day/Time [YYYYDDD:HHMMSS]: 2022182:205000
       Which is Equivalent to (UTC): 20:50:00 Friday,  July 1, 2022
       Time-Step Length (HHMMSS): 000500
                 VDIFF completed...       0.1161 seconds
                COUPLE completed...       0.0025 seconds
                  HADV completed...       0.0968 seconds
                  ZADV completed...       0.0166 seconds
                 HDIFF completed...       0.0087 seconds
              DECOUPLE completed...       0.0026 seconds
                  PHOT completed...       0.0392 seconds
               CLDPROC completed...       0.0133 seconds
                  CHEM completed...       0.3721 seconds
                  AERO completed...       0.1607 seconds
            Master Time Step
            Processing completed...       0.8310 seconds
 
     Processing Day/Time [YYYYDDD:HHMMSS]: 2022182:205500
       Which is Equivalent to (UTC): 20:55:00 Friday,  July 1, 2022
       Time-Step Length (HHMMSS): 000500
                 VDIFF completed...       0.1731 seconds
                COUPLE completed...       0.0025 seconds
                  HADV completed...       0.0699 seconds
                  ZADV completed...       0.0166 seconds
                 HDIFF completed...       0.0093 seconds
              DECOUPLE completed...       0.0026 seconds
                  PHOT completed...       0.0386 seconds
               CLDPROC completed...       0.0480 seconds
                  CHEM completed...       0.3727 seconds
                  AERO completed...       0.1600 seconds
            Master Time Step
            Processing completed...       0.8955 seconds
 
      =--> Data Output completed...       1.1542 seconds
 
     Processing Day/Time [YYYYDDD:HHMMSS]: 2022182:210000
       Which is Equivalent to (UTC): 21:00:00 Friday,  July 1, 2022
       Time-Step Length (HHMMSS): 000500
                 VDIFF completed...       0.2956 seconds
                COUPLE completed...       0.0028 seconds
                  HADV completed...       0.1994 seconds
                  ZADV completed...       0.0165 seconds
                 HDIFF completed...       0.0093 seconds
              DECOUPLE completed...       0.0026 seconds
                  PHOT completed...       0.0424 seconds
               CLDPROC completed...       0.0116 seconds
                  CHEM completed...       0.3813 seconds
                  AERO completed...       0.1610 seconds
            Master Time Step
            Processing completed...       1.1248 seconds
 
     Processing Day/Time [YYYYDDD:HHMMSS]: 2022182:210500
       Which is Equivalent to (UTC): 21:05:00 Friday,  July 1, 2022
       Time-Step Length (HHMMSS): 000500
                 VDIFF completed...       0.1164 seconds
                COUPLE completed...       0.0025 seconds
                  HADV completed...       0.0938 seconds
                  ZADV completed...       0.0165 seconds
                 HDIFF completed...       0.0100 seconds
              DECOUPLE completed...       0.0026 seconds
                  PHOT completed...       0.0385 seconds
               CLDPROC completed...       0.0099 seconds
                  CHEM completed...       0.3686 seconds
                  AERO completed...       0.1600 seconds
            Master Time Step
            Processing completed...       0.8214 seconds
 
     Processing Day/Time [YYYYDDD:HHMMSS]: 2022182:211000
       Which is Equivalent to (UTC): 21:10:00 Friday,  July 1, 2022
       Time-Step Length (HHMMSS): 000500
                 VDIFF completed...       0.1149 seconds
                COUPLE completed...       0.0025 seconds
                  HADV completed...       0.0980 seconds
                  ZADV completed...       0.0164 seconds
                 HDIFF completed...       0.0095 seconds
              DECOUPLE completed...       0.0026 seconds
                  PHOT completed...       0.0379 seconds
               CLDPROC completed...       0.0102 seconds
                  CHEM completed...       0.3676 seconds
                  AERO completed...       0.1598 seconds
            Master Time Step
            Processing completed...       0.8222 seconds
 
     Processing Day/Time [YYYYDDD:HHMMSS]: 2022182:211500
       Which is Equivalent to (UTC): 21:15:00 Friday,  July 1, 2022
       Time-Step Length (HHMMSS): 000500
                 VDIFF completed...       0.1169 seconds
                COUPLE completed...       0.0025 seconds
                  HADV completed...       0.0959 seconds
                  ZADV completed...       0.0165 seconds
                 HDIFF completed...       0.0100 seconds
              DECOUPLE completed...       0.0026 seconds
                  PHOT completed...       0.0379 seconds
               CLDPROC completed...       0.0106 seconds
                  CHEM completed...       0.3669 seconds
                  AERO completed...       0.1582 seconds
            Master Time Step
            Processing completed...       0.8201 seconds
 
     Processing Day/Time [YYYYDDD:HHMMSS]: 2022182:212000
       Which is Equivalent to (UTC): 21:20:00 Friday,  July 1, 2022
       Time-Step Length (HHMMSS): 000500
                 VDIFF completed...       0.5887 seconds
                COUPLE completed...       0.0027 seconds
                  HADV completed...       0.0804 seconds
                  ZADV completed...       0.0166 seconds
                 HDIFF completed...       0.0098 seconds
              DECOUPLE completed...       0.0026 seconds
                  PHOT completed...       0.0383 seconds
               CLDPROC completed...       0.0094 seconds
                  CHEM completed...       0.3659 seconds
                  AERO completed...       0.1600 seconds
            Master Time Step
            Processing completed...       1.2767 seconds
 
     Processing Day/Time [YYYYDDD:HHMMSS]: 2022182:212500
       Which is Equivalent to (UTC): 21:25:00 Friday,  July 1, 2022
       Time-Step Length (HHMMSS): 000500
                 VDIFF completed...       0.1167 seconds
                COUPLE completed...       0.0025 seconds
                  HADV completed...       0.0917 seconds
                  ZADV completed...       0.0166 seconds
                 HDIFF completed...       0.0098 seconds
              DECOUPLE completed...       0.0026 seconds
                  PHOT completed...       0.0382 seconds
               CLDPROC completed...       0.0088 seconds
                  CHEM completed...       0.3655 seconds
                  AERO completed...       0.1594 seconds
            Master Time Step
            Processing completed...       0.8144 seconds
 
     Processing Day/Time [YYYYDDD:HHMMSS]: 2022182:213000
       Which is Equivalent to (UTC): 21:30:00 Friday,  July 1, 2022
       Time-Step Length (HHMMSS): 000500
                 VDIFF completed...       0.1188 seconds
                COUPLE completed...       0.0025 seconds
                  HADV completed...       0.0891 seconds
                  ZADV completed...       0.0166 seconds
                 HDIFF completed...       0.0100 seconds
              DECOUPLE completed...       0.0026 seconds
                  PHOT completed...       0.0381 seconds
               CLDPROC completed...       0.0093 seconds
                  CHEM completed...       2.2435 seconds
                  AERO completed...       0.1623 seconds
            Master Time Step
            Processing completed...       2.6954 seconds
 
     Processing Day/Time [YYYYDDD:HHMMSS]: 2022182:213500
       Which is Equivalent to (UTC): 21:35:00 Friday,  July 1, 2022
       Time-Step Length (HHMMSS): 000500
                 VDIFF completed...       0.1171 seconds
                COUPLE completed...       0.0025 seconds
                  HADV completed...       0.0708 seconds
                  ZADV completed...       0.0166 seconds
                 HDIFF completed...       0.0093 seconds
              DECOUPLE completed...       0.0026 seconds
                  PHOT completed...       0.0385 seconds
               CLDPROC completed...       0.0093 seconds
                  CHEM completed...       0.3641 seconds
                  AERO completed...       0.1594 seconds
            Master Time Step
            Processing completed...       0.7930 seconds
 
     Processing Day/Time [YYYYDDD:HHMMSS]: 2022182:214000
       Which is Equivalent to (UTC): 21:40:00 Friday,  July 1, 2022
       Time-Step Length (HHMMSS): 000500
                 VDIFF completed...       0.1155 seconds
                COUPLE completed...       0.0025 seconds
                  HADV completed...       0.0877 seconds
                  ZADV completed...       0.0165 seconds
                 HDIFF completed...       0.0095 seconds
              DECOUPLE completed...       0.0026 seconds
                  PHOT completed...       0.0383 seconds
               CLDPROC completed...       0.0103 seconds
                  CHEM completed...       0.3633 seconds
                  AERO completed...       0.1584 seconds
            Master Time Step
            Processing completed...       0.8071 seconds
 
     Processing Day/Time [YYYYDDD:HHMMSS]: 2022182:214500
       Which is Equivalent to (UTC): 21:45:00 Friday,  July 1, 2022
       Time-Step Length (HHMMSS): 000500
                 VDIFF completed...       0.1142 seconds
                COUPLE completed...       0.0025 seconds
                  HADV completed...       3.7161 seconds
                  ZADV completed...       0.0167 seconds
                 HDIFF completed...       0.0093 seconds
              DECOUPLE completed...       0.0026 seconds
                  PHOT completed...       0.0385 seconds
               CLDPROC completed...       0.0094 seconds
                  CHEM completed...       0.3664 seconds
                  AERO completed...       0.1589 seconds
            Master Time Step
            Processing completed...       4.4361 seconds
 
     Processing Day/Time [YYYYDDD:HHMMSS]: 2022182:215000
       Which is Equivalent to (UTC): 21:50:00 Friday,  July 1, 2022
       Time-Step Length (HHMMSS): 000500
                 VDIFF completed...       0.1206 seconds
                COUPLE completed...       0.0025 seconds
                  HADV completed...       0.0788 seconds
                  ZADV completed...       0.0166 seconds
                 HDIFF completed...       0.0104 seconds
              DECOUPLE completed...       0.0026 seconds
                  PHOT completed...       0.0380 seconds
               CLDPROC completed...       0.0098 seconds
                  CHEM completed...       0.3620 seconds
                  AERO completed...       2.1337 seconds
            Master Time Step
            Processing completed...       2.7772 seconds
 
     Processing Day/Time [YYYYDDD:HHMMSS]: 2022182:215500
       Which is Equivalent to (UTC): 21:55:00 Friday,  July 1, 2022
       Time-Step Length (HHMMSS): 000500
                 VDIFF completed...       1.4141 seconds
                COUPLE completed...       0.0025 seconds
                  HADV completed...       0.0712 seconds
                  ZADV completed...       0.0168 seconds
                 HDIFF completed...       0.0099 seconds
              DECOUPLE completed...       0.0026 seconds
                  PHOT completed...       0.0383 seconds
               CLDPROC completed...       0.0528 seconds
                  CHEM completed...       0.3612 seconds
                  AERO completed...       0.1586 seconds
            Master Time Step
            Processing completed...       2.1307 seconds
 
      =--> Data Output completed...       0.0777 seconds
 
     Processing Day/Time [YYYYDDD:HHMMSS]: 2022182:220000
       Which is Equivalent to (UTC): 22:00:00 Friday,  July 1, 2022
       Time-Step Length (HHMMSS): 000500
                 VDIFF completed...       0.2953 seconds
                COUPLE completed...       0.0025 seconds
                  HADV completed...       0.1796 seconds
                  ZADV completed...       0.0167 seconds
                 HDIFF completed...       0.0098 seconds
              DECOUPLE completed...       0.0026 seconds
                  PHOT completed...       0.0464 seconds
               CLDPROC completed...       0.0096 seconds
                  CHEM completed...       0.3653 seconds
                  AERO completed...       0.1596 seconds
            Master Time Step
            Processing completed...       1.0897 seconds
 
     Processing Day/Time [YYYYDDD:HHMMSS]: 2022182:220500
       Which is Equivalent to (UTC): 22:05:00 Friday,  July 1, 2022
       Time-Step Length (HHMMSS): 000500
                 VDIFF completed...       0.1118 seconds
                COUPLE completed...       0.0025 seconds
                  HADV completed...       0.1095 seconds
                  ZADV completed...       0.0166 seconds
                 HDIFF completed...       0.0104 seconds
              DECOUPLE completed...       0.0026 seconds
                  PHOT completed...       0.0380 seconds
               CLDPROC completed...       0.0097 seconds
                  CHEM completed...       0.3607 seconds
                  AERO completed...       0.1577 seconds
            Master Time Step
            Processing completed...       0.8220 seconds
 
     Processing Day/Time [YYYYDDD:HHMMSS]: 2022182:221000
       Which is Equivalent to (UTC): 22:10:00 Friday,  July 1, 2022
       Time-Step Length (HHMMSS): 000500
                 VDIFF completed...       0.1136 seconds
                COUPLE completed...       0.0025 seconds
                  HADV completed...       0.0773 seconds
                  ZADV completed...       0.0166 seconds
                 HDIFF completed...       0.0088 seconds
              DECOUPLE completed...       0.0026 seconds
                  PHOT completed...       0.0378 seconds
               CLDPROC completed...       0.0102 seconds
                  CHEM completed...       0.3594 seconds
                  AERO completed...       0.1583 seconds
            Master Time Step
            Processing completed...       0.7895 seconds
 
     Processing Day/Time [YYYYDDD:HHMMSS]: 2022182:221500
       Which is Equivalent to (UTC): 22:15:00 Friday,  July 1, 2022
       Time-Step Length (HHMMSS): 000500
                 VDIFF completed...       0.1132 seconds
                COUPLE completed...       0.0025 seconds
                  HADV completed...       0.0795 seconds
                  ZADV completed...       0.0166 seconds
                 HDIFF completed...       0.0101 seconds
              DECOUPLE completed...       0.0027 seconds
                  PHOT completed...       0.0381 seconds
               CLDPROC completed...       0.0097 seconds
                  CHEM completed...       0.3577 seconds
                  AERO completed...       0.1607 seconds
            Master Time Step
            Processing completed...       0.7931 seconds
 
     Processing Day/Time [YYYYDDD:HHMMSS]: 2022182:222000
       Which is Equivalent to (UTC): 22:20:00 Friday,  July 1, 2022
       Time-Step Length (HHMMSS): 000500
                 VDIFF completed...       0.1226 seconds
                COUPLE completed...       0.0025 seconds
                  HADV completed...       0.0674 seconds
                  ZADV completed...       0.0168 seconds
                 HDIFF completed...       0.0091 seconds
              DECOUPLE completed...       0.0026 seconds
                  PHOT completed...       0.0380 seconds
               CLDPROC completed...       0.0097 seconds
                  CHEM completed...       0.3546 seconds
                  AERO completed...       0.1572 seconds
            Master Time Step
            Processing completed...       0.7830 seconds
 
     Processing Day/Time [YYYYDDD:HHMMSS]: 2022182:222500
       Which is Equivalent to (UTC): 22:25:00 Friday,  July 1, 2022
       Time-Step Length (HHMMSS): 000500
                 VDIFF completed...       0.1125 seconds
                COUPLE completed...       0.0025 seconds
                  HADV completed...       0.0792 seconds
                  ZADV completed...       0.0166 seconds
                 HDIFF completed...       0.0094 seconds
              DECOUPLE completed...       0.0026 seconds
                  PHOT completed...       0.0383 seconds
               CLDPROC completed...       0.0098 seconds
                  CHEM completed...       0.3531 seconds
                  AERO completed...       0.1570 seconds
            Master Time Step
            Processing completed...       0.7833 seconds
 
     Processing Day/Time [YYYYDDD:HHMMSS]: 2022182:223000
       Which is Equivalent to (UTC): 22:30:00 Friday,  July 1, 2022
       Time-Step Length (HHMMSS): 000500
                 VDIFF completed...       0.1115 seconds
                COUPLE completed...       0.0025 seconds
                  HADV completed...       0.0789 seconds
                  ZADV completed...       0.0167 seconds
                 HDIFF completed...       0.0098 seconds
              DECOUPLE completed...       0.0026 seconds
                  PHOT completed...       0.0382 seconds
               CLDPROC completed...       0.0091 seconds
                  CHEM completed...       0.3498 seconds
                  AERO completed...       0.1567 seconds
            Master Time Step
            Processing completed...       0.7783 seconds
 
     Processing Day/Time [YYYYDDD:HHMMSS]: 2022182:223500
       Which is Equivalent to (UTC): 22:35:00 Friday,  July 1, 2022
       Time-Step Length (HHMMSS): 000500
                 VDIFF completed...       0.7575 seconds
                COUPLE completed...       0.0025 seconds
                  HADV completed...       1.3766 seconds
                  ZADV completed...       0.0169 seconds
                 HDIFF completed...       0.0094 seconds
              DECOUPLE completed...       0.0026 seconds
                  PHOT completed...       0.0379 seconds
               CLDPROC completed...       0.0099 seconds
                  CHEM completed...       0.3477 seconds
                  AERO completed...       0.1571 seconds
            Master Time Step
            Processing completed...       2.7198 seconds
 
     Processing Day/Time [YYYYDDD:HHMMSS]: 2022182:224000
       Which is Equivalent to (UTC): 22:40:00 Friday,  July 1, 2022
       Time-Step Length (HHMMSS): 000500
                 VDIFF completed...       0.1106 seconds
                COUPLE completed...       0.0025 seconds
                  HADV completed...       0.0718 seconds
                  ZADV completed...       0.0166 seconds
                 HDIFF completed...       0.0095 seconds
              DECOUPLE completed...       0.0026 seconds
                  PHOT completed...       0.0382 seconds
               CLDPROC completed...       0.0094 seconds
                  CHEM completed...       0.3450 seconds
                  AERO completed...       0.1562 seconds
            Master Time Step
            Processing completed...       0.7648 seconds
 
     Processing Day/Time [YYYYDDD:HHMMSS]: 2022182:224500
       Which is Equivalent to (UTC): 22:45:00 Friday,  July 1, 2022
       Time-Step Length (HHMMSS): 000500
                 VDIFF completed...       0.1113 seconds
                COUPLE completed...       0.0025 seconds
                  HADV completed...       0.0691 seconds
                  ZADV completed...       0.0166 seconds
                 HDIFF completed...       0.0090 seconds
              DECOUPLE completed...       0.0026 seconds
                  PHOT completed...       0.0380 seconds
               CLDPROC completed...       0.0100 seconds
                  CHEM completed...       0.3432 seconds
                  AERO completed...       0.1566 seconds
            Master Time Step
            Processing completed...       0.7614 seconds
 
     Processing Day/Time [YYYYDDD:HHMMSS]: 2022182:225000
       Which is Equivalent to (UTC): 22:50:00 Friday,  July 1, 2022
       Time-Step Length (HHMMSS): 000500
                 VDIFF completed...       0.1183 seconds
                COUPLE completed...       0.0025 seconds
                  HADV completed...       0.0673 seconds
                  ZADV completed...       0.0166 seconds
                 HDIFF completed...       0.0095 seconds
              DECOUPLE completed...       0.0026 seconds
                  PHOT completed...       0.0380 seconds
               CLDPROC completed...       0.0098 seconds
                  CHEM completed...       0.3401 seconds
                  AERO completed...       0.1560 seconds
            Master Time Step
            Processing completed...       0.7625 seconds
 
     Processing Day/Time [YYYYDDD:HHMMSS]: 2022182:225500
       Which is Equivalent to (UTC): 22:55:00 Friday,  July 1, 2022
       Time-Step Length (HHMMSS): 000500
                 VDIFF completed...       3.7548 seconds
                COUPLE completed...       0.0025 seconds
                  HADV completed...       0.0704 seconds
                  ZADV completed...       0.0169 seconds
                 HDIFF completed...       0.0096 seconds
              DECOUPLE completed...       0.0026 seconds
                  PHOT completed...       0.0382 seconds
               CLDPROC completed...       0.0501 seconds
                  CHEM completed...       0.3382 seconds
                  AERO completed...       0.1580 seconds
            Master Time Step
            Processing completed...       4.4436 seconds
 
      =--> Data Output completed...       0.0798 seconds
 
     Processing Day/Time [YYYYDDD:HHMMSS]: 2022182:230000
       Which is Equivalent to (UTC): 23:00:00 Friday,  July 1, 2022
       Time-Step Length (HHMMSS): 000500
                 VDIFF completed...       0.2724 seconds
                COUPLE completed...       0.0030 seconds
                  HADV completed...       0.1736 seconds
                  ZADV completed...       0.0166 seconds
                 HDIFF completed...       0.0091 seconds
              DECOUPLE completed...       0.0026 seconds
                  PHOT completed...       0.0390 seconds
               CLDPROC completed...       0.0091 seconds
                  CHEM completed...       0.3375 seconds
                  AERO completed...       0.1558 seconds
            Master Time Step
            Processing completed...       1.0209 seconds
 
     Processing Day/Time [YYYYDDD:HHMMSS]: 2022182:230500
       Which is Equivalent to (UTC): 23:05:00 Friday,  July 1, 2022
       Time-Step Length (HHMMSS): 000500
                 VDIFF completed...       0.1093 seconds
                COUPLE completed...       0.0025 seconds
                  HADV completed...       0.0689 seconds
                  ZADV completed...       0.0167 seconds
                 HDIFF completed...       0.0088 seconds
              DECOUPLE completed...       0.0026 seconds
                  PHOT completed...       0.0383 seconds
               CLDPROC completed...       0.0087 seconds
                  CHEM completed...       0.3303 seconds
                  AERO completed...       0.1559 seconds
            Master Time Step
            Processing completed...       0.7445 seconds
 
     Processing Day/Time [YYYYDDD:HHMMSS]: 2022182:231000
       Which is Equivalent to (UTC): 23:10:00 Friday,  July 1, 2022
       Time-Step Length (HHMMSS): 000500
                 VDIFF completed...       0.1100 seconds
                COUPLE completed...       0.0025 seconds
                  HADV completed...       0.0685 seconds
                  ZADV completed...       0.0166 seconds
                 HDIFF completed...       0.0102 seconds
              DECOUPLE completed...       0.0026 seconds
                  PHOT completed...       0.0380 seconds
               CLDPROC completed...       0.0078 seconds
                  CHEM completed...       0.3273 seconds
                  AERO completed...       0.1559 seconds
            Master Time Step
            Processing completed...       0.7421 seconds
 
     Processing Day/Time [YYYYDDD:HHMMSS]: 2022182:231500
       Which is Equivalent to (UTC): 23:15:00 Friday,  July 1, 2022
       Time-Step Length (HHMMSS): 000500
                 VDIFF completed...       0.1089 seconds
                COUPLE completed...       0.0025 seconds
                  HADV completed...       0.0707 seconds
                  ZADV completed...       0.0167 seconds
                 HDIFF completed...       0.0094 seconds
              DECOUPLE completed...       0.0026 seconds
                  PHOT completed...       0.0385 seconds
               CLDPROC completed...       0.0081 seconds
                  CHEM completed...       0.3233 seconds
                  AERO completed...       0.1560 seconds
            Master Time Step
            Processing completed...       0.7392 seconds
 
     Processing Day/Time [YYYYDDD:HHMMSS]: 2022182:232000
       Which is Equivalent to (UTC): 23:20:00 Friday,  July 1, 2022
       Time-Step Length (HHMMSS): 000500
                 VDIFF completed...       0.1087 seconds
                COUPLE completed...       0.0025 seconds
                  HADV completed...       0.0693 seconds
                  ZADV completed...       0.0166 seconds
                 HDIFF completed...       0.0097 seconds
              DECOUPLE completed...       0.0026 seconds
                  PHOT completed...       0.0379 seconds
               CLDPROC completed...       0.0086 seconds
                  CHEM completed...       0.3193 seconds
                  AERO completed...       0.1555 seconds
            Master Time Step
            Processing completed...       0.7333 seconds
 
     Processing Day/Time [YYYYDDD:HHMMSS]: 2022182:232500
       Which is Equivalent to (UTC): 23:25:00 Friday,  July 1, 2022
       Time-Step Length (HHMMSS): 000500
                 VDIFF completed...       0.1096 seconds
                COUPLE completed...       0.0026 seconds
                  HADV completed...       0.0710 seconds
                  ZADV completed...       0.0163 seconds
                 HDIFF completed...       0.0086 seconds
              DECOUPLE completed...       0.0026 seconds
                  PHOT completed...       0.0379 seconds
               CLDPROC completed...       0.0087 seconds
                  CHEM completed...       0.3156 seconds
                  AERO completed...       0.1552 seconds
            Master Time Step
            Processing completed...       0.7304 seconds
 
     Processing Day/Time [YYYYDDD:HHMMSS]: 2022182:233000
       Which is Equivalent to (UTC): 23:30:00 Friday,  July 1, 2022
       Time-Step Length (HHMMSS): 000500
                 VDIFF completed...       0.1091 seconds
                COUPLE completed...       0.0025 seconds
                  HADV completed...       0.0687 seconds
                  ZADV completed...       0.0165 seconds
                 HDIFF completed...       0.0094 seconds
              DECOUPLE completed...       0.0026 seconds
                  PHOT completed...       0.0384 seconds
               CLDPROC completed...       0.0083 seconds
                  CHEM completed...       0.3115 seconds
                  AERO completed...       0.1546 seconds
            Master Time Step
            Processing completed...       0.7242 seconds
 
     Processing Day/Time [YYYYDDD:HHMMSS]: 2022182:233500
       Which is Equivalent to (UTC): 23:35:00 Friday,  July 1, 2022
       Time-Step Length (HHMMSS): 000500
                 VDIFF completed...       0.1095 seconds
                COUPLE completed...       0.0025 seconds
                  HADV completed...       0.0710 seconds
                  ZADV completed...       0.0166 seconds
                 HDIFF completed...       0.0098 seconds
              DECOUPLE completed...       0.0026 seconds
                  PHOT completed...       0.0390 seconds
               CLDPROC completed...       0.0084 seconds
                  CHEM completed...       0.3085 seconds
                  AERO completed...       0.1550 seconds
            Master Time Step
            Processing completed...       0.7253 seconds
 
     Processing Day/Time [YYYYDDD:HHMMSS]: 2022182:234000
       Which is Equivalent to (UTC): 23:40:00 Friday,  July 1, 2022
       Time-Step Length (HHMMSS): 000500
                 VDIFF completed...       0.1106 seconds
                COUPLE completed...       0.0025 seconds
                  HADV completed...       0.0723 seconds
                  ZADV completed...       0.0166 seconds
                 HDIFF completed...       0.0099 seconds
              DECOUPLE completed...       0.0026 seconds
                  PHOT completed...       0.0381 seconds
               CLDPROC completed...       0.0080 seconds
                  CHEM completed...       0.3042 seconds
                  AERO completed...       0.1545 seconds
            Master Time Step
            Processing completed...       0.7220 seconds
 
     Processing Day/Time [YYYYDDD:HHMMSS]: 2022182:234500
       Which is Equivalent to (UTC): 23:45:00 Friday,  July 1, 2022
       Time-Step Length (HHMMSS): 000500
                 VDIFF completed...       0.1104 seconds
                COUPLE completed...       0.0025 seconds
                  HADV completed...       0.0719 seconds
                  ZADV completed...       0.0168 seconds
                 HDIFF completed...       0.0094 seconds
              DECOUPLE completed...       0.0026 seconds
                  PHOT completed...       0.0379 seconds
               CLDPROC completed...       0.0076 seconds
                  CHEM completed...       0.3004 seconds
                  AERO completed...       0.1546 seconds
            Master Time Step
            Processing completed...       0.7166 seconds
 
     Processing Day/Time [YYYYDDD:HHMMSS]: 2022182:235000
       Which is Equivalent to (UTC): 23:50:00 Friday,  July 1, 2022
       Time-Step Length (HHMMSS): 000500
                 VDIFF completed...       0.1094 seconds
                COUPLE completed...       0.0025 seconds
                  HADV completed...       0.0693 seconds
                  ZADV completed...       0.0167 seconds
                 HDIFF completed...       0.0093 seconds
              DECOUPLE completed...       0.0026 seconds
                  PHOT completed...       0.0380 seconds
               CLDPROC completed...       0.0073 seconds
                  CHEM completed...       0.2968 seconds
                  AERO completed...       0.1529 seconds
            Master Time Step
            Processing completed...       0.7075 seconds
 
     Processing Day/Time [YYYYDDD:HHMMSS]: 2022182:235500
       Which is Equivalent to (UTC): 23:55:00 Friday,  July 1, 2022
       Time-Step Length (HHMMSS): 000500
                 VDIFF completed...       0.1922 seconds
                COUPLE completed...       0.0025 seconds
                  HADV completed...       0.0692 seconds
                  ZADV completed...       0.0168 seconds
                 HDIFF completed...       0.0093 seconds
              DECOUPLE completed...       0.0026 seconds
                  PHOT completed...       0.0377 seconds
               CLDPROC completed...       0.0512 seconds
                  CHEM completed...       0.2933 seconds
                  AERO completed...       0.1536 seconds
            Master Time Step
            Processing completed...       0.8310 seconds
 
      =--> Data Output completed...       0.0806 seconds
 
 
 
     ==============================================
     |>---   PROGRAM COMPLETED SUCCESSFULLY   ---<|
     ==============================================
     Date and time 0:00:00   July 2, 2022   (2022183:000000)
 
     The elapsed time for this simulation was     412.4 seconds.
 

CMAQ Processing of Day 20220701 Finished at Tue Aug 18 01:33:21 PM EDT 2026

\\\\\=====\\\\\=====\\\\\=====\\\\\=====/////=====/////=====/////=====/////


Set up input and output files for Day 2022-07-02.

Existing Logs and Output Files for Day 2022-07-02 Will Be Deleted
rm: No match.

CMAQ Processing of Day 20220702 Began at Tue Aug 18 01:34:42 PM EDT 2026

MPI startup(): I_MPI_VARS_SET environment variable is not supported.
MPI startup(): To check the list of supported variables, use the impi_info utility or refer to https://www.intel.com/content/www/us/en/docs/mpi-library/developer-reference-linux/
                  CTM_APPL  |  v6_intel_Bench_2022_12SE1_1node_64pe_20220702
#================================================================================#        
#|                                                                              |#        
#|               The Community Multiscale Air Quality (CMAQ) Model              |#        
#|                                  Version 6.0_alpha1                          |#        
#|                                                                              |#        
#|                          Built and Maintained by the                         |#        
#|                        Office of Research and Development                    |#        
#|                   United States Environmental Protection Agency              |#        
#|                                                                              |#        
#|                            https://www.epa.gov/cmaq                          |#        
#|                                                                              |#        
#|       Source Code:   https://www.github.com/USEPA/cmaq/tree/master           |#        
#|       Documentation: https://www.github.com/USEPA/cmaq/tree/master/DOCS      |#        
#|                                                                              |#        
#|         The CMAQ Model is tested and released with cooperation from          |#        
#|         the Community Modeling and Analysis System (CMAS) Center via         |#        
#|         contract support. CMAS is managed by the Institute for the           |#        
#|         Environment, University of North Carolina at Chapel Hill.            |#        
#|         CMAS URL: (https://www.cmascenter.org)                               |#        
#|                                                                              |#        
#================================================================================#        
 
 
     ==================================
     |>---   INITIALIZE I/O-API   ---<|
     ==================================
                                                                     
     This program uses the EPA-AREAL/MCNC-EnvPgms/BAMS/ UNC IE       
     Models-3 I/O Applications Programming Interface, [I/O API]      
     which is built on top of the netCDF I/O library (Copyright      
     993, 1996 University Corporation for Atmospheric Research       
     Unidata Program) and the PVM parallel-programming library       
     (from Oak Ridge National Laboratory).                           
     Copyright (C) 1992-2002 MCNC,                                   
     (C) 1992-2018 Carlie J. Coats, Jr.,                             
     (C) 2003-2012 Baron Advanced Meteorological Systems, LLC, and   
     (C) 2014-2023 UNC Institute for the Environment.                
     Released under the GNU LGPL  License, version 2.1.  See URL     
                                                                     
         https://www.gnu.org/licenses/old-licenses/lgpl-2.1.html     
                                                                     
     for conditions of use.                                          
                                                                     
     ioapi-3.2: $Id: init3.F90 247 2023-03-22 15:59:19Z coats $
     netCDF version 4.8.1 of Aug 13 2026 10:00:20 $
      
 
 
     ===========================================
     |>---   ENVIRONMENT VARIABLE REPORT   ---<|
     ===========================================

     |> Grid and High-Level Model Parameters:
     +=========================================
        ---Env Variable---  |  ---Value---
      --------------------------------------------------------------------------------
                       BLD  |             (default)
                    OUTDIR  |  /work/users/l/i/lizadams/CMAQv6.0_2022_12SE1_Benchmark_2day//output_CCTM_v6_intel_Bench_2022_12SE1_1node_64pe
                 NEW_START  |           F
            IGNORE_SOILINP  |           F (default)
              EXECUTION_ID  |  CMAQ_CCTMv6_lizadams_20260818_172556_986243966
                 GRID_NAME  |  SE60BENCH
                 CTM_TSTEP  |       10000
                CTM_RUNLEN  |      240000
              CTM_PROGNAME  |  DRIVER (default)
                CTM_STDATE  |     2022183
                CTM_STTIME  |           0
               NPCOL_NPROW  |  8 8
               CTM_MAXSYNC  |         300
               CTM_MINSYNC  |          60

     |> Multiprocess control, output and error checking:
     +====================================================
        ---Env Variable---  |  ---Value---
      --------------------------------------------------------------------------------
           PRINT_PROC_TIME  |           T
               FL_ERR_STOP  |           F
              CTM_MIO_FILE  |           F (default)
                 CTM_CKSUM  |           T
          AVG_FILE_ENDTIME  |           F
             AVG_CONC_SPCS  |  ALL
                 CONC_SPCS  |  O3 NO ANO3I ANO3J NO2 NH3 ANH4I ANH4J ASO4I ASO4J
           ACONC_BLEV_ELEV  |   1 1
            CONC_BLEV_ELEV  |   1 1
           IOAPI_LOG_WRITE  |           F
                   VERTEXT  |           F
        VERTEXT_COORD_PATH  |  /proj/ie/proj/CMAS/CMASOps2026/CMAQ_CMAS_6/intelmpi_intel_2024_redo/CCTM/scripts/lonlat.csv
             gc_matrix_nml  |  /proj/ie/proj/CMAS/CMASOps2026/CMAQ_CMAS_6/intelmpi_intel_2024_redo/CCTM/scripts/BLD_CCTM_v6_intel/GC_cracmm3.nml
             ae_matrix_nml  |  /proj/ie/proj/CMAS/CMASOps2026/CMAQ_CMAS_6/intelmpi_intel_2024_redo/CCTM/scripts/BLD_CCTM_v6_intel/AE_cracmm3.nml
             nr_matrix_nml  |  /proj/ie/proj/CMAS/CMASOps2026/CMAQ_CMAS_6/intelmpi_intel_2024_redo/CCTM/scripts/BLD_CCTM_v6_intel/NR_cracmm3.nml
             tr_matrix_nml  |  /proj/ie/proj/CMAS/CMASOps2026/CMAQ_CMAS_6/intelmpi_intel_2024_redo/CCTM/scripts/BLD_CCTM_v6_intel/Species_Table_TR_0.nml

     |> Chemistry and Photolysis:
     +=============================
        ---Env Variable---  |  ---Value---
      --------------------------------------------------------------------------------
                      MECH  |  cracmm3
              CTM_PHOTDIAG  |           F
            AEROSOL_OPTICS  |           3

      --ATOL settings are in ppmV.--

             GEAR_MAX_ATOL  |   0.100E-06 (default)
             GEAR_MIN_ATOL  |   0.100E-08 (default)
           GEAR_CONC_FLOOR  |   0.100E-11 (default)
                 GEAR_RTOL  |   0.100E-02 (default)
                   RB_RTOL  |   0.100E-02 (default)
                   RB_ATOL  |   0.100E-06 (default)
                  CTM_PVO3  |           F

     |> Aerosols:
     +=============
        ---Env Variable---  |  ---Value---
      --------------------------------------------------------------------------------
                   AERO_MT  |  HYB
            AERO_DYN_TSTEP  |          90
             BC_AERO_M2WET  |           F
             BC_AERO_M2USE  |           T
              STM_SO4TRACK  |           F

     |> Cloud Processes:
     +====================
        ---Env Variable---  |  ---Value---
      --------------------------------------------------------------------------------
                  CLD_DIAG  |           F

     |> Air-Surface Exchange Processes:
     +===================================
        ---Env Variable---  |  ---Value---
      --------------------------------------------------------------------------------
                PX_VERSION  |           T
                CTM_ABFLUX  |           T
                CTM_MOSAIC  |           F
              CTM_SFC_HONO  |           T
               CLM_VERSION  |           F
              NOAH_VERSION  |           F
             CTM_DEPV_FILE  |           F
                CTM_HGBIDI  |           F
         CTM_BIDI_FERT_NH3  |           T
             CTM_USE_STAGE  |           T
           CTM_WBDUST_BELD  |  UNKNOWN (default)
             STAGECTRL_NML  |  /proj/ie/proj/CMAS/CMASOps2026/CMAQ_CMAS_6/intelmpi_intel_2024_redo/CCTM/scripts/BLD_CCTM_v6_intel/CMAQ_Control_STAGE.nml
             CTM_STAGE_P22  |           F
             CTM_STAGE_E20  |           T
             CTM_STAGE_S22  |           F

     |> Transport Processes:
     +========================
        ---Env Variable---  |  ---Value---
      --------------------------------------------------------------------------------
           VDIFF_DIAG_FILE  |           F
            SIGMA_SYNC_TOP  |   0.700E+00
              ADV_HDIV_LIM  |   0.900E+00 (default)
               CTM_ADV_CFL  |   0.950E+00
                     KZMIN  |           T
                KZU_CUSTOM  |   0.100E+01 (default)
                  CTM_WVEL  |           T
             CTM_GRAV_SETL  |           T

     |> Emissions Parameters:
     +=========================
        ---Env Variable---  |  ---Value---
      --------------------------------------------------------------------------------
             CMAQ_CTRL_NML  |  /proj/ie/proj/CMAS/CMASOps2026/CMAQ_CMAS_6/intelmpi_intel_2024_redo/CCTM/scripts/BLD_CCTM_v6_intel/CMAQ_Control.nml
          CMAQ_CH_CTRL_NML  |  /proj/ie/proj/CMAS/CMASOps2026/CMAQ_CMAS_6/intelmpi_intel_2024_redo/CCTM/scripts/BLD_CCTM_v6_intel/CMAQ_Chem_Control_cracmm3.nml
                 N_EMIS_GR  |           2
                 N_EMIS_TR  |           0 (default)
               CTM_EMISCHK  |           F
           CTM_BIOGEMIS_BE  |           T
           CTM_BIOGEMIS_MG  |           F
             USE_MEGAN_LAI  |           F (default)
              MGN_ONLN_DEP  |           F (default)
               BDSNP_MEGAN  |           F
                USE_SEGA_N  |           F
             USE_SEGA_N_EF  |           F
                 BIOG_SPRO  |  DEFAULT (default)
                B3GTS_DIAG  |           F
              CTM_MGEMDIAG  |           F (default)
            CTM_OCEAN_CHEM  |           T
               CTM_WB_DUST  |           T
             CTM_BROWN_VEG  |           T
           CTM_DUSTEM_DIAG  |           F
              CTM_SSEMDIAG  |           F
              CTM_MET_EMIS  |           F (default)
         CTM_MET_EMIS_DIAG  |           F (default)
          CTM_MET_EMIS_HUM  |           F (default)
            CTM_LNO_ONLINE  |           T
             LTNG_ASSIM_DT  |           0 (default)
             USE_LTNG_DATA  |           T
                  LTNGDIAG  |           F
                   MOLSNCG  |   0.350E+03 (default)
                   MOLSNIC  |   0.350E+03 (default)
                LNO_OPTION  |           1
                 N_EMIS_PT  |          11
                    IPVERT  |           0 (default)
             EMIS_SYM_DATE  |           F (default)

     |> Process Analysis Parameters:
     +================================
        ---Env Variable---  |  ---Value---
      --------------------------------------------------------------------------------
                CTM_PROCAN  |           F
                CTM_BUDGET  |  /work/users/l/i/lizadams/CMAQv6.0_2022_12SE1_Benchmark_2day//output_CCTM_v6_intel_Bench_2022_12SE1_1node_64pe/CCTM_BUDGET_v6_intel_Bench_2022_12SE1_1node_64pe_20220702.txt -v
                 MET_TSTEP  |       10000 (default)

     MET data determined based on WRF ARW version 4.4.2

 
          -=-  MPP Processor-to-Subdomain Map  -=-
                 Number of Processors =  64
    ____________________________________________________
    |                                                  |
    |  PE    #Cols    Col_Range     #Rows    Row_Range |
    |__________________________________________________|
    |                                                  |
    |  0       13      1:  13         10      1:  10   |
    |  1       13     14:  26         10      1:  10   |
    |  2       13     27:  39         10      1:  10   |
    |  3       13     40:  52         10      1:  10   |
    |  4       12     53:  64         10      1:  10   |
    |  5       12     65:  76         10      1:  10   |
    |  6       12     77:  88         10      1:  10   |
    |  7       12     89: 100         10      1:  10   |
    |  8       13      1:  13         10     11:  20   |
    |  9       13     14:  26         10     11:  20   |
    | 10       13     27:  39         10     11:  20   |
    | 11       13     40:  52         10     11:  20   |
    | 12       12     53:  64         10     11:  20   |
    | 13       12     65:  76         10     11:  20   |
    | 14       12     77:  88         10     11:  20   |
    | 15       12     89: 100         10     11:  20   |
    | 16       13      1:  13         10     21:  30   |
    | 17       13     14:  26         10     21:  30   |
    | 18       13     27:  39         10     21:  30   |
    | 19       13     40:  52         10     21:  30   |
    | 20       12     53:  64         10     21:  30   |
    | 21       12     65:  76         10     21:  30   |
    | 22       12     77:  88         10     21:  30   |
    | 23       12     89: 100         10     21:  30   |
    | 24       13      1:  13         10     31:  40   |
    | 25       13     14:  26         10     31:  40   |
    | 26       13     27:  39         10     31:  40   |
    | 27       13     40:  52         10     31:  40   |
    | 28       12     53:  64         10     31:  40   |
    | 29       12     65:  76         10     31:  40   |
    | 30       12     77:  88         10     31:  40   |
    | 31       12     89: 100         10     31:  40   |
    | 32       13      1:  13         10     41:  50   |
    | 33       13     14:  26         10     41:  50   |
    | 34       13     27:  39         10     41:  50   |
    | 35       13     40:  52         10     41:  50   |
    | 36       12     53:  64         10     41:  50   |
    | 37       12     65:  76         10     41:  50   |
    | 38       12     77:  88         10     41:  50   |
    | 39       12     89: 100         10     41:  50   |
    | 40       13      1:  13         10     51:  60   |
    | 41       13     14:  26         10     51:  60   |
    | 42       13     27:  39         10     51:  60   |
    | 43       13     40:  52         10     51:  60   |
    | 44       12     53:  64         10     51:  60   |
    | 45       12     65:  76         10     51:  60   |
    | 46       12     77:  88         10     51:  60   |
    | 47       12     89: 100         10     51:  60   |
    | 48       13      1:  13         10     61:  70   |
    | 49       13     14:  26         10     61:  70   |
    | 50       13     27:  39         10     61:  70   |
    | 51       13     40:  52         10     61:  70   |
    | 52       12     53:  64         10     61:  70   |
    | 53       12     65:  76         10     61:  70   |
    | 54       12     77:  88         10     61:  70   |
    | 55       12     89: 100         10     61:  70   |
    | 56       13      1:  13         10     71:  80   |
    | 57       13     14:  26         10     71:  80   |
    | 58       13     27:  39         10     71:  80   |
    | 59       13     40:  52         10     71:  80   |
    | 60       12     53:  64         10     71:  80   |
    | 61       12     65:  76         10     71:  80   |
    | 62       12     77:  88         10     71:  80   |
    | 63       12     89: 100         10     71:  80   |
    |__________________________________________________|
 
 
 
     ================================
     |>---   TIME INTEGRATION   ---<|
     ================================
 
     Processing Day/Time [YYYYDDD:HHMMSS]: 2022183:000000
       Which is Equivalent to (UTC): 0:00:00  Saturday,  July 2, 2022
       Time-Step Length (HHMMSS): 000500
                 VDIFF completed...       3.4929 seconds
                COUPLE completed...       0.0212 seconds
                  HADV completed...       0.1087 seconds
                  ZADV completed...       0.0170 seconds
                 HDIFF completed...       0.2181 seconds
              DECOUPLE completed...       0.0028 seconds
                  PHOT completed...      31.3937 seconds
               CLDPROC completed...       0.1463 seconds
                  CHEM completed...       0.2918 seconds
                  AERO completed...       0.1607 seconds
            Master Time Step
            Processing completed...      35.8542 seconds
 
     Processing Day/Time [YYYYDDD:HHMMSS]: 2022183:000500
       Which is Equivalent to (UTC): 0:05:00  Saturday,  July 2, 2022
       Time-Step Length (HHMMSS): 000500
                 VDIFF completed...       0.1079 seconds
                COUPLE completed...       0.0026 seconds
                  HADV completed...       0.1566 seconds
                  ZADV completed...       0.0170 seconds
                 HDIFF completed...       0.0134 seconds
              DECOUPLE completed...       0.0028 seconds
                  PHOT completed...       0.0379 seconds
               CLDPROC completed...       0.0102 seconds
                  CHEM completed...       0.2847 seconds
                  AERO completed...       0.1530 seconds
            Master Time Step
            Processing completed...       0.7888 seconds
 
     Processing Day/Time [YYYYDDD:HHMMSS]: 2022183:001000
       Which is Equivalent to (UTC): 0:10:00  Saturday,  July 2, 2022
       Time-Step Length (HHMMSS): 000500
                 VDIFF completed...       0.1117 seconds
                COUPLE completed...       0.0025 seconds
                  HADV completed...       0.0757 seconds
                  ZADV completed...       0.0167 seconds
                 HDIFF completed...       0.0093 seconds
              DECOUPLE completed...       0.0027 seconds
                  PHOT completed...       0.0381 seconds
               CLDPROC completed...       0.0096 seconds
                  CHEM completed...       0.2814 seconds
                  AERO completed...       0.1532 seconds
            Master Time Step
            Processing completed...       0.7034 seconds
 
     Processing Day/Time [YYYYDDD:HHMMSS]: 2022183:001500
       Which is Equivalent to (UTC): 0:15:00  Saturday,  July 2, 2022
       Time-Step Length (HHMMSS): 000500
                 VDIFF completed...       0.1154 seconds
                COUPLE completed...       0.0025 seconds
                  HADV completed...       0.0698 seconds
                  ZADV completed...       0.0169 seconds
                 HDIFF completed...       0.0097 seconds
              DECOUPLE completed...       0.0026 seconds
                  PHOT completed...       0.0380 seconds
               CLDPROC completed...       0.0093 seconds
                  CHEM completed...       0.2793 seconds
                  AERO completed...       0.1523 seconds
            Master Time Step
            Processing completed...       0.6981 seconds
 
     Processing Day/Time [YYYYDDD:HHMMSS]: 2022183:002000
       Which is Equivalent to (UTC): 0:20:00  Saturday,  July 2, 2022
       Time-Step Length (HHMMSS): 000500
                 VDIFF completed...       0.1067 seconds
                COUPLE completed...       0.0025 seconds
                  HADV completed...       0.0692 seconds
                  ZADV completed...       0.0168 seconds
                 HDIFF completed...       0.0097 seconds
              DECOUPLE completed...       0.0026 seconds
                  PHOT completed...       0.0379 seconds
               CLDPROC completed...       0.0088 seconds
                  CHEM completed...       0.2799 seconds
                  AERO completed...       0.1522 seconds
            Master Time Step
            Processing completed...       0.6888 seconds
 
     Processing Day/Time [YYYYDDD:HHMMSS]: 2022183:002500
       Which is Equivalent to (UTC): 0:25:00  Saturday,  July 2, 2022
       Time-Step Length (HHMMSS): 000500
                 VDIFF completed...       0.1069 seconds
                COUPLE completed...       0.0025 seconds
                  HADV completed...       0.0695 seconds
                  ZADV completed...       0.0168 seconds
                 HDIFF completed...       0.0092 seconds
              DECOUPLE completed...       0.0026 seconds
                  PHOT completed...       0.0335 seconds
               CLDPROC completed...       0.0098 seconds
                  CHEM completed...       0.2895 seconds
                  AERO completed...       0.1513 seconds
            Master Time Step
            Processing completed...       0.6943 seconds
 
     Processing Day/Time [YYYYDDD:HHMMSS]: 2022183:003000
       Which is Equivalent to (UTC): 0:30:00  Saturday,  July 2, 2022
       Time-Step Length (HHMMSS): 000500
                 VDIFF completed...       0.1125 seconds
                COUPLE completed...       0.0025 seconds
                  HADV completed...       0.0697 seconds
                  ZADV completed...       0.0170 seconds
                 HDIFF completed...       0.0096 seconds
              DECOUPLE completed...       0.0026 seconds
                  PHOT completed...       0.0250 seconds
               CLDPROC completed...       0.0099 seconds
                  CHEM completed...       0.2676 seconds
                  AERO completed...       0.1513 seconds
            Master Time Step
            Processing completed...       0.6703 seconds
 
     Processing Day/Time [YYYYDDD:HHMMSS]: 2022183:003500
       Which is Equivalent to (UTC): 0:35:00  Saturday,  July 2, 2022
       Time-Step Length (HHMMSS): 000500
                 VDIFF completed...       0.1165 seconds
                COUPLE completed...       0.0025 seconds
                  HADV completed...       0.0702 seconds
                  ZADV completed...       0.0167 seconds
                 HDIFF completed...       0.0106 seconds
              DECOUPLE completed...       0.0029 seconds
                  PHOT completed...       0.0253 seconds
               CLDPROC completed...       0.0099 seconds
                  CHEM completed...       0.2214 seconds
                  AERO completed...       0.1506 seconds
            Master Time Step
            Processing completed...       0.6287 seconds
 
     Processing Day/Time [YYYYDDD:HHMMSS]: 2022183:004000
       Which is Equivalent to (UTC): 0:40:00  Saturday,  July 2, 2022
       Time-Step Length (HHMMSS): 000500
                 VDIFF completed...       0.1221 seconds
                COUPLE completed...       0.0025 seconds
                  HADV completed...       0.0966 seconds
                  ZADV completed...       0.0168 seconds
                 HDIFF completed...       0.0103 seconds
              DECOUPLE completed...       0.0026 seconds
                  PHOT completed...       0.0252 seconds
               CLDPROC completed...       0.0095 seconds
                  CHEM completed...       0.1971 seconds
                  AERO completed...       0.1506 seconds
            Master Time Step
            Processing completed...       0.6356 seconds
 
     Processing Day/Time [YYYYDDD:HHMMSS]: 2022183:004500
       Which is Equivalent to (UTC): 0:45:00  Saturday,  July 2, 2022
       Time-Step Length (HHMMSS): 000500
                 VDIFF completed...       0.6534 seconds
                COUPLE completed...       0.0025 seconds
                  HADV completed...       0.0879 seconds
                  ZADV completed...       0.0170 seconds
                 HDIFF completed...       0.0106 seconds
              DECOUPLE completed...       0.0026 seconds
                  PHOT completed...       0.0255 seconds
               CLDPROC completed...       0.0099 seconds
                  CHEM completed...       0.1827 seconds
                  AERO completed...       0.1505 seconds
            Master Time Step
            Processing completed...       1.1448 seconds
 
     Processing Day/Time [YYYYDDD:HHMMSS]: 2022183:005000
       Which is Equivalent to (UTC): 0:50:00  Saturday,  July 2, 2022
       Time-Step Length (HHMMSS): 000500
                 VDIFF completed...       0.1089 seconds
                COUPLE completed...       0.0025 seconds
                  HADV completed...       0.1168 seconds
                  ZADV completed...       0.0169 seconds
                 HDIFF completed...       0.0102 seconds
              DECOUPLE completed...       0.0026 seconds
                  PHOT completed...       0.0189 seconds
               CLDPROC completed...       0.0099 seconds
                  CHEM completed...       0.1725 seconds
                  AERO completed...       0.1498 seconds
            Master Time Step
            Processing completed...       0.6118 seconds
 
     Processing Day/Time [YYYYDDD:HHMMSS]: 2022183:005500
       Which is Equivalent to (UTC): 0:55:00  Saturday,  July 2, 2022
       Time-Step Length (HHMMSS): 000500
                 VDIFF completed...       0.1993 seconds
                COUPLE completed...       0.0025 seconds
                  HADV completed...       0.0723 seconds
                  ZADV completed...       0.0170 seconds
                 HDIFF completed...       0.0098 seconds
              DECOUPLE completed...       0.0026 seconds
                  PHOT completed...       0.0052 seconds
               CLDPROC completed...       0.2242 seconds
                  CHEM completed...       0.1665 seconds
                  AERO completed...       0.1497 seconds
            Master Time Step
            Processing completed...       0.8518 seconds
 
      =--> Data Output completed...       0.9098 seconds
 
     Processing Day/Time [YYYYDDD:HHMMSS]: 2022183:010000
       Which is Equivalent to (UTC): 1:00:00  Saturday,  July 2, 2022
       Time-Step Length (HHMMSS): 000500
                 VDIFF completed...       0.3317 seconds
                COUPLE completed...       0.0026 seconds
                  HADV completed...       0.1724 seconds
                  ZADV completed...       0.0169 seconds
                 HDIFF completed...       0.0100 seconds
              DECOUPLE completed...       0.0026 seconds
                  PHOT completed...       0.0097 seconds
               CLDPROC completed...       0.0186 seconds
                  CHEM completed...       0.1673 seconds
                  AERO completed...       0.1532 seconds
            Master Time Step
            Processing completed...       0.8874 seconds
 
     Processing Day/Time [YYYYDDD:HHMMSS]: 2022183:010500
       Which is Equivalent to (UTC): 1:05:00  Saturday,  July 2, 2022
       Time-Step Length (HHMMSS): 000500
                 VDIFF completed...       0.1155 seconds
                COUPLE completed...       0.0025 seconds
                  HADV completed...       0.0868 seconds
                  ZADV completed...       0.0170 seconds
                 HDIFF completed...       0.0107 seconds
              DECOUPLE completed...       0.0028 seconds
                  PHOT completed...       0.0043 seconds
               CLDPROC completed...       0.0188 seconds
                  CHEM completed...       0.1654 seconds
                  AERO completed...       0.1496 seconds
            Master Time Step
            Processing completed...       0.5762 seconds
 
     Processing Day/Time [YYYYDDD:HHMMSS]: 2022183:011000
       Which is Equivalent to (UTC): 1:10:00  Saturday,  July 2, 2022
       Time-Step Length (HHMMSS): 000500
                 VDIFF completed...       0.1135 seconds
                COUPLE completed...       0.0025 seconds
                  HADV completed...       0.0828 seconds
                  ZADV completed...       0.0172 seconds
                 HDIFF completed...       0.0099 seconds
              DECOUPLE completed...       0.0026 seconds
                  PHOT completed...       0.0036 seconds
               CLDPROC completed...       0.0195 seconds
                  CHEM completed...       0.1626 seconds
                  AERO completed...       0.1488 seconds
            Master Time Step
            Processing completed...       0.5653 seconds
 
     Processing Day/Time [YYYYDDD:HHMMSS]: 2022183:011500
       Which is Equivalent to (UTC): 1:15:00  Saturday,  July 2, 2022
       Time-Step Length (HHMMSS): 000500
                 VDIFF completed...       0.1136 seconds
                COUPLE completed...       0.0025 seconds
                  HADV completed...       0.0769 seconds
                  ZADV completed...       0.0169 seconds
                 HDIFF completed...       0.0102 seconds
              DECOUPLE completed...       0.0026 seconds
                  PHOT completed...       0.0045 seconds
               CLDPROC completed...       0.0196 seconds
                  CHEM completed...       0.1607 seconds
                  AERO completed...       0.1487 seconds
            Master Time Step
            Processing completed...       0.5587 seconds
 
     Processing Day/Time [YYYYDDD:HHMMSS]: 2022183:012000
       Which is Equivalent to (UTC): 1:20:00  Saturday,  July 2, 2022
       Time-Step Length (HHMMSS): 000500
                 VDIFF completed...       0.1133 seconds
                COUPLE completed...       0.0025 seconds
                  HADV completed...       0.0765 seconds
                  ZADV completed...       0.0171 seconds
                 HDIFF completed...       0.0098 seconds
              DECOUPLE completed...       0.0029 seconds
                  PHOT completed...       0.0039 seconds
               CLDPROC completed...       0.0192 seconds
                  CHEM completed...       0.1594 seconds
                  AERO completed...       0.1488 seconds
            Master Time Step
            Processing completed...       0.5556 seconds
 
     Processing Day/Time [YYYYDDD:HHMMSS]: 2022183:012500
       Which is Equivalent to (UTC): 1:25:00  Saturday,  July 2, 2022
       Time-Step Length (HHMMSS): 000500
                 VDIFF completed...       0.1143 seconds
                COUPLE completed...       0.0025 seconds
                  HADV completed...       0.0769 seconds
                  ZADV completed...       0.0170 seconds
                 HDIFF completed...       0.0096 seconds
              DECOUPLE completed...       0.0026 seconds
                  PHOT completed...       0.0036 seconds
               CLDPROC completed...       0.0189 seconds
                  CHEM completed...       0.1572 seconds
                  AERO completed...       0.1499 seconds
            Master Time Step
            Processing completed...       0.5549 seconds
 
     Processing Day/Time [YYYYDDD:HHMMSS]: 2022183:013000
       Which is Equivalent to (UTC): 1:30:00  Saturday,  July 2, 2022
       Time-Step Length (HHMMSS): 000500
                 VDIFF completed...       0.1128 seconds
                COUPLE completed...       0.0025 seconds
                  HADV completed...       0.0789 seconds
                  ZADV completed...       0.0172 seconds
                 HDIFF completed...       0.0102 seconds
              DECOUPLE completed...       0.0026 seconds
                  PHOT completed...       0.0037 seconds
               CLDPROC completed...       0.0201 seconds
                  CHEM completed...       0.1558 seconds
                  AERO completed...       0.1490 seconds
            Master Time Step
            Processing completed...       0.5552 seconds
 
     Processing Day/Time [YYYYDDD:HHMMSS]: 2022183:013500
       Which is Equivalent to (UTC): 1:35:00  Saturday,  July 2, 2022
       Time-Step Length (HHMMSS): 000500
                 VDIFF completed...       0.1153 seconds
                COUPLE completed...       0.0025 seconds
                  HADV completed...       0.0716 seconds
                  ZADV completed...       0.0173 seconds
                 HDIFF completed...       0.0097 seconds
              DECOUPLE completed...       0.0026 seconds
                  PHOT completed...       0.0034 seconds
               CLDPROC completed...       0.0191 seconds
                  CHEM completed...       0.1548 seconds
                  AERO completed...       0.1485 seconds
            Master Time Step
            Processing completed...       0.5474 seconds
 
     Processing Day/Time [YYYYDDD:HHMMSS]: 2022183:014000
       Which is Equivalent to (UTC): 1:40:00  Saturday,  July 2, 2022
       Time-Step Length (HHMMSS): 000500
                 VDIFF completed...       0.1112 seconds
                COUPLE completed...       0.0025 seconds
                  HADV completed...       0.0742 seconds
                  ZADV completed...       0.0174 seconds
                 HDIFF completed...       0.0099 seconds
              DECOUPLE completed...       0.0026 seconds
                  PHOT completed...       0.0031 seconds
               CLDPROC completed...       0.0197 seconds
                  CHEM completed...       0.1533 seconds
                  AERO completed...       0.1494 seconds
            Master Time Step
            Processing completed...       0.5458 seconds
 
     Processing Day/Time [YYYYDDD:HHMMSS]: 2022183:014500
       Which is Equivalent to (UTC): 1:45:00  Saturday,  July 2, 2022
       Time-Step Length (HHMMSS): 000500
                 VDIFF completed...       0.1122 seconds
                COUPLE completed...       0.0025 seconds
                  HADV completed...       0.0744 seconds
                  ZADV completed...       0.0174 seconds
                 HDIFF completed...       0.0100 seconds
              DECOUPLE completed...       0.0026 seconds
                  PHOT completed...       0.0034 seconds
               CLDPROC completed...       0.0187 seconds
                  CHEM completed...       0.1514 seconds
                  AERO completed...       0.1488 seconds
            Master Time Step
            Processing completed...       0.5439 seconds
 
     Processing Day/Time [YYYYDDD:HHMMSS]: 2022183:015000
       Which is Equivalent to (UTC): 1:50:00  Saturday,  July 2, 2022
       Time-Step Length (HHMMSS): 000500
                 VDIFF completed...       0.1117 seconds
                COUPLE completed...       0.0025 seconds
                  HADV completed...       0.0707 seconds
                  ZADV completed...       0.0177 seconds
                 HDIFF completed...       0.0102 seconds
              DECOUPLE completed...       0.0026 seconds
                  PHOT completed...       0.0045 seconds
               CLDPROC completed...       0.0190 seconds
                  CHEM completed...       0.1502 seconds
                  AERO completed...       0.1484 seconds
            Master Time Step
            Processing completed...       0.5401 seconds
 
     Processing Day/Time [YYYYDDD:HHMMSS]: 2022183:015500
       Which is Equivalent to (UTC): 1:55:00  Saturday,  July 2, 2022
       Time-Step Length (HHMMSS): 000500
                 VDIFF completed...       0.1423 seconds
                COUPLE completed...       0.0025 seconds
                  HADV completed...       0.0686 seconds
                  ZADV completed...       0.0177 seconds
                 HDIFF completed...       0.0104 seconds
              DECOUPLE completed...       0.0027 seconds
                  PHOT completed...       0.0048 seconds
               CLDPROC completed...       0.0628 seconds
                  CHEM completed...       0.1504 seconds
                  AERO completed...       0.1476 seconds
            Master Time Step
            Processing completed...       0.6124 seconds
 
      =--> Data Output completed...       0.1021 seconds
 
     Processing Day/Time [YYYYDDD:HHMMSS]: 2022183:020000
       Which is Equivalent to (UTC): 2:00:00  Saturday,  July 2, 2022
       Time-Step Length (HHMMSS): 000500
                 VDIFF completed...       0.2689 seconds
                COUPLE completed...       0.0026 seconds
                  HADV completed...       0.1743 seconds
                  ZADV completed...       0.0179 seconds
                 HDIFF completed...       0.0095 seconds
              DECOUPLE completed...       0.0026 seconds
                  PHOT completed...       0.0090 seconds
               CLDPROC completed...       0.0150 seconds
                  CHEM completed...       0.1430 seconds
                  AERO completed...       0.1477 seconds
            Master Time Step
            Processing completed...       0.7933 seconds
 
     Processing Day/Time [YYYYDDD:HHMMSS]: 2022183:020500
       Which is Equivalent to (UTC): 2:05:00  Saturday,  July 2, 2022
       Time-Step Length (HHMMSS): 000500
                 VDIFF completed...       0.1082 seconds
                COUPLE completed...       0.0025 seconds
                  HADV completed...       0.0703 seconds
                  ZADV completed...       0.0176 seconds
                 HDIFF completed...       0.0095 seconds
              DECOUPLE completed...       0.0026 seconds
                  PHOT completed...       0.0036 seconds
               CLDPROC completed...       0.0151 seconds
                  CHEM completed...       0.1407 seconds
                  AERO completed...       0.1478 seconds
            Master Time Step
            Processing completed...       0.5204 seconds
 
     Processing Day/Time [YYYYDDD:HHMMSS]: 2022183:021000
       Which is Equivalent to (UTC): 2:10:00  Saturday,  July 2, 2022
       Time-Step Length (HHMMSS): 000500
                 VDIFF completed...       0.1113 seconds
                COUPLE completed...       0.0025 seconds
                  HADV completed...       0.0780 seconds
                  ZADV completed...       0.0177 seconds
                 HDIFF completed...       0.0091 seconds
              DECOUPLE completed...       0.0027 seconds
                  PHOT completed...       0.0037 seconds
               CLDPROC completed...       0.0145 seconds
                  CHEM completed...       0.1393 seconds
                  AERO completed...       0.1481 seconds
            Master Time Step
            Processing completed...       0.5299 seconds
 
     Processing Day/Time [YYYYDDD:HHMMSS]: 2022183:021500
       Which is Equivalent to (UTC): 2:15:00  Saturday,  July 2, 2022
       Time-Step Length (HHMMSS): 000500
                 VDIFF completed...       0.1109 seconds
                COUPLE completed...       0.0025 seconds
                  HADV completed...       0.0748 seconds
                  ZADV completed...       0.0178 seconds
                 HDIFF completed...       0.0090 seconds
              DECOUPLE completed...       0.0026 seconds
                  PHOT completed...       0.0047 seconds
               CLDPROC completed...       0.0135 seconds
                  CHEM completed...       0.1375 seconds
                  AERO completed...       0.1481 seconds
            Master Time Step
            Processing completed...       0.5245 seconds
 
     Processing Day/Time [YYYYDDD:HHMMSS]: 2022183:022000
       Which is Equivalent to (UTC): 2:20:00  Saturday,  July 2, 2022
       Time-Step Length (HHMMSS): 000500
                 VDIFF completed...       0.1114 seconds
                COUPLE completed...       0.0025 seconds
                  HADV completed...       0.0762 seconds
                  ZADV completed...       0.0178 seconds
                 HDIFF completed...       0.0090 seconds
              DECOUPLE completed...       0.0026 seconds
                  PHOT completed...       0.0051 seconds
               CLDPROC completed...       0.0130 seconds
                  CHEM completed...       0.1367 seconds
                  AERO completed...       0.1479 seconds
            Master Time Step
            Processing completed...       0.5252 seconds
 
     Processing Day/Time [YYYYDDD:HHMMSS]: 2022183:022500
       Which is Equivalent to (UTC): 2:25:00  Saturday,  July 2, 2022
       Time-Step Length (HHMMSS): 000500
                 VDIFF completed...       0.1111 seconds
                COUPLE completed...       0.0025 seconds
                  HADV completed...       0.0754 seconds
                  ZADV completed...       0.0179 seconds
                 HDIFF completed...       0.0080 seconds
              DECOUPLE completed...       0.0026 seconds
                  PHOT completed...       0.0031 seconds
               CLDPROC completed...       0.0138 seconds
                  CHEM completed...       0.1365 seconds
                  AERO completed...       0.1476 seconds
            Master Time Step
            Processing completed...       0.5212 seconds
 
     Processing Day/Time [YYYYDDD:HHMMSS]: 2022183:023000
       Which is Equivalent to (UTC): 2:30:00  Saturday,  July 2, 2022
       Time-Step Length (HHMMSS): 000500
                 VDIFF completed...       0.1122 seconds
                COUPLE completed...       0.0025 seconds
                  HADV completed...       0.0777 seconds
                  ZADV completed...       0.0179 seconds
                 HDIFF completed...       0.0088 seconds
              DECOUPLE completed...       0.0026 seconds
                  PHOT completed...       0.0028 seconds
               CLDPROC completed...       0.0130 seconds
                  CHEM completed...       0.1360 seconds
                  AERO completed...       0.1478 seconds
            Master Time Step
            Processing completed...       0.5241 seconds
 
     Processing Day/Time [YYYYDDD:HHMMSS]: 2022183:023500
       Which is Equivalent to (UTC): 2:35:00  Saturday,  July 2, 2022
       Time-Step Length (HHMMSS): 000500
                 VDIFF completed...       0.1176 seconds
                COUPLE completed...       0.0026 seconds
                  HADV completed...       0.0705 seconds
                  ZADV completed...       0.0179 seconds
                 HDIFF completed...       0.0079 seconds
              DECOUPLE completed...       0.0026 seconds
                  PHOT completed...       0.0049 seconds
               CLDPROC completed...       0.0125 seconds
                  CHEM completed...       0.1359 seconds
                  AERO completed...       0.1515 seconds
            Master Time Step
            Processing completed...       0.5266 seconds
 
     Processing Day/Time [YYYYDDD:HHMMSS]: 2022183:024000
       Which is Equivalent to (UTC): 2:40:00  Saturday,  July 2, 2022
       Time-Step Length (HHMMSS): 000500
                 VDIFF completed...       0.1120 seconds
                COUPLE completed...       0.0025 seconds
                  HADV completed...       0.0740 seconds
                  ZADV completed...       0.0179 seconds
                 HDIFF completed...       0.0081 seconds
              DECOUPLE completed...       0.0026 seconds
                  PHOT completed...       0.0034 seconds
               CLDPROC completed...       0.0128 seconds
                  CHEM completed...       0.1353 seconds
                  AERO completed...       0.1478 seconds
            Master Time Step
            Processing completed...       0.5193 seconds
 
     Processing Day/Time [YYYYDDD:HHMMSS]: 2022183:024500
       Which is Equivalent to (UTC): 2:45:00  Saturday,  July 2, 2022
       Time-Step Length (HHMMSS): 000500
                 VDIFF completed...       0.1109 seconds
                COUPLE completed...       0.0025 seconds
                  HADV completed...       0.0828 seconds
                  ZADV completed...       0.0181 seconds
                 HDIFF completed...       0.0082 seconds
              DECOUPLE completed...       0.0026 seconds
                  PHOT completed...       0.0029 seconds
               CLDPROC completed...       0.0124 seconds
                  CHEM completed...       0.1350 seconds
                  AERO completed...       0.1472 seconds
            Master Time Step
            Processing completed...       0.5251 seconds
 
     Processing Day/Time [YYYYDDD:HHMMSS]: 2022183:025000
       Which is Equivalent to (UTC): 2:50:00  Saturday,  July 2, 2022
       Time-Step Length (HHMMSS): 000500
                 VDIFF completed...       0.1149 seconds
                COUPLE completed...       0.0025 seconds
                  HADV completed...       0.0740 seconds
                  ZADV completed...       0.0181 seconds
                 HDIFF completed...       0.0083 seconds
              DECOUPLE completed...       0.0026 seconds
                  PHOT completed...       0.0034 seconds
               CLDPROC completed...       0.0129 seconds
                  CHEM completed...       0.1354 seconds
                  AERO completed...       0.1476 seconds
            Master Time Step
            Processing completed...       0.5226 seconds
 
     Processing Day/Time [YYYYDDD:HHMMSS]: 2022183:025500
       Which is Equivalent to (UTC): 2:55:00  Saturday,  July 2, 2022
       Time-Step Length (HHMMSS): 000500
                 VDIFF completed...       0.1498 seconds
                COUPLE completed...       0.0025 seconds
                  HADV completed...       0.0659 seconds
                  ZADV completed...       0.0180 seconds
                 HDIFF completed...       0.0083 seconds
              DECOUPLE completed...       0.0026 seconds
                  PHOT completed...       0.0037 seconds
               CLDPROC completed...       0.0553 seconds
                  CHEM completed...       0.1345 seconds
                  AERO completed...       0.1469 seconds
            Master Time Step
            Processing completed...       0.5903 seconds
 
      =--> Data Output completed...       0.1046 seconds
 
     Processing Day/Time [YYYYDDD:HHMMSS]: 2022183:030000
       Which is Equivalent to (UTC): 3:00:00  Saturday,  July 2, 2022
       Time-Step Length (HHMMSS): 000500
                 VDIFF completed...       0.2740 seconds
                COUPLE completed...       0.0025 seconds
                  HADV completed...       0.1580 seconds
                  ZADV completed...       0.0179 seconds
                 HDIFF completed...       0.0090 seconds
              DECOUPLE completed...       0.0026 seconds
                  PHOT completed...       0.0080 seconds
               CLDPROC completed...       0.0086 seconds
                  CHEM completed...       0.1347 seconds
                  AERO completed...       0.1469 seconds
            Master Time Step
            Processing completed...       0.7648 seconds
 
     Processing Day/Time [YYYYDDD:HHMMSS]: 2022183:030500
       Which is Equivalent to (UTC): 3:05:00  Saturday,  July 2, 2022
       Time-Step Length (HHMMSS): 000500
                 VDIFF completed...       0.1121 seconds
                COUPLE completed...       0.0025 seconds
                  HADV completed...       0.0749 seconds
                  ZADV completed...       0.0178 seconds
                 HDIFF completed...       0.0079 seconds
              DECOUPLE completed...       0.0026 seconds
                  PHOT completed...       0.0033 seconds
               CLDPROC completed...       0.0072 seconds
                  CHEM completed...       0.1340 seconds
                  AERO completed...       0.1471 seconds
            Master Time Step
            Processing completed...       0.5122 seconds
 
     Processing Day/Time [YYYYDDD:HHMMSS]: 2022183:031000
       Which is Equivalent to (UTC): 3:10:00  Saturday,  July 2, 2022
       Time-Step Length (HHMMSS): 000500
                 VDIFF completed...       0.1144 seconds
                COUPLE completed...       0.0025 seconds
                  HADV completed...       0.0737 seconds
                  ZADV completed...       0.0181 seconds
                 HDIFF completed...       0.0079 seconds
              DECOUPLE completed...       0.0027 seconds
                  PHOT completed...       0.0027 seconds
               CLDPROC completed...       0.0075 seconds
                  CHEM completed...       0.1339 seconds
                  AERO completed...       0.1474 seconds
            Master Time Step
            Processing completed...       0.5137 seconds
 
     Processing Day/Time [YYYYDDD:HHMMSS]: 2022183:031500
       Which is Equivalent to (UTC): 3:15:00  Saturday,  July 2, 2022
       Time-Step Length (HHMMSS): 000500
                 VDIFF completed...       0.1144 seconds
                COUPLE completed...       0.0025 seconds
                  HADV completed...       0.0754 seconds
                  ZADV completed...       0.0180 seconds
                 HDIFF completed...       0.0079 seconds
              DECOUPLE completed...       0.0026 seconds
                  PHOT completed...       0.0030 seconds
               CLDPROC completed...       0.0089 seconds
                  CHEM completed...       0.1333 seconds
                  AERO completed...       0.1470 seconds
            Master Time Step
            Processing completed...       0.5157 seconds
 
     Processing Day/Time [YYYYDDD:HHMMSS]: 2022183:032000
       Which is Equivalent to (UTC): 3:20:00  Saturday,  July 2, 2022
       Time-Step Length (HHMMSS): 000500
                 VDIFF completed...       0.1176 seconds
                COUPLE completed...       0.0025 seconds
                  HADV completed...       0.0738 seconds
                  ZADV completed...       0.0181 seconds
                 HDIFF completed...       0.0077 seconds
              DECOUPLE completed...       0.0026 seconds
                  PHOT completed...       0.0033 seconds
               CLDPROC completed...       0.0096 seconds
                  CHEM completed...       0.1342 seconds
                  AERO completed...       0.1473 seconds
            Master Time Step
            Processing completed...       0.5193 seconds
 
     Processing Day/Time [YYYYDDD:HHMMSS]: 2022183:032500
       Which is Equivalent to (UTC): 3:25:00  Saturday,  July 2, 2022
       Time-Step Length (HHMMSS): 000500
                 VDIFF completed...       0.1215 seconds
                COUPLE completed...       0.0025 seconds
                  HADV completed...       0.0713 seconds
                  ZADV completed...       0.0181 seconds
                 HDIFF completed...       0.0076 seconds
              DECOUPLE completed...       0.0027 seconds
                  PHOT completed...       0.0042 seconds
               CLDPROC completed...       0.0086 seconds
                  CHEM completed...       0.1329 seconds
                  AERO completed...       0.1465 seconds
            Master Time Step
            Processing completed...       0.5187 seconds
 
     Processing Day/Time [YYYYDDD:HHMMSS]: 2022183:033000
       Which is Equivalent to (UTC): 3:30:00  Saturday,  July 2, 2022
       Time-Step Length (HHMMSS): 000500
                 VDIFF completed...       0.1191 seconds
                COUPLE completed...       0.0025 seconds
                  HADV completed...       0.0720 seconds
                  ZADV completed...       0.0181 seconds
                 HDIFF completed...       0.0073 seconds
              DECOUPLE completed...       0.0026 seconds
                  PHOT completed...       0.0042 seconds
               CLDPROC completed...       0.0094 seconds
                  CHEM completed...       0.1327 seconds
                  AERO completed...       0.1465 seconds
            Master Time Step
            Processing completed...       0.5169 seconds
 
     Processing Day/Time [YYYYDDD:HHMMSS]: 2022183:033500
       Which is Equivalent to (UTC): 3:35:00  Saturday,  July 2, 2022
       Time-Step Length (HHMMSS): 000500
                 VDIFF completed...       0.1230 seconds
                COUPLE completed...       0.0026 seconds
                  HADV completed...       0.0703 seconds
                  ZADV completed...       0.0182 seconds
                 HDIFF completed...       0.0072 seconds
              DECOUPLE completed...       0.0026 seconds
                  PHOT completed...       0.0031 seconds
               CLDPROC completed...       0.0094 seconds
                  CHEM completed...       0.1325 seconds
                  AERO completed...       0.1467 seconds
            Master Time Step
            Processing completed...       0.5182 seconds
 
     Processing Day/Time [YYYYDDD:HHMMSS]: 2022183:034000
       Which is Equivalent to (UTC): 3:40:00  Saturday,  July 2, 2022
       Time-Step Length (HHMMSS): 000500
                 VDIFF completed...       0.1206 seconds
                COUPLE completed...       0.0025 seconds
                  HADV completed...       0.0723 seconds
                  ZADV completed...       0.0181 seconds
                 HDIFF completed...       0.0073 seconds
              DECOUPLE completed...       0.0026 seconds
                  PHOT completed...       0.0034 seconds
               CLDPROC completed...       0.0084 seconds
                  CHEM completed...       0.1322 seconds
                  AERO completed...       0.1465 seconds
            Master Time Step
            Processing completed...       0.5168 seconds
 
     Processing Day/Time [YYYYDDD:HHMMSS]: 2022183:034500
       Which is Equivalent to (UTC): 3:45:00  Saturday,  July 2, 2022
       Time-Step Length (HHMMSS): 000500
                 VDIFF completed...       0.1230 seconds
                COUPLE completed...       0.0025 seconds
                  HADV completed...       0.0726 seconds
                  ZADV completed...       0.0180 seconds
                 HDIFF completed...       0.0074 seconds
              DECOUPLE completed...       0.0026 seconds
                  PHOT completed...       0.0037 seconds
               CLDPROC completed...       0.0071 seconds
                  CHEM completed...       0.1316 seconds
                  AERO completed...       0.1459 seconds
            Master Time Step
            Processing completed...       0.5171 seconds
 
     Processing Day/Time [YYYYDDD:HHMMSS]: 2022183:035000
       Which is Equivalent to (UTC): 3:50:00  Saturday,  July 2, 2022
       Time-Step Length (HHMMSS): 000500
                 VDIFF completed...       0.1221 seconds
                COUPLE completed...       0.0025 seconds
                  HADV completed...       0.0713 seconds
                  ZADV completed...       0.0180 seconds
                 HDIFF completed...       0.0076 seconds
              DECOUPLE completed...       0.0026 seconds
                  PHOT completed...       0.0030 seconds
               CLDPROC completed...       0.0092 seconds
                  CHEM completed...       0.1319 seconds
                  AERO completed...       0.1456 seconds
            Master Time Step
            Processing completed...       0.5166 seconds
 
     Processing Day/Time [YYYYDDD:HHMMSS]: 2022183:035500
       Which is Equivalent to (UTC): 3:55:00  Saturday,  July 2, 2022
       Time-Step Length (HHMMSS): 000500
                 VDIFF completed...       0.1612 seconds
                COUPLE completed...       0.0025 seconds
                  HADV completed...       0.0630 seconds
                  ZADV completed...       0.0180 seconds
                 HDIFF completed...       0.0085 seconds
              DECOUPLE completed...       0.0026 seconds
                  PHOT completed...       0.0032 seconds
               CLDPROC completed...       0.0588 seconds
                  CHEM completed...       0.1314 seconds
                  AERO completed...       0.1462 seconds
            Master Time Step
            Processing completed...       0.5983 seconds
 
      =--> Data Output completed...       0.1061 seconds
 
     Processing Day/Time [YYYYDDD:HHMMSS]: 2022183:040000
       Which is Equivalent to (UTC): 4:00:00  Saturday,  July 2, 2022
       Time-Step Length (HHMMSS): 000500
                 VDIFF completed...       0.2678 seconds
                COUPLE completed...       0.0025 seconds
                  HADV completed...       0.1618 seconds
                  ZADV completed...       0.0181 seconds
                 HDIFF completed...       0.0082 seconds
              DECOUPLE completed...       0.0026 seconds
                  PHOT completed...       0.0048 seconds
               CLDPROC completed...       0.0083 seconds
                  CHEM completed...       0.1310 seconds
                  AERO completed...       0.1457 seconds
            Master Time Step
            Processing completed...       0.7533 seconds
 
     Processing Day/Time [YYYYDDD:HHMMSS]: 2022183:040500
       Which is Equivalent to (UTC): 4:05:00  Saturday,  July 2, 2022
       Time-Step Length (HHMMSS): 000500
                 VDIFF completed...       0.1225 seconds
                COUPLE completed...       0.0025 seconds
                  HADV completed...       0.0766 seconds
                  ZADV completed...       0.0181 seconds
                 HDIFF completed...       0.0082 seconds
              DECOUPLE completed...       0.0027 seconds
                  PHOT completed...       0.0040 seconds
               CLDPROC completed...       0.0096 seconds
                  CHEM completed...       0.1310 seconds
                  AERO completed...       0.1493 seconds
            Master Time Step
            Processing completed...       0.5272 seconds
 
     Processing Day/Time [YYYYDDD:HHMMSS]: 2022183:041000
       Which is Equivalent to (UTC): 4:10:00  Saturday,  July 2, 2022
       Time-Step Length (HHMMSS): 000500
                 VDIFF completed...       0.1264 seconds
                COUPLE completed...       0.0025 seconds
                  HADV completed...       0.0748 seconds
                  ZADV completed...       0.0180 seconds
                 HDIFF completed...       0.0076 seconds
              DECOUPLE completed...       0.0026 seconds
                  PHOT completed...       0.0027 seconds
               CLDPROC completed...       0.0085 seconds
                  CHEM completed...       0.1302 seconds
                  AERO completed...       0.1467 seconds
            Master Time Step
            Processing completed...       0.5228 seconds
 
     Processing Day/Time [YYYYDDD:HHMMSS]: 2022183:041500
       Which is Equivalent to (UTC): 4:15:00  Saturday,  July 2, 2022
       Time-Step Length (HHMMSS): 000500
                 VDIFF completed...       0.1277 seconds
                COUPLE completed...       0.0025 seconds
                  HADV completed...       0.0734 seconds
                  ZADV completed...       0.0180 seconds
                 HDIFF completed...       0.0086 seconds
              DECOUPLE completed...       0.0026 seconds
                  PHOT completed...       0.0027 seconds
               CLDPROC completed...       0.0092 seconds
                  CHEM completed...       0.1303 seconds
                  AERO completed...       0.1466 seconds
            Master Time Step
            Processing completed...       0.5244 seconds
 
     Processing Day/Time [YYYYDDD:HHMMSS]: 2022183:042000
       Which is Equivalent to (UTC): 4:20:00  Saturday,  July 2, 2022
       Time-Step Length (HHMMSS): 000500
                 VDIFF completed...       0.1223 seconds
                COUPLE completed...       0.0025 seconds
                  HADV completed...       0.0775 seconds
                  ZADV completed...       0.0181 seconds
                 HDIFF completed...       0.0072 seconds
              DECOUPLE completed...       0.0026 seconds
                  PHOT completed...       0.0034 seconds
               CLDPROC completed...       0.0080 seconds
                  CHEM completed...       0.1295 seconds
                  AERO completed...       0.1469 seconds
            Master Time Step
            Processing completed...       0.5209 seconds
 
     Processing Day/Time [YYYYDDD:HHMMSS]: 2022183:042500
       Which is Equivalent to (UTC): 4:25:00  Saturday,  July 2, 2022
       Time-Step Length (HHMMSS): 000500
                 VDIFF completed...       0.1214 seconds
                COUPLE completed...       0.0025 seconds
                  HADV completed...       0.0779 seconds
                  ZADV completed...       0.0182 seconds
                 HDIFF completed...       0.0079 seconds
              DECOUPLE completed...       0.0026 seconds
                  PHOT completed...       0.0030 seconds
               CLDPROC completed...       0.0082 seconds
                  CHEM completed...       0.1296 seconds
                  AERO completed...       0.1468 seconds
            Master Time Step
            Processing completed...       0.5210 seconds
 
     Processing Day/Time [YYYYDDD:HHMMSS]: 2022183:043000
       Which is Equivalent to (UTC): 4:30:00  Saturday,  July 2, 2022
       Time-Step Length (HHMMSS): 000500
                 VDIFF completed...       0.1205 seconds
                COUPLE completed...       0.0025 seconds
                  HADV completed...       0.0777 seconds
                  ZADV completed...       0.0182 seconds
                 HDIFF completed...       0.0080 seconds
              DECOUPLE completed...       0.0026 seconds
                  PHOT completed...       0.0028 seconds
               CLDPROC completed...       0.0084 seconds
                  CHEM completed...       0.1286 seconds
                  AERO completed...       0.1469 seconds
            Master Time Step
            Processing completed...       0.5190 seconds
 
     Processing Day/Time [YYYYDDD:HHMMSS]: 2022183:043500
       Which is Equivalent to (UTC): 4:35:00  Saturday,  July 2, 2022
       Time-Step Length (HHMMSS): 000500
                 VDIFF completed...       0.1199 seconds
                COUPLE completed...       0.0025 seconds
                  HADV completed...       0.0795 seconds
                  ZADV completed...       0.0181 seconds
                 HDIFF completed...       0.0077 seconds
              DECOUPLE completed...       0.0026 seconds
                  PHOT completed...       0.0023 seconds
               CLDPROC completed...       0.0082 seconds
                  CHEM completed...       0.1294 seconds
                  AERO completed...       0.1461 seconds
            Master Time Step
            Processing completed...       0.5179 seconds
 
     Processing Day/Time [YYYYDDD:HHMMSS]: 2022183:044000
       Which is Equivalent to (UTC): 4:40:00  Saturday,  July 2, 2022
       Time-Step Length (HHMMSS): 000500
                 VDIFF completed...       0.1150 seconds
                COUPLE completed...       0.0025 seconds
                  HADV completed...       0.0889 seconds
                  ZADV completed...       0.0183 seconds
                 HDIFF completed...       0.0075 seconds
              DECOUPLE completed...       0.0027 seconds
                  PHOT completed...       0.0034 seconds
               CLDPROC completed...       0.0088 seconds
                  CHEM completed...       0.1288 seconds
                  AERO completed...       0.1468 seconds
            Master Time Step
            Processing completed...       0.5255 seconds
 
     Processing Day/Time [YYYYDDD:HHMMSS]: 2022183:044500
       Which is Equivalent to (UTC): 4:45:00  Saturday,  July 2, 2022
       Time-Step Length (HHMMSS): 000500
                 VDIFF completed...       0.1210 seconds
                COUPLE completed...       0.0025 seconds
                  HADV completed...       0.0774 seconds
                  ZADV completed...       0.0182 seconds
                 HDIFF completed...       0.0083 seconds
              DECOUPLE completed...       0.0027 seconds
                  PHOT completed...       0.0028 seconds
               CLDPROC completed...       0.0076 seconds
                  CHEM completed...       0.1291 seconds
                  AERO completed...       0.1466 seconds
            Master Time Step
            Processing completed...       0.5190 seconds
 
     Processing Day/Time [YYYYDDD:HHMMSS]: 2022183:045000
       Which is Equivalent to (UTC): 4:50:00  Saturday,  July 2, 2022
       Time-Step Length (HHMMSS): 000500
                 VDIFF completed...       0.1209 seconds
                COUPLE completed...       0.0025 seconds
                  HADV completed...       0.0806 seconds
                  ZADV completed...       0.0183 seconds
                 HDIFF completed...       0.0080 seconds
              DECOUPLE completed...       0.0026 seconds
                  PHOT completed...       0.0048 seconds
               CLDPROC completed...       0.0079 seconds
                  CHEM completed...       0.1285 seconds
                  AERO completed...       0.1476 seconds
            Master Time Step
            Processing completed...       0.5243 seconds
 
     Processing Day/Time [YYYYDDD:HHMMSS]: 2022183:045500
       Which is Equivalent to (UTC): 4:55:00  Saturday,  July 2, 2022
       Time-Step Length (HHMMSS): 000500
                 VDIFF completed...       0.1662 seconds
                COUPLE completed...       0.0025 seconds
                  HADV completed...       0.0638 seconds
                  ZADV completed...       0.0180 seconds
                 HDIFF completed...       0.0088 seconds
              DECOUPLE completed...       0.0026 seconds
                  PHOT completed...       0.0038 seconds
               CLDPROC completed...       0.0476 seconds
                  CHEM completed...       0.1282 seconds
                  AERO completed...       0.1467 seconds
            Master Time Step
            Processing completed...       0.5914 seconds
 
      =--> Data Output completed...       0.1027 seconds
 
     Processing Day/Time [YYYYDDD:HHMMSS]: 2022183:050000
       Which is Equivalent to (UTC): 5:00:00  Saturday,  July 2, 2022
       Time-Step Length (HHMMSS): 000500
                 VDIFF completed...       0.2703 seconds
                COUPLE completed...       0.0025 seconds
                  HADV completed...       0.1600 seconds
                  ZADV completed...       0.0181 seconds
                 HDIFF completed...       0.0089 seconds
              DECOUPLE completed...       0.0026 seconds
                  PHOT completed...       0.0047 seconds
               CLDPROC completed...       0.0089 seconds
                  CHEM completed...       0.1284 seconds
                  AERO completed...       0.1468 seconds
            Master Time Step
            Processing completed...       0.7538 seconds
 
     Processing Day/Time [YYYYDDD:HHMMSS]: 2022183:050500
       Which is Equivalent to (UTC): 5:05:00  Saturday,  July 2, 2022
       Time-Step Length (HHMMSS): 000500
                 VDIFF completed...       0.1181 seconds
                COUPLE completed...       0.0026 seconds
                  HADV completed...       0.0859 seconds
                  ZADV completed...       0.0191 seconds
                 HDIFF completed...       0.0082 seconds
              DECOUPLE completed...       0.0026 seconds
                  PHOT completed...       0.0041 seconds
               CLDPROC completed...       0.0090 seconds
                  CHEM completed...       0.1286 seconds
                  AERO completed...       0.1468 seconds
            Master Time Step
            Processing completed...       0.5272 seconds
 
     Processing Day/Time [YYYYDDD:HHMMSS]: 2022183:051000
       Which is Equivalent to (UTC): 5:10:00  Saturday,  July 2, 2022
       Time-Step Length (HHMMSS): 000500
                 VDIFF completed...       0.1201 seconds
                COUPLE completed...       0.0025 seconds
                  HADV completed...       0.0833 seconds
                  ZADV completed...       0.0181 seconds
                 HDIFF completed...       0.0074 seconds
              DECOUPLE completed...       0.0026 seconds
                  PHOT completed...       0.0033 seconds
               CLDPROC completed...       0.0074 seconds
                  CHEM completed...       0.1285 seconds
                  AERO completed...       0.1469 seconds
            Master Time Step
            Processing completed...       0.5226 seconds
 
     Processing Day/Time [YYYYDDD:HHMMSS]: 2022183:051500
       Which is Equivalent to (UTC): 5:15:00  Saturday,  July 2, 2022
       Time-Step Length (HHMMSS): 000500
                 VDIFF completed...       0.1179 seconds
                COUPLE completed...       0.0025 seconds
                  HADV completed...       0.0868 seconds
                  ZADV completed...       0.0181 seconds
                 HDIFF completed...       0.0082 seconds
              DECOUPLE completed...       0.0026 seconds
                  PHOT completed...       0.0027 seconds
               CLDPROC completed...       0.0083 seconds
                  CHEM completed...       0.1280 seconds
                  AERO completed...       0.1465 seconds
            Master Time Step
            Processing completed...       0.5245 seconds
 
     Processing Day/Time [YYYYDDD:HHMMSS]: 2022183:052000
       Which is Equivalent to (UTC): 5:20:00  Saturday,  July 2, 2022
       Time-Step Length (HHMMSS): 000500
                 VDIFF completed...       0.1184 seconds
                COUPLE completed...       0.0025 seconds
                  HADV completed...       0.0873 seconds
                  ZADV completed...       0.0182 seconds
                 HDIFF completed...       0.0083 seconds
              DECOUPLE completed...       0.0028 seconds
                  PHOT completed...       0.0034 seconds
               CLDPROC completed...       0.0092 seconds
                  CHEM completed...       0.1278 seconds
                  AERO completed...       0.1469 seconds
            Master Time Step
            Processing completed...       0.5273 seconds
 
     Processing Day/Time [YYYYDDD:HHMMSS]: 2022183:052500
       Which is Equivalent to (UTC): 5:25:00  Saturday,  July 2, 2022
       Time-Step Length (HHMMSS): 000500
                 VDIFF completed...       0.1176 seconds
                COUPLE completed...       0.0025 seconds
                  HADV completed...       0.0886 seconds
                  ZADV completed...       0.0181 seconds
                 HDIFF completed...       0.0081 seconds
              DECOUPLE completed...       0.0026 seconds
                  PHOT completed...       0.0026 seconds
               CLDPROC completed...       0.0090 seconds
                  CHEM completed...       0.1281 seconds
                  AERO completed...       0.1467 seconds
            Master Time Step
            Processing completed...       0.5267 seconds
 
     Processing Day/Time [YYYYDDD:HHMMSS]: 2022183:053000
       Which is Equivalent to (UTC): 5:30:00  Saturday,  July 2, 2022
       Time-Step Length (HHMMSS): 000500
                 VDIFF completed...       0.1195 seconds
                COUPLE completed...       0.0025 seconds
                  HADV completed...       0.0894 seconds
                  ZADV completed...       0.0180 seconds
                 HDIFF completed...       0.0082 seconds
              DECOUPLE completed...       0.0026 seconds
                  PHOT completed...       0.0027 seconds
               CLDPROC completed...       0.0080 seconds
                  CHEM completed...       0.1283 seconds
                  AERO completed...       0.1468 seconds
            Master Time Step
            Processing completed...       0.5283 seconds
 
     Processing Day/Time [YYYYDDD:HHMMSS]: 2022183:053500
       Which is Equivalent to (UTC): 5:35:00  Saturday,  July 2, 2022
       Time-Step Length (HHMMSS): 000500
                 VDIFF completed...       0.1196 seconds
                COUPLE completed...       0.0025 seconds
                  HADV completed...       0.0867 seconds
                  ZADV completed...       0.0180 seconds
                 HDIFF completed...       0.0090 seconds
              DECOUPLE completed...       0.0026 seconds
                  PHOT completed...       0.0028 seconds
               CLDPROC completed...       0.0086 seconds
                  CHEM completed...       0.1276 seconds
                  AERO completed...       0.1469 seconds
            Master Time Step
            Processing completed...       0.5271 seconds
 
     Processing Day/Time [YYYYDDD:HHMMSS]: 2022183:054000
       Which is Equivalent to (UTC): 5:40:00  Saturday,  July 2, 2022
       Time-Step Length (HHMMSS): 000500
                 VDIFF completed...       0.1182 seconds
                COUPLE completed...       0.0025 seconds
                  HADV completed...       0.0898 seconds
                  ZADV completed...       0.0178 seconds
                 HDIFF completed...       0.0082 seconds
              DECOUPLE completed...       0.0026 seconds
                  PHOT completed...       0.0047 seconds
               CLDPROC completed...       0.0084 seconds
                  CHEM completed...       0.1273 seconds
                  AERO completed...       0.1471 seconds
            Master Time Step
            Processing completed...       0.5297 seconds
 
     Processing Day/Time [YYYYDDD:HHMMSS]: 2022183:054500
       Which is Equivalent to (UTC): 5:45:00  Saturday,  July 2, 2022
       Time-Step Length (HHMMSS): 000500
                 VDIFF completed...       0.1184 seconds
                COUPLE completed...       0.0025 seconds
                  HADV completed...       0.0895 seconds
                  ZADV completed...       0.0179 seconds
                 HDIFF completed...       0.0086 seconds
              DECOUPLE completed...       0.0026 seconds
                  PHOT completed...       0.0034 seconds
               CLDPROC completed...       0.0096 seconds
                  CHEM completed...       0.1283 seconds
                  AERO completed...       0.1471 seconds
            Master Time Step
            Processing completed...       0.5308 seconds
 
     Processing Day/Time [YYYYDDD:HHMMSS]: 2022183:055000
       Which is Equivalent to (UTC): 5:50:00  Saturday,  July 2, 2022
       Time-Step Length (HHMMSS): 000500
                 VDIFF completed...       0.1176 seconds
                COUPLE completed...       0.0025 seconds
                  HADV completed...       0.0880 seconds
                  ZADV completed...       0.0180 seconds
                 HDIFF completed...       0.0088 seconds
              DECOUPLE completed...       0.0028 seconds
                  PHOT completed...       0.0042 seconds
               CLDPROC completed...       0.0090 seconds
                  CHEM completed...       0.1281 seconds
                  AERO completed...       0.1472 seconds
            Master Time Step
            Processing completed...       0.5290 seconds
 
     Processing Day/Time [YYYYDDD:HHMMSS]: 2022183:055500
       Which is Equivalent to (UTC): 5:55:00  Saturday,  July 2, 2022
       Time-Step Length (HHMMSS): 000500
                 VDIFF completed...       0.1713 seconds
                COUPLE completed...       0.0025 seconds
                  HADV completed...       0.0644 seconds
                  ZADV completed...       0.0181 seconds
                 HDIFF completed...       0.0098 seconds
              DECOUPLE completed...       0.0026 seconds
                  PHOT completed...       0.0030 seconds
               CLDPROC completed...       0.0527 seconds
                  CHEM completed...       0.1273 seconds
                  AERO completed...       0.1471 seconds
            Master Time Step
            Processing completed...       0.6017 seconds
 
      =--> Data Output completed...       1.9370 seconds
 
     Processing Day/Time [YYYYDDD:HHMMSS]: 2022183:060000
       Which is Equivalent to (UTC): 6:00:00  Saturday,  July 2, 2022
       Time-Step Length (HHMMSS): 000500
                 VDIFF completed...       0.2710 seconds
                COUPLE completed...       0.0026 seconds
                  HADV completed...       0.1606 seconds
                  ZADV completed...       0.0180 seconds
                 HDIFF completed...       0.0089 seconds
              DECOUPLE completed...       0.0026 seconds
                  PHOT completed...       0.0049 seconds
               CLDPROC completed...       0.0086 seconds
                  CHEM completed...       0.1275 seconds
                  AERO completed...       0.1478 seconds
            Master Time Step
            Processing completed...       0.7550 seconds
 
     Processing Day/Time [YYYYDDD:HHMMSS]: 2022183:060500
       Which is Equivalent to (UTC): 6:05:00  Saturday,  July 2, 2022
       Time-Step Length (HHMMSS): 000500
                 VDIFF completed...       0.1174 seconds
                COUPLE completed...       0.0026 seconds
                  HADV completed...       0.0881 seconds
                  ZADV completed...       0.0181 seconds
                 HDIFF completed...       0.0089 seconds
              DECOUPLE completed...       0.0026 seconds
                  PHOT completed...       0.0035 seconds
               CLDPROC completed...       0.0097 seconds
                  CHEM completed...       0.1274 seconds
                  AERO completed...       0.1478 seconds
            Master Time Step
            Processing completed...       0.5285 seconds
 
     Processing Day/Time [YYYYDDD:HHMMSS]: 2022183:061000
       Which is Equivalent to (UTC): 6:10:00  Saturday,  July 2, 2022
       Time-Step Length (HHMMSS): 000500
                 VDIFF completed...       0.1189 seconds
                COUPLE completed...       0.0025 seconds
                  HADV completed...       0.0878 seconds
                  ZADV completed...       0.0181 seconds
                 HDIFF completed...       0.0091 seconds
              DECOUPLE completed...       0.0026 seconds
                  PHOT completed...       0.0026 seconds
               CLDPROC completed...       0.0083 seconds
                  CHEM completed...       0.1271 seconds
                  AERO completed...       0.1472 seconds
            Master Time Step
            Processing completed...       0.5269 seconds
 
     Processing Day/Time [YYYYDDD:HHMMSS]: 2022183:061500
       Which is Equivalent to (UTC): 6:15:00  Saturday,  July 2, 2022
       Time-Step Length (HHMMSS): 000500
                 VDIFF completed...       0.1166 seconds
                COUPLE completed...       0.0025 seconds
                  HADV completed...       0.0880 seconds
                  ZADV completed...       0.0180 seconds
                 HDIFF completed...       0.0094 seconds
              DECOUPLE completed...       0.0026 seconds
                  PHOT completed...       0.0033 seconds
               CLDPROC completed...       0.0097 seconds
                  CHEM completed...       0.1279 seconds
                  AERO completed...       0.1478 seconds
            Master Time Step
            Processing completed...       0.5285 seconds
 
     Processing Day/Time [YYYYDDD:HHMMSS]: 2022183:062000
       Which is Equivalent to (UTC): 6:20:00  Saturday,  July 2, 2022
       Time-Step Length (HHMMSS): 000500
                 VDIFF completed...       0.1187 seconds
                COUPLE completed...       0.0025 seconds
                  HADV completed...       0.0859 seconds
                  ZADV completed...       0.0181 seconds
                 HDIFF completed...       0.0080 seconds
              DECOUPLE completed...       0.0027 seconds
                  PHOT completed...       0.0030 seconds
               CLDPROC completed...       0.0099 seconds
                  CHEM completed...       0.1276 seconds
                  AERO completed...       0.1477 seconds
            Master Time Step
            Processing completed...       0.5265 seconds
 
     Processing Day/Time [YYYYDDD:HHMMSS]: 2022183:062500
       Which is Equivalent to (UTC): 6:25:00  Saturday,  July 2, 2022
       Time-Step Length (HHMMSS): 000500
                 VDIFF completed...       0.1193 seconds
                COUPLE completed...       0.0025 seconds
                  HADV completed...       0.0919 seconds
                  ZADV completed...       0.0182 seconds
                 HDIFF completed...       0.0094 seconds
              DECOUPLE completed...       0.0026 seconds
                  PHOT completed...       0.0036 seconds
               CLDPROC completed...       0.0084 seconds
                  CHEM completed...       0.1274 seconds
                  AERO completed...       0.1476 seconds
            Master Time Step
            Processing completed...       0.5332 seconds
 
     Processing Day/Time [YYYYDDD:HHMMSS]: 2022183:063000
       Which is Equivalent to (UTC): 6:30:00  Saturday,  July 2, 2022
       Time-Step Length (HHMMSS): 000500
                 VDIFF completed...       0.1181 seconds
                COUPLE completed...       0.0025 seconds
                  HADV completed...       0.0903 seconds
                  ZADV completed...       0.0180 seconds
                 HDIFF completed...       0.0084 seconds
              DECOUPLE completed...       0.0026 seconds
                  PHOT completed...       0.0035 seconds
               CLDPROC completed...       0.0097 seconds
                  CHEM completed...       0.1276 seconds
                  AERO completed...       0.1469 seconds
            Master Time Step
            Processing completed...       0.5301 seconds
 
     Processing Day/Time [YYYYDDD:HHMMSS]: 2022183:063500
       Which is Equivalent to (UTC): 6:35:00  Saturday,  July 2, 2022
       Time-Step Length (HHMMSS): 000500
                 VDIFF completed...       0.1138 seconds
                COUPLE completed...       0.0025 seconds
                  HADV completed...       0.0910 seconds
                  ZADV completed...       0.0181 seconds
                 HDIFF completed...       0.0091 seconds
              DECOUPLE completed...       0.0027 seconds
                  PHOT completed...       0.0028 seconds
               CLDPROC completed...       0.0097 seconds
                  CHEM completed...       0.1271 seconds
                  AERO completed...       0.1480 seconds
            Master Time Step
            Processing completed...       0.5275 seconds
 
     Processing Day/Time [YYYYDDD:HHMMSS]: 2022183:064000
       Which is Equivalent to (UTC): 6:40:00  Saturday,  July 2, 2022
       Time-Step Length (HHMMSS): 000500
                 VDIFF completed...       0.1156 seconds
                COUPLE completed...       0.0025 seconds
                  HADV completed...       0.0879 seconds
                  ZADV completed...       0.0179 seconds
                 HDIFF completed...       0.0086 seconds
              DECOUPLE completed...       0.0027 seconds
                  PHOT completed...       0.0032 seconds
               CLDPROC completed...       0.0089 seconds
                  CHEM completed...       0.1263 seconds
                  AERO completed...       0.1479 seconds
            Master Time Step
            Processing completed...       0.5243 seconds
 
     Processing Day/Time [YYYYDDD:HHMMSS]: 2022183:064500
       Which is Equivalent to (UTC): 6:45:00  Saturday,  July 2, 2022
       Time-Step Length (HHMMSS): 000500
                 VDIFF completed...       0.1158 seconds
                COUPLE completed...       0.0025 seconds
                  HADV completed...       0.0893 seconds
                  ZADV completed...       0.0180 seconds
                 HDIFF completed...       0.0095 seconds
              DECOUPLE completed...       0.0026 seconds
                  PHOT completed...       0.0032 seconds
               CLDPROC completed...       0.0080 seconds
                  CHEM completed...       0.1263 seconds
                  AERO completed...       0.1483 seconds
            Master Time Step
            Processing completed...       0.5262 seconds
 
     Processing Day/Time [YYYYDDD:HHMMSS]: 2022183:065000
       Which is Equivalent to (UTC): 6:50:00  Saturday,  July 2, 2022
       Time-Step Length (HHMMSS): 000500
                 VDIFF completed...       0.1239 seconds
                COUPLE completed...       0.0025 seconds
                  HADV completed...       0.0851 seconds
                  ZADV completed...       0.0180 seconds
                 HDIFF completed...       0.0087 seconds
              DECOUPLE completed...       0.0026 seconds
                  PHOT completed...       0.0036 seconds
               CLDPROC completed...       0.0093 seconds
                  CHEM completed...       0.1266 seconds
                  AERO completed...       0.1518 seconds
            Master Time Step
            Processing completed...       0.5345 seconds
 
     Processing Day/Time [YYYYDDD:HHMMSS]: 2022183:065500
       Which is Equivalent to (UTC): 6:55:00  Saturday,  July 2, 2022
       Time-Step Length (HHMMSS): 000500
                 VDIFF completed...       0.1732 seconds
                COUPLE completed...       0.0025 seconds
                  HADV completed...       0.0672 seconds
                  ZADV completed...       0.0180 seconds
                 HDIFF completed...       0.0100 seconds
              DECOUPLE completed...       0.0026 seconds
                  PHOT completed...       0.0028 seconds
               CLDPROC completed...       0.0567 seconds
                  CHEM completed...       0.1260 seconds
                  AERO completed...       0.1486 seconds
            Master Time Step
            Processing completed...       0.6103 seconds
 
      =--> Data Output completed...       0.1097 seconds
 
     Processing Day/Time [YYYYDDD:HHMMSS]: 2022183:070000
       Which is Equivalent to (UTC): 7:00:00  Saturday,  July 2, 2022
       Time-Step Length (HHMMSS): 000500
                 VDIFF completed...       0.2688 seconds
                COUPLE completed...       0.0026 seconds
                  HADV completed...       0.1572 seconds
                  ZADV completed...       0.0179 seconds
                 HDIFF completed...       0.0090 seconds
              DECOUPLE completed...       0.0026 seconds
                  PHOT completed...       0.0040 seconds
               CLDPROC completed...       0.0090 seconds
                  CHEM completed...       0.1267 seconds
                  AERO completed...       0.1479 seconds
            Master Time Step
            Processing completed...       0.7482 seconds
 
     Processing Day/Time [YYYYDDD:HHMMSS]: 2022183:070500
       Which is Equivalent to (UTC): 7:05:00  Saturday,  July 2, 2022
       Time-Step Length (HHMMSS): 000500
                 VDIFF completed...       0.1153 seconds
                COUPLE completed...       0.0025 seconds
                  HADV completed...       0.0948 seconds
                  ZADV completed...       0.0178 seconds
                 HDIFF completed...       0.0097 seconds
              DECOUPLE completed...       0.0026 seconds
                  PHOT completed...       0.0040 seconds
               CLDPROC completed...       0.0100 seconds
                  CHEM completed...       0.1268 seconds
                  AERO completed...       0.1480 seconds
            Master Time Step
            Processing completed...       0.5345 seconds
 
     Processing Day/Time [YYYYDDD:HHMMSS]: 2022183:071000
       Which is Equivalent to (UTC): 7:10:00  Saturday,  July 2, 2022
       Time-Step Length (HHMMSS): 000500
                 VDIFF completed...       0.1162 seconds
                COUPLE completed...       0.0025 seconds
                  HADV completed...       0.0887 seconds
                  ZADV completed...       0.0179 seconds
                 HDIFF completed...       0.0089 seconds
              DECOUPLE completed...       0.0026 seconds
                  PHOT completed...       0.0033 seconds
               CLDPROC completed...       0.0101 seconds
                  CHEM completed...       0.1265 seconds
                  AERO completed...       0.1477 seconds
            Master Time Step
            Processing completed...       0.5269 seconds
 
     Processing Day/Time [YYYYDDD:HHMMSS]: 2022183:071500
       Which is Equivalent to (UTC): 7:15:00  Saturday,  July 2, 2022
       Time-Step Length (HHMMSS): 000500
                 VDIFF completed...       0.1141 seconds
                COUPLE completed...       0.0025 seconds
                  HADV completed...       0.0909 seconds
                  ZADV completed...       0.0178 seconds
                 HDIFF completed...       0.0100 seconds
              DECOUPLE completed...       0.0026 seconds
                  PHOT completed...       0.0045 seconds
               CLDPROC completed...       0.0078 seconds
                  CHEM completed...       0.1264 seconds
                  AERO completed...       0.1485 seconds
            Master Time Step
            Processing completed...       0.5275 seconds
 
     Processing Day/Time [YYYYDDD:HHMMSS]: 2022183:072000
       Which is Equivalent to (UTC): 7:20:00  Saturday,  July 2, 2022
       Time-Step Length (HHMMSS): 000500
                 VDIFF completed...       0.1164 seconds
                COUPLE completed...       0.0025 seconds
                  HADV completed...       0.0868 seconds
                  ZADV completed...       0.0178 seconds
                 HDIFF completed...       0.0089 seconds
              DECOUPLE completed...       0.0026 seconds
                  PHOT completed...       0.0033 seconds
               CLDPROC completed...       0.0100 seconds
                  CHEM completed...       0.1265 seconds
                  AERO completed...       0.1476 seconds
            Master Time Step
            Processing completed...       0.5252 seconds
 
     Processing Day/Time [YYYYDDD:HHMMSS]: 2022183:072500
       Which is Equivalent to (UTC): 7:25:00  Saturday,  July 2, 2022
       Time-Step Length (HHMMSS): 000500
                 VDIFF completed...       0.1164 seconds
                COUPLE completed...       0.0025 seconds
                  HADV completed...       0.0885 seconds
                  ZADV completed...       0.0179 seconds
                 HDIFF completed...       0.0098 seconds
              DECOUPLE completed...       0.0026 seconds
                  PHOT completed...       0.0027 seconds
               CLDPROC completed...       0.0089 seconds
                  CHEM completed...       0.1263 seconds
                  AERO completed...       0.1476 seconds
            Master Time Step
            Processing completed...       0.5259 seconds
 
     Processing Day/Time [YYYYDDD:HHMMSS]: 2022183:073000
       Which is Equivalent to (UTC): 7:30:00  Saturday,  July 2, 2022
       Time-Step Length (HHMMSS): 000500
                 VDIFF completed...       0.1138 seconds
                COUPLE completed...       0.0025 seconds
                  HADV completed...       0.0900 seconds
                  ZADV completed...       0.0179 seconds
                 HDIFF completed...       0.0074 seconds
              DECOUPLE completed...       0.0027 seconds
                  PHOT completed...       0.0031 seconds
               CLDPROC completed...       0.0091 seconds
                  CHEM completed...       0.1261 seconds
                  AERO completed...       0.1489 seconds
            Master Time Step
            Processing completed...       0.5245 seconds
 
     Processing Day/Time [YYYYDDD:HHMMSS]: 2022183:073500
       Which is Equivalent to (UTC): 7:35:00  Saturday,  July 2, 2022
       Time-Step Length (HHMMSS): 000500
                 VDIFF completed...       0.1139 seconds
                COUPLE completed...       0.0026 seconds
                  HADV completed...       0.0896 seconds
                  ZADV completed...       0.0179 seconds
                 HDIFF completed...       0.0092 seconds
              DECOUPLE completed...       0.0026 seconds
                  PHOT completed...       0.0033 seconds
               CLDPROC completed...       0.0102 seconds
                  CHEM completed...       0.1261 seconds
                  AERO completed...       0.1491 seconds
            Master Time Step
            Processing completed...       0.5274 seconds
 
     Processing Day/Time [YYYYDDD:HHMMSS]: 2022183:074000
       Which is Equivalent to (UTC): 7:40:00  Saturday,  July 2, 2022
       Time-Step Length (HHMMSS): 000500
                 VDIFF completed...       0.1160 seconds
                COUPLE completed...       0.0025 seconds
                  HADV completed...       0.0869 seconds
                  ZADV completed...       0.0179 seconds
                 HDIFF completed...       0.0080 seconds
              DECOUPLE completed...       0.0026 seconds
                  PHOT completed...       0.0028 seconds
               CLDPROC completed...       0.0089 seconds
                  CHEM completed...       0.1262 seconds
                  AERO completed...       0.1496 seconds
            Master Time Step
            Processing completed...       0.5240 seconds
 
     Processing Day/Time [YYYYDDD:HHMMSS]: 2022183:074500
       Which is Equivalent to (UTC): 7:45:00  Saturday,  July 2, 2022
       Time-Step Length (HHMMSS): 000500
                 VDIFF completed...       0.1195 seconds
                COUPLE completed...       0.0025 seconds
                  HADV completed...       0.0839 seconds
                  ZADV completed...       0.0180 seconds
                 HDIFF completed...       0.0089 seconds
              DECOUPLE completed...       0.0026 seconds
                  PHOT completed...       0.0028 seconds
               CLDPROC completed...       0.0092 seconds
                  CHEM completed...       0.1259 seconds
                  AERO completed...       0.1492 seconds
            Master Time Step
            Processing completed...       0.5253 seconds
 
     Processing Day/Time [YYYYDDD:HHMMSS]: 2022183:075000
       Which is Equivalent to (UTC): 7:50:00  Saturday,  July 2, 2022
       Time-Step Length (HHMMSS): 000500
                 VDIFF completed...       0.1174 seconds
                COUPLE completed...       0.0025 seconds
                  HADV completed...       0.0862 seconds
                  ZADV completed...       0.0182 seconds
                 HDIFF completed...       0.0079 seconds
              DECOUPLE completed...       0.0026 seconds
                  PHOT completed...       0.0025 seconds
               CLDPROC completed...       0.0089 seconds
                  CHEM completed...       0.1263 seconds
                  AERO completed...       0.1487 seconds
            Master Time Step
            Processing completed...       0.5243 seconds
 
     Processing Day/Time [YYYYDDD:HHMMSS]: 2022183:075500
       Which is Equivalent to (UTC): 7:55:00  Saturday,  July 2, 2022
       Time-Step Length (HHMMSS): 000500
                 VDIFF completed...       0.1683 seconds
                COUPLE completed...       0.0026 seconds
                  HADV completed...       0.0632 seconds
                  ZADV completed...       0.0180 seconds
                 HDIFF completed...       0.0093 seconds
              DECOUPLE completed...       0.0026 seconds
                  PHOT completed...       0.0029 seconds
               CLDPROC completed...       0.0565 seconds
                  CHEM completed...       0.1261 seconds
                  AERO completed...       0.1487 seconds
            Master Time Step
            Processing completed...       0.6009 seconds
 
      =--> Data Output completed...       0.0991 seconds
 
     Processing Day/Time [YYYYDDD:HHMMSS]: 2022183:080000
       Which is Equivalent to (UTC): 8:00:00  Saturday,  July 2, 2022
       Time-Step Length (HHMMSS): 000500
                 VDIFF completed...       0.2590 seconds
                COUPLE completed...       0.0025 seconds
                  HADV completed...       0.1649 seconds
                  ZADV completed...       0.0179 seconds
                 HDIFF completed...       0.0083 seconds
              DECOUPLE completed...       0.0026 seconds
                  PHOT completed...       0.0058 seconds
               CLDPROC completed...       0.0100 seconds
                  CHEM completed...       0.1257 seconds
                  AERO completed...       0.1496 seconds
            Master Time Step
            Processing completed...       0.7490 seconds
 
     Processing Day/Time [YYYYDDD:HHMMSS]: 2022183:080500
       Which is Equivalent to (UTC): 8:05:00  Saturday,  July 2, 2022
       Time-Step Length (HHMMSS): 000500
                 VDIFF completed...       0.1152 seconds
                COUPLE completed...       0.0025 seconds
                  HADV completed...       0.0868 seconds
                  ZADV completed...       0.0179 seconds
                 HDIFF completed...       0.0093 seconds
              DECOUPLE completed...       0.0026 seconds
                  PHOT completed...       0.0040 seconds
               CLDPROC completed...       0.0091 seconds
                  CHEM completed...       0.1257 seconds
                  AERO completed...       0.1489 seconds
            Master Time Step
            Processing completed...       0.5245 seconds
 
     Processing Day/Time [YYYYDDD:HHMMSS]: 2022183:081000
       Which is Equivalent to (UTC): 8:10:00  Saturday,  July 2, 2022
       Time-Step Length (HHMMSS): 000500
                 VDIFF completed...       0.1159 seconds
                COUPLE completed...       0.0025 seconds
                  HADV completed...       0.0872 seconds
                  ZADV completed...       0.0183 seconds
                 HDIFF completed...       0.0082 seconds
              DECOUPLE completed...       0.0026 seconds
                  PHOT completed...       0.0030 seconds
               CLDPROC completed...       0.0101 seconds
                  CHEM completed...       0.1258 seconds
                  AERO completed...       0.1495 seconds
            Master Time Step
            Processing completed...       0.5255 seconds
 
     Processing Day/Time [YYYYDDD:HHMMSS]: 2022183:081500
       Which is Equivalent to (UTC): 8:15:00  Saturday,  July 2, 2022
       Time-Step Length (HHMMSS): 000500
                 VDIFF completed...       0.1147 seconds
                COUPLE completed...       0.0025 seconds
                  HADV completed...       0.0866 seconds
                  ZADV completed...       0.0178 seconds
                 HDIFF completed...       0.0088 seconds
              DECOUPLE completed...       0.0026 seconds
                  PHOT completed...       0.0027 seconds
               CLDPROC completed...       0.0096 seconds
                  CHEM completed...       0.1254 seconds
                  AERO completed...       0.1498 seconds
            Master Time Step
            Processing completed...       0.5234 seconds
 
     Processing Day/Time [YYYYDDD:HHMMSS]: 2022183:082000
       Which is Equivalent to (UTC): 8:20:00  Saturday,  July 2, 2022
       Time-Step Length (HHMMSS): 000500
                 VDIFF completed...       0.1118 seconds
                COUPLE completed...       0.0025 seconds
                  HADV completed...       0.0892 seconds
                  ZADV completed...       0.0178 seconds
                 HDIFF completed...       0.0084 seconds
              DECOUPLE completed...       0.0027 seconds
                  PHOT completed...       0.0026 seconds
               CLDPROC completed...       0.0095 seconds
                  CHEM completed...       0.1260 seconds
                  AERO completed...       0.1488 seconds
            Master Time Step
            Processing completed...       0.5217 seconds
 
     Processing Day/Time [YYYYDDD:HHMMSS]: 2022183:082500
       Which is Equivalent to (UTC): 8:25:00  Saturday,  July 2, 2022
       Time-Step Length (HHMMSS): 000500
                 VDIFF completed...       0.1165 seconds
                COUPLE completed...       0.0025 seconds
                  HADV completed...       0.0866 seconds
                  ZADV completed...       0.0180 seconds
                 HDIFF completed...       0.0090 seconds
              DECOUPLE completed...       0.0026 seconds
                  PHOT completed...       0.0026 seconds
               CLDPROC completed...       0.0092 seconds
                  CHEM completed...       0.1255 seconds
                  AERO completed...       0.1494 seconds
            Master Time Step
            Processing completed...       0.5249 seconds
 
     Processing Day/Time [YYYYDDD:HHMMSS]: 2022183:083000
       Which is Equivalent to (UTC): 8:30:00  Saturday,  July 2, 2022
       Time-Step Length (HHMMSS): 000500
                 VDIFF completed...       0.1165 seconds
                COUPLE completed...       0.0025 seconds
                  HADV completed...       0.0855 seconds
                  ZADV completed...       0.0178 seconds
                 HDIFF completed...       0.0082 seconds
              DECOUPLE completed...       0.0026 seconds
                  PHOT completed...       0.0027 seconds
               CLDPROC completed...       0.0097 seconds
                  CHEM completed...       0.1255 seconds
                  AERO completed...       0.1491 seconds
            Master Time Step
            Processing completed...       0.5228 seconds
 
     Processing Day/Time [YYYYDDD:HHMMSS]: 2022183:083500
       Which is Equivalent to (UTC): 8:35:00  Saturday,  July 2, 2022
       Time-Step Length (HHMMSS): 000500
                 VDIFF completed...       0.1142 seconds
                COUPLE completed...       0.0025 seconds
                  HADV completed...       0.0886 seconds
                  ZADV completed...       0.0179 seconds
                 HDIFF completed...       0.0094 seconds
              DECOUPLE completed...       0.0027 seconds
                  PHOT completed...       0.0034 seconds
               CLDPROC completed...       0.0089 seconds
                  CHEM completed...       0.1254 seconds
                  AERO completed...       0.1500 seconds
            Master Time Step
            Processing completed...       0.5259 seconds
 
     Processing Day/Time [YYYYDDD:HHMMSS]: 2022183:084000
       Which is Equivalent to (UTC): 8:40:00  Saturday,  July 2, 2022
       Time-Step Length (HHMMSS): 000500
                 VDIFF completed...       0.1176 seconds
                COUPLE completed...       0.0025 seconds
                  HADV completed...       0.0848 seconds
                  ZADV completed...       0.0180 seconds
                 HDIFF completed...       0.0081 seconds
              DECOUPLE completed...       0.0026 seconds
                  PHOT completed...       0.0049 seconds
               CLDPROC completed...       0.0095 seconds
                  CHEM completed...       0.1253 seconds
                  AERO completed...       0.1486 seconds
            Master Time Step
            Processing completed...       0.5246 seconds
 
     Processing Day/Time [YYYYDDD:HHMMSS]: 2022183:084500
       Which is Equivalent to (UTC): 8:45:00  Saturday,  July 2, 2022
       Time-Step Length (HHMMSS): 000500
                 VDIFF completed...       0.1166 seconds
                COUPLE completed...       0.0025 seconds
                  HADV completed...       0.0878 seconds
                  ZADV completed...       0.0179 seconds
                 HDIFF completed...       0.0094 seconds
              DECOUPLE completed...       0.0026 seconds
                  PHOT completed...       0.0030 seconds
               CLDPROC completed...       0.0089 seconds
                  CHEM completed...       0.1254 seconds
                  AERO completed...       0.1493 seconds
            Master Time Step
            Processing completed...       0.5264 seconds
 
     Processing Day/Time [YYYYDDD:HHMMSS]: 2022183:085000
       Which is Equivalent to (UTC): 8:50:00  Saturday,  July 2, 2022
       Time-Step Length (HHMMSS): 000500
                 VDIFF completed...       0.1144 seconds
                COUPLE completed...       0.0025 seconds
                  HADV completed...       0.0858 seconds
                  ZADV completed...       0.0179 seconds
                 HDIFF completed...       0.0088 seconds
              DECOUPLE completed...       0.0026 seconds
                  PHOT completed...       0.0040 seconds
               CLDPROC completed...       0.0107 seconds
                  CHEM completed...       0.1258 seconds
                  AERO completed...       0.1495 seconds
            Master Time Step
            Processing completed...       0.5248 seconds
 
     Processing Day/Time [YYYYDDD:HHMMSS]: 2022183:085500
       Which is Equivalent to (UTC): 8:55:00  Saturday,  July 2, 2022
       Time-Step Length (HHMMSS): 000500
                 VDIFF completed...       0.1669 seconds
                COUPLE completed...       0.0025 seconds
                  HADV completed...       0.0628 seconds
                  ZADV completed...       0.0180 seconds
                 HDIFF completed...       0.0101 seconds
              DECOUPLE completed...       0.0026 seconds
                  PHOT completed...       0.0030 seconds
               CLDPROC completed...       0.0491 seconds
                  CHEM completed...       0.1258 seconds
                  AERO completed...       0.1507 seconds
            Master Time Step
            Processing completed...       0.5947 seconds
 
      =--> Data Output completed...       0.0944 seconds
 
     Processing Day/Time [YYYYDDD:HHMMSS]: 2022183:090000
       Which is Equivalent to (UTC): 9:00:00  Saturday,  July 2, 2022
       Time-Step Length (HHMMSS): 000500
                 VDIFF completed...       0.2674 seconds
                COUPLE completed...       0.0025 seconds
                  HADV completed...       0.1567 seconds
                  ZADV completed...       0.0181 seconds
                 HDIFF completed...       0.0094 seconds
              DECOUPLE completed...       0.0026 seconds
                  PHOT completed...       0.0053 seconds
               CLDPROC completed...       0.0109 seconds
                  CHEM completed...       0.1263 seconds
                  AERO completed...       0.1501 seconds
            Master Time Step
            Processing completed...       0.7519 seconds
 
     Processing Day/Time [YYYYDDD:HHMMSS]: 2022183:090500
       Which is Equivalent to (UTC): 9:05:00  Saturday,  July 2, 2022
       Time-Step Length (HHMMSS): 000500
                 VDIFF completed...       0.1146 seconds
                COUPLE completed...       0.0025 seconds
                  HADV completed...       0.0911 seconds
                  ZADV completed...       0.0178 seconds
                 HDIFF completed...       0.0093 seconds
              DECOUPLE completed...       0.0026 seconds
                  PHOT completed...       0.0027 seconds
               CLDPROC completed...       0.0110 seconds
                  CHEM completed...       0.1259 seconds
                  AERO completed...       0.1497 seconds
            Master Time Step
            Processing completed...       0.5303 seconds
 
     Processing Day/Time [YYYYDDD:HHMMSS]: 2022183:091000
       Which is Equivalent to (UTC): 9:10:00  Saturday,  July 2, 2022
       Time-Step Length (HHMMSS): 000500
                 VDIFF completed...       0.1134 seconds
                COUPLE completed...       0.0025 seconds
                  HADV completed...       0.0898 seconds
                  ZADV completed...       0.0178 seconds
                 HDIFF completed...       0.0095 seconds
              DECOUPLE completed...       0.0027 seconds
                  PHOT completed...       0.0062 seconds
               CLDPROC completed...       0.0100 seconds
                  CHEM completed...       0.1256 seconds
                  AERO completed...       0.1501 seconds
            Master Time Step
            Processing completed...       0.5304 seconds
 
     Processing Day/Time [YYYYDDD:HHMMSS]: 2022183:091500
       Which is Equivalent to (UTC): 9:15:00  Saturday,  July 2, 2022
       Time-Step Length (HHMMSS): 000500
                 VDIFF completed...       0.1125 seconds
                COUPLE completed...       0.0025 seconds
                  HADV completed...       0.0906 seconds
                  ZADV completed...       0.0180 seconds
                 HDIFF completed...       0.0104 seconds
              DECOUPLE completed...       0.0029 seconds
                  PHOT completed...       0.0032 seconds
               CLDPROC completed...       0.0116 seconds
                  CHEM completed...       0.1258 seconds
                  AERO completed...       0.1506 seconds
            Master Time Step
            Processing completed...       0.5306 seconds
 
     Processing Day/Time [YYYYDDD:HHMMSS]: 2022183:092000
       Which is Equivalent to (UTC): 9:20:00  Saturday,  July 2, 2022
       Time-Step Length (HHMMSS): 000500
                 VDIFF completed...       0.1152 seconds
                COUPLE completed...       0.0025 seconds
                  HADV completed...       0.0885 seconds
                  ZADV completed...       0.0178 seconds
                 HDIFF completed...       0.0084 seconds
              DECOUPLE completed...       0.0026 seconds
                  PHOT completed...       0.0026 seconds
               CLDPROC completed...       0.0100 seconds
                  CHEM completed...       0.1260 seconds
                  AERO completed...       0.1522 seconds
            Master Time Step
            Processing completed...       0.5283 seconds
 
     Processing Day/Time [YYYYDDD:HHMMSS]: 2022183:092500
       Which is Equivalent to (UTC): 9:25:00  Saturday,  July 2, 2022
       Time-Step Length (HHMMSS): 000500
                 VDIFF completed...       0.1146 seconds
                COUPLE completed...       0.0025 seconds
                  HADV completed...       0.0895 seconds
                  ZADV completed...       0.0179 seconds
                 HDIFF completed...       0.0097 seconds
              DECOUPLE completed...       0.0026 seconds
                  PHOT completed...       0.0035 seconds
               CLDPROC completed...       0.0113 seconds
                  CHEM completed...       0.1256 seconds
                  AERO completed...       0.1505 seconds
            Master Time Step
            Processing completed...       0.5305 seconds
 
     Processing Day/Time [YYYYDDD:HHMMSS]: 2022183:093000
       Which is Equivalent to (UTC): 9:30:00  Saturday,  July 2, 2022
       Time-Step Length (HHMMSS): 000500
                 VDIFF completed...       0.1138 seconds
                COUPLE completed...       0.0025 seconds
                  HADV completed...       0.0908 seconds
                  ZADV completed...       0.0178 seconds
                 HDIFF completed...       0.0083 seconds
              DECOUPLE completed...       0.0026 seconds
                  PHOT completed...       0.0036 seconds
               CLDPROC completed...       0.0110 seconds
                  CHEM completed...       0.1267 seconds
                  AERO completed...       0.1498 seconds
            Master Time Step
            Processing completed...       0.5297 seconds
 
     Processing Day/Time [YYYYDDD:HHMMSS]: 2022183:093500
       Which is Equivalent to (UTC): 9:35:00  Saturday,  July 2, 2022
       Time-Step Length (HHMMSS): 000500
                 VDIFF completed...       0.1137 seconds
                COUPLE completed...       0.0025 seconds
                  HADV completed...       0.0898 seconds
                  ZADV completed...       0.0178 seconds
                 HDIFF completed...       0.0094 seconds
              DECOUPLE completed...       0.0026 seconds
                  PHOT completed...       0.0040 seconds
               CLDPROC completed...       0.0105 seconds
                  CHEM completed...       0.1258 seconds
                  AERO completed...       0.1496 seconds
            Master Time Step
            Processing completed...       0.5284 seconds
 
     Processing Day/Time [YYYYDDD:HHMMSS]: 2022183:094000
       Which is Equivalent to (UTC): 9:40:00  Saturday,  July 2, 2022
       Time-Step Length (HHMMSS): 000500
                 VDIFF completed...       0.1123 seconds
                COUPLE completed...       0.0025 seconds
                  HADV completed...       0.0891 seconds
                  ZADV completed...       0.0180 seconds
                 HDIFF completed...       0.0084 seconds
              DECOUPLE completed...       0.0026 seconds
                  PHOT completed...       0.0031 seconds
               CLDPROC completed...       0.0108 seconds
                  CHEM completed...       0.1258 seconds
                  AERO completed...       0.1509 seconds
            Master Time Step
            Processing completed...       0.5264 seconds
 
     Processing Day/Time [YYYYDDD:HHMMSS]: 2022183:094500
       Which is Equivalent to (UTC): 9:45:00  Saturday,  July 2, 2022
       Time-Step Length (HHMMSS): 000500
                 VDIFF completed...       0.1121 seconds
                COUPLE completed...       0.0025 seconds
                  HADV completed...       0.0902 seconds
                  ZADV completed...       0.0178 seconds
                 HDIFF completed...       0.0095 seconds
              DECOUPLE completed...       0.0026 seconds
                  PHOT completed...       0.0028 seconds
               CLDPROC completed...       0.0107 seconds
                  CHEM completed...       0.1267 seconds
                  AERO completed...       0.1541 seconds
            Master Time Step
            Processing completed...       0.5320 seconds
 
     Processing Day/Time [YYYYDDD:HHMMSS]: 2022183:095000
       Which is Equivalent to (UTC): 9:50:00  Saturday,  July 2, 2022
       Time-Step Length (HHMMSS): 000500
                 VDIFF completed...       0.1182 seconds
                COUPLE completed...       0.0025 seconds
                  HADV completed...       0.0857 seconds
                  ZADV completed...       0.0180 seconds
                 HDIFF completed...       0.0090 seconds
              DECOUPLE completed...       0.0026 seconds
                  PHOT completed...       0.0041 seconds
               CLDPROC completed...       0.0109 seconds
                  CHEM completed...       0.1255 seconds
                  AERO completed...       0.1515 seconds
            Master Time Step
            Processing completed...       0.5310 seconds
 
     Processing Day/Time [YYYYDDD:HHMMSS]: 2022183:095500
       Which is Equivalent to (UTC): 9:55:00  Saturday,  July 2, 2022
       Time-Step Length (HHMMSS): 000500
                 VDIFF completed...       0.1659 seconds
                COUPLE completed...       0.0026 seconds
                  HADV completed...       0.0661 seconds
                  ZADV completed...       0.0180 seconds
                 HDIFF completed...       0.0106 seconds
              DECOUPLE completed...       0.0026 seconds
                  PHOT completed...       0.0056 seconds
               CLDPROC completed...       0.0486 seconds
                  CHEM completed...       0.1257 seconds
                  AERO completed...       0.1519 seconds
            Master Time Step
            Processing completed...       0.6005 seconds
 
      =--> Data Output completed...       0.0959 seconds
 
     Processing Day/Time [YYYYDDD:HHMMSS]: 2022183:100000
       Which is Equivalent to (UTC): 10:00:00 Saturday,  July 2, 2022
       Time-Step Length (HHMMSS): 000500
                 VDIFF completed...       0.2765 seconds
                COUPLE completed...       0.0025 seconds
                  HADV completed...       3.2910 seconds
                  ZADV completed...       0.0178 seconds
                 HDIFF completed...       0.0085 seconds
              DECOUPLE completed...       0.0026 seconds
                  PHOT completed...       0.0042 seconds
               CLDPROC completed...       0.0104 seconds
                  CHEM completed...       0.1251 seconds
                  AERO completed...       0.1522 seconds
            Master Time Step
            Processing completed...       3.8935 seconds
 
     Processing Day/Time [YYYYDDD:HHMMSS]: 2022183:100500
       Which is Equivalent to (UTC): 10:05:00 Saturday,  July 2, 2022
       Time-Step Length (HHMMSS): 000500
                 VDIFF completed...       0.1156 seconds
                COUPLE completed...       0.0025 seconds
                  HADV completed...       0.0889 seconds
                  ZADV completed...       0.0180 seconds
                 HDIFF completed...       0.0096 seconds
              DECOUPLE completed...       0.0026 seconds
                  PHOT completed...       0.0032 seconds
               CLDPROC completed...       0.0113 seconds
                  CHEM completed...       0.1262 seconds
                  AERO completed...       0.1513 seconds
            Master Time Step
            Processing completed...       0.5320 seconds
 
     Processing Day/Time [YYYYDDD:HHMMSS]: 2022183:101000
       Which is Equivalent to (UTC): 10:10:00 Saturday,  July 2, 2022
       Time-Step Length (HHMMSS): 000500
                 VDIFF completed...       0.1152 seconds
                COUPLE completed...       0.0025 seconds
                  HADV completed...       0.0867 seconds
                  ZADV completed...       0.0178 seconds
                 HDIFF completed...       0.0084 seconds
              DECOUPLE completed...       0.0026 seconds
                  PHOT completed...       0.0030 seconds
               CLDPROC completed...       0.0108 seconds
                  CHEM completed...       0.1260 seconds
                  AERO completed...       0.1505 seconds
            Master Time Step
            Processing completed...       0.5263 seconds
 
     Processing Day/Time [YYYYDDD:HHMMSS]: 2022183:101500
       Which is Equivalent to (UTC): 10:15:00 Saturday,  July 2, 2022
       Time-Step Length (HHMMSS): 000500
                 VDIFF completed...       0.1182 seconds
                COUPLE completed...       0.0025 seconds
                  HADV completed...       0.0839 seconds
                  ZADV completed...       0.0180 seconds
                 HDIFF completed...       0.0093 seconds
              DECOUPLE completed...       0.0026 seconds
                  PHOT completed...       0.0026 seconds
               CLDPROC completed...       0.0103 seconds
                  CHEM completed...       0.1262 seconds
                  AERO completed...       0.1514 seconds
            Master Time Step
            Processing completed...       0.5280 seconds
 
     Processing Day/Time [YYYYDDD:HHMMSS]: 2022183:102000
       Which is Equivalent to (UTC): 10:20:00 Saturday,  July 2, 2022
       Time-Step Length (HHMMSS): 000500
                 VDIFF completed...       0.1044 seconds
                COUPLE completed...       0.0025 seconds
                  HADV completed...       2.8557 seconds
                  ZADV completed...       0.0179 seconds
                 HDIFF completed...       0.0086 seconds
              DECOUPLE completed...       0.0028 seconds
                  PHOT completed...       0.0027 seconds
               CLDPROC completed...       0.0103 seconds
                  CHEM completed...       0.1257 seconds
                  AERO completed...       0.1515 seconds
            Master Time Step
            Processing completed...       3.2849 seconds
 
     Processing Day/Time [YYYYDDD:HHMMSS]: 2022183:102500
       Which is Equivalent to (UTC): 10:25:00 Saturday,  July 2, 2022
       Time-Step Length (HHMMSS): 000500
                 VDIFF completed...       0.1141 seconds
                COUPLE completed...       0.0025 seconds
                  HADV completed...       0.1108 seconds
                  ZADV completed...       0.0178 seconds
                 HDIFF completed...       0.0098 seconds
              DECOUPLE completed...       0.0026 seconds
                  PHOT completed...       0.0025 seconds
               CLDPROC completed...       0.0104 seconds
                  CHEM completed...       0.1262 seconds
                  AERO completed...       0.1504 seconds
            Master Time Step
            Processing completed...       0.5498 seconds
 
     Processing Day/Time [YYYYDDD:HHMMSS]: 2022183:103000
       Which is Equivalent to (UTC): 10:30:00 Saturday,  July 2, 2022
       Time-Step Length (HHMMSS): 000500
                 VDIFF completed...       0.1092 seconds
                COUPLE completed...       0.0025 seconds
                  HADV completed...       0.1393 seconds
                  ZADV completed...       0.0179 seconds
                 HDIFF completed...       0.0083 seconds
              DECOUPLE completed...       0.0026 seconds
                  PHOT completed...       0.0025 seconds
               CLDPROC completed...       0.0101 seconds
                  CHEM completed...       0.1254 seconds
                  AERO completed...       0.1510 seconds
            Master Time Step
            Processing completed...       0.5716 seconds
 
     Processing Day/Time [YYYYDDD:HHMMSS]: 2022183:103500
       Which is Equivalent to (UTC): 10:35:00 Saturday,  July 2, 2022
       Time-Step Length (HHMMSS): 000500
                 VDIFF completed...       0.1082 seconds
                COUPLE completed...       0.0025 seconds
                  HADV completed...       0.1900 seconds
                  ZADV completed...       0.0180 seconds
                 HDIFF completed...       0.0102 seconds
              DECOUPLE completed...       0.0026 seconds
                  PHOT completed...       0.0023 seconds
               CLDPROC completed...       0.0097 seconds
                  CHEM completed...       0.1253 seconds
                  AERO completed...       0.1510 seconds
            Master Time Step
            Processing completed...       0.6224 seconds
 
     Processing Day/Time [YYYYDDD:HHMMSS]: 2022183:104000
       Which is Equivalent to (UTC): 10:40:00 Saturday,  July 2, 2022
       Time-Step Length (HHMMSS): 000500
                 VDIFF completed...       0.1092 seconds
                COUPLE completed...       0.0025 seconds
                  HADV completed...       0.2120 seconds
                  ZADV completed...       0.0179 seconds
                 HDIFF completed...       0.0084 seconds
              DECOUPLE completed...       0.0027 seconds
                  PHOT completed...       0.0023 seconds
               CLDPROC completed...       0.0090 seconds
                  CHEM completed...       0.1265 seconds
                  AERO completed...       0.1525 seconds
            Master Time Step
            Processing completed...       0.6456 seconds
 
     Processing Day/Time [YYYYDDD:HHMMSS]: 2022183:104500
       Which is Equivalent to (UTC): 10:45:00 Saturday,  July 2, 2022
       Time-Step Length (HHMMSS): 000500
                 VDIFF completed...       0.1323 seconds
                COUPLE completed...       0.0025 seconds
                  HADV completed...       0.1901 seconds
                  ZADV completed...       0.0180 seconds
                 HDIFF completed...       0.0105 seconds
              DECOUPLE completed...       0.0026 seconds
                  PHOT completed...       0.0023 seconds
               CLDPROC completed...       0.0079 seconds
                  CHEM completed...       0.1259 seconds
                  AERO completed...       0.1520 seconds
            Master Time Step
            Processing completed...       0.6469 seconds
 
     Processing Day/Time [YYYYDDD:HHMMSS]: 2022183:105000
       Which is Equivalent to (UTC): 10:50:00 Saturday,  July 2, 2022
       Time-Step Length (HHMMSS): 000500
                 VDIFF completed...       0.1324 seconds
                COUPLE completed...       0.0025 seconds
                  HADV completed...       0.2309 seconds
                  ZADV completed...       0.0180 seconds
                 HDIFF completed...       0.0093 seconds
              DECOUPLE completed...       0.0026 seconds
                  PHOT completed...       0.0023 seconds
               CLDPROC completed...       0.0071 seconds
                  CHEM completed...       0.1254 seconds
                  AERO completed...       0.1524 seconds
            Master Time Step
            Processing completed...       0.6855 seconds
 
     Processing Day/Time [YYYYDDD:HHMMSS]: 2022183:105500
       Which is Equivalent to (UTC): 10:55:00 Saturday,  July 2, 2022
       Time-Step Length (HHMMSS): 000500
                 VDIFF completed...       0.3248 seconds
                COUPLE completed...       0.0025 seconds
                  HADV completed...       0.0671 seconds
                  ZADV completed...       0.0179 seconds
                 HDIFF completed...       0.0100 seconds
              DECOUPLE completed...       0.0026 seconds
                  PHOT completed...       0.0111 seconds
               CLDPROC completed...       0.0723 seconds
                  CHEM completed...       0.1254 seconds
                  AERO completed...       0.1514 seconds
            Master Time Step
            Processing completed...       0.7879 seconds
 
      =--> Data Output completed...       0.2569 seconds
 
     Processing Day/Time [YYYYDDD:HHMMSS]: 2022183:110000
       Which is Equivalent to (UTC): 11:00:00 Saturday,  July 2, 2022
       Time-Step Length (HHMMSS): 000500
                 VDIFF completed...       0.2678 seconds
                COUPLE completed...       0.0025 seconds
                  HADV completed...       0.1563 seconds
                  ZADV completed...       0.0180 seconds
                 HDIFF completed...       0.0096 seconds
              DECOUPLE completed...       0.0026 seconds
                  PHOT completed...       0.0253 seconds
               CLDPROC completed...       0.0092 seconds
                  CHEM completed...       0.1261 seconds
                  AERO completed...       0.1516 seconds
            Master Time Step
            Processing completed...       0.7719 seconds
 
     Processing Day/Time [YYYYDDD:HHMMSS]: 2022183:110500
       Which is Equivalent to (UTC): 11:05:00 Saturday,  July 2, 2022
       Time-Step Length (HHMMSS): 000500
                 VDIFF completed...       0.0988 seconds
                COUPLE completed...       0.0025 seconds
                  HADV completed...       0.2696 seconds
                  ZADV completed...       0.0177 seconds
                 HDIFF completed...       0.0100 seconds
              DECOUPLE completed...       0.0026 seconds
                  PHOT completed...       0.0239 seconds
               CLDPROC completed...       0.0086 seconds
                  CHEM completed...       0.1279 seconds
                  AERO completed...       0.1510 seconds
            Master Time Step
            Processing completed...       0.7153 seconds
 
     Processing Day/Time [YYYYDDD:HHMMSS]: 2022183:111000
       Which is Equivalent to (UTC): 11:10:00 Saturday,  July 2, 2022
       Time-Step Length (HHMMSS): 000500
                 VDIFF completed...       0.2241 seconds
                COUPLE completed...       0.0026 seconds
                  HADV completed...       0.1353 seconds
                  ZADV completed...       0.0179 seconds
                 HDIFF completed...       0.0088 seconds
              DECOUPLE completed...       0.0026 seconds
                  PHOT completed...       0.0240 seconds
               CLDPROC completed...       0.0081 seconds
                  CHEM completed...       0.1292 seconds
                  AERO completed...       0.1511 seconds
            Master Time Step
            Processing completed...       0.7066 seconds
 
     Processing Day/Time [YYYYDDD:HHMMSS]: 2022183:111500
       Which is Equivalent to (UTC): 11:15:00 Saturday,  July 2, 2022
       Time-Step Length (HHMMSS): 000500
                 VDIFF completed...       0.2779 seconds
                COUPLE completed...       0.0025 seconds
                  HADV completed...       0.0704 seconds
                  ZADV completed...       0.0179 seconds
                 HDIFF completed...       0.0097 seconds
              DECOUPLE completed...       0.0026 seconds
                  PHOT completed...       0.0241 seconds
               CLDPROC completed...       0.0076 seconds
                  CHEM completed...       0.1304 seconds
                  AERO completed...       0.1514 seconds
            Master Time Step
            Processing completed...       0.6970 seconds
 
     Processing Day/Time [YYYYDDD:HHMMSS]: 2022183:112000
       Which is Equivalent to (UTC): 11:20:00 Saturday,  July 2, 2022
       Time-Step Length (HHMMSS): 000500
                 VDIFF completed...       0.1383 seconds
                COUPLE completed...       0.0025 seconds
                  HADV completed...       0.0629 seconds
                  ZADV completed...       0.0179 seconds
                 HDIFF completed...       0.0080 seconds
              DECOUPLE completed...       0.0026 seconds
                  PHOT completed...       0.0273 seconds
               CLDPROC completed...       0.0073 seconds
                  CHEM completed...       0.1838 seconds
                  AERO completed...       0.1516 seconds
            Master Time Step
            Processing completed...       0.6051 seconds
 
     Processing Day/Time [YYYYDDD:HHMMSS]: 2022183:112500
       Which is Equivalent to (UTC): 11:25:00 Saturday,  July 2, 2022
       Time-Step Length (HHMMSS): 000500
                 VDIFF completed...       0.1196 seconds
                COUPLE completed...       0.0025 seconds
                  HADV completed...       0.0646 seconds
                  ZADV completed...       0.0180 seconds
                 HDIFF completed...       0.0088 seconds
              DECOUPLE completed...       0.0026 seconds
                  PHOT completed...       0.0376 seconds
               CLDPROC completed...       0.0107 seconds
                  CHEM completed...       0.3228 seconds
                  AERO completed...       0.1523 seconds
            Master Time Step
            Processing completed...       0.7423 seconds
 
     Processing Day/Time [YYYYDDD:HHMMSS]: 2022183:113000
       Which is Equivalent to (UTC): 11:30:00 Saturday,  July 2, 2022
       Time-Step Length (HHMMSS): 000500
                 VDIFF completed...       0.1009 seconds
                COUPLE completed...       0.0025 seconds
                  HADV completed...       0.0639 seconds
                  ZADV completed...       0.0178 seconds
                 HDIFF completed...       0.0084 seconds
              DECOUPLE completed...       0.0026 seconds
                  PHOT completed...       0.0382 seconds
               CLDPROC completed...       0.0105 seconds
                  CHEM completed...       0.3173 seconds
                  AERO completed...       0.1510 seconds
            Master Time Step
            Processing completed...       0.7159 seconds
 
     Processing Day/Time [YYYYDDD:HHMMSS]: 2022183:113500
       Which is Equivalent to (UTC): 11:35:00 Saturday,  July 2, 2022
       Time-Step Length (HHMMSS): 000500
                 VDIFF completed...       0.1037 seconds
                COUPLE completed...       0.0025 seconds
                  HADV completed...       0.0651 seconds
                  ZADV completed...       0.0178 seconds
                 HDIFF completed...       0.0082 seconds
              DECOUPLE completed...       0.0026 seconds
                  PHOT completed...       0.0382 seconds
               CLDPROC completed...       0.0102 seconds
                  CHEM completed...       0.2943 seconds
                  AERO completed...       0.1512 seconds
            Master Time Step
            Processing completed...       0.6965 seconds
 
     Processing Day/Time [YYYYDDD:HHMMSS]: 2022183:114000
       Which is Equivalent to (UTC): 11:40:00 Saturday,  July 2, 2022
       Time-Step Length (HHMMSS): 000500
                 VDIFF completed...       0.1054 seconds
                COUPLE completed...       0.0025 seconds
                  HADV completed...       0.0638 seconds
                  ZADV completed...       0.0177 seconds
                 HDIFF completed...       0.0081 seconds
              DECOUPLE completed...       0.0026 seconds
                  PHOT completed...       0.0375 seconds
               CLDPROC completed...       0.0106 seconds
                  CHEM completed...       0.2778 seconds
                  AERO completed...       0.1510 seconds
            Master Time Step
            Processing completed...       0.6796 seconds
 
     Processing Day/Time [YYYYDDD:HHMMSS]: 2022183:114500
       Which is Equivalent to (UTC): 11:45:00 Saturday,  July 2, 2022
       Time-Step Length (HHMMSS): 000500
                 VDIFF completed...       0.1091 seconds
                COUPLE completed...       0.0025 seconds
                  HADV completed...       1.4487 seconds
                  ZADV completed...       0.0177 seconds
                 HDIFF completed...       0.1570 seconds
              DECOUPLE completed...       0.0026 seconds
                  PHOT completed...       0.0377 seconds
               CLDPROC completed...       0.0099 seconds
                  CHEM completed...       0.2709 seconds
                  AERO completed...       0.1510 seconds
            Master Time Step
            Processing completed...       2.2097 seconds
 
     Processing Day/Time [YYYYDDD:HHMMSS]: 2022183:115000
       Which is Equivalent to (UTC): 11:50:00 Saturday,  July 2, 2022
       Time-Step Length (HHMMSS): 000500
                 VDIFF completed...       0.1130 seconds
                COUPLE completed...       0.0025 seconds
                  HADV completed...       0.0683 seconds
                  ZADV completed...       0.0177 seconds
                 HDIFF completed...       0.0082 seconds
              DECOUPLE completed...       0.0026 seconds
                  PHOT completed...       0.0374 seconds
               CLDPROC completed...       0.0104 seconds
                  CHEM completed...       0.2659 seconds
                  AERO completed...       0.1523 seconds
            Master Time Step
            Processing completed...       0.6812 seconds
 
     Processing Day/Time [YYYYDDD:HHMMSS]: 2022183:115500
       Which is Equivalent to (UTC): 11:55:00 Saturday,  July 2, 2022
       Time-Step Length (HHMMSS): 000500
                 VDIFF completed...       0.1568 seconds
                COUPLE completed...       0.0025 seconds
                  HADV completed...       0.0669 seconds
                  ZADV completed...       0.0176 seconds
                 HDIFF completed...       0.0085 seconds
              DECOUPLE completed...       0.0026 seconds
                  PHOT completed...       0.0379 seconds
               CLDPROC completed...       0.0467 seconds
                  CHEM completed...       0.2656 seconds
                  AERO completed...       0.1519 seconds
            Master Time Step
            Processing completed...       0.7600 seconds
 
      =--> Data Output completed...       0.0852 seconds
 
     Processing Day/Time [YYYYDDD:HHMMSS]: 2022183:120000
       Which is Equivalent to (UTC): 12:00:00 Saturday,  July 2, 2022
       Time-Step Length (HHMMSS): 000500
                 VDIFF completed...       0.2639 seconds
                COUPLE completed...       0.0029 seconds
                  HADV completed...       0.1474 seconds
                  ZADV completed...       0.0180 seconds
                 HDIFF completed...       0.0076 seconds
              DECOUPLE completed...       0.0026 seconds
                  PHOT completed...       0.0388 seconds
               CLDPROC completed...       0.0142 seconds
                  CHEM completed...       0.2743 seconds
                  AERO completed...       0.1518 seconds
            Master Time Step
            Processing completed...       0.9237 seconds
 
     Processing Day/Time [YYYYDDD:HHMMSS]: 2022183:120500
       Which is Equivalent to (UTC): 12:05:00 Saturday,  July 2, 2022
       Time-Step Length (HHMMSS): 000500
                 VDIFF completed...       0.1161 seconds
                COUPLE completed...       0.0025 seconds
                  HADV completed...       0.0811 seconds
                  ZADV completed...       0.0176 seconds
                 HDIFF completed...       0.0083 seconds
              DECOUPLE completed...       0.0026 seconds
                  PHOT completed...       0.0375 seconds
               CLDPROC completed...       0.0144 seconds
                  CHEM completed...       0.2686 seconds
                  AERO completed...       0.1521 seconds
            Master Time Step
            Processing completed...       0.7036 seconds
 
     Processing Day/Time [YYYYDDD:HHMMSS]: 2022183:121000
       Which is Equivalent to (UTC): 12:10:00 Saturday,  July 2, 2022
       Time-Step Length (HHMMSS): 000500
                 VDIFF completed...       0.1172 seconds
                COUPLE completed...       0.0026 seconds
                  HADV completed...       0.0843 seconds
                  ZADV completed...       0.0176 seconds
                 HDIFF completed...       0.0082 seconds
              DECOUPLE completed...       0.0026 seconds
                  PHOT completed...       0.0382 seconds
               CLDPROC completed...       0.0137 seconds
                  CHEM completed...       0.2682 seconds
                  AERO completed...       0.1520 seconds
            Master Time Step
            Processing completed...       0.7073 seconds
 
     Processing Day/Time [YYYYDDD:HHMMSS]: 2022183:121500
       Which is Equivalent to (UTC): 12:15:00 Saturday,  July 2, 2022
       Time-Step Length (HHMMSS): 000500
                 VDIFF completed...       0.1146 seconds
                COUPLE completed...       0.0025 seconds
                  HADV completed...       0.0912 seconds
                  ZADV completed...       0.0172 seconds
                 HDIFF completed...       0.0081 seconds
              DECOUPLE completed...       0.0026 seconds
                  PHOT completed...       0.0382 seconds
               CLDPROC completed...       0.0151 seconds
                  CHEM completed...       0.2693 seconds
                  AERO completed...       0.1514 seconds
            Master Time Step
            Processing completed...       0.7128 seconds
 
     Processing Day/Time [YYYYDDD:HHMMSS]: 2022183:122000
       Which is Equivalent to (UTC): 12:20:00 Saturday,  July 2, 2022
       Time-Step Length (HHMMSS): 000500
                 VDIFF completed...       0.1128 seconds
                COUPLE completed...       0.0025 seconds
                  HADV completed...       0.1007 seconds
                  ZADV completed...       0.0173 seconds
                 HDIFF completed...       0.0079 seconds
              DECOUPLE completed...       0.0026 seconds
                  PHOT completed...       0.0378 seconds
               CLDPROC completed...       0.0152 seconds
                  CHEM completed...       0.2697 seconds
                  AERO completed...       0.1513 seconds
            Master Time Step
            Processing completed...       0.7205 seconds
 
     Processing Day/Time [YYYYDDD:HHMMSS]: 2022183:122500
       Which is Equivalent to (UTC): 12:25:00 Saturday,  July 2, 2022
       Time-Step Length (HHMMSS): 000500
                 VDIFF completed...       0.1125 seconds
                COUPLE completed...       0.0025 seconds
                  HADV completed...       0.1020 seconds
                  ZADV completed...       0.0173 seconds
                 HDIFF completed...       0.0087 seconds
              DECOUPLE completed...       0.0026 seconds
                  PHOT completed...       0.0378 seconds
               CLDPROC completed...       0.0156 seconds
                  CHEM completed...       0.2709 seconds
                  AERO completed...       0.1515 seconds
            Master Time Step
            Processing completed...       0.7241 seconds
 
     Processing Day/Time [YYYYDDD:HHMMSS]: 2022183:123000
       Which is Equivalent to (UTC): 12:30:00 Saturday,  July 2, 2022
       Time-Step Length (HHMMSS): 000500
                 VDIFF completed...       0.1158 seconds
                COUPLE completed...       0.0025 seconds
                  HADV completed...       0.1031 seconds
                  ZADV completed...       0.0174 seconds
                 HDIFF completed...       0.0080 seconds
              DECOUPLE completed...       0.0028 seconds
                  PHOT completed...       0.0379 seconds
               CLDPROC completed...       0.0151 seconds
                  CHEM completed...       0.2737 seconds
                  AERO completed...       0.1515 seconds
            Master Time Step
            Processing completed...       0.7304 seconds
 
     Processing Day/Time [YYYYDDD:HHMMSS]: 2022183:123500
       Which is Equivalent to (UTC): 12:35:00 Saturday,  July 2, 2022
       Time-Step Length (HHMMSS): 000500
                 VDIFF completed...       0.1144 seconds
                COUPLE completed...       0.0026 seconds
                  HADV completed...       0.1063 seconds
                  ZADV completed...       0.0173 seconds
                 HDIFF completed...       0.0078 seconds
              DECOUPLE completed...       0.0026 seconds
                  PHOT completed...       0.0379 seconds
               CLDPROC completed...       0.0160 seconds
                  CHEM completed...       0.2760 seconds
                  AERO completed...       0.1522 seconds
            Master Time Step
            Processing completed...       0.7355 seconds
 
     Processing Day/Time [YYYYDDD:HHMMSS]: 2022183:124000
       Which is Equivalent to (UTC): 12:40:00 Saturday,  July 2, 2022
       Time-Step Length (HHMMSS): 000500
                 VDIFF completed...       0.1167 seconds
                COUPLE completed...       0.0025 seconds
                  HADV completed...       0.1066 seconds
                  ZADV completed...       0.0172 seconds
                 HDIFF completed...       0.0075 seconds
              DECOUPLE completed...       0.0026 seconds
                  PHOT completed...       0.0379 seconds
               CLDPROC completed...       0.0159 seconds
                  CHEM completed...       0.2788 seconds
                  AERO completed...       0.1519 seconds
            Master Time Step
            Processing completed...       0.7404 seconds
 
     Processing Day/Time [YYYYDDD:HHMMSS]: 2022183:124500
       Which is Equivalent to (UTC): 12:45:00 Saturday,  July 2, 2022
       Time-Step Length (HHMMSS): 000500
                 VDIFF completed...       0.1164 seconds
                COUPLE completed...       0.0025 seconds
                  HADV completed...       0.1058 seconds
                  ZADV completed...       0.0171 seconds
                 HDIFF completed...       0.0077 seconds
              DECOUPLE completed...       0.0026 seconds
                  PHOT completed...       0.0380 seconds
               CLDPROC completed...       0.0159 seconds
                  CHEM completed...       0.2812 seconds
                  AERO completed...       0.1524 seconds
            Master Time Step
            Processing completed...       0.7426 seconds
 
     Processing Day/Time [YYYYDDD:HHMMSS]: 2022183:125000
       Which is Equivalent to (UTC): 12:50:00 Saturday,  July 2, 2022
       Time-Step Length (HHMMSS): 000500
                 VDIFF completed...       0.1145 seconds
                COUPLE completed...       0.0025 seconds
                  HADV completed...       0.1053 seconds
                  ZADV completed...       0.0173 seconds
                 HDIFF completed...       0.0077 seconds
              DECOUPLE completed...       0.0026 seconds
                  PHOT completed...       0.0383 seconds
               CLDPROC completed...       0.0161 seconds
                  CHEM completed...       0.2876 seconds
                  AERO completed...       0.1527 seconds
            Master Time Step
            Processing completed...       0.7471 seconds
 
     Processing Day/Time [YYYYDDD:HHMMSS]: 2022183:125500
       Which is Equivalent to (UTC): 12:55:00 Saturday,  July 2, 2022
       Time-Step Length (HHMMSS): 000500
                 VDIFF completed...       0.1841 seconds
                COUPLE completed...       0.0026 seconds
                  HADV completed...       0.0652 seconds
                  ZADV completed...       0.0174 seconds
                 HDIFF completed...       0.0076 seconds
              DECOUPLE completed...       0.0026 seconds
                  PHOT completed...       0.0378 seconds
               CLDPROC completed...       0.0615 seconds
                  CHEM completed...       0.2916 seconds
                  AERO completed...       0.1525 seconds
            Master Time Step
            Processing completed...       0.8257 seconds
 
      =--> Data Output completed...       0.0890 seconds
 
     Processing Day/Time [YYYYDDD:HHMMSS]: 2022183:130000
       Which is Equivalent to (UTC): 13:00:00 Saturday,  July 2, 2022
       Time-Step Length (HHMMSS): 000500
                 VDIFF completed...       0.2850 seconds
                COUPLE completed...       0.0025 seconds
                  HADV completed...       0.1464 seconds
                  ZADV completed...       0.0174 seconds
                 HDIFF completed...       0.0086 seconds
              DECOUPLE completed...       0.0028 seconds
                  PHOT completed...       0.0406 seconds
               CLDPROC completed...       0.0170 seconds
                  CHEM completed...       0.3115 seconds
                  AERO completed...       0.1554 seconds
            Master Time Step
            Processing completed...       0.9899 seconds
 
     Processing Day/Time [YYYYDDD:HHMMSS]: 2022183:130500
       Which is Equivalent to (UTC): 13:05:00 Saturday,  July 2, 2022
       Time-Step Length (HHMMSS): 000500
                 VDIFF completed...       0.1188 seconds
                COUPLE completed...       0.0025 seconds
                  HADV completed...       0.0858 seconds
                  ZADV completed...       0.0173 seconds
                 HDIFF completed...       0.0084 seconds
              DECOUPLE completed...       0.0026 seconds
                  PHOT completed...       0.0390 seconds
               CLDPROC completed...       0.0179 seconds
                  CHEM completed...       0.3114 seconds
                  AERO completed...       0.1517 seconds
            Master Time Step
            Processing completed...       0.7581 seconds
 
     Processing Day/Time [YYYYDDD:HHMMSS]: 2022183:131000
       Which is Equivalent to (UTC): 13:10:00 Saturday,  July 2, 2022
       Time-Step Length (HHMMSS): 000500
                 VDIFF completed...       0.1173 seconds
                COUPLE completed...       0.0025 seconds
                  HADV completed...       0.0945 seconds
                  ZADV completed...       0.0169 seconds
                 HDIFF completed...       0.0081 seconds
              DECOUPLE completed...       0.0026 seconds
                  PHOT completed...       0.0392 seconds
               CLDPROC completed...       0.0204 seconds
                  CHEM completed...       0.3196 seconds
                  AERO completed...       0.1511 seconds
            Master Time Step
            Processing completed...       0.7747 seconds
 
     Processing Day/Time [YYYYDDD:HHMMSS]: 2022183:131500
       Which is Equivalent to (UTC): 13:15:00 Saturday,  July 2, 2022
       Time-Step Length (HHMMSS): 000500
                 VDIFF completed...       0.1160 seconds
                COUPLE completed...       0.0025 seconds
                  HADV completed...       0.0883 seconds
                  ZADV completed...       0.0170 seconds
                 HDIFF completed...       0.0077 seconds
              DECOUPLE completed...       0.0026 seconds
                  PHOT completed...       0.0392 seconds
               CLDPROC completed...       0.0214 seconds
                  CHEM completed...       0.3218 seconds
                  AERO completed...       0.1511 seconds
            Master Time Step
            Processing completed...       0.7705 seconds
 
     Processing Day/Time [YYYYDDD:HHMMSS]: 2022183:132000
       Which is Equivalent to (UTC): 13:20:00 Saturday,  July 2, 2022
       Time-Step Length (HHMMSS): 000500
                 VDIFF completed...       0.1150 seconds
                COUPLE completed...       0.0025 seconds
                  HADV completed...       0.0863 seconds
                  ZADV completed...       0.0168 seconds
                 HDIFF completed...       0.0079 seconds
              DECOUPLE completed...       0.0026 seconds
                  PHOT completed...       0.0393 seconds
               CLDPROC completed...       0.0228 seconds
                  CHEM completed...       0.3261 seconds
                  AERO completed...       0.1501 seconds
            Master Time Step
            Processing completed...       0.7720 seconds
 
     Processing Day/Time [YYYYDDD:HHMMSS]: 2022183:132500
       Which is Equivalent to (UTC): 13:25:00 Saturday,  July 2, 2022
       Time-Step Length (HHMMSS): 000500
                 VDIFF completed...       0.1142 seconds
                COUPLE completed...       0.0025 seconds
                  HADV completed...       0.0888 seconds
                  ZADV completed...       0.0167 seconds
                 HDIFF completed...       0.0079 seconds
              DECOUPLE completed...       0.0026 seconds
                  PHOT completed...       0.0392 seconds
               CLDPROC completed...       0.0224 seconds
                  CHEM completed...       0.3300 seconds
                  AERO completed...       0.1504 seconds
            Master Time Step
            Processing completed...       0.7776 seconds
 
     Processing Day/Time [YYYYDDD:HHMMSS]: 2022183:133000
       Which is Equivalent to (UTC): 13:30:00 Saturday,  July 2, 2022
       Time-Step Length (HHMMSS): 000500
                 VDIFF completed...       0.1140 seconds
                COUPLE completed...       0.0025 seconds
                  HADV completed...       0.0833 seconds
                  ZADV completed...       0.0167 seconds
                 HDIFF completed...       0.0075 seconds
              DECOUPLE completed...       0.0026 seconds
                  PHOT completed...       0.0391 seconds
               CLDPROC completed...       0.0231 seconds
                  CHEM completed...       0.3371 seconds
                  AERO completed...       0.1499 seconds
            Master Time Step
            Processing completed...       0.7783 seconds
 
     Processing Day/Time [YYYYDDD:HHMMSS]: 2022183:133500
       Which is Equivalent to (UTC): 13:35:00 Saturday,  July 2, 2022
       Time-Step Length (HHMMSS): 000500
                 VDIFF completed...       0.1130 seconds
                COUPLE completed...       0.0025 seconds
                  HADV completed...       0.0810 seconds
                  ZADV completed...       0.0166 seconds
                 HDIFF completed...       0.0084 seconds
              DECOUPLE completed...       0.0026 seconds
                  PHOT completed...       0.0395 seconds
               CLDPROC completed...       0.0224 seconds
                  CHEM completed...       0.3421 seconds
                  AERO completed...       0.1492 seconds
            Master Time Step
            Processing completed...       0.7799 seconds
 
     Processing Day/Time [YYYYDDD:HHMMSS]: 2022183:134000
       Which is Equivalent to (UTC): 13:40:00 Saturday,  July 2, 2022
       Time-Step Length (HHMMSS): 000500
                 VDIFF completed...       0.1125 seconds
                COUPLE completed...       0.0025 seconds
                  HADV completed...       0.0741 seconds
                  ZADV completed...       0.0168 seconds
                 HDIFF completed...       0.0079 seconds
              DECOUPLE completed...       0.0026 seconds
                  PHOT completed...       0.0392 seconds
               CLDPROC completed...       0.0227 seconds
                  CHEM completed...       0.3494 seconds
                  AERO completed...       0.1489 seconds
            Master Time Step
            Processing completed...       0.7794 seconds
 
     Processing Day/Time [YYYYDDD:HHMMSS]: 2022183:134500
       Which is Equivalent to (UTC): 13:45:00 Saturday,  July 2, 2022
       Time-Step Length (HHMMSS): 000500
                 VDIFF completed...       2.3239 seconds
                COUPLE completed...       0.0025 seconds
                  HADV completed...       0.0831 seconds
                  ZADV completed...       0.0170 seconds
                 HDIFF completed...       0.0076 seconds
              DECOUPLE completed...       0.0026 seconds
                  PHOT completed...       0.0397 seconds
               CLDPROC completed...       0.0225 seconds
                  CHEM completed...       0.3522 seconds
                  AERO completed...       0.1493 seconds
            Master Time Step
            Processing completed...       3.0033 seconds
 
     Processing Day/Time [YYYYDDD:HHMMSS]: 2022183:135000
       Which is Equivalent to (UTC): 13:50:00 Saturday,  July 2, 2022
       Time-Step Length (HHMMSS): 000500
                 VDIFF completed...       0.1117 seconds
                COUPLE completed...       0.0025 seconds
                  HADV completed...       0.0635 seconds
                  ZADV completed...       0.0170 seconds
                 HDIFF completed...       0.0080 seconds
              DECOUPLE completed...       0.0026 seconds
                  PHOT completed...       0.0394 seconds
               CLDPROC completed...       0.0220 seconds
                  CHEM completed...       0.3580 seconds
                  AERO completed...       0.1490 seconds
            Master Time Step
            Processing completed...       0.7765 seconds
 
     Processing Day/Time [YYYYDDD:HHMMSS]: 2022183:135500
       Which is Equivalent to (UTC): 13:55:00 Saturday,  July 2, 2022
       Time-Step Length (HHMMSS): 000500
                 VDIFF completed...       0.1428 seconds
                COUPLE completed...       0.0025 seconds
                  HADV completed...       0.0631 seconds
                  ZADV completed...       0.0169 seconds
                 HDIFF completed...       0.0079 seconds
              DECOUPLE completed...       0.0029 seconds
                  PHOT completed...       0.0390 seconds
               CLDPROC completed...       0.0470 seconds
                  CHEM completed...       0.3629 seconds
                  AERO completed...       0.1493 seconds
            Master Time Step
            Processing completed...       0.8369 seconds
 
      =--> Data Output completed...       0.0746 seconds
 
     Processing Day/Time [YYYYDDD:HHMMSS]: 2022183:140000
       Which is Equivalent to (UTC): 14:00:00 Saturday,  July 2, 2022
       Time-Step Length (HHMMSS): 000500
                 VDIFF completed...       0.2862 seconds
                COUPLE completed...       0.0025 seconds
                  HADV completed...       2.7860 seconds
                  ZADV completed...       0.0172 seconds
                 HDIFF completed...       0.3404 seconds
              DECOUPLE completed...       0.0026 seconds
                  PHOT completed...       0.0462 seconds
               CLDPROC completed...       0.0248 seconds
                  CHEM completed...       0.3909 seconds
                  AERO completed...       0.1505 seconds
            Master Time Step
            Processing completed...       4.0486 seconds
 
     Processing Day/Time [YYYYDDD:HHMMSS]: 2022183:140500
       Which is Equivalent to (UTC): 14:05:00 Saturday,  July 2, 2022
       Time-Step Length (HHMMSS): 000500
                 VDIFF completed...       0.1090 seconds
                COUPLE completed...       0.0025 seconds
                  HADV completed...       0.0625 seconds
                  ZADV completed...       0.0169 seconds
                 HDIFF completed...       0.0079 seconds
              DECOUPLE completed...       0.0026 seconds
                  PHOT completed...       0.0399 seconds
               CLDPROC completed...       0.0248 seconds
                  CHEM completed...       0.3843 seconds
                  AERO completed...       0.1499 seconds
            Master Time Step
            Processing completed...       0.8032 seconds
 
     Processing Day/Time [YYYYDDD:HHMMSS]: 2022183:141000
       Which is Equivalent to (UTC): 14:10:00 Saturday,  July 2, 2022
       Time-Step Length (HHMMSS): 000500
                 VDIFF completed...       0.1088 seconds
                COUPLE completed...       0.0025 seconds
                  HADV completed...       0.0614 seconds
                  ZADV completed...       0.0168 seconds
                 HDIFF completed...       0.0083 seconds
              DECOUPLE completed...       0.0026 seconds
                  PHOT completed...       0.0396 seconds
               CLDPROC completed...       0.0251 seconds
                  CHEM completed...       0.3857 seconds
                  AERO completed...       0.1503 seconds
            Master Time Step
            Processing completed...       0.8040 seconds
 
     Processing Day/Time [YYYYDDD:HHMMSS]: 2022183:141500
       Which is Equivalent to (UTC): 14:15:00 Saturday,  July 2, 2022
       Time-Step Length (HHMMSS): 000500
                 VDIFF completed...       0.1081 seconds
                COUPLE completed...       0.0025 seconds
                  HADV completed...       0.0623 seconds
                  ZADV completed...       0.0167 seconds
                 HDIFF completed...       0.0082 seconds
              DECOUPLE completed...       0.0026 seconds
                  PHOT completed...       0.0399 seconds
               CLDPROC completed...       0.0249 seconds
                  CHEM completed...       0.3861 seconds
                  AERO completed...       0.1490 seconds
            Master Time Step
            Processing completed...       0.8030 seconds
 
     Processing Day/Time [YYYYDDD:HHMMSS]: 2022183:142000
       Which is Equivalent to (UTC): 14:20:00 Saturday,  July 2, 2022
       Time-Step Length (HHMMSS): 000500
                 VDIFF completed...       0.1083 seconds
                COUPLE completed...       0.0025 seconds
                  HADV completed...       0.0617 seconds
                  ZADV completed...       0.0168 seconds
                 HDIFF completed...       0.0083 seconds
              DECOUPLE completed...       0.0026 seconds
                  PHOT completed...       0.0400 seconds
               CLDPROC completed...       0.0250 seconds
                  CHEM completed...       0.3881 seconds
                  AERO completed...       0.1495 seconds
            Master Time Step
            Processing completed...       0.8056 seconds
 
     Processing Day/Time [YYYYDDD:HHMMSS]: 2022183:142500
       Which is Equivalent to (UTC): 14:25:00 Saturday,  July 2, 2022
       Time-Step Length (HHMMSS): 000500
                 VDIFF completed...       0.1093 seconds
                COUPLE completed...       0.0025 seconds
                  HADV completed...       0.0630 seconds
                  ZADV completed...       0.0168 seconds
                 HDIFF completed...       0.0083 seconds
              DECOUPLE completed...       0.0026 seconds
                  PHOT completed...       0.0394 seconds
               CLDPROC completed...       0.0246 seconds
                  CHEM completed...       0.3912 seconds
                  AERO completed...       0.1494 seconds
            Master Time Step
            Processing completed...       0.8098 seconds
 
     Processing Day/Time [YYYYDDD:HHMMSS]: 2022183:143000
       Which is Equivalent to (UTC): 14:30:00 Saturday,  July 2, 2022
       Time-Step Length (HHMMSS): 000500
                 VDIFF completed...       0.1071 seconds
                COUPLE completed...       0.0025 seconds
                  HADV completed...       0.0624 seconds
                  ZADV completed...       0.0166 seconds
                 HDIFF completed...       0.0085 seconds
              DECOUPLE completed...       0.0026 seconds
                  PHOT completed...       0.0391 seconds
               CLDPROC completed...       0.0246 seconds
                  CHEM completed...       0.3938 seconds
                  AERO completed...       0.1498 seconds
            Master Time Step
            Processing completed...       0.8098 seconds
 
     Processing Day/Time [YYYYDDD:HHMMSS]: 2022183:143500
       Which is Equivalent to (UTC): 14:35:00 Saturday,  July 2, 2022
       Time-Step Length (HHMMSS): 000500
                 VDIFF completed...       0.1090 seconds
                COUPLE completed...       0.0025 seconds
                  HADV completed...       0.0629 seconds
                  ZADV completed...       0.0168 seconds
                 HDIFF completed...       0.0083 seconds
              DECOUPLE completed...       0.0026 seconds
                  PHOT completed...       0.0398 seconds
               CLDPROC completed...       0.0245 seconds
                  CHEM completed...       0.3958 seconds
                  AERO completed...       0.1498 seconds
            Master Time Step
            Processing completed...       0.8149 seconds
 
     Processing Day/Time [YYYYDDD:HHMMSS]: 2022183:144000
       Which is Equivalent to (UTC): 14:40:00 Saturday,  July 2, 2022
       Time-Step Length (HHMMSS): 000500
                 VDIFF completed...       0.1079 seconds
                COUPLE completed...       0.0025 seconds
                  HADV completed...       0.0617 seconds
                  ZADV completed...       0.0167 seconds
                 HDIFF completed...       0.0090 seconds
              DECOUPLE completed...       0.0026 seconds
                  PHOT completed...       0.0393 seconds
               CLDPROC completed...       0.0243 seconds
                  CHEM completed...       2.3301 seconds
                  AERO completed...       0.1501 seconds
            Master Time Step
            Processing completed...       2.7471 seconds
 
     Processing Day/Time [YYYYDDD:HHMMSS]: 2022183:144500
       Which is Equivalent to (UTC): 14:45:00 Saturday,  July 2, 2022
       Time-Step Length (HHMMSS): 000500
                 VDIFF completed...       1.1876 seconds
                COUPLE completed...       0.0025 seconds
                  HADV completed...       0.1157 seconds
                  ZADV completed...       0.0167 seconds
                 HDIFF completed...       0.0086 seconds
              DECOUPLE completed...       0.0026 seconds
                  PHOT completed...       0.0400 seconds
               CLDPROC completed...       0.0244 seconds
                  CHEM completed...       0.4005 seconds
                  AERO completed...       0.1523 seconds
            Master Time Step
            Processing completed...       1.9535 seconds
 
     Processing Day/Time [YYYYDDD:HHMMSS]: 2022183:145000
       Which is Equivalent to (UTC): 14:50:00 Saturday,  July 2, 2022
       Time-Step Length (HHMMSS): 000500
                 VDIFF completed...       0.1087 seconds
                COUPLE completed...       0.0025 seconds
                  HADV completed...       0.0619 seconds
                  ZADV completed...       0.0169 seconds
                 HDIFF completed...       0.0082 seconds
              DECOUPLE completed...       0.0026 seconds
                  PHOT completed...       0.0395 seconds
               CLDPROC completed...       0.0239 seconds
                  CHEM completed...       0.4024 seconds
                  AERO completed...       0.1524 seconds
            Master Time Step
            Processing completed...       0.8217 seconds
 
     Processing Day/Time [YYYYDDD:HHMMSS]: 2022183:145500
       Which is Equivalent to (UTC): 14:55:00 Saturday,  July 2, 2022
       Time-Step Length (HHMMSS): 000500
                 VDIFF completed...       1.0674 seconds
                COUPLE completed...       0.0025 seconds
                  HADV completed...       0.0695 seconds
                  ZADV completed...       0.0171 seconds
                 HDIFF completed...       0.0083 seconds
              DECOUPLE completed...       0.0026 seconds
                  PHOT completed...       0.0393 seconds
               CLDPROC completed...       0.0467 seconds
                  CHEM completed...       0.4049 seconds
                  AERO completed...       0.1519 seconds
            Master Time Step
            Processing completed...       1.8130 seconds
 
      =--> Data Output completed...       0.0740 seconds
 
     Processing Day/Time [YYYYDDD:HHMMSS]: 2022183:150000
       Which is Equivalent to (UTC): 15:00:00 Saturday,  July 2, 2022
       Time-Step Length (HHMMSS): 000500
                 VDIFF completed...       0.2768 seconds
                COUPLE completed...       0.0028 seconds
                  HADV completed...       0.1945 seconds
                  ZADV completed...       0.0170 seconds
                 HDIFF completed...       0.0095 seconds
              DECOUPLE completed...       0.0026 seconds
                  PHOT completed...       0.0419 seconds
               CLDPROC completed...       0.0274 seconds
                  CHEM completed...       0.4371 seconds
                  AERO completed...       0.1545 seconds
            Master Time Step
            Processing completed...       1.1663 seconds
 
     Processing Day/Time [YYYYDDD:HHMMSS]: 2022183:150500
       Which is Equivalent to (UTC): 15:05:00 Saturday,  July 2, 2022
       Time-Step Length (HHMMSS): 000500
                 VDIFF completed...       0.1074 seconds
                COUPLE completed...       0.0025 seconds
                  HADV completed...       0.0677 seconds
                  ZADV completed...       0.0170 seconds
                 HDIFF completed...       0.0080 seconds
              DECOUPLE completed...       0.0026 seconds
                  PHOT completed...       0.0402 seconds
               CLDPROC completed...       0.0284 seconds
                  CHEM completed...       0.4233 seconds
                  AERO completed...       0.1554 seconds
            Master Time Step
            Processing completed...       0.8552 seconds
 
     Processing Day/Time [YYYYDDD:HHMMSS]: 2022183:151000
       Which is Equivalent to (UTC): 15:10:00 Saturday,  July 2, 2022
       Time-Step Length (HHMMSS): 000500
                 VDIFF completed...       0.1063 seconds
                COUPLE completed...       0.0025 seconds
                  HADV completed...       0.0675 seconds
                  ZADV completed...       0.0166 seconds
                 HDIFF completed...       0.0090 seconds
              DECOUPLE completed...       0.0026 seconds
                  PHOT completed...       0.0402 seconds
               CLDPROC completed...       0.0290 seconds
                  CHEM completed...       0.4251 seconds
                  AERO completed...       0.1562 seconds
            Master Time Step
            Processing completed...       0.8575 seconds
 
     Processing Day/Time [YYYYDDD:HHMMSS]: 2022183:151500
       Which is Equivalent to (UTC): 15:15:00 Saturday,  July 2, 2022
       Time-Step Length (HHMMSS): 000500
                 VDIFF completed...       0.1063 seconds
                COUPLE completed...       0.0025 seconds
                  HADV completed...       0.0674 seconds
                  ZADV completed...       0.0167 seconds
                 HDIFF completed...       0.0088 seconds
              DECOUPLE completed...       0.0027 seconds
                  PHOT completed...       0.0405 seconds
               CLDPROC completed...       0.0292 seconds
                  CHEM completed...       0.4262 seconds
                  AERO completed...       0.1572 seconds
            Master Time Step
            Processing completed...       0.8601 seconds
 
     Processing Day/Time [YYYYDDD:HHMMSS]: 2022183:152000
       Which is Equivalent to (UTC): 15:20:00 Saturday,  July 2, 2022
       Time-Step Length (HHMMSS): 000500
                 VDIFF completed...       0.1073 seconds
                COUPLE completed...       0.0025 seconds
                  HADV completed...       0.0674 seconds
                  ZADV completed...       0.0168 seconds
                 HDIFF completed...       0.0101 seconds
              DECOUPLE completed...       0.0026 seconds
                  PHOT completed...       0.0402 seconds
               CLDPROC completed...       0.0297 seconds
                  CHEM completed...       0.4276 seconds
                  AERO completed...       0.1551 seconds
            Master Time Step
            Processing completed...       0.8618 seconds
 
     Processing Day/Time [YYYYDDD:HHMMSS]: 2022183:152500
       Which is Equivalent to (UTC): 15:25:00 Saturday,  July 2, 2022
       Time-Step Length (HHMMSS): 000500
                 VDIFF completed...       0.1065 seconds
                COUPLE completed...       0.0025 seconds
                  HADV completed...       0.0694 seconds
                  ZADV completed...       0.0170 seconds
                 HDIFF completed...       0.0091 seconds
              DECOUPLE completed...       0.0026 seconds
                  PHOT completed...       0.0397 seconds
               CLDPROC completed...       0.0300 seconds
                  CHEM completed...       0.4283 seconds
                  AERO completed...       0.1559 seconds
            Master Time Step
            Processing completed...       0.8635 seconds
 
     Processing Day/Time [YYYYDDD:HHMMSS]: 2022183:153000
       Which is Equivalent to (UTC): 15:30:00 Saturday,  July 2, 2022
       Time-Step Length (HHMMSS): 000500
                 VDIFF completed...       0.1069 seconds
                COUPLE completed...       0.0028 seconds
                  HADV completed...       0.0677 seconds
                  ZADV completed...       0.0175 seconds
                 HDIFF completed...       0.0079 seconds
              DECOUPLE completed...       0.0026 seconds
                  PHOT completed...       0.0398 seconds
               CLDPROC completed...       0.0303 seconds
                  CHEM completed...       0.4291 seconds
                  AERO completed...       0.1577 seconds
            Master Time Step
            Processing completed...       0.8643 seconds
 
     Processing Day/Time [YYYYDDD:HHMMSS]: 2022183:153500
       Which is Equivalent to (UTC): 15:35:00 Saturday,  July 2, 2022
       Time-Step Length (HHMMSS): 000500
                 VDIFF completed...       0.1046 seconds
                COUPLE completed...       0.0025 seconds
                  HADV completed...       0.0679 seconds
                  ZADV completed...       0.0173 seconds
                 HDIFF completed...       0.0071 seconds
              DECOUPLE completed...       0.0026 seconds
                  PHOT completed...       0.0400 seconds
               CLDPROC completed...       0.0301 seconds
                  CHEM completed...       0.4297 seconds
                  AERO completed...       0.1581 seconds
            Master Time Step
            Processing completed...       0.8624 seconds
 
     Processing Day/Time [YYYYDDD:HHMMSS]: 2022183:154000
       Which is Equivalent to (UTC): 15:40:00 Saturday,  July 2, 2022
       Time-Step Length (HHMMSS): 000500
                 VDIFF completed...       0.1047 seconds
                COUPLE completed...       0.0025 seconds
                  HADV completed...       0.0688 seconds
                  ZADV completed...       0.0176 seconds
                 HDIFF completed...       0.0078 seconds
              DECOUPLE completed...       0.0026 seconds
                  PHOT completed...       0.0404 seconds
               CLDPROC completed...       0.0308 seconds
                  CHEM completed...       0.4301 seconds
                  AERO completed...       0.1583 seconds
            Master Time Step
            Processing completed...       0.8660 seconds
 
     Processing Day/Time [YYYYDDD:HHMMSS]: 2022183:154500
       Which is Equivalent to (UTC): 15:45:00 Saturday,  July 2, 2022
       Time-Step Length (HHMMSS): 000500
                 VDIFF completed...       0.1035 seconds
                COUPLE completed...       0.0026 seconds
                  HADV completed...       0.0687 seconds
                  ZADV completed...       0.0180 seconds
                 HDIFF completed...       0.0104 seconds
              DECOUPLE completed...       0.0027 seconds
                  PHOT completed...       0.0395 seconds
               CLDPROC completed...       0.0305 seconds
                  CHEM completed...       0.4297 seconds
                  AERO completed...       0.1544 seconds
            Master Time Step
            Processing completed...       0.8615 seconds
 
     Processing Day/Time [YYYYDDD:HHMMSS]: 2022183:155000
       Which is Equivalent to (UTC): 15:50:00 Saturday,  July 2, 2022
       Time-Step Length (HHMMSS): 000500
                 VDIFF completed...       0.1162 seconds
                COUPLE completed...       0.0025 seconds
                  HADV completed...       0.7385 seconds
                  ZADV completed...       0.0183 seconds
                 HDIFF completed...       0.0070 seconds
              DECOUPLE completed...       0.0026 seconds
                  PHOT completed...       0.0408 seconds
               CLDPROC completed...       0.0322 seconds
                  CHEM completed...       0.4292 seconds
                  AERO completed...       0.1620 seconds
            Master Time Step
            Processing completed...       1.5519 seconds
 
     Processing Day/Time [YYYYDDD:HHMMSS]: 2022183:155500
       Which is Equivalent to (UTC): 15:55:00 Saturday,  July 2, 2022
       Time-Step Length (HHMMSS): 000500
                 VDIFF completed...       0.1346 seconds
                COUPLE completed...       0.0025 seconds
                  HADV completed...       0.0689 seconds
                  ZADV completed...       0.0186 seconds
                 HDIFF completed...       0.0071 seconds
              DECOUPLE completed...       0.0026 seconds
                  PHOT completed...       0.0400 seconds
               CLDPROC completed...       0.0521 seconds
                  CHEM completed...       0.4301 seconds
                  AERO completed...       0.1569 seconds
            Master Time Step
            Processing completed...       0.9161 seconds
 
      =--> Data Output completed...       0.0804 seconds
 
     Processing Day/Time [YYYYDDD:HHMMSS]: 2022183:160000
       Which is Equivalent to (UTC): 16:00:00 Saturday,  July 2, 2022
       Time-Step Length (HHMMSS): 000500
                 VDIFF completed...       0.2701 seconds
                COUPLE completed...       0.0025 seconds
                  HADV completed...       0.2304 seconds
                  ZADV completed...       0.0183 seconds
                 HDIFF completed...       0.0069 seconds
              DECOUPLE completed...       0.0026 seconds
                  PHOT completed...       0.0416 seconds
               CLDPROC completed...       0.0313 seconds
                  CHEM completed...       0.4626 seconds
                  AERO completed...       0.1597 seconds
            Master Time Step
            Processing completed...       1.2287 seconds
 
     Processing Day/Time [YYYYDDD:HHMMSS]: 2022183:160500
       Which is Equivalent to (UTC): 16:05:00 Saturday,  July 2, 2022
       Time-Step Length (HHMMSS): 000500
                 VDIFF completed...       0.1032 seconds
                COUPLE completed...       0.0025 seconds
                  HADV completed...       0.0701 seconds
                  ZADV completed...       0.0181 seconds
                 HDIFF completed...       0.0070 seconds
              DECOUPLE completed...       0.0026 seconds
                  PHOT completed...       0.0405 seconds
               CLDPROC completed...       0.0322 seconds
                  CHEM completed...       0.4431 seconds
                  AERO completed...       0.1597 seconds
            Master Time Step
            Processing completed...       0.8817 seconds
 
     Processing Day/Time [YYYYDDD:HHMMSS]: 2022183:161000
       Which is Equivalent to (UTC): 16:10:00 Saturday,  July 2, 2022
       Time-Step Length (HHMMSS): 000500
                 VDIFF completed...       0.1029 seconds
                COUPLE completed...       0.0025 seconds
                  HADV completed...       0.0680 seconds
                  ZADV completed...       0.0181 seconds
                 HDIFF completed...       0.0072 seconds
              DECOUPLE completed...       0.0026 seconds
                  PHOT completed...       0.0400 seconds
               CLDPROC completed...       0.0323 seconds
                  CHEM completed...       0.4423 seconds
                  AERO completed...       0.1597 seconds
            Master Time Step
            Processing completed...       0.8783 seconds
 
     Processing Day/Time [YYYYDDD:HHMMSS]: 2022183:161500
       Which is Equivalent to (UTC): 16:15:00 Saturday,  July 2, 2022
       Time-Step Length (HHMMSS): 000500
                 VDIFF completed...       0.1024 seconds
                COUPLE completed...       0.0025 seconds
                  HADV completed...       0.0695 seconds
                  ZADV completed...       0.0180 seconds
                 HDIFF completed...       0.0069 seconds
              DECOUPLE completed...       0.0026 seconds
                  PHOT completed...       0.0402 seconds
               CLDPROC completed...       0.0326 seconds
                  CHEM completed...       0.4411 seconds
                  AERO completed...       0.1602 seconds
            Master Time Step
            Processing completed...       0.8788 seconds
 
     Processing Day/Time [YYYYDDD:HHMMSS]: 2022183:162000
       Which is Equivalent to (UTC): 16:20:00 Saturday,  July 2, 2022
       Time-Step Length (HHMMSS): 000500
                 VDIFF completed...       0.1018 seconds
                COUPLE completed...       0.0025 seconds
                  HADV completed...       0.0687 seconds
                  ZADV completed...       0.0178 seconds
                 HDIFF completed...       0.0070 seconds
              DECOUPLE completed...       0.0026 seconds
                  PHOT completed...       0.0403 seconds
               CLDPROC completed...       0.0325 seconds
                  CHEM completed...       0.4410 seconds
                  AERO completed...       0.1598 seconds
            Master Time Step
            Processing completed...       0.8766 seconds
 
     Processing Day/Time [YYYYDDD:HHMMSS]: 2022183:162500
       Which is Equivalent to (UTC): 16:25:00 Saturday,  July 2, 2022
       Time-Step Length (HHMMSS): 000500
                 VDIFF completed...       0.1008 seconds
                COUPLE completed...       0.0025 seconds
                  HADV completed...       0.0694 seconds
                  ZADV completed...       0.0178 seconds
                 HDIFF completed...       0.0069 seconds
              DECOUPLE completed...       0.0026 seconds
                  PHOT completed...       0.0402 seconds
               CLDPROC completed...       0.0326 seconds
                  CHEM completed...       0.4389 seconds
                  AERO completed...       0.1597 seconds
            Master Time Step
            Processing completed...       0.8742 seconds
 
     Processing Day/Time [YYYYDDD:HHMMSS]: 2022183:163000
       Which is Equivalent to (UTC): 16:30:00 Saturday,  July 2, 2022
       Time-Step Length (HHMMSS): 000500
                 VDIFF completed...       0.1025 seconds
                COUPLE completed...       0.0025 seconds
                  HADV completed...       0.0684 seconds
                  ZADV completed...       0.0178 seconds
                 HDIFF completed...       0.0074 seconds
              DECOUPLE completed...       0.0026 seconds
                  PHOT completed...       0.0407 seconds
               CLDPROC completed...       0.0324 seconds
                  CHEM completed...       0.4381 seconds
                  AERO completed...       0.1600 seconds
            Master Time Step
            Processing completed...       0.8750 seconds
 
     Processing Day/Time [YYYYDDD:HHMMSS]: 2022183:163500
       Which is Equivalent to (UTC): 16:35:00 Saturday,  July 2, 2022
       Time-Step Length (HHMMSS): 000500
                 VDIFF completed...       0.1012 seconds
                COUPLE completed...       0.0025 seconds
                  HADV completed...       0.0689 seconds
                  ZADV completed...       0.0177 seconds
                 HDIFF completed...       0.0071 seconds
              DECOUPLE completed...       0.0026 seconds
                  PHOT completed...       0.0404 seconds
               CLDPROC completed...       0.0323 seconds
                  CHEM completed...       0.4385 seconds
                  AERO completed...       0.1599 seconds
            Master Time Step
            Processing completed...       0.8738 seconds
 
     Processing Day/Time [YYYYDDD:HHMMSS]: 2022183:164000
       Which is Equivalent to (UTC): 16:40:00 Saturday,  July 2, 2022
       Time-Step Length (HHMMSS): 000500
                 VDIFF completed...       0.1014 seconds
                COUPLE completed...       0.0025 seconds
                  HADV completed...       0.0682 seconds
                  ZADV completed...       0.0176 seconds
                 HDIFF completed...       0.0076 seconds
              DECOUPLE completed...       0.0026 seconds
                  PHOT completed...       0.0403 seconds
               CLDPROC completed...       0.0320 seconds
                  CHEM completed...       0.4385 seconds
                  AERO completed...       0.1614 seconds
            Master Time Step
            Processing completed...       0.8748 seconds
 
     Processing Day/Time [YYYYDDD:HHMMSS]: 2022183:164500
       Which is Equivalent to (UTC): 16:45:00 Saturday,  July 2, 2022
       Time-Step Length (HHMMSS): 000500
                 VDIFF completed...       0.1005 seconds
                COUPLE completed...       0.0025 seconds
                  HADV completed...       0.0706 seconds
                  ZADV completed...       0.0183 seconds
                 HDIFF completed...       0.0069 seconds
              DECOUPLE completed...       0.0026 seconds
                  PHOT completed...       0.0402 seconds
               CLDPROC completed...       0.0316 seconds
                  CHEM completed...       0.4389 seconds
                  AERO completed...       0.1619 seconds
            Master Time Step
            Processing completed...       0.8766 seconds
 
     Processing Day/Time [YYYYDDD:HHMMSS]: 2022183:165000
       Which is Equivalent to (UTC): 16:50:00 Saturday,  July 2, 2022
       Time-Step Length (HHMMSS): 000500
                 VDIFF completed...       0.1003 seconds
                COUPLE completed...       0.0025 seconds
                  HADV completed...       0.0686 seconds
                  ZADV completed...       0.0183 seconds
                 HDIFF completed...       0.0072 seconds
              DECOUPLE completed...       0.0026 seconds
                  PHOT completed...       0.0403 seconds
               CLDPROC completed...       0.0309 seconds
                  CHEM completed...       0.4396 seconds
                  AERO completed...       0.1617 seconds
            Master Time Step
            Processing completed...       0.8747 seconds
 
     Processing Day/Time [YYYYDDD:HHMMSS]: 2022183:165500
       Which is Equivalent to (UTC): 16:55:00 Saturday,  July 2, 2022
       Time-Step Length (HHMMSS): 000500
                 VDIFF completed...       0.1292 seconds
                COUPLE completed...       0.0027 seconds
                  HADV completed...       0.0701 seconds
                  ZADV completed...       0.0185 seconds
                 HDIFF completed...       0.0071 seconds
              DECOUPLE completed...       0.0026 seconds
                  PHOT completed...       0.0396 seconds
               CLDPROC completed...       0.0502 seconds
                  CHEM completed...       0.4425 seconds
                  AERO completed...       0.1597 seconds
            Master Time Step
            Processing completed...       0.9250 seconds
 
      =--> Data Output completed...       0.0756 seconds
 
     Processing Day/Time [YYYYDDD:HHMMSS]: 2022183:170000
       Which is Equivalent to (UTC): 17:00:00 Saturday,  July 2, 2022
       Time-Step Length (HHMMSS): 000500
                 VDIFF completed...       0.2663 seconds
                COUPLE completed...       0.0028 seconds
                  HADV completed...       0.2352 seconds
                  ZADV completed...       0.0185 seconds
                 HDIFF completed...       0.0070 seconds
              DECOUPLE completed...       0.0026 seconds
                  PHOT completed...       0.0407 seconds
               CLDPROC completed...       0.0305 seconds
                  CHEM completed...       0.4611 seconds
                  AERO completed...       0.1619 seconds
            Master Time Step
            Processing completed...       1.2286 seconds
 
     Processing Day/Time [YYYYDDD:HHMMSS]: 2022183:170500
       Which is Equivalent to (UTC): 17:05:00 Saturday,  July 2, 2022
       Time-Step Length (HHMMSS): 000500
                 VDIFF completed...       0.1003 seconds
                COUPLE completed...       0.0025 seconds
                  HADV completed...       0.0647 seconds
                  ZADV completed...       0.0185 seconds
                 HDIFF completed...       0.0069 seconds
              DECOUPLE completed...       0.0026 seconds
                  PHOT completed...       0.0400 seconds
               CLDPROC completed...       0.0310 seconds
                  CHEM completed...       0.4363 seconds
                  AERO completed...       0.1630 seconds
            Master Time Step
            Processing completed...       0.8682 seconds
 
     Processing Day/Time [YYYYDDD:HHMMSS]: 2022183:171000
       Which is Equivalent to (UTC): 17:10:00 Saturday,  July 2, 2022
       Time-Step Length (HHMMSS): 000500
                 VDIFF completed...       0.0988 seconds
                COUPLE completed...       0.0025 seconds
                  HADV completed...       0.0637 seconds
                  ZADV completed...       0.0183 seconds
                 HDIFF completed...       0.0069 seconds
              DECOUPLE completed...       0.0026 seconds
                  PHOT completed...       0.0400 seconds
               CLDPROC completed...       0.0305 seconds
                  CHEM completed...       0.4330 seconds
                  AERO completed...       0.1630 seconds
            Master Time Step
            Processing completed...       0.8619 seconds
 
     Processing Day/Time [YYYYDDD:HHMMSS]: 2022183:171500
       Which is Equivalent to (UTC): 17:15:00 Saturday,  July 2, 2022
       Time-Step Length (HHMMSS): 000500
                 VDIFF completed...       0.0998 seconds
                COUPLE completed...       0.0025 seconds
                  HADV completed...       0.0643 seconds
                  ZADV completed...       0.0185 seconds
                 HDIFF completed...       0.0070 seconds
              DECOUPLE completed...       0.0026 seconds
                  PHOT completed...       0.0402 seconds
               CLDPROC completed...       0.0306 seconds
                  CHEM completed...       0.4284 seconds
                  AERO completed...       0.1623 seconds
            Master Time Step
            Processing completed...       0.8588 seconds
 
     Processing Day/Time [YYYYDDD:HHMMSS]: 2022183:172000
       Which is Equivalent to (UTC): 17:20:00 Saturday,  July 2, 2022
       Time-Step Length (HHMMSS): 000500
                 VDIFF completed...       0.0995 seconds
                COUPLE completed...       0.0025 seconds
                  HADV completed...       0.0649 seconds
                  ZADV completed...       0.0180 seconds
                 HDIFF completed...       0.0069 seconds
              DECOUPLE completed...       0.0026 seconds
                  PHOT completed...       0.0403 seconds
               CLDPROC completed...       0.0304 seconds
                  CHEM completed...       0.4240 seconds
                  AERO completed...       0.1635 seconds
            Master Time Step
            Processing completed...       0.8550 seconds
 
     Processing Day/Time [YYYYDDD:HHMMSS]: 2022183:172500
       Which is Equivalent to (UTC): 17:25:00 Saturday,  July 2, 2022
       Time-Step Length (HHMMSS): 000500
                 VDIFF completed...       0.0988 seconds
                COUPLE completed...       0.0025 seconds
                  HADV completed...       0.0646 seconds
                  ZADV completed...       0.0180 seconds
                 HDIFF completed...       0.0069 seconds
              DECOUPLE completed...       0.0026 seconds
                  PHOT completed...       0.0396 seconds
               CLDPROC completed...       0.0300 seconds
                  CHEM completed...       0.4223 seconds
                  AERO completed...       0.1643 seconds
            Master Time Step
            Processing completed...       0.8520 seconds
 
     Processing Day/Time [YYYYDDD:HHMMSS]: 2022183:173000
       Which is Equivalent to (UTC): 17:30:00 Saturday,  July 2, 2022
       Time-Step Length (HHMMSS): 000500
                 VDIFF completed...       0.1018 seconds
                COUPLE completed...       0.0026 seconds
                  HADV completed...       0.0647 seconds
                  ZADV completed...       0.0177 seconds
                 HDIFF completed...       0.0073 seconds
              DECOUPLE completed...       0.0026 seconds
                  PHOT completed...       0.0401 seconds
               CLDPROC completed...       0.0301 seconds
                  CHEM completed...       0.4205 seconds
                  AERO completed...       0.1619 seconds
            Master Time Step
            Processing completed...       0.8516 seconds
 
     Processing Day/Time [YYYYDDD:HHMMSS]: 2022183:173500
       Which is Equivalent to (UTC): 17:35:00 Saturday,  July 2, 2022
       Time-Step Length (HHMMSS): 000500
                 VDIFF completed...       0.1004 seconds
                COUPLE completed...       0.0025 seconds
                  HADV completed...       0.0678 seconds
                  ZADV completed...       0.0176 seconds
                 HDIFF completed...       0.0075 seconds
              DECOUPLE completed...       0.0026 seconds
                  PHOT completed...       0.0396 seconds
               CLDPROC completed...       0.0308 seconds
                  CHEM completed...       0.4156 seconds
                  AERO completed...       0.1620 seconds
            Master Time Step
            Processing completed...       0.8486 seconds
 
     Processing Day/Time [YYYYDDD:HHMMSS]: 2022183:174000
       Which is Equivalent to (UTC): 17:40:00 Saturday,  July 2, 2022
       Time-Step Length (HHMMSS): 000500
                 VDIFF completed...       0.1022 seconds
                COUPLE completed...       0.0025 seconds
                  HADV completed...       0.0678 seconds
                  ZADV completed...       0.0179 seconds
                 HDIFF completed...       0.0072 seconds
              DECOUPLE completed...       0.0026 seconds
                  PHOT completed...       0.0405 seconds
               CLDPROC completed...       0.0293 seconds
                  CHEM completed...       0.4131 seconds
                  AERO completed...       0.1621 seconds
            Master Time Step
            Processing completed...       0.8477 seconds
 
     Processing Day/Time [YYYYDDD:HHMMSS]: 2022183:174500
       Which is Equivalent to (UTC): 17:45:00 Saturday,  July 2, 2022
       Time-Step Length (HHMMSS): 000500
                 VDIFF completed...       0.1013 seconds
                COUPLE completed...       0.0025 seconds
                  HADV completed...       0.0718 seconds
                  ZADV completed...       0.0177 seconds
                 HDIFF completed...       0.0075 seconds
              DECOUPLE completed...       0.0026 seconds
                  PHOT completed...       0.0402 seconds
               CLDPROC completed...       0.0285 seconds
                  CHEM completed...       0.4110 seconds
                  AERO completed...       0.1615 seconds
            Master Time Step
            Processing completed...       0.8471 seconds
 
     Processing Day/Time [YYYYDDD:HHMMSS]: 2022183:175000
       Which is Equivalent to (UTC): 17:50:00 Saturday,  July 2, 2022
       Time-Step Length (HHMMSS): 000500
                 VDIFF completed...       0.1011 seconds
                COUPLE completed...       0.0025 seconds
                  HADV completed...       0.0761 seconds
                  ZADV completed...       0.0179 seconds
                 HDIFF completed...       0.0077 seconds
              DECOUPLE completed...       0.0026 seconds
                  PHOT completed...       0.0401 seconds
               CLDPROC completed...       0.0289 seconds
                  CHEM completed...       0.4101 seconds
                  AERO completed...       0.1618 seconds
            Master Time Step
            Processing completed...       0.8515 seconds
 
     Processing Day/Time [YYYYDDD:HHMMSS]: 2022183:175500
       Which is Equivalent to (UTC): 17:55:00 Saturday,  July 2, 2022
       Time-Step Length (HHMMSS): 000500
                 VDIFF completed...       0.1457 seconds
                COUPLE completed...       0.0025 seconds
                  HADV completed...       0.0678 seconds
                  ZADV completed...       0.0180 seconds
                 HDIFF completed...       0.0074 seconds
              DECOUPLE completed...       0.0026 seconds
                  PHOT completed...       0.0400 seconds
               CLDPROC completed...       0.0454 seconds
                  CHEM completed...       0.4092 seconds
                  AERO completed...       0.1620 seconds
            Master Time Step
            Processing completed...       0.9034 seconds
 
      =--> Data Output completed...       0.0777 seconds
 
     Processing Day/Time [YYYYDDD:HHMMSS]: 2022183:180000
       Which is Equivalent to (UTC): 18:00:00 Saturday,  July 2, 2022
       Time-Step Length (HHMMSS): 000500
                 VDIFF completed...       0.2665 seconds
                COUPLE completed...       0.0025 seconds
                  HADV completed...       0.2434 seconds
                  ZADV completed...       0.0179 seconds
                 HDIFF completed...       0.0070 seconds
              DECOUPLE completed...       0.0026 seconds
                  PHOT completed...       0.0406 seconds
               CLDPROC completed...       0.0205 seconds
                  CHEM completed...       0.4453 seconds
                  AERO completed...       0.1650 seconds
            Master Time Step
            Processing completed...       1.2137 seconds
 
     Processing Day/Time [YYYYDDD:HHMMSS]: 2022183:180500
       Which is Equivalent to (UTC): 18:05:00 Saturday,  July 2, 2022
       Time-Step Length (HHMMSS): 000500
                 VDIFF completed...       0.1001 seconds
                COUPLE completed...       0.0025 seconds
                  HADV completed...       0.0656 seconds
                  ZADV completed...       0.0179 seconds
                 HDIFF completed...       0.0073 seconds
              DECOUPLE completed...       0.0026 seconds
                  PHOT completed...       0.0399 seconds
               CLDPROC completed...       0.0208 seconds
                  CHEM completed...       0.4197 seconds
                  AERO completed...       0.1629 seconds
            Master Time Step
            Processing completed...       0.8419 seconds
 
     Processing Day/Time [YYYYDDD:HHMMSS]: 2022183:181000
       Which is Equivalent to (UTC): 18:10:00 Saturday,  July 2, 2022
       Time-Step Length (HHMMSS): 000500
                 VDIFF completed...       0.1010 seconds
                COUPLE completed...       0.0025 seconds
                  HADV completed...       0.0739 seconds
                  ZADV completed...       0.0177 seconds
                 HDIFF completed...       0.0072 seconds
              DECOUPLE completed...       0.0026 seconds
                  PHOT completed...       0.0403 seconds
               CLDPROC completed...       0.0203 seconds
                  CHEM completed...       3.3929 seconds
                  AERO completed...       0.1639 seconds
            Master Time Step
            Processing completed...       3.8243 seconds
 
     Processing Day/Time [YYYYDDD:HHMMSS]: 2022183:181500
       Which is Equivalent to (UTC): 18:15:00 Saturday,  July 2, 2022
       Time-Step Length (HHMMSS): 000500
                 VDIFF completed...       0.1004 seconds
                COUPLE completed...       0.0025 seconds
                  HADV completed...       0.0660 seconds
                  ZADV completed...       0.0177 seconds
                 HDIFF completed...       0.0074 seconds
              DECOUPLE completed...       0.0026 seconds
                  PHOT completed...       0.0407 seconds
               CLDPROC completed...       0.0199 seconds
                  CHEM completed...       0.4132 seconds
                  AERO completed...       0.1637 seconds
            Master Time Step
            Processing completed...       0.8367 seconds
 
     Processing Day/Time [YYYYDDD:HHMMSS]: 2022183:182000
       Which is Equivalent to (UTC): 18:20:00 Saturday,  July 2, 2022
       Time-Step Length (HHMMSS): 000500
                 VDIFF completed...       0.1013 seconds
                COUPLE completed...       0.0025 seconds
                  HADV completed...       0.0746 seconds
                  ZADV completed...       0.0174 seconds
                 HDIFF completed...       0.0078 seconds
              DECOUPLE completed...       0.0028 seconds
                  PHOT completed...       0.0391 seconds
               CLDPROC completed...       0.0202 seconds
                  CHEM completed...       0.4118 seconds
                  AERO completed...       0.1636 seconds
            Master Time Step
            Processing completed...       0.8437 seconds
 
     Processing Day/Time [YYYYDDD:HHMMSS]: 2022183:182500
       Which is Equivalent to (UTC): 18:25:00 Saturday,  July 2, 2022
       Time-Step Length (HHMMSS): 000500
                 VDIFF completed...       0.1025 seconds
                COUPLE completed...       0.0026 seconds
                  HADV completed...       0.0754 seconds
                  ZADV completed...       0.0175 seconds
                 HDIFF completed...       0.0098 seconds
              DECOUPLE completed...       0.0026 seconds
                  PHOT completed...       0.0383 seconds
               CLDPROC completed...       0.0181 seconds
                  CHEM completed...       0.4099 seconds
                  AERO completed...       0.1651 seconds
            Master Time Step
            Processing completed...       0.8432 seconds
 
     Processing Day/Time [YYYYDDD:HHMMSS]: 2022183:183000
       Which is Equivalent to (UTC): 18:30:00 Saturday,  July 2, 2022
       Time-Step Length (HHMMSS): 000500
                 VDIFF completed...       0.1024 seconds
                COUPLE completed...       0.0025 seconds
                  HADV completed...       0.2621 seconds
                  ZADV completed...       0.0176 seconds
                 HDIFF completed...       0.0077 seconds
              DECOUPLE completed...       0.0026 seconds
                  PHOT completed...       0.0405 seconds
               CLDPROC completed...       0.0185 seconds
                  CHEM completed...       0.4093 seconds
                  AERO completed...       0.1642 seconds
            Master Time Step
            Processing completed...       1.0301 seconds
 
     Processing Day/Time [YYYYDDD:HHMMSS]: 2022183:183500
       Which is Equivalent to (UTC): 18:35:00 Saturday,  July 2, 2022
       Time-Step Length (HHMMSS): 000500
                 VDIFF completed...       0.1046 seconds
                COUPLE completed...       0.0025 seconds
                  HADV completed...       0.0733 seconds
                  ZADV completed...       0.0175 seconds
                 HDIFF completed...       0.0075 seconds
              DECOUPLE completed...       0.0026 seconds
                  PHOT completed...       0.0398 seconds
               CLDPROC completed...       0.0187 seconds
                  CHEM completed...       0.4077 seconds
                  AERO completed...       0.1645 seconds
            Master Time Step
            Processing completed...       0.8415 seconds
 
     Processing Day/Time [YYYYDDD:HHMMSS]: 2022183:184000
       Which is Equivalent to (UTC): 18:40:00 Saturday,  July 2, 2022
       Time-Step Length (HHMMSS): 000500
                 VDIFF completed...       0.1015 seconds
                COUPLE completed...       0.0025 seconds
                  HADV completed...       0.0826 seconds
                  ZADV completed...       0.0174 seconds
                 HDIFF completed...       0.0082 seconds
              DECOUPLE completed...       0.0026 seconds
                  PHOT completed...       0.0401 seconds
               CLDPROC completed...       0.0180 seconds
                  CHEM completed...       0.4071 seconds
                  AERO completed...       0.1653 seconds
            Master Time Step
            Processing completed...       0.8479 seconds
 
     Processing Day/Time [YYYYDDD:HHMMSS]: 2022183:184500
       Which is Equivalent to (UTC): 18:45:00 Saturday,  July 2, 2022
       Time-Step Length (HHMMSS): 000500
                 VDIFF completed...       0.1018 seconds
                COUPLE completed...       0.0025 seconds
                  HADV completed...       0.0880 seconds
                  ZADV completed...       0.0174 seconds
                 HDIFF completed...       0.0081 seconds
              DECOUPLE completed...       0.0026 seconds
                  PHOT completed...       0.0389 seconds
               CLDPROC completed...       0.0182 seconds
                  CHEM completed...       0.4058 seconds
                  AERO completed...       0.1652 seconds
            Master Time Step
            Processing completed...       0.8513 seconds
 
     Processing Day/Time [YYYYDDD:HHMMSS]: 2022183:185000
       Which is Equivalent to (UTC): 18:50:00 Saturday,  July 2, 2022
       Time-Step Length (HHMMSS): 000500
                 VDIFF completed...       0.1012 seconds
                COUPLE completed...       0.0025 seconds
                  HADV completed...       0.0944 seconds
                  ZADV completed...       0.0171 seconds
                 HDIFF completed...       0.0087 seconds
              DECOUPLE completed...       0.0026 seconds
                  PHOT completed...       0.0385 seconds
               CLDPROC completed...       0.0187 seconds
                  CHEM completed...       0.4042 seconds
                  AERO completed...       0.8004 seconds
            Master Time Step
            Processing completed...       1.4909 seconds
 
     Processing Day/Time [YYYYDDD:HHMMSS]: 2022183:185500
       Which is Equivalent to (UTC): 18:55:00 Saturday,  July 2, 2022
       Time-Step Length (HHMMSS): 000500
                 VDIFF completed...       0.9913 seconds
                COUPLE completed...       0.0025 seconds
                  HADV completed...       0.0664 seconds
                  ZADV completed...       0.0173 seconds
                 HDIFF completed...       0.0086 seconds
              DECOUPLE completed...       0.0026 seconds
                  PHOT completed...       0.0388 seconds
               CLDPROC completed...       0.0431 seconds
                  CHEM completed...       0.4047 seconds
                  AERO completed...       0.1667 seconds
            Master Time Step
            Processing completed...       1.7450 seconds
 
      =--> Data Output completed...       0.0795 seconds
 
     Processing Day/Time [YYYYDDD:HHMMSS]: 2022183:190000
       Which is Equivalent to (UTC): 19:00:00 Saturday,  July 2, 2022
       Time-Step Length (HHMMSS): 000500
                 VDIFF completed...       0.2705 seconds
                COUPLE completed...       0.0025 seconds
                  HADV completed...       0.2414 seconds
                  ZADV completed...       0.0171 seconds
                 HDIFF completed...       0.0076 seconds
              DECOUPLE completed...       0.0026 seconds
                  PHOT completed...       0.0404 seconds
               CLDPROC completed...       0.0155 seconds
                  CHEM completed...       0.3990 seconds
                  AERO completed...       0.1676 seconds
            Master Time Step
            Processing completed...       1.1669 seconds
 
     Processing Day/Time [YYYYDDD:HHMMSS]: 2022183:190500
       Which is Equivalent to (UTC): 19:05:00 Saturday,  July 2, 2022
       Time-Step Length (HHMMSS): 000500
                 VDIFF completed...       0.1035 seconds
                COUPLE completed...       0.0025 seconds
                  HADV completed...       0.1571 seconds
                  ZADV completed...       0.0172 seconds
                 HDIFF completed...       0.0082 seconds
              DECOUPLE completed...       0.0026 seconds
                  PHOT completed...       0.0398 seconds
               CLDPROC completed...       0.0158 seconds
                  CHEM completed...       0.3917 seconds
                  AERO completed...       0.1668 seconds
            Master Time Step
            Processing completed...       0.9078 seconds
 
     Processing Day/Time [YYYYDDD:HHMMSS]: 2022183:191000
       Which is Equivalent to (UTC): 19:10:00 Saturday,  July 2, 2022
       Time-Step Length (HHMMSS): 000500
                 VDIFF completed...       0.1043 seconds
                COUPLE completed...       0.0025 seconds
                  HADV completed...       0.1282 seconds
                  ZADV completed...       0.0167 seconds
                 HDIFF completed...       0.0077 seconds
              DECOUPLE completed...       0.0026 seconds
                  PHOT completed...       0.0388 seconds
               CLDPROC completed...       0.0162 seconds
                  CHEM completed...       2.7278 seconds
                  AERO completed...       0.1664 seconds
            Master Time Step
            Processing completed...       3.2139 seconds
 
     Processing Day/Time [YYYYDDD:HHMMSS]: 2022183:191500
       Which is Equivalent to (UTC): 19:15:00 Saturday,  July 2, 2022
       Time-Step Length (HHMMSS): 000500
                 VDIFF completed...       0.1202 seconds
                COUPLE completed...       0.0025 seconds
                  HADV completed...       9.1093 seconds
                  ZADV completed...       0.0166 seconds
                 HDIFF completed...       0.3440 seconds
              DECOUPLE completed...       0.0026 seconds
                  PHOT completed...       0.0400 seconds
               CLDPROC completed...       0.0151 seconds
                  CHEM completed...       0.3875 seconds
                  AERO completed...       0.1672 seconds
            Master Time Step
            Processing completed...      10.2077 seconds
 
     Processing Day/Time [YYYYDDD:HHMMSS]: 2022183:192000
       Which is Equivalent to (UTC): 19:20:00 Saturday,  July 2, 2022
       Time-Step Length (HHMMSS): 000500
                 VDIFF completed...       0.1024 seconds
                COUPLE completed...       0.0025 seconds
                  HADV completed...       0.1326 seconds
                  ZADV completed...       0.0165 seconds
                 HDIFF completed...       0.0080 seconds
              DECOUPLE completed...       0.0026 seconds
                  PHOT completed...       0.0392 seconds
               CLDPROC completed...       0.0146 seconds
                  CHEM completed...       0.3857 seconds
                  AERO completed...       0.1676 seconds
            Master Time Step
            Processing completed...       0.8744 seconds
 
     Processing Day/Time [YYYYDDD:HHMMSS]: 2022183:192500
       Which is Equivalent to (UTC): 19:25:00 Saturday,  July 2, 2022
       Time-Step Length (HHMMSS): 000500
                 VDIFF completed...       0.1038 seconds
                COUPLE completed...       0.0025 seconds
                  HADV completed...       0.1359 seconds
                  ZADV completed...       0.0165 seconds
                 HDIFF completed...       0.0081 seconds
              DECOUPLE completed...       0.0027 seconds
                  PHOT completed...       0.0393 seconds
               CLDPROC completed...       0.0143 seconds
                  CHEM completed...       0.3850 seconds
                  AERO completed...       0.1679 seconds
            Master Time Step
            Processing completed...       0.8787 seconds
 
     Processing Day/Time [YYYYDDD:HHMMSS]: 2022183:193000
       Which is Equivalent to (UTC): 19:30:00 Saturday,  July 2, 2022
       Time-Step Length (HHMMSS): 000500
                 VDIFF completed...       0.1063 seconds
                COUPLE completed...       0.0025 seconds
                  HADV completed...       0.1400 seconds
                  ZADV completed...       0.0164 seconds
                 HDIFF completed...       0.0087 seconds
              DECOUPLE completed...       0.0026 seconds
                  PHOT completed...       0.0399 seconds
               CLDPROC completed...       0.0138 seconds
                  CHEM completed...       0.3842 seconds
                  AERO completed...       0.1679 seconds
            Master Time Step
            Processing completed...       0.8850 seconds
 
     Processing Day/Time [YYYYDDD:HHMMSS]: 2022183:193500
       Which is Equivalent to (UTC): 19:35:00 Saturday,  July 2, 2022
       Time-Step Length (HHMMSS): 000500
                 VDIFF completed...       0.1061 seconds
                COUPLE completed...       0.0025 seconds
                  HADV completed...       0.1427 seconds
                  ZADV completed...       0.0165 seconds
                 HDIFF completed...       0.0082 seconds
              DECOUPLE completed...       0.0028 seconds
                  PHOT completed...       0.0399 seconds
               CLDPROC completed...       0.0136 seconds
                  CHEM completed...       0.3830 seconds
                  AERO completed...       0.1678 seconds
            Master Time Step
            Processing completed...       0.8857 seconds
 
     Processing Day/Time [YYYYDDD:HHMMSS]: 2022183:194000
       Which is Equivalent to (UTC): 19:40:00 Saturday,  July 2, 2022
       Time-Step Length (HHMMSS): 000500
                 VDIFF completed...       0.1049 seconds
                COUPLE completed...       0.0025 seconds
                  HADV completed...       0.1458 seconds
                  ZADV completed...       0.0164 seconds
                 HDIFF completed...       0.0088 seconds
              DECOUPLE completed...       0.0026 seconds
                  PHOT completed...       0.0380 seconds
               CLDPROC completed...       0.0146 seconds
                  CHEM completed...       0.3808 seconds
                  AERO completed...       0.1687 seconds
            Master Time Step
            Processing completed...       0.8860 seconds
 
     Processing Day/Time [YYYYDDD:HHMMSS]: 2022183:194500
       Which is Equivalent to (UTC): 19:45:00 Saturday,  July 2, 2022
       Time-Step Length (HHMMSS): 000500
                 VDIFF completed...       0.1077 seconds
                COUPLE completed...       0.0025 seconds
                  HADV completed...       0.1485 seconds
                  ZADV completed...       0.0165 seconds
                 HDIFF completed...       0.0083 seconds
              DECOUPLE completed...       0.0026 seconds
                  PHOT completed...       0.0378 seconds
               CLDPROC completed...       0.0136 seconds
                  CHEM completed...       0.3798 seconds
                  AERO completed...       0.1682 seconds
            Master Time Step
            Processing completed...       0.8883 seconds
 
     Processing Day/Time [YYYYDDD:HHMMSS]: 2022183:195000
       Which is Equivalent to (UTC): 19:50:00 Saturday,  July 2, 2022
       Time-Step Length (HHMMSS): 000500
                 VDIFF completed...       0.1064 seconds
                COUPLE completed...       0.0025 seconds
                  HADV completed...       0.1560 seconds
                  ZADV completed...       0.0165 seconds
                 HDIFF completed...       0.0092 seconds
              DECOUPLE completed...       0.0026 seconds
                  PHOT completed...       0.0388 seconds
               CLDPROC completed...       0.0120 seconds
                  CHEM completed...       0.3775 seconds
                  AERO completed...       0.1689 seconds
            Master Time Step
            Processing completed...       0.8933 seconds
 
     Processing Day/Time [YYYYDDD:HHMMSS]: 2022183:195500
       Which is Equivalent to (UTC): 19:55:00 Saturday,  July 2, 2022
       Time-Step Length (HHMMSS): 000500
                 VDIFF completed...       0.2339 seconds
                COUPLE completed...       0.0025 seconds
                  HADV completed...       0.0691 seconds
                  ZADV completed...       0.0164 seconds
                 HDIFF completed...       0.0087 seconds
              DECOUPLE completed...       0.0026 seconds
                  PHOT completed...       0.0382 seconds
               CLDPROC completed...       0.0475 seconds
                  CHEM completed...       0.3763 seconds
                  AERO completed...       0.1685 seconds
            Master Time Step
            Processing completed...       0.9664 seconds
 
      =--> Data Output completed...       0.1240 seconds
 
     Processing Day/Time [YYYYDDD:HHMMSS]: 2022183:200000
       Which is Equivalent to (UTC): 20:00:00 Saturday,  July 2, 2022
       Time-Step Length (HHMMSS): 000500
                 VDIFF completed...       0.2647 seconds
                COUPLE completed...       0.0025 seconds
                  HADV completed...       0.2203 seconds
                  ZADV completed...       0.0164 seconds
                 HDIFF completed...       0.0085 seconds
              DECOUPLE completed...       0.0026 seconds
                  PHOT completed...       0.0388 seconds
               CLDPROC completed...       0.0100 seconds
                  CHEM completed...       0.3725 seconds
                  AERO completed...       0.1688 seconds
            Master Time Step
            Processing completed...       1.1076 seconds
 
     Processing Day/Time [YYYYDDD:HHMMSS]: 2022183:200500
       Which is Equivalent to (UTC): 20:05:00 Saturday,  July 2, 2022
       Time-Step Length (HHMMSS): 000500
                 VDIFF completed...       0.1060 seconds
                COUPLE completed...       0.0025 seconds
                  HADV completed...       0.2085 seconds
                  ZADV completed...       0.0164 seconds
                 HDIFF completed...       0.0083 seconds
              DECOUPLE completed...       0.0026 seconds
                  PHOT completed...       0.0377 seconds
               CLDPROC completed...       0.0092 seconds
                  CHEM completed...       0.3686 seconds
                  AERO completed...       0.1689 seconds
            Master Time Step
            Processing completed...       0.9316 seconds
 
     Processing Day/Time [YYYYDDD:HHMMSS]: 2022183:201000
       Which is Equivalent to (UTC): 20:10:00 Saturday,  July 2, 2022
       Time-Step Length (HHMMSS): 000500
                 VDIFF completed...       0.1037 seconds
                COUPLE completed...       0.0027 seconds
                  HADV completed...       0.1654 seconds
                  ZADV completed...       0.0164 seconds
                 HDIFF completed...       0.0081 seconds
              DECOUPLE completed...       0.0026 seconds
                  PHOT completed...       0.0381 seconds
               CLDPROC completed...       0.0092 seconds
                  CHEM completed...       0.3651 seconds
                  AERO completed...       0.1689 seconds
            Master Time Step
            Processing completed...       0.8828 seconds
 
     Processing Day/Time [YYYYDDD:HHMMSS]: 2022183:201500
       Which is Equivalent to (UTC): 20:15:00 Saturday,  July 2, 2022
       Time-Step Length (HHMMSS): 000500
                 VDIFF completed...       0.1075 seconds
                COUPLE completed...       0.0025 seconds
                  HADV completed...       0.1685 seconds
                  ZADV completed...       0.0165 seconds
                 HDIFF completed...       0.0080 seconds
              DECOUPLE completed...       0.0026 seconds
                  PHOT completed...       0.0377 seconds
               CLDPROC completed...       0.0084 seconds
                  CHEM completed...       0.3628 seconds
                  AERO completed...       0.1683 seconds
            Master Time Step
            Processing completed...       0.8856 seconds
 
     Processing Day/Time [YYYYDDD:HHMMSS]: 2022183:202000
       Which is Equivalent to (UTC): 20:20:00 Saturday,  July 2, 2022
       Time-Step Length (HHMMSS): 000500
                 VDIFF completed...       0.1094 seconds
                COUPLE completed...       0.0025 seconds
                  HADV completed...       0.1635 seconds
                  ZADV completed...       0.0164 seconds
                 HDIFF completed...       0.0077 seconds
              DECOUPLE completed...       0.0026 seconds
                  PHOT completed...       0.0381 seconds
               CLDPROC completed...       0.0086 seconds
                  CHEM completed...       0.3611 seconds
                  AERO completed...       0.1688 seconds
            Master Time Step
            Processing completed...       0.8814 seconds
 
     Processing Day/Time [YYYYDDD:HHMMSS]: 2022183:202500
       Which is Equivalent to (UTC): 20:25:00 Saturday,  July 2, 2022
       Time-Step Length (HHMMSS): 000500
                 VDIFF completed...       0.1092 seconds
                COUPLE completed...       0.0025 seconds
                  HADV completed...       0.1629 seconds
                  ZADV completed...       0.0166 seconds
                 HDIFF completed...       0.0080 seconds
              DECOUPLE completed...       0.0026 seconds
                  PHOT completed...       0.0385 seconds
               CLDPROC completed...       0.0078 seconds
                  CHEM completed...       0.3599 seconds
                  AERO completed...       0.1687 seconds
            Master Time Step
            Processing completed...       0.8795 seconds
 
     Processing Day/Time [YYYYDDD:HHMMSS]: 2022183:203000
       Which is Equivalent to (UTC): 20:30:00 Saturday,  July 2, 2022
       Time-Step Length (HHMMSS): 000500
                 VDIFF completed...       0.1090 seconds
                COUPLE completed...       0.0025 seconds
                  HADV completed...       0.1606 seconds
                  ZADV completed...       0.0165 seconds
                 HDIFF completed...       0.0085 seconds
              DECOUPLE completed...       0.0026 seconds
                  PHOT completed...       0.0378 seconds
               CLDPROC completed...       0.0088 seconds
                  CHEM completed...       0.3591 seconds
                  AERO completed...       0.1692 seconds
            Master Time Step
            Processing completed...       0.8772 seconds
 
     Processing Day/Time [YYYYDDD:HHMMSS]: 2022183:203500
       Which is Equivalent to (UTC): 20:35:00 Saturday,  July 2, 2022
       Time-Step Length (HHMMSS): 000500
                 VDIFF completed...       0.1079 seconds
                COUPLE completed...       0.0025 seconds
                  HADV completed...       0.1592 seconds
                  ZADV completed...       0.0169 seconds
                 HDIFF completed...       0.0074 seconds
              DECOUPLE completed...       0.0026 seconds
                  PHOT completed...       0.0377 seconds
               CLDPROC completed...       0.0083 seconds
                  CHEM completed...       0.3578 seconds
                  AERO completed...       0.1684 seconds
            Master Time Step
            Processing completed...       0.8725 seconds
 
     Processing Day/Time [YYYYDDD:HHMMSS]: 2022183:204000
       Which is Equivalent to (UTC): 20:40:00 Saturday,  July 2, 2022
       Time-Step Length (HHMMSS): 000500
                 VDIFF completed...       0.1090 seconds
                COUPLE completed...       0.0025 seconds
                  HADV completed...       0.1578 seconds
                  ZADV completed...       0.0166 seconds
                 HDIFF completed...       0.0081 seconds
              DECOUPLE completed...       0.0026 seconds
                  PHOT completed...       0.0380 seconds
               CLDPROC completed...       0.0084 seconds
                  CHEM completed...       0.3554 seconds
                  AERO completed...       0.1685 seconds
            Master Time Step
            Processing completed...       0.8696 seconds
 
     Processing Day/Time [YYYYDDD:HHMMSS]: 2022183:204500
       Which is Equivalent to (UTC): 20:45:00 Saturday,  July 2, 2022
       Time-Step Length (HHMMSS): 000500
                 VDIFF completed...       0.1100 seconds
                COUPLE completed...       0.0025 seconds
                  HADV completed...       0.1533 seconds
                  ZADV completed...       0.0166 seconds
                 HDIFF completed...       0.0082 seconds
              DECOUPLE completed...       0.0026 seconds
                  PHOT completed...       0.0376 seconds
               CLDPROC completed...       0.0088 seconds
                  CHEM completed...       0.3537 seconds
                  AERO completed...       0.1691 seconds
            Master Time Step
            Processing completed...       0.8653 seconds
 
     Processing Day/Time [YYYYDDD:HHMMSS]: 2022183:205000
       Which is Equivalent to (UTC): 20:50:00 Saturday,  July 2, 2022
       Time-Step Length (HHMMSS): 000500
                 VDIFF completed...       0.1104 seconds
                COUPLE completed...       0.0025 seconds
                  HADV completed...       0.1505 seconds
                  ZADV completed...       0.0165 seconds
                 HDIFF completed...       0.0074 seconds
              DECOUPLE completed...       0.0026 seconds
                  PHOT completed...       0.0375 seconds
               CLDPROC completed...       0.0079 seconds
                  CHEM completed...       0.3531 seconds
                  AERO completed...       0.1687 seconds
            Master Time Step
            Processing completed...       0.8599 seconds
 
     Processing Day/Time [YYYYDDD:HHMMSS]: 2022183:205500
       Which is Equivalent to (UTC): 20:55:00 Saturday,  July 2, 2022
       Time-Step Length (HHMMSS): 000500
                 VDIFF completed...       0.2193 seconds
                COUPLE completed...       0.0025 seconds
                  HADV completed...       0.0671 seconds
                  ZADV completed...       0.0166 seconds
                 HDIFF completed...       0.0079 seconds
              DECOUPLE completed...       0.0026 seconds
                  PHOT completed...       0.0377 seconds
               CLDPROC completed...       0.0415 seconds
                  CHEM completed...       0.3506 seconds
                  AERO completed...       0.1696 seconds
            Master Time Step
            Processing completed...       0.9183 seconds
 
      =--> Data Output completed...       0.1172 seconds
 
     Processing Day/Time [YYYYDDD:HHMMSS]: 2022183:210000
       Which is Equivalent to (UTC): 21:00:00 Saturday,  July 2, 2022
       Time-Step Length (HHMMSS): 000500
                 VDIFF completed...       0.2662 seconds
                COUPLE completed...       0.0025 seconds
                  HADV completed...       0.2194 seconds
                  ZADV completed...       0.0165 seconds
                 HDIFF completed...       0.0075 seconds
              DECOUPLE completed...       0.0026 seconds
                  PHOT completed...       0.0435 seconds
               CLDPROC completed...       0.0085 seconds
                  CHEM completed...       0.3490 seconds
                  AERO completed...       0.1699 seconds
            Master Time Step
            Processing completed...       1.0884 seconds
 
     Processing Day/Time [YYYYDDD:HHMMSS]: 2022183:210500
       Which is Equivalent to (UTC): 21:05:00 Saturday,  July 2, 2022
       Time-Step Length (HHMMSS): 000500
                 VDIFF completed...       0.1053 seconds
                COUPLE completed...       0.0026 seconds
                  HADV completed...       0.1549 seconds
                  ZADV completed...       0.0166 seconds
                 HDIFF completed...       0.0082 seconds
              DECOUPLE completed...       0.0026 seconds
                  PHOT completed...       0.0375 seconds
               CLDPROC completed...       0.0090 seconds
                  CHEM completed...       0.3452 seconds
                  AERO completed...       0.1694 seconds
            Master Time Step
            Processing completed...       0.8538 seconds
 
     Processing Day/Time [YYYYDDD:HHMMSS]: 2022183:211000
       Which is Equivalent to (UTC): 21:10:00 Saturday,  July 2, 2022
       Time-Step Length (HHMMSS): 000500
                 VDIFF completed...       0.1043 seconds
                COUPLE completed...       0.0026 seconds
                  HADV completed...       0.1409 seconds
                  ZADV completed...       0.0168 seconds
                 HDIFF completed...       0.0078 seconds
              DECOUPLE completed...       0.0026 seconds
                  PHOT completed...       0.0384 seconds
               CLDPROC completed...       0.0080 seconds
                  CHEM completed...       0.3434 seconds
                  AERO completed...       0.1694 seconds
            Master Time Step
            Processing completed...       0.8368 seconds
 
     Processing Day/Time [YYYYDDD:HHMMSS]: 2022183:211500
       Which is Equivalent to (UTC): 21:15:00 Saturday,  July 2, 2022
       Time-Step Length (HHMMSS): 000500
                 VDIFF completed...       0.1046 seconds
                COUPLE completed...       0.0026 seconds
                  HADV completed...       0.1414 seconds
                  ZADV completed...       0.0166 seconds
                 HDIFF completed...       0.0075 seconds
              DECOUPLE completed...       0.0026 seconds
                  PHOT completed...       0.0374 seconds
               CLDPROC completed...       0.0092 seconds
                  CHEM completed...       0.3412 seconds
                  AERO completed...       0.1689 seconds
            Master Time Step
            Processing completed...       0.8348 seconds
 
     Processing Day/Time [YYYYDDD:HHMMSS]: 2022183:212000
       Which is Equivalent to (UTC): 21:20:00 Saturday,  July 2, 2022
       Time-Step Length (HHMMSS): 000500
                 VDIFF completed...       0.1055 seconds
                COUPLE completed...       0.0026 seconds
                  HADV completed...       0.1419 seconds
                  ZADV completed...       0.0165 seconds
                 HDIFF completed...       0.0076 seconds
              DECOUPLE completed...       0.0026 seconds
                  PHOT completed...       0.0375 seconds
               CLDPROC completed...       0.0085 seconds
                  CHEM completed...       0.3402 seconds
                  AERO completed...       0.1691 seconds
            Master Time Step
            Processing completed...       0.8347 seconds
 
     Processing Day/Time [YYYYDDD:HHMMSS]: 2022183:212500
       Which is Equivalent to (UTC): 21:25:00 Saturday,  July 2, 2022
       Time-Step Length (HHMMSS): 000500
                 VDIFF completed...       0.1058 seconds
                COUPLE completed...       0.0025 seconds
                  HADV completed...       0.0705 seconds
                  ZADV completed...       0.0165 seconds
                 HDIFF completed...       0.0082 seconds
              DECOUPLE completed...       0.0026 seconds
                  PHOT completed...       0.0387 seconds
               CLDPROC completed...       0.0080 seconds
                  CHEM completed...       0.3378 seconds
                  AERO completed...       0.1719 seconds
            Master Time Step
            Processing completed...       0.7650 seconds
 
     Processing Day/Time [YYYYDDD:HHMMSS]: 2022183:213000
       Which is Equivalent to (UTC): 21:30:00 Saturday,  July 2, 2022
       Time-Step Length (HHMMSS): 000500
                 VDIFF completed...       0.0978 seconds
                COUPLE completed...       0.0025 seconds
                  HADV completed...       4.0110 seconds
                  ZADV completed...       0.0164 seconds
                 HDIFF completed...       0.0077 seconds
              DECOUPLE completed...       0.0026 seconds
                  PHOT completed...       0.0372 seconds
               CLDPROC completed...       0.0083 seconds
                  CHEM completed...       0.3367 seconds
                  AERO completed...       0.1693 seconds
            Master Time Step
            Processing completed...       4.6922 seconds
 
     Processing Day/Time [YYYYDDD:HHMMSS]: 2022183:213500
       Which is Equivalent to (UTC): 21:35:00 Saturday,  July 2, 2022
       Time-Step Length (HHMMSS): 000500
                 VDIFF completed...       0.1054 seconds
                COUPLE completed...       0.0026 seconds
                  HADV completed...       0.1482 seconds
                  ZADV completed...       0.0165 seconds
                 HDIFF completed...       3.9602 seconds
              DECOUPLE completed...       0.0028 seconds
                  PHOT completed...       0.0371 seconds
               CLDPROC completed...       0.0060 seconds
                  CHEM completed...       0.3347 seconds
                  AERO completed...       0.1695 seconds
            Master Time Step
            Processing completed...       4.7838 seconds
 
     Processing Day/Time [YYYYDDD:HHMMSS]: 2022183:214000
       Which is Equivalent to (UTC): 21:40:00 Saturday,  July 2, 2022
       Time-Step Length (HHMMSS): 000500
                 VDIFF completed...       0.1007 seconds
                COUPLE completed...       0.0025 seconds
                  HADV completed...      12.6233 seconds
                  ZADV completed...       0.0166 seconds
                 HDIFF completed...       0.0078 seconds
              DECOUPLE completed...       0.0026 seconds
                  PHOT completed...       0.0370 seconds
               CLDPROC completed...       0.0054 seconds
                  CHEM completed...       0.3336 seconds
                  AERO completed...       0.1695 seconds
            Master Time Step
            Processing completed...      13.3005 seconds
 
     Processing Day/Time [YYYYDDD:HHMMSS]: 2022183:214500
       Which is Equivalent to (UTC): 21:45:00 Saturday,  July 2, 2022
       Time-Step Length (HHMMSS): 000500
                 VDIFF completed...       0.1045 seconds
                COUPLE completed...       0.0025 seconds
                  HADV completed...       2.3687 seconds
                  ZADV completed...       0.0166 seconds
                 HDIFF completed...       0.0073 seconds
              DECOUPLE completed...       0.0026 seconds
                  PHOT completed...       0.0374 seconds
               CLDPROC completed...       0.0087 seconds
                  CHEM completed...       0.3321 seconds
                  AERO completed...       0.1695 seconds
            Master Time Step
            Processing completed...       3.0526 seconds
 
     Processing Day/Time [YYYYDDD:HHMMSS]: 2022183:215000
       Which is Equivalent to (UTC): 21:50:00 Saturday,  July 2, 2022
       Time-Step Length (HHMMSS): 000500
                 VDIFF completed...       0.1086 seconds
                COUPLE completed...       0.0026 seconds
                  HADV completed...       0.1411 seconds
                  ZADV completed...       0.0167 seconds
                 HDIFF completed...       0.0078 seconds
              DECOUPLE completed...       0.0029 seconds
                  PHOT completed...       0.0375 seconds
               CLDPROC completed...       0.0079 seconds
                  CHEM completed...       0.3301 seconds
                  AERO completed...       0.1698 seconds
            Master Time Step
            Processing completed...       0.8274 seconds
 
     Processing Day/Time [YYYYDDD:HHMMSS]: 2022183:215500
       Which is Equivalent to (UTC): 21:55:00 Saturday,  July 2, 2022
       Time-Step Length (HHMMSS): 000500
                 VDIFF completed...       0.2148 seconds
                COUPLE completed...       0.0025 seconds
                  HADV completed...       1.7500 seconds
                  ZADV completed...       0.0171 seconds
                 HDIFF completed...       4.1339 seconds
              DECOUPLE completed...       0.0028 seconds
                  PHOT completed...       0.0375 seconds
               CLDPROC completed...       1.2764 seconds
                  CHEM completed...       0.3282 seconds
                  AERO completed...       0.1699 seconds
            Master Time Step
            Processing completed...       7.9347 seconds
 
      =--> Data Output completed...       0.1302 seconds
 
     Processing Day/Time [YYYYDDD:HHMMSS]: 2022183:220000
       Which is Equivalent to (UTC): 22:00:00 Saturday,  July 2, 2022
       Time-Step Length (HHMMSS): 000500
                 VDIFF completed...       0.2775 seconds
                COUPLE completed...       0.0025 seconds
                  HADV completed...       0.2092 seconds
                  ZADV completed...       0.0168 seconds
                 HDIFF completed...       0.0081 seconds
              DECOUPLE completed...       0.0026 seconds
                  PHOT completed...       0.0387 seconds
               CLDPROC completed...       0.0083 seconds
                  CHEM completed...       0.3263 seconds
                  AERO completed...       0.1698 seconds
            Master Time Step
            Processing completed...       1.0625 seconds
 
     Processing Day/Time [YYYYDDD:HHMMSS]: 2022183:220500
       Which is Equivalent to (UTC): 22:05:00 Saturday,  July 2, 2022
       Time-Step Length (HHMMSS): 000500
                 VDIFF completed...       0.1183 seconds
                COUPLE completed...       0.0025 seconds
                  HADV completed...       0.1310 seconds
                  ZADV completed...       0.0168 seconds
                 HDIFF completed...       0.0076 seconds
              DECOUPLE completed...       0.0026 seconds
                  PHOT completed...       0.0382 seconds
               CLDPROC completed...       0.0078 seconds
                  CHEM completed...       0.3241 seconds
                  AERO completed...       0.1702 seconds
            Master Time Step
            Processing completed...       0.8216 seconds
 
     Processing Day/Time [YYYYDDD:HHMMSS]: 2022183:221000
       Which is Equivalent to (UTC): 22:10:00 Saturday,  July 2, 2022
       Time-Step Length (HHMMSS): 000500
                 VDIFF completed...       0.1115 seconds
                COUPLE completed...       0.0027 seconds
                  HADV completed...       0.1311 seconds
                  ZADV completed...       0.0168 seconds
                 HDIFF completed...       0.0071 seconds
              DECOUPLE completed...       0.0026 seconds
                  PHOT completed...       0.0371 seconds
               CLDPROC completed...       0.0088 seconds
                  CHEM completed...       0.8203 seconds
                  AERO completed...       0.1714 seconds
            Master Time Step
            Processing completed...       1.3118 seconds
 
     Processing Day/Time [YYYYDDD:HHMMSS]: 2022183:221500
       Which is Equivalent to (UTC): 22:15:00 Saturday,  July 2, 2022
       Time-Step Length (HHMMSS): 000500
                 VDIFF completed...       0.1008 seconds
                COUPLE completed...       0.0025 seconds
                  HADV completed...       0.0985 seconds
                  ZADV completed...       0.0169 seconds
                 HDIFF completed...       0.0074 seconds
              DECOUPLE completed...       0.0029 seconds
                  PHOT completed...       0.0375 seconds
               CLDPROC completed...       0.0084 seconds
                  CHEM completed...       0.3191 seconds
                  AERO completed...       0.1702 seconds
            Master Time Step
            Processing completed...       0.7662 seconds
 
     Processing Day/Time [YYYYDDD:HHMMSS]: 2022183:222000
       Which is Equivalent to (UTC): 22:20:00 Saturday,  July 2, 2022
       Time-Step Length (HHMMSS): 000500
                 VDIFF completed...       0.1085 seconds
                COUPLE completed...       0.0025 seconds
                  HADV completed...       0.1261 seconds
                  ZADV completed...       0.0169 seconds
                 HDIFF completed...       0.0071 seconds
              DECOUPLE completed...       0.0026 seconds
                  PHOT completed...       0.0374 seconds
               CLDPROC completed...       0.0081 seconds
                  CHEM completed...       0.3170 seconds
                  AERO completed...       0.1704 seconds
            Master Time Step
            Processing completed...       0.7993 seconds
 
     Processing Day/Time [YYYYDDD:HHMMSS]: 2022183:222500
       Which is Equivalent to (UTC): 22:25:00 Saturday,  July 2, 2022
       Time-Step Length (HHMMSS): 000500
                 VDIFF completed...       0.1080 seconds
                COUPLE completed...       0.0025 seconds
                  HADV completed...       0.1273 seconds
                  ZADV completed...       0.0169 seconds
                 HDIFF completed...       0.0076 seconds
              DECOUPLE completed...       0.0026 seconds
                  PHOT completed...       0.0373 seconds
               CLDPROC completed...       0.0084 seconds
                  CHEM completed...       0.3152 seconds
                  AERO completed...       0.1706 seconds
            Master Time Step
            Processing completed...       0.7990 seconds
 
     Processing Day/Time [YYYYDDD:HHMMSS]: 2022183:223000
       Which is Equivalent to (UTC): 22:30:00 Saturday,  July 2, 2022
       Time-Step Length (HHMMSS): 000500
                 VDIFF completed...       0.1071 seconds
                COUPLE completed...       0.0025 seconds
                  HADV completed...       0.1246 seconds
                  ZADV completed...       0.0170 seconds
                 HDIFF completed...       0.0072 seconds
              DECOUPLE completed...       0.0026 seconds
                  PHOT completed...       0.0379 seconds
               CLDPROC completed...       0.0080 seconds
                  CHEM completed...       0.3130 seconds
                  AERO completed...       0.1698 seconds
            Master Time Step
            Processing completed...       0.7925 seconds
 
     Processing Day/Time [YYYYDDD:HHMMSS]: 2022183:223500
       Which is Equivalent to (UTC): 22:35:00 Saturday,  July 2, 2022
       Time-Step Length (HHMMSS): 000500
                 VDIFF completed...       0.1074 seconds
                COUPLE completed...       0.0025 seconds
                  HADV completed...       0.1237 seconds
                  ZADV completed...       0.0170 seconds
                 HDIFF completed...       0.0071 seconds
              DECOUPLE completed...       0.0026 seconds
                  PHOT completed...       0.0373 seconds
               CLDPROC completed...       0.0082 seconds
                  CHEM completed...       0.3105 seconds
                  AERO completed...       0.1700 seconds
            Master Time Step
            Processing completed...       0.7890 seconds
 
     Processing Day/Time [YYYYDDD:HHMMSS]: 2022183:224000
       Which is Equivalent to (UTC): 22:40:00 Saturday,  July 2, 2022
       Time-Step Length (HHMMSS): 000500
                 VDIFF completed...       0.1088 seconds
                COUPLE completed...       0.0025 seconds
                  HADV completed...       0.1215 seconds
                  ZADV completed...       0.0170 seconds
                 HDIFF completed...       0.0076 seconds
              DECOUPLE completed...       0.0026 seconds
                  PHOT completed...       0.0380 seconds
               CLDPROC completed...       0.0080 seconds
                  CHEM completed...       0.3094 seconds
                  AERO completed...       0.1702 seconds
            Master Time Step
            Processing completed...       0.7881 seconds
 
     Processing Day/Time [YYYYDDD:HHMMSS]: 2022183:224500
       Which is Equivalent to (UTC): 22:45:00 Saturday,  July 2, 2022
       Time-Step Length (HHMMSS): 000500
                 VDIFF completed...       0.1081 seconds
                COUPLE completed...       0.0025 seconds
                  HADV completed...       0.1203 seconds
                  ZADV completed...       0.0169 seconds
                 HDIFF completed...       0.0076 seconds
              DECOUPLE completed...       0.0026 seconds
                  PHOT completed...       0.0373 seconds
               CLDPROC completed...       0.0083 seconds
                  CHEM completed...       0.3073 seconds
                  AERO completed...       0.1699 seconds
            Master Time Step
            Processing completed...       0.7834 seconds
 
     Processing Day/Time [YYYYDDD:HHMMSS]: 2022183:225000
       Which is Equivalent to (UTC): 22:50:00 Saturday,  July 2, 2022
       Time-Step Length (HHMMSS): 000500
                 VDIFF completed...       0.1083 seconds
                COUPLE completed...       0.0025 seconds
                  HADV completed...       0.1157 seconds
                  ZADV completed...       0.0171 seconds
                 HDIFF completed...       0.0087 seconds
              DECOUPLE completed...       0.0026 seconds
                  PHOT completed...       0.0372 seconds
               CLDPROC completed...       0.0081 seconds
                  CHEM completed...       0.3051 seconds
                  AERO completed...       0.1702 seconds
            Master Time Step
            Processing completed...       0.7782 seconds
 
     Processing Day/Time [YYYYDDD:HHMMSS]: 2022183:225500
       Which is Equivalent to (UTC): 22:55:00 Saturday,  July 2, 2022
       Time-Step Length (HHMMSS): 000500
                 VDIFF completed...       0.1845 seconds
                COUPLE completed...       0.0025 seconds
                  HADV completed...       0.0681 seconds
                  ZADV completed...       0.0172 seconds
                 HDIFF completed...       0.0086 seconds
              DECOUPLE completed...       0.0026 seconds
                  PHOT completed...       0.0372 seconds
               CLDPROC completed...       0.0454 seconds
                  CHEM completed...       0.3040 seconds
                  AERO completed...       0.1700 seconds
            Master Time Step
            Processing completed...       0.8430 seconds
 
      =--> Data Output completed...       0.1156 seconds
 
     Processing Day/Time [YYYYDDD:HHMMSS]: 2022183:230000
       Which is Equivalent to (UTC): 23:00:00 Saturday,  July 2, 2022
       Time-Step Length (HHMMSS): 000500
                 VDIFF completed...       0.2569 seconds
                COUPLE completed...       0.0025 seconds
                  HADV completed...       0.1916 seconds
                  ZADV completed...       0.0171 seconds
                 HDIFF completed...       0.0079 seconds
              DECOUPLE completed...       0.0026 seconds
                  PHOT completed...       0.0391 seconds
               CLDPROC completed...       0.0084 seconds
                  CHEM completed...       0.3016 seconds
                  AERO completed...       0.1705 seconds
            Master Time Step
            Processing completed...       1.0001 seconds
 
     Processing Day/Time [YYYYDDD:HHMMSS]: 2022183:230500
       Which is Equivalent to (UTC): 23:05:00 Saturday,  July 2, 2022
       Time-Step Length (HHMMSS): 000500
                 VDIFF completed...       0.1098 seconds
                COUPLE completed...       0.0025 seconds
                  HADV completed...       0.1130 seconds
                  ZADV completed...       0.0172 seconds
                 HDIFF completed...       0.0078 seconds
              DECOUPLE completed...       0.0026 seconds
                  PHOT completed...       0.0377 seconds
               CLDPROC completed...       0.0074 seconds
                  CHEM completed...       0.2993 seconds
                  AERO completed...       0.1705 seconds
            Master Time Step
            Processing completed...       0.7705 seconds
 
     Processing Day/Time [YYYYDDD:HHMMSS]: 2022183:231000
       Which is Equivalent to (UTC): 23:10:00 Saturday,  July 2, 2022
       Time-Step Length (HHMMSS): 000500
                 VDIFF completed...       1.6456 seconds
                COUPLE completed...       0.0025 seconds
                  HADV completed...       0.0735 seconds
                  ZADV completed...       0.0171 seconds
                 HDIFF completed...       0.0078 seconds
              DECOUPLE completed...       0.0026 seconds
                  PHOT completed...       0.0381 seconds
               CLDPROC completed...       0.0064 seconds
                  CHEM completed...       0.2957 seconds
                  AERO completed...       0.1705 seconds
            Master Time Step
            Processing completed...       2.2624 seconds
 
     Processing Day/Time [YYYYDDD:HHMMSS]: 2022183:231500
       Which is Equivalent to (UTC): 23:15:00 Saturday,  July 2, 2022
       Time-Step Length (HHMMSS): 000500
                 VDIFF completed...       0.1101 seconds
                COUPLE completed...       0.0025 seconds
                  HADV completed...       0.1008 seconds
                  ZADV completed...       0.0172 seconds
                 HDIFF completed...       0.0081 seconds
              DECOUPLE completed...       0.0026 seconds
                  PHOT completed...       0.0375 seconds
               CLDPROC completed...       0.0075 seconds
                  CHEM completed...       0.2929 seconds
                  AERO completed...       0.1699 seconds
            Master Time Step
            Processing completed...       0.7519 seconds
 
     Processing Day/Time [YYYYDDD:HHMMSS]: 2022183:232000
       Which is Equivalent to (UTC): 23:20:00 Saturday,  July 2, 2022
       Time-Step Length (HHMMSS): 000500
                 VDIFF completed...       0.1073 seconds
                COUPLE completed...       0.0025 seconds
                  HADV completed...       0.1008 seconds
                  ZADV completed...       0.0171 seconds
                 HDIFF completed...       0.0077 seconds
              DECOUPLE completed...       0.0026 seconds
                  PHOT completed...       0.0372 seconds
               CLDPROC completed...       0.0084 seconds
                  CHEM completed...       0.2891 seconds
                  AERO completed...       0.1705 seconds
            Master Time Step
            Processing completed...       0.7458 seconds
 
     Processing Day/Time [YYYYDDD:HHMMSS]: 2022183:232500
       Which is Equivalent to (UTC): 23:25:00 Saturday,  July 2, 2022
       Time-Step Length (HHMMSS): 000500
                 VDIFF completed...       0.1078 seconds
                COUPLE completed...       0.0026 seconds
                  HADV completed...       0.1008 seconds
                  ZADV completed...       0.0170 seconds
                 HDIFF completed...       0.0076 seconds
              DECOUPLE completed...       0.0026 seconds
                  PHOT completed...       0.0379 seconds
               CLDPROC completed...       0.0071 seconds
                  CHEM completed...       0.2866 seconds
                  AERO completed...       0.1703 seconds
            Master Time Step
            Processing completed...       0.7456 seconds
 
     Processing Day/Time [YYYYDDD:HHMMSS]: 2022183:233000
       Which is Equivalent to (UTC): 23:30:00 Saturday,  July 2, 2022
       Time-Step Length (HHMMSS): 000500
                 VDIFF completed...       0.1070 seconds
                COUPLE completed...       0.0025 seconds
                  HADV completed...       0.0961 seconds
                  ZADV completed...       0.0170 seconds
                 HDIFF completed...       0.0074 seconds
              DECOUPLE completed...       0.0026 seconds
                  PHOT completed...       0.0378 seconds
               CLDPROC completed...       0.0071 seconds
                  CHEM completed...       0.2828 seconds
                  AERO completed...       0.1702 seconds
            Master Time Step
            Processing completed...       0.7333 seconds
 
     Processing Day/Time [YYYYDDD:HHMMSS]: 2022183:233500
       Which is Equivalent to (UTC): 23:35:00 Saturday,  July 2, 2022
       Time-Step Length (HHMMSS): 000500
                 VDIFF completed...       2.6100 seconds
                COUPLE completed...       0.0025 seconds
                  HADV completed...       0.0701 seconds
                  ZADV completed...       0.0169 seconds
                 HDIFF completed...       0.0074 seconds
              DECOUPLE completed...       0.0026 seconds
                  PHOT completed...       0.0388 seconds
               CLDPROC completed...       0.0070 seconds
                  CHEM completed...       0.2785 seconds
                  AERO completed...       0.1734 seconds
            Master Time Step
            Processing completed...       3.2098 seconds
 
     Processing Day/Time [YYYYDDD:HHMMSS]: 2022183:234000
       Which is Equivalent to (UTC): 23:40:00 Saturday,  July 2, 2022
       Time-Step Length (HHMMSS): 000500
                 VDIFF completed...       0.1053 seconds
                COUPLE completed...       0.0025 seconds
                  HADV completed...       0.0931 seconds
                  ZADV completed...       0.0171 seconds
                 HDIFF completed...       0.0080 seconds
              DECOUPLE completed...       0.0026 seconds
                  PHOT completed...       0.0381 seconds
               CLDPROC completed...       0.0066 seconds
                  CHEM completed...       0.2752 seconds
                  AERO completed...       0.1708 seconds
            Master Time Step
            Processing completed...       0.7221 seconds
 
     Processing Day/Time [YYYYDDD:HHMMSS]: 2022183:234500
       Which is Equivalent to (UTC): 23:45:00 Saturday,  July 2, 2022
       Time-Step Length (HHMMSS): 000500
                 VDIFF completed...       0.1047 seconds
                COUPLE completed...       0.0025 seconds
                  HADV completed...       0.0910 seconds
                  ZADV completed...       0.0169 seconds
                 HDIFF completed...       0.0079 seconds
              DECOUPLE completed...       0.0026 seconds
                  PHOT completed...       0.0372 seconds
               CLDPROC completed...       0.0076 seconds
                  CHEM completed...       0.2716 seconds
                  AERO completed...       0.1709 seconds
            Master Time Step
            Processing completed...       0.7157 seconds
 
     Processing Day/Time [YYYYDDD:HHMMSS]: 2022183:235000
       Which is Equivalent to (UTC): 23:50:00 Saturday,  July 2, 2022
       Time-Step Length (HHMMSS): 000500
                 VDIFF completed...       0.1036 seconds
                COUPLE completed...       0.0025 seconds
                  HADV completed...       0.0891 seconds
                  ZADV completed...       0.0171 seconds
                 HDIFF completed...       0.0084 seconds
              DECOUPLE completed...       0.0028 seconds
                  PHOT completed...       0.0371 seconds
               CLDPROC completed...       0.0067 seconds
                  CHEM completed...       0.2692 seconds
                  AERO completed...       0.1708 seconds
            Master Time Step
            Processing completed...       0.7099 seconds
 
     Processing Day/Time [YYYYDDD:HHMMSS]: 2022183:235500
       Which is Equivalent to (UTC): 23:55:00 Saturday,  July 2, 2022
       Time-Step Length (HHMMSS): 000500
                 VDIFF completed...       0.2090 seconds
                COUPLE completed...       0.0025 seconds
                  HADV completed...       0.0701 seconds
                  ZADV completed...       0.0172 seconds
                 HDIFF completed...       0.0086 seconds
              DECOUPLE completed...       0.0026 seconds
                  PHOT completed...       0.0372 seconds
               CLDPROC completed...       0.0524 seconds
                  CHEM completed...       0.2659 seconds
                  AERO completed...       0.1704 seconds
            Master Time Step
            Processing completed...       0.8388 seconds
 
      =--> Data Output completed...       0.0948 seconds
 
 
 
     ==============================================
     |>---   PROGRAM COMPLETED SUCCESSFULLY   ---<|
     ==============================================
     Date and time 0:00:00   July 3, 2022   (2022184:000000)
 
     The elapsed time for this simulation was     402.0 seconds.
 

CMAQ Processing of Day 20220702 Finished at Tue Aug 18 01:41:29 PM EDT 2026

\\\\\=====\\\\\=====\\\\\=====\\\\\=====/////=====/////=====/////=====/////


==================================
  ***** CMAQ TIMING REPORT *****
==================================
Start Day: 2022-07-01
End Day:   2022-07-02
Number of Simulation Days: 2
Domain Name:               SE60BENCH
Number of Grid Cells:      280000  (ROW x COL x LAY)
Number of Layers:          35
Number of Processes:       64
   All times are in seconds.

Num  Day        Wall Time
01   2022-07-01   412.4
02   2022-07-02   402.0
     Total Time = 814.40
      Avg. Time = 407.20
