Start Model Run At  Tue Aug 18 02:34:36 PM EDT 2026
Compiler is set to intel

Working Directory is /proj/ie/proj/CMAS/CMASOps2026/CMAQ_CMAS_6/intelmpi_intel_2024_redo/CCTM/scripts
Build Directory is /proj/ie/proj/CMAS/CMASOps2026/CMAQ_CMAS_6/intelmpi_intel_2024_redo/CCTM/scripts/BLD_CCTM_v6_intel
Output Directory is /work/users/l/i/lizadams/CMAQv6.0_2022_12SE1_Benchmark_2day//output_CCTM_v6_intel_Bench_2022_12SE1_intel_intelmpi_2nodes_32pe
Log Directory is /work/users/l/i/lizadams/CMAQv6.0_2022_12SE1_Benchmark_2day//output_CCTM_v6_intel_Bench_2022_12SE1_intel_intelmpi_2nodes_32pe/LOGS
Executable Name is CCTM_v6.exe

---CMAQ EXECUTION ID: CMAQ_CCTMv6_lizadams_20260818_183436_313024449 ---

Set up input and output files for Day 2022-07-01.

Existing Logs and Output Files for Day 2022-07-01 Will Be Deleted

CMAQ Processing of Day 20220701 Began at Tue Aug 18 02:34:36 PM EDT 2026

MPI startup(): I_MPI_VARS_SET environment variable is not supported.
MPI startup(): To check the list of supported variables, use the impi_info utility or refer to https://www.intel.com/content/www/us/en/docs/mpi-library/developer-reference-linux/
                  CTM_APPL  |  v6_intel_Bench_2022_12SE1_intel_intelmpi_2nodes_32pe_20220701
#================================================================================#        
#|                                                                              |#        
#|               The Community Multiscale Air Quality (CMAQ) Model              |#        
#|                                  Version 6.0_alpha1                          |#        
#|                                                                              |#        
#|                          Built and Maintained by the                         |#        
#|                        Office of Research and Development                    |#        
#|                   United States Environmental Protection Agency              |#        
#|                                                                              |#        
#|                            https://www.epa.gov/cmaq                          |#        
#|                                                                              |#        
#|       Source Code:   https://www.github.com/USEPA/cmaq/tree/master           |#        
#|       Documentation: https://www.github.com/USEPA/cmaq/tree/master/DOCS      |#        
#|                                                                              |#        
#|         The CMAQ Model is tested and released with cooperation from          |#        
#|         the Community Modeling and Analysis System (CMAS) Center via         |#        
#|         contract support. CMAS is managed by the Institute for the           |#        
#|         Environment, University of North Carolina at Chapel Hill.            |#        
#|         CMAS URL: (https://www.cmascenter.org)                               |#        
#|                                                                              |#        
#================================================================================#        
 
 
     ==================================
     |>---   INITIALIZE I/O-API   ---<|
     ==================================
                                                                     
     This program uses the EPA-AREAL/MCNC-EnvPgms/BAMS/ UNC IE       
     Models-3 I/O Applications Programming Interface, [I/O API]      
     which is built on top of the netCDF I/O library (Copyright      
     993, 1996 University Corporation for Atmospheric Research       
     Unidata Program) and the PVM parallel-programming library       
     (from Oak Ridge National Laboratory).                           
     Copyright (C) 1992-2002 MCNC,                                   
     (C) 1992-2018 Carlie J. Coats, Jr.,                             
     (C) 2003-2012 Baron Advanced Meteorological Systems, LLC, and   
     (C) 2014-2023 UNC Institute for the Environment.                
     Released under the GNU LGPL  License, version 2.1.  See URL     
                                                                     
         https://www.gnu.org/licenses/old-licenses/lgpl-2.1.html     
                                                                     
     for conditions of use.                                          
                                                                     
     ioapi-3.2: $Id: init3.F90 247 2023-03-22 15:59:19Z coats $
     netCDF version 4.8.1 of Aug 13 2026 10:00:20 $
      
 
 
     ===========================================
     |>---   ENVIRONMENT VARIABLE REPORT   ---<|
     ===========================================

     |> Grid and High-Level Model Parameters:
     +=========================================
        ---Env Variable---  |  ---Value---
      --------------------------------------------------------------------------------
                       BLD  |             (default)
                    OUTDIR  |  /work/users/l/i/lizadams/CMAQv6.0_2022_12SE1_Benchmark_2day//output_CCTM_v6_intel_Bench_2022_12SE1_intel_intelmpi_2nodes_32pe
                 NEW_START  |           T
            IGNORE_SOILINP  |           F (default)
              EXECUTION_ID  |  CMAQ_CCTMv6_lizadams_20260818_183436_313024449
                 GRID_NAME  |  SE60BENCH
                 CTM_TSTEP  |       10000
                CTM_RUNLEN  |      240000
              CTM_PROGNAME  |  DRIVER (default)
                CTM_STDATE  |     2022182
                CTM_STTIME  |           0
               NPCOL_NPROW  |  8 8
               CTM_MAXSYNC  |         300
               CTM_MINSYNC  |          60

     |> Multiprocess control, output and error checking:
     +====================================================
        ---Env Variable---  |  ---Value---
      --------------------------------------------------------------------------------
           PRINT_PROC_TIME  |           T
               FL_ERR_STOP  |           F
              CTM_MIO_FILE  |           F (default)
                 CTM_CKSUM  |           T
          AVG_FILE_ENDTIME  |           F
             AVG_CONC_SPCS  |  ALL
                 CONC_SPCS  |  O3 NO ANO3I ANO3J NO2 NH3 ANH4I ANH4J ASO4I ASO4J
           ACONC_BLEV_ELEV  |   1 1
            CONC_BLEV_ELEV  |   1 1
           IOAPI_LOG_WRITE  |           F
                   VERTEXT  |           F
        VERTEXT_COORD_PATH  |  /proj/ie/proj/CMAS/CMASOps2026/CMAQ_CMAS_6/intelmpi_intel_2024_redo/CCTM/scripts/lonlat.csv
             gc_matrix_nml  |  /proj/ie/proj/CMAS/CMASOps2026/CMAQ_CMAS_6/intelmpi_intel_2024_redo/CCTM/scripts/BLD_CCTM_v6_intel/GC_cracmm3.nml
             ae_matrix_nml  |  /proj/ie/proj/CMAS/CMASOps2026/CMAQ_CMAS_6/intelmpi_intel_2024_redo/CCTM/scripts/BLD_CCTM_v6_intel/AE_cracmm3.nml
             nr_matrix_nml  |  /proj/ie/proj/CMAS/CMASOps2026/CMAQ_CMAS_6/intelmpi_intel_2024_redo/CCTM/scripts/BLD_CCTM_v6_intel/NR_cracmm3.nml
             tr_matrix_nml  |  /proj/ie/proj/CMAS/CMASOps2026/CMAQ_CMAS_6/intelmpi_intel_2024_redo/CCTM/scripts/BLD_CCTM_v6_intel/Species_Table_TR_0.nml

     |> Chemistry and Photolysis:
     +=============================
        ---Env Variable---  |  ---Value---
      --------------------------------------------------------------------------------
                      MECH  |  cracmm3
              CTM_PHOTDIAG  |           F
            AEROSOL_OPTICS  |           3

      --ATOL settings are in ppmV.--

             GEAR_MAX_ATOL  |   0.100E-06 (default)
             GEAR_MIN_ATOL  |   0.100E-08 (default)
           GEAR_CONC_FLOOR  |   0.100E-11 (default)
                 GEAR_RTOL  |   0.100E-02 (default)
                   RB_RTOL  |   0.100E-02 (default)
                   RB_ATOL  |   0.100E-06 (default)
                  CTM_PVO3  |           F

     |> Aerosols:
     +=============
        ---Env Variable---  |  ---Value---
      --------------------------------------------------------------------------------
                   AERO_MT  |  HYB
            AERO_DYN_TSTEP  |          90
             BC_AERO_M2WET  |           F
             BC_AERO_M2USE  |           T
              STM_SO4TRACK  |           F

     |> Cloud Processes:
     +====================
        ---Env Variable---  |  ---Value---
      --------------------------------------------------------------------------------
                  CLD_DIAG  |           F

     |> Air-Surface Exchange Processes:
     +===================================
        ---Env Variable---  |  ---Value---
      --------------------------------------------------------------------------------
                PX_VERSION  |           T
                CTM_ABFLUX  |           T
                CTM_MOSAIC  |           F
              CTM_SFC_HONO  |           T
               CLM_VERSION  |           F
              NOAH_VERSION  |           F
             CTM_DEPV_FILE  |           F
                CTM_HGBIDI  |           F
         CTM_BIDI_FERT_NH3  |           T
             CTM_USE_STAGE  |           T
           CTM_WBDUST_BELD  |  UNKNOWN (default)
             STAGECTRL_NML  |  /proj/ie/proj/CMAS/CMASOps2026/CMAQ_CMAS_6/intelmpi_intel_2024_redo/CCTM/scripts/BLD_CCTM_v6_intel/CMAQ_Control_STAGE.nml
             CTM_STAGE_P22  |           F
             CTM_STAGE_E20  |           T
             CTM_STAGE_S22  |           F

     |> Transport Processes:
     +========================
        ---Env Variable---  |  ---Value---
      --------------------------------------------------------------------------------
           VDIFF_DIAG_FILE  |           F
            SIGMA_SYNC_TOP  |   0.700E+00
              ADV_HDIV_LIM  |   0.900E+00 (default)
               CTM_ADV_CFL  |   0.950E+00
                     KZMIN  |           T
                KZU_CUSTOM  |   0.100E+01 (default)
                  CTM_WVEL  |           T
             CTM_GRAV_SETL  |           T

     |> Emissions Parameters:
     +=========================
        ---Env Variable---  |  ---Value---
      --------------------------------------------------------------------------------
             CMAQ_CTRL_NML  |  /proj/ie/proj/CMAS/CMASOps2026/CMAQ_CMAS_6/intelmpi_intel_2024_redo/CCTM/scripts/BLD_CCTM_v6_intel/CMAQ_Control.nml
          CMAQ_CH_CTRL_NML  |  /proj/ie/proj/CMAS/CMASOps2026/CMAQ_CMAS_6/intelmpi_intel_2024_redo/CCTM/scripts/BLD_CCTM_v6_intel/CMAQ_Chem_Control_cracmm3.nml
                 N_EMIS_GR  |           2
                 N_EMIS_TR  |           0 (default)
               CTM_EMISCHK  |           F
           CTM_BIOGEMIS_BE  |           T
           CTM_BIOGEMIS_MG  |           F
             USE_MEGAN_LAI  |           F (default)
              MGN_ONLN_DEP  |           F (default)
               BDSNP_MEGAN  |           F
                USE_SEGA_N  |           F
             USE_SEGA_N_EF  |           F
                 BIOG_SPRO  |  DEFAULT (default)
                B3GTS_DIAG  |           F
              CTM_MGEMDIAG  |           F (default)
            CTM_OCEAN_CHEM  |           T
               CTM_WB_DUST  |           T
             CTM_BROWN_VEG  |           T
           CTM_DUSTEM_DIAG  |           F
              CTM_SSEMDIAG  |           F
              CTM_MET_EMIS  |           F (default)
         CTM_MET_EMIS_DIAG  |           F (default)
          CTM_MET_EMIS_HUM  |           F (default)
            CTM_LNO_ONLINE  |           T
             LTNG_ASSIM_DT  |           0 (default)
             USE_LTNG_DATA  |           T
                  LTNGDIAG  |           F
                   MOLSNCG  |   0.350E+03 (default)
                   MOLSNIC  |   0.350E+03 (default)
                LNO_OPTION  |           1
                 N_EMIS_PT  |          11
                    IPVERT  |           0 (default)
             EMIS_SYM_DATE  |           F (default)

     |> Process Analysis Parameters:
     +================================
        ---Env Variable---  |  ---Value---
      --------------------------------------------------------------------------------
                CTM_PROCAN  |           F
                CTM_BUDGET  |  /work/users/l/i/lizadams/CMAQv6.0_2022_12SE1_Benchmark_2day//output_CCTM_v6_intel_Bench_2022_12SE1_intel_intelmpi_2nodes_32pe/CCTM_BUDGET_v6_intel_Bench_2022_12SE1_intel_intelmpi_2nodes_32pe_20220701.
                 MET_TSTEP  |       10000 (default)

     MET data determined based on WRF ARW version 4.4.2

 
          -=-  MPP Processor-to-Subdomain Map  -=-
                 Number of Processors =  64
    ____________________________________________________
    |                                                  |
    |  PE    #Cols    Col_Range     #Rows    Row_Range |
    |__________________________________________________|
    |                                                  |
    |  0       13      1:  13         10      1:  10   |
    |  1       13     14:  26         10      1:  10   |
    |  2       13     27:  39         10      1:  10   |
    |  3       13     40:  52         10      1:  10   |
    |  4       12     53:  64         10      1:  10   |
    |  5       12     65:  76         10      1:  10   |
    |  6       12     77:  88         10      1:  10   |
    |  7       12     89: 100         10      1:  10   |
    |  8       13      1:  13         10     11:  20   |
    |  9       13     14:  26         10     11:  20   |
    | 10       13     27:  39         10     11:  20   |
    | 11       13     40:  52         10     11:  20   |
    | 12       12     53:  64         10     11:  20   |
    | 13       12     65:  76         10     11:  20   |
    | 14       12     77:  88         10     11:  20   |
    | 15       12     89: 100         10     11:  20   |
    | 16       13      1:  13         10     21:  30   |
    | 17       13     14:  26         10     21:  30   |
    | 18       13     27:  39         10     21:  30   |
    | 19       13     40:  52         10     21:  30   |
    | 20       12     53:  64         10     21:  30   |
    | 21       12     65:  76         10     21:  30   |
    | 22       12     77:  88         10     21:  30   |
    | 23       12     89: 100         10     21:  30   |
    | 24       13      1:  13         10     31:  40   |
    | 25       13     14:  26         10     31:  40   |
    | 26       13     27:  39         10     31:  40   |
    | 27       13     40:  52         10     31:  40   |
    | 28       12     53:  64         10     31:  40   |
    | 29       12     65:  76         10     31:  40   |
    | 30       12     77:  88         10     31:  40   |
    | 31       12     89: 100         10     31:  40   |
    | 32       13      1:  13         10     41:  50   |
    | 33       13     14:  26         10     41:  50   |
    | 34       13     27:  39         10     41:  50   |
    | 35       13     40:  52         10     41:  50   |
    | 36       12     53:  64         10     41:  50   |
    | 37       12     65:  76         10     41:  50   |
    | 38       12     77:  88         10     41:  50   |
    | 39       12     89: 100         10     41:  50   |
    | 40       13      1:  13         10     51:  60   |
    | 41       13     14:  26         10     51:  60   |
    | 42       13     27:  39         10     51:  60   |
    | 43       13     40:  52         10     51:  60   |
    | 44       12     53:  64         10     51:  60   |
    | 45       12     65:  76         10     51:  60   |
    | 46       12     77:  88         10     51:  60   |
    | 47       12     89: 100         10     51:  60   |
    | 48       13      1:  13         10     61:  70   |
    | 49       13     14:  26         10     61:  70   |
    | 50       13     27:  39         10     61:  70   |
    | 51       13     40:  52         10     61:  70   |
    | 52       12     53:  64         10     61:  70   |
    | 53       12     65:  76         10     61:  70   |
    | 54       12     77:  88         10     61:  70   |
    | 55       12     89: 100         10     61:  70   |
    | 56       13      1:  13         10     71:  80   |
    | 57       13     14:  26         10     71:  80   |
    | 58       13     27:  39         10     71:  80   |
    | 59       13     40:  52         10     71:  80   |
    | 60       12     53:  64         10     71:  80   |
    | 61       12     65:  76         10     71:  80   |
    | 62       12     77:  88         10     71:  80   |
    | 63       12     89: 100         10     71:  80   |
    |__________________________________________________|
 
 
 
     ================================
     |>---   TIME INTEGRATION   ---<|
     ================================
 
     Processing Day/Time [YYYYDDD:HHMMSS]: 2022182:000000
       Which is Equivalent to (UTC): 0:00:00  Friday,  July 1, 2022
       Time-Step Length (HHMMSS): 000500
                 VDIFF completed...       5.2063 seconds
                COUPLE completed...       0.0034 seconds
                  HADV completed...       0.9568 seconds
                  ZADV completed...       0.0198 seconds
                 HDIFF completed...       0.0300 seconds
              DECOUPLE completed...       0.0030 seconds
                  PHOT completed...       1.0921 seconds
               CLDPROC completed...       0.0076 seconds
                  CHEM completed...       0.3019 seconds
                  AERO completed...       0.1953 seconds
            Master Time Step
            Processing completed...       7.8187 seconds
 
     Processing Day/Time [YYYYDDD:HHMMSS]: 2022182:000500
       Which is Equivalent to (UTC): 0:05:00  Friday,  July 1, 2022
       Time-Step Length (HHMMSS): 000500
                 VDIFF completed...       0.1548 seconds
                COUPLE completed...       0.0027 seconds
                  HADV completed...       0.1017 seconds
                  ZADV completed...       0.0187 seconds
                 HDIFF completed...       0.0109 seconds
              DECOUPLE completed...       0.0028 seconds
                  PHOT completed...       0.0398 seconds
               CLDPROC completed...       0.0099 seconds
                  CHEM completed...       0.3009 seconds
                  AERO completed...       0.1771 seconds
            Master Time Step
            Processing completed...       0.8219 seconds
 
     Processing Day/Time [YYYYDDD:HHMMSS]: 2022182:001000
       Which is Equivalent to (UTC): 0:10:00  Friday,  July 1, 2022
       Time-Step Length (HHMMSS): 000500
                 VDIFF completed...       0.1236 seconds
                COUPLE completed...       0.0025 seconds
                  HADV completed...       0.0895 seconds
                  ZADV completed...       0.0174 seconds
                 HDIFF completed...       0.0106 seconds
              DECOUPLE completed...       0.0028 seconds
                  PHOT completed...       0.0378 seconds
               CLDPROC completed...       0.0051 seconds
                  CHEM completed...       0.2954 seconds
                  AERO completed...       0.1781 seconds
            Master Time Step
            Processing completed...       0.7647 seconds
 
     Processing Day/Time [YYYYDDD:HHMMSS]: 2022182:001500
       Which is Equivalent to (UTC): 0:15:00  Friday,  July 1, 2022
       Time-Step Length (HHMMSS): 000500
                 VDIFF completed...       0.1727 seconds
                COUPLE completed...       0.0025 seconds
                  HADV completed...       0.0824 seconds
                  ZADV completed...       0.0172 seconds
                 HDIFF completed...       0.0195 seconds
              DECOUPLE completed...       0.0027 seconds
                  PHOT completed...       0.0379 seconds
               CLDPROC completed...       0.0051 seconds
                  CHEM completed...       0.2988 seconds
                  AERO completed...       0.1809 seconds
            Master Time Step
            Processing completed...       0.8214 seconds
 
     Processing Day/Time [YYYYDDD:HHMMSS]: 2022182:002000
       Which is Equivalent to (UTC): 0:20:00  Friday,  July 1, 2022
       Time-Step Length (HHMMSS): 000500
                 VDIFF completed...       0.1276 seconds
                COUPLE completed...       0.0025 seconds
                  HADV completed...       0.0913 seconds
                  ZADV completed...       0.0173 seconds
                 HDIFF completed...       0.0172 seconds
              DECOUPLE completed...       0.0026 seconds
                  PHOT completed...       0.0381 seconds
               CLDPROC completed...       0.0047 seconds
                  CHEM completed...       0.2972 seconds
                  AERO completed...       0.1822 seconds
            Master Time Step
            Processing completed...       0.7831 seconds
 
     Processing Day/Time [YYYYDDD:HHMMSS]: 2022182:002500
       Which is Equivalent to (UTC): 0:25:00  Friday,  July 1, 2022
       Time-Step Length (HHMMSS): 000500
                 VDIFF completed...       0.1461 seconds
                COUPLE completed...       0.0025 seconds
                  HADV completed...       0.0930 seconds
                  ZADV completed...       0.0189 seconds
                 HDIFF completed...       0.0135 seconds
              DECOUPLE completed...       0.0027 seconds
                  PHOT completed...       0.0336 seconds
               CLDPROC completed...       0.0064 seconds
                  CHEM completed...       0.2987 seconds
                  AERO completed...       0.1808 seconds
            Master Time Step
            Processing completed...       0.7987 seconds
 
     Processing Day/Time [YYYYDDD:HHMMSS]: 2022182:003000
       Which is Equivalent to (UTC): 0:30:00  Friday,  July 1, 2022
       Time-Step Length (HHMMSS): 000500
                 VDIFF completed...       0.1227 seconds
                COUPLE completed...       0.0025 seconds
                  HADV completed...       0.0873 seconds
                  ZADV completed...       0.0177 seconds
                 HDIFF completed...       0.0195 seconds
              DECOUPLE completed...       0.0026 seconds
                  PHOT completed...       0.0263 seconds
               CLDPROC completed...       0.0061 seconds
                  CHEM completed...       0.2623 seconds
                  AERO completed...       0.1800 seconds
            Master Time Step
            Processing completed...       0.7292 seconds
 
     Processing Day/Time [YYYYDDD:HHMMSS]: 2022182:003500
       Which is Equivalent to (UTC): 0:35:00  Friday,  July 1, 2022
       Time-Step Length (HHMMSS): 000500
                 VDIFF completed...       0.1643 seconds
                COUPLE completed...       0.0025 seconds
                  HADV completed...       0.0885 seconds
                  ZADV completed...       0.0183 seconds
                 HDIFF completed...       0.0082 seconds
              DECOUPLE completed...       0.0027 seconds
                  PHOT completed...       0.0249 seconds
               CLDPROC completed...       0.0046 seconds
                  CHEM completed...       0.2180 seconds
                  AERO completed...       0.1796 seconds
            Master Time Step
            Processing completed...       0.7132 seconds
 
     Processing Day/Time [YYYYDDD:HHMMSS]: 2022182:004000
       Which is Equivalent to (UTC): 0:40:00  Friday,  July 1, 2022
       Time-Step Length (HHMMSS): 000500
                 VDIFF completed...       0.1557 seconds
                COUPLE completed...       0.0025 seconds
                  HADV completed...       0.0954 seconds
                  ZADV completed...       0.0173 seconds
                 HDIFF completed...       0.0132 seconds
              DECOUPLE completed...       0.0026 seconds
                  PHOT completed...       0.0246 seconds
               CLDPROC completed...       0.0044 seconds
                  CHEM completed...       0.1872 seconds
                  AERO completed...       0.1791 seconds
            Master Time Step
            Processing completed...       0.6840 seconds
 
     Processing Day/Time [YYYYDDD:HHMMSS]: 2022182:004500
       Which is Equivalent to (UTC): 0:45:00  Friday,  July 1, 2022
       Time-Step Length (HHMMSS): 000500
                 VDIFF completed...       0.1661 seconds
                COUPLE completed...       0.0026 seconds
                  HADV completed...       0.0991 seconds
                  ZADV completed...       0.0183 seconds
                 HDIFF completed...       0.0147 seconds
              DECOUPLE completed...       0.0031 seconds
                  PHOT completed...       0.0261 seconds
               CLDPROC completed...       0.0055 seconds
                  CHEM completed...       0.1719 seconds
                  AERO completed...       0.1814 seconds
            Master Time Step
            Processing completed...       0.6918 seconds
 
     Processing Day/Time [YYYYDDD:HHMMSS]: 2022182:005000
       Which is Equivalent to (UTC): 0:50:00  Friday,  July 1, 2022
       Time-Step Length (HHMMSS): 000500
                 VDIFF completed...       0.1590 seconds
                COUPLE completed...       0.0025 seconds
                  HADV completed...       0.0967 seconds
                  ZADV completed...       0.0174 seconds
                 HDIFF completed...       0.0147 seconds
              DECOUPLE completed...       0.0026 seconds
                  PHOT completed...       0.0183 seconds
               CLDPROC completed...       0.0047 seconds
                  CHEM completed...       0.1632 seconds
                  AERO completed...       0.1776 seconds
            Master Time Step
            Processing completed...       0.6591 seconds
 
     Processing Day/Time [YYYYDDD:HHMMSS]: 2022182:005500
       Which is Equivalent to (UTC): 0:55:00  Friday,  July 1, 2022
       Time-Step Length (HHMMSS): 000500
                 VDIFF completed...       0.2094 seconds
                COUPLE completed...       0.0025 seconds
                  HADV completed...       0.0935 seconds
                  ZADV completed...       0.0181 seconds
                 HDIFF completed...       0.0137 seconds
              DECOUPLE completed...       0.0027 seconds
                  PHOT completed...       0.0040 seconds
               CLDPROC completed...       0.3353 seconds
                  CHEM completed...       0.1582 seconds
                  AERO completed...       0.1779 seconds
            Master Time Step
            Processing completed...       1.0179 seconds
 
      =--> Data Output completed...       1.0836 seconds
 
     Processing Day/Time [YYYYDDD:HHMMSS]: 2022182:010000
       Which is Equivalent to (UTC): 1:00:00  Friday,  July 1, 2022
       Time-Step Length (HHMMSS): 000500
                 VDIFF completed...       0.9367 seconds
                COUPLE completed...       0.0025 seconds
                  HADV completed...       0.3335 seconds
                  ZADV completed...       0.0186 seconds
                 HDIFF completed...       0.0084 seconds
              DECOUPLE completed...       0.0027 seconds
                  PHOT completed...       0.0166 seconds
               CLDPROC completed...       0.0061 seconds
                  CHEM completed...       0.1509 seconds
                  AERO completed...       0.1768 seconds
            Master Time Step
            Processing completed...       1.6544 seconds
 
     Processing Day/Time [YYYYDDD:HHMMSS]: 2022182:010500
       Which is Equivalent to (UTC): 1:05:00  Friday,  July 1, 2022
       Time-Step Length (HHMMSS): 000500
                 VDIFF completed...       0.1296 seconds
                COUPLE completed...       0.0027 seconds
                  HADV completed...       0.1011 seconds
                  ZADV completed...       0.0174 seconds
                 HDIFF completed...       0.0173 seconds
              DECOUPLE completed...       0.0026 seconds
                  PHOT completed...       0.0023 seconds
               CLDPROC completed...       0.0046 seconds
                  CHEM completed...       0.1458 seconds
                  AERO completed...       0.1758 seconds
            Master Time Step
            Processing completed...       0.6009 seconds
 
     Processing Day/Time [YYYYDDD:HHMMSS]: 2022182:011000
       Which is Equivalent to (UTC): 1:10:00  Friday,  July 1, 2022
       Time-Step Length (HHMMSS): 000500
                 VDIFF completed...       0.1300 seconds
                COUPLE completed...       0.0025 seconds
                  HADV completed...       0.1129 seconds
                  ZADV completed...       0.0191 seconds
                 HDIFF completed...       0.0168 seconds
              DECOUPLE completed...       0.0027 seconds
                  PHOT completed...       0.0028 seconds
               CLDPROC completed...       0.0072 seconds
                  CHEM completed...       0.1470 seconds
                  AERO completed...       0.1769 seconds
            Master Time Step
            Processing completed...       0.6205 seconds
 
     Processing Day/Time [YYYYDDD:HHMMSS]: 2022182:011500
       Which is Equivalent to (UTC): 1:15:00  Friday,  July 1, 2022
       Time-Step Length (HHMMSS): 000500
                 VDIFF completed...       0.1442 seconds
                COUPLE completed...       0.0025 seconds
                  HADV completed...       0.0912 seconds
                  ZADV completed...       0.0173 seconds
                 HDIFF completed...       0.0179 seconds
              DECOUPLE completed...       0.0026 seconds
                  PHOT completed...       0.0024 seconds
               CLDPROC completed...       0.0050 seconds
                  CHEM completed...       0.1428 seconds
                  AERO completed...       0.1752 seconds
            Master Time Step
            Processing completed...       0.6029 seconds
 
     Processing Day/Time [YYYYDDD:HHMMSS]: 2022182:012000
       Which is Equivalent to (UTC): 1:20:00  Friday,  July 1, 2022
       Time-Step Length (HHMMSS): 000500
                 VDIFF completed...       0.1418 seconds
                COUPLE completed...       0.0025 seconds
                  HADV completed...       0.0789 seconds
                  ZADV completed...       0.0180 seconds
                 HDIFF completed...       0.0100 seconds
              DECOUPLE completed...       0.0026 seconds
                  PHOT completed...       0.0024 seconds
               CLDPROC completed...       0.0063 seconds
                  CHEM completed...       0.1441 seconds
                  AERO completed...       0.1753 seconds
            Master Time Step
            Processing completed...       0.5840 seconds
 
     Processing Day/Time [YYYYDDD:HHMMSS]: 2022182:012500
       Which is Equivalent to (UTC): 1:25:00  Friday,  July 1, 2022
       Time-Step Length (HHMMSS): 000500
                 VDIFF completed...       0.1251 seconds
                COUPLE completed...       0.0026 seconds
                  HADV completed...       0.1024 seconds
                  ZADV completed...       0.0172 seconds
                 HDIFF completed...       0.0115 seconds
              DECOUPLE completed...       0.0026 seconds
                  PHOT completed...       0.0024 seconds
               CLDPROC completed...       0.0053 seconds
                  CHEM completed...       0.1426 seconds
                  AERO completed...       0.1749 seconds
            Master Time Step
            Processing completed...       0.5883 seconds
 
     Processing Day/Time [YYYYDDD:HHMMSS]: 2022182:013000
       Which is Equivalent to (UTC): 1:30:00  Friday,  July 1, 2022
       Time-Step Length (HHMMSS): 000500
                 VDIFF completed...       0.1474 seconds
                COUPLE completed...       0.0025 seconds
                  HADV completed...       0.0830 seconds
                  ZADV completed...       0.0174 seconds
                 HDIFF completed...       0.0140 seconds
              DECOUPLE completed...       0.0027 seconds
                  PHOT completed...       0.0023 seconds
               CLDPROC completed...       0.0046 seconds
                  CHEM completed...       0.1401 seconds
                  AERO completed...       0.1734 seconds
            Master Time Step
            Processing completed...       0.5894 seconds
 
     Processing Day/Time [YYYYDDD:HHMMSS]: 2022182:013500
       Which is Equivalent to (UTC): 1:35:00  Friday,  July 1, 2022
       Time-Step Length (HHMMSS): 000500
                 VDIFF completed...       0.1608 seconds
                COUPLE completed...       0.0026 seconds
                  HADV completed...       0.0961 seconds
                  ZADV completed...       0.0176 seconds
                 HDIFF completed...       0.0164 seconds
              DECOUPLE completed...       0.0027 seconds
                  PHOT completed...       0.0025 seconds
               CLDPROC completed...       0.0070 seconds
                  CHEM completed...       0.1397 seconds
                  AERO completed...       0.1738 seconds
            Master Time Step
            Processing completed...       0.6216 seconds
 
     Processing Day/Time [YYYYDDD:HHMMSS]: 2022182:014000
       Which is Equivalent to (UTC): 1:40:00  Friday,  July 1, 2022
       Time-Step Length (HHMMSS): 000500
                 VDIFF completed...       0.1365 seconds
                COUPLE completed...       0.0025 seconds
                  HADV completed...       0.0924 seconds
                  ZADV completed...       0.0174 seconds
                 HDIFF completed...       0.0111 seconds
              DECOUPLE completed...       0.0026 seconds
                  PHOT completed...       0.0024 seconds
               CLDPROC completed...       0.0052 seconds
                  CHEM completed...       0.1361 seconds
                  AERO completed...       0.1740 seconds
            Master Time Step
            Processing completed...       0.5818 seconds
 
     Processing Day/Time [YYYYDDD:HHMMSS]: 2022182:014500
       Which is Equivalent to (UTC): 1:45:00  Friday,  July 1, 2022
       Time-Step Length (HHMMSS): 000500
                 VDIFF completed...       0.1760 seconds
                COUPLE completed...       0.0025 seconds
                  HADV completed...       0.0921 seconds
                  ZADV completed...       0.0196 seconds
                 HDIFF completed...       0.0153 seconds
              DECOUPLE completed...       0.0027 seconds
                  PHOT completed...       0.0025 seconds
               CLDPROC completed...       0.0086 seconds
                  CHEM completed...       0.1350 seconds
                  AERO completed...       0.1726 seconds
            Master Time Step
            Processing completed...       0.6293 seconds
 
     Processing Day/Time [YYYYDDD:HHMMSS]: 2022182:015000
       Which is Equivalent to (UTC): 1:50:00  Friday,  July 1, 2022
       Time-Step Length (HHMMSS): 000500
                 VDIFF completed...       0.1395 seconds
                COUPLE completed...       0.0026 seconds
                  HADV completed...       0.0840 seconds
                  ZADV completed...       0.0181 seconds
                 HDIFF completed...       0.0076 seconds
              DECOUPLE completed...       0.0028 seconds
                  PHOT completed...       0.0028 seconds
               CLDPROC completed...       0.0063 seconds
                  CHEM completed...       0.1331 seconds
                  AERO completed...       0.1752 seconds
            Master Time Step
            Processing completed...       0.5738 seconds
 
     Processing Day/Time [YYYYDDD:HHMMSS]: 2022182:015500
       Which is Equivalent to (UTC): 1:55:00  Friday,  July 1, 2022
       Time-Step Length (HHMMSS): 000500
                 VDIFF completed...       0.1883 seconds
                COUPLE completed...       0.0026 seconds
                  HADV completed...       0.0930 seconds
                  ZADV completed...       0.0183 seconds
                 HDIFF completed...       0.0090 seconds
              DECOUPLE completed...       0.0030 seconds
                  PHOT completed...       0.0025 seconds
               CLDPROC completed...       0.0539 seconds
                  CHEM completed...       0.1334 seconds
                  AERO completed...       0.1747 seconds
            Master Time Step
            Processing completed...       0.6815 seconds
 
      =--> Data Output completed...       0.1396 seconds
 
     Processing Day/Time [YYYYDDD:HHMMSS]: 2022182:020000
       Which is Equivalent to (UTC): 2:00:00  Friday,  July 1, 2022
       Time-Step Length (HHMMSS): 000500
                 VDIFF completed...       0.8077 seconds
                COUPLE completed...       0.0027 seconds
                  HADV completed...       0.2088 seconds
                  ZADV completed...       0.0175 seconds
                 HDIFF completed...       0.0126 seconds
              DECOUPLE completed...       0.0026 seconds
                  PHOT completed...       0.0093 seconds
               CLDPROC completed...       0.0062 seconds
                  CHEM completed...       0.1311 seconds
                  AERO completed...       0.1772 seconds
            Master Time Step
            Processing completed...       1.3777 seconds
 
     Processing Day/Time [YYYYDDD:HHMMSS]: 2022182:020500
       Which is Equivalent to (UTC): 2:05:00  Friday,  July 1, 2022
       Time-Step Length (HHMMSS): 000500
                 VDIFF completed...       0.1513 seconds
                COUPLE completed...       0.0026 seconds
                  HADV completed...       0.0734 seconds
                  ZADV completed...       0.0177 seconds
                 HDIFF completed...       0.0153 seconds
              DECOUPLE completed...       0.0027 seconds
                  PHOT completed...       0.0023 seconds
               CLDPROC completed...       0.0047 seconds
                  CHEM completed...       0.1305 seconds
                  AERO completed...       0.1739 seconds
            Master Time Step
            Processing completed...       0.5761 seconds
 
     Processing Day/Time [YYYYDDD:HHMMSS]: 2022182:021000
       Which is Equivalent to (UTC): 2:10:00  Friday,  July 1, 2022
       Time-Step Length (HHMMSS): 000500
                 VDIFF completed...       0.1477 seconds
                COUPLE completed...       0.0025 seconds
                  HADV completed...       0.0830 seconds
                  ZADV completed...       0.0193 seconds
                 HDIFF completed...       0.0122 seconds
              DECOUPLE completed...       0.0029 seconds
                  PHOT completed...       0.0026 seconds
               CLDPROC completed...       0.0077 seconds
                  CHEM completed...       0.1325 seconds
                  AERO completed...       0.1746 seconds
            Master Time Step
            Processing completed...       0.5874 seconds
 
     Processing Day/Time [YYYYDDD:HHMMSS]: 2022182:021500
       Which is Equivalent to (UTC): 2:15:00  Friday,  July 1, 2022
       Time-Step Length (HHMMSS): 000500
                 VDIFF completed...       0.1604 seconds
                COUPLE completed...       0.0025 seconds
                  HADV completed...       0.0876 seconds
                  ZADV completed...       0.0180 seconds
                 HDIFF completed...       0.0074 seconds
              DECOUPLE completed...       0.0026 seconds
                  PHOT completed...       0.0023 seconds
               CLDPROC completed...       0.0050 seconds
                  CHEM completed...       0.1320 seconds
                  AERO completed...       0.1718 seconds
            Master Time Step
            Processing completed...       0.5915 seconds
 
     Processing Day/Time [YYYYDDD:HHMMSS]: 2022182:022000
       Which is Equivalent to (UTC): 2:20:00  Friday,  July 1, 2022
       Time-Step Length (HHMMSS): 000500
                 VDIFF completed...       0.1514 seconds
                COUPLE completed...       0.0025 seconds
                  HADV completed...       0.0881 seconds
                  ZADV completed...       0.0173 seconds
                 HDIFF completed...       0.0117 seconds
              DECOUPLE completed...       0.0026 seconds
                  PHOT completed...       0.0025 seconds
               CLDPROC completed...       0.0061 seconds
                  CHEM completed...       0.1309 seconds
                  AERO completed...       0.1754 seconds
            Master Time Step
            Processing completed...       0.5904 seconds
 
     Processing Day/Time [YYYYDDD:HHMMSS]: 2022182:022500
       Which is Equivalent to (UTC): 2:25:00  Friday,  July 1, 2022
       Time-Step Length (HHMMSS): 000500
                 VDIFF completed...       0.1505 seconds
                COUPLE completed...       0.0025 seconds
                  HADV completed...       0.0760 seconds
                  ZADV completed...       0.0173 seconds
                 HDIFF completed...       0.0097 seconds
              DECOUPLE completed...       0.0026 seconds
                  PHOT completed...       0.0026 seconds
               CLDPROC completed...       0.0048 seconds
                  CHEM completed...       0.1280 seconds
                  AERO completed...       0.1726 seconds
            Master Time Step
            Processing completed...       0.5683 seconds
 
     Processing Day/Time [YYYYDDD:HHMMSS]: 2022182:023000
       Which is Equivalent to (UTC): 2:30:00  Friday,  July 1, 2022
       Time-Step Length (HHMMSS): 000500
                 VDIFF completed...       0.1402 seconds
                COUPLE completed...       0.0028 seconds
                  HADV completed...       0.0850 seconds
                  ZADV completed...       0.0172 seconds
                 HDIFF completed...       0.0113 seconds
              DECOUPLE completed...       0.0026 seconds
                  PHOT completed...       0.0024 seconds
               CLDPROC completed...       0.0050 seconds
                  CHEM completed...       0.1302 seconds
                  AERO completed...       0.1747 seconds
            Master Time Step
            Processing completed...       0.5733 seconds
 
     Processing Day/Time [YYYYDDD:HHMMSS]: 2022182:023500
       Which is Equivalent to (UTC): 2:35:00  Friday,  July 1, 2022
       Time-Step Length (HHMMSS): 000500
                 VDIFF completed...       0.1487 seconds
                COUPLE completed...       0.0025 seconds
                  HADV completed...       0.0918 seconds
                  ZADV completed...       0.0187 seconds
                 HDIFF completed...       0.0157 seconds
              DECOUPLE completed...       0.0035 seconds
                  PHOT completed...       0.0040 seconds
               CLDPROC completed...       0.0046 seconds
                  CHEM completed...       0.1295 seconds
                  AERO completed...       0.1765 seconds
            Master Time Step
            Processing completed...       0.5978 seconds
 
     Processing Day/Time [YYYYDDD:HHMMSS]: 2022182:024000
       Which is Equivalent to (UTC): 2:40:00  Friday,  July 1, 2022
       Time-Step Length (HHMMSS): 000500
                 VDIFF completed...       0.1682 seconds
                COUPLE completed...       0.0025 seconds
                  HADV completed...       0.0782 seconds
                  ZADV completed...       0.0188 seconds
                 HDIFF completed...       0.0118 seconds
              DECOUPLE completed...       0.0026 seconds
                  PHOT completed...       0.0025 seconds
               CLDPROC completed...       0.0052 seconds
                  CHEM completed...       0.1273 seconds
                  AERO completed...       0.1734 seconds
            Master Time Step
            Processing completed...       0.5924 seconds
 
     Processing Day/Time [YYYYDDD:HHMMSS]: 2022182:024500
       Which is Equivalent to (UTC): 2:45:00  Friday,  July 1, 2022
       Time-Step Length (HHMMSS): 000500
                 VDIFF completed...       0.1448 seconds
                COUPLE completed...       0.0028 seconds
                  HADV completed...       0.0942 seconds
                  ZADV completed...       0.0174 seconds
                 HDIFF completed...       0.0132 seconds
              DECOUPLE completed...       0.0027 seconds
                  PHOT completed...       0.0023 seconds
               CLDPROC completed...       0.0051 seconds
                  CHEM completed...       0.1299 seconds
                  AERO completed...       0.1755 seconds
            Master Time Step
            Processing completed...       0.5899 seconds
 
     Processing Day/Time [YYYYDDD:HHMMSS]: 2022182:025000
       Which is Equivalent to (UTC): 2:50:00  Friday,  July 1, 2022
       Time-Step Length (HHMMSS): 000500
                 VDIFF completed...       0.1666 seconds
                COUPLE completed...       0.0026 seconds
                  HADV completed...       0.0840 seconds
                  ZADV completed...       0.0174 seconds
                 HDIFF completed...       0.0127 seconds
              DECOUPLE completed...       0.0026 seconds
                  PHOT completed...       0.0024 seconds
               CLDPROC completed...       0.0054 seconds
                  CHEM completed...       0.1282 seconds
                  AERO completed...       0.1755 seconds
            Master Time Step
            Processing completed...       0.5990 seconds
 
     Processing Day/Time [YYYYDDD:HHMMSS]: 2022182:025500
       Which is Equivalent to (UTC): 2:55:00  Friday,  July 1, 2022
       Time-Step Length (HHMMSS): 000500
                 VDIFF completed...       0.1695 seconds
                COUPLE completed...       0.0025 seconds
                  HADV completed...       0.0783 seconds
                  ZADV completed...       0.0173 seconds
                 HDIFF completed...       0.0116 seconds
              DECOUPLE completed...       0.0026 seconds
                  PHOT completed...       0.0023 seconds
               CLDPROC completed...       0.0541 seconds
                  CHEM completed...       0.1287 seconds
                  AERO completed...       0.1768 seconds
            Master Time Step
            Processing completed...       0.6454 seconds
 
      =--> Data Output completed...       0.1086 seconds
 
     Processing Day/Time [YYYYDDD:HHMMSS]: 2022182:030000
       Which is Equivalent to (UTC): 3:00:00  Friday,  July 1, 2022
       Time-Step Length (HHMMSS): 000500
                 VDIFF completed...       0.8283 seconds
                COUPLE completed...       0.0025 seconds
                  HADV completed...       0.5840 seconds
                  ZADV completed...       0.0191 seconds
                 HDIFF completed...       0.0165 seconds
              DECOUPLE completed...       0.0026 seconds
                  PHOT completed...       0.0114 seconds
               CLDPROC completed...       0.0059 seconds
                  CHEM completed...       0.1265 seconds
                  AERO completed...       0.1725 seconds
            Master Time Step
            Processing completed...       1.7717 seconds
 
     Processing Day/Time [YYYYDDD:HHMMSS]: 2022182:030500
       Which is Equivalent to (UTC): 3:05:00  Friday,  July 1, 2022
       Time-Step Length (HHMMSS): 000500
                 VDIFF completed...       0.1603 seconds
                COUPLE completed...       0.0025 seconds
                  HADV completed...       0.0931 seconds
                  ZADV completed...       0.0175 seconds
                 HDIFF completed...       0.0113 seconds
              DECOUPLE completed...       0.0026 seconds
                  PHOT completed...       0.0023 seconds
               CLDPROC completed...       0.0059 seconds
                  CHEM completed...       0.1286 seconds
                  AERO completed...       0.1735 seconds
            Master Time Step
            Processing completed...       0.5993 seconds
 
     Processing Day/Time [YYYYDDD:HHMMSS]: 2022182:031000
       Which is Equivalent to (UTC): 3:10:00  Friday,  July 1, 2022
       Time-Step Length (HHMMSS): 000500
                 VDIFF completed...       0.1225 seconds
                COUPLE completed...       0.0025 seconds
                  HADV completed...       0.1131 seconds
                  ZADV completed...       0.0189 seconds
                 HDIFF completed...       0.0141 seconds
              DECOUPLE completed...       0.0027 seconds
                  PHOT completed...       0.0026 seconds
               CLDPROC completed...       0.0089 seconds
                  CHEM completed...       0.1302 seconds
                  AERO completed...       0.1749 seconds
            Master Time Step
            Processing completed...       0.5928 seconds
 
     Processing Day/Time [YYYYDDD:HHMMSS]: 2022182:031500
       Which is Equivalent to (UTC): 3:15:00  Friday,  July 1, 2022
       Time-Step Length (HHMMSS): 000500
                 VDIFF completed...       0.1413 seconds
                COUPLE completed...       0.0025 seconds
                  HADV completed...       0.0843 seconds
                  ZADV completed...       0.0175 seconds
                 HDIFF completed...       0.0226 seconds
              DECOUPLE completed...       0.0026 seconds
                  PHOT completed...       0.0023 seconds
               CLDPROC completed...       0.0048 seconds
                  CHEM completed...       0.1282 seconds
                  AERO completed...       0.1744 seconds
            Master Time Step
            Processing completed...       0.5824 seconds
 
     Processing Day/Time [YYYYDDD:HHMMSS]: 2022182:032000
       Which is Equivalent to (UTC): 3:20:00  Friday,  July 1, 2022
       Time-Step Length (HHMMSS): 000500
                 VDIFF completed...       0.1376 seconds
                COUPLE completed...       0.0025 seconds
                  HADV completed...       0.0806 seconds
                  ZADV completed...       0.0179 seconds
                 HDIFF completed...       0.0184 seconds
              DECOUPLE completed...       0.0026 seconds
                  PHOT completed...       0.0026 seconds
               CLDPROC completed...       0.0075 seconds
                  CHEM completed...       0.1286 seconds
                  AERO completed...       0.1764 seconds
            Master Time Step
            Processing completed...       0.5771 seconds
 
     Processing Day/Time [YYYYDDD:HHMMSS]: 2022182:032500
       Which is Equivalent to (UTC): 3:25:00  Friday,  July 1, 2022
       Time-Step Length (HHMMSS): 000500
                 VDIFF completed...       0.1530 seconds
                COUPLE completed...       0.0025 seconds
                  HADV completed...       0.0928 seconds
                  ZADV completed...       0.0175 seconds
                 HDIFF completed...       0.0101 seconds
              DECOUPLE completed...       0.0026 seconds
                  PHOT completed...       0.0023 seconds
               CLDPROC completed...       0.0049 seconds
                  CHEM completed...       0.1279 seconds
                  AERO completed...       0.1739 seconds
            Master Time Step
            Processing completed...       0.5895 seconds
 
     Processing Day/Time [YYYYDDD:HHMMSS]: 2022182:033000
       Which is Equivalent to (UTC): 3:30:00  Friday,  July 1, 2022
       Time-Step Length (HHMMSS): 000500
                 VDIFF completed...       0.1254 seconds
                COUPLE completed...       0.0027 seconds
                  HADV completed...       0.0909 seconds
                  ZADV completed...       0.0171 seconds
                 HDIFF completed...       0.0112 seconds
              DECOUPLE completed...       0.0027 seconds
                  PHOT completed...       0.0024 seconds
               CLDPROC completed...       0.0046 seconds
                  CHEM completed...       0.1278 seconds
                  AERO completed...       0.1752 seconds
            Master Time Step
            Processing completed...       0.5614 seconds
 
     Processing Day/Time [YYYYDDD:HHMMSS]: 2022182:033500
       Which is Equivalent to (UTC): 3:35:00  Friday,  July 1, 2022
       Time-Step Length (HHMMSS): 000500
                 VDIFF completed...       0.1376 seconds
                COUPLE completed...       0.0025 seconds
                  HADV completed...       0.1025 seconds
                  ZADV completed...       0.0199 seconds
                 HDIFF completed...       0.0113 seconds
              DECOUPLE completed...       0.0028 seconds
                  PHOT completed...       0.0025 seconds
               CLDPROC completed...       0.0081 seconds
                  CHEM completed...       0.1292 seconds
                  AERO completed...       0.1755 seconds
            Master Time Step
            Processing completed...       0.5944 seconds
 
     Processing Day/Time [YYYYDDD:HHMMSS]: 2022182:034000
       Which is Equivalent to (UTC): 3:40:00  Friday,  July 1, 2022
       Time-Step Length (HHMMSS): 000500
                 VDIFF completed...       0.1353 seconds
                COUPLE completed...       0.0025 seconds
                  HADV completed...       0.0791 seconds
                  ZADV completed...       0.0178 seconds
                 HDIFF completed...       0.0207 seconds
              DECOUPLE completed...       0.0029 seconds
                  PHOT completed...       0.0024 seconds
               CLDPROC completed...       0.0045 seconds
                  CHEM completed...       0.1277 seconds
                  AERO completed...       0.1752 seconds
            Master Time Step
            Processing completed...       0.5698 seconds
 
     Processing Day/Time [YYYYDDD:HHMMSS]: 2022182:034500
       Which is Equivalent to (UTC): 3:45:00  Friday,  July 1, 2022
       Time-Step Length (HHMMSS): 000500
                 VDIFF completed...       0.1335 seconds
                COUPLE completed...       0.0025 seconds
                  HADV completed...       0.0849 seconds
                  ZADV completed...       0.0183 seconds
                 HDIFF completed...       0.0117 seconds
              DECOUPLE completed...       0.0026 seconds
                  PHOT completed...       0.0024 seconds
               CLDPROC completed...       0.0082 seconds
                  CHEM completed...       0.1296 seconds
                  AERO completed...       0.1746 seconds
            Master Time Step
            Processing completed...       0.5709 seconds
 
     Processing Day/Time [YYYYDDD:HHMMSS]: 2022182:035000
       Which is Equivalent to (UTC): 3:50:00  Friday,  July 1, 2022
       Time-Step Length (HHMMSS): 000500
                 VDIFF completed...       0.1445 seconds
                COUPLE completed...       0.0025 seconds
                  HADV completed...       0.0913 seconds
                  ZADV completed...       0.0173 seconds
                 HDIFF completed...       0.0144 seconds
              DECOUPLE completed...       0.0026 seconds
                  PHOT completed...       0.0024 seconds
               CLDPROC completed...       0.0058 seconds
                  CHEM completed...       0.1284 seconds
                  AERO completed...       0.1739 seconds
            Master Time Step
            Processing completed...       0.5852 seconds
 
     Processing Day/Time [YYYYDDD:HHMMSS]: 2022182:035500
       Which is Equivalent to (UTC): 3:55:00  Friday,  July 1, 2022
       Time-Step Length (HHMMSS): 000500
                 VDIFF completed...       0.1766 seconds
                COUPLE completed...       0.0026 seconds
                  HADV completed...       0.0813 seconds
                  ZADV completed...       0.0182 seconds
                 HDIFF completed...       0.0117 seconds
              DECOUPLE completed...       0.0030 seconds
                  PHOT completed...       0.0024 seconds
               CLDPROC completed...       0.0462 seconds
                  CHEM completed...       0.1287 seconds
                  AERO completed...       0.1775 seconds
            Master Time Step
            Processing completed...       0.6506 seconds
 
      =--> Data Output completed...       0.1061 seconds
 
     Processing Day/Time [YYYYDDD:HHMMSS]: 2022182:040000
       Which is Equivalent to (UTC): 4:00:00  Friday,  July 1, 2022
       Time-Step Length (HHMMSS): 000500
                 VDIFF completed...       0.8502 seconds
                COUPLE completed...       0.0026 seconds
                  HADV completed...       0.2095 seconds
                  ZADV completed...       0.0186 seconds
                 HDIFF completed...       0.0132 seconds
              DECOUPLE completed...       0.0031 seconds
                  PHOT completed...       0.0122 seconds
               CLDPROC completed...       0.0065 seconds
                  CHEM completed...       0.1300 seconds
                  AERO completed...       0.1755 seconds
            Master Time Step
            Processing completed...       1.4240 seconds
 
     Processing Day/Time [YYYYDDD:HHMMSS]: 2022182:040500
       Which is Equivalent to (UTC): 4:05:00  Friday,  July 1, 2022
       Time-Step Length (HHMMSS): 000500
                 VDIFF completed...       0.1396 seconds
                COUPLE completed...       0.0025 seconds
                  HADV completed...       0.0813 seconds
                  ZADV completed...       0.0179 seconds
                 HDIFF completed...       0.0162 seconds
              DECOUPLE completed...       0.0026 seconds
                  PHOT completed...       0.0024 seconds
               CLDPROC completed...       0.0060 seconds
                  CHEM completed...       0.1297 seconds
                  AERO completed...       0.1759 seconds
            Master Time Step
            Processing completed...       0.5765 seconds
 
     Processing Day/Time [YYYYDDD:HHMMSS]: 2022182:041000
       Which is Equivalent to (UTC): 4:10:00  Friday,  July 1, 2022
       Time-Step Length (HHMMSS): 000500
                 VDIFF completed...       0.1211 seconds
                COUPLE completed...       0.0025 seconds
                  HADV completed...       0.1046 seconds
                  ZADV completed...       0.0194 seconds
                 HDIFF completed...       0.0092 seconds
              DECOUPLE completed...       0.0027 seconds
                  PHOT completed...       0.0025 seconds
               CLDPROC completed...       0.0045 seconds
                  CHEM completed...       0.1264 seconds
                  AERO completed...       0.1769 seconds
            Master Time Step
            Processing completed...       0.5717 seconds
 
     Processing Day/Time [YYYYDDD:HHMMSS]: 2022182:041500
       Which is Equivalent to (UTC): 4:15:00  Friday,  July 1, 2022
       Time-Step Length (HHMMSS): 000500
                 VDIFF completed...       0.1310 seconds
                COUPLE completed...       0.0026 seconds
                  HADV completed...       0.0855 seconds
                  ZADV completed...       0.0179 seconds
                 HDIFF completed...       0.0133 seconds
              DECOUPLE completed...       0.0027 seconds
                  PHOT completed...       0.0023 seconds
               CLDPROC completed...       0.0075 seconds
                  CHEM completed...       0.1286 seconds
                  AERO completed...       0.1766 seconds
            Master Time Step
            Processing completed...       0.5706 seconds
 
     Processing Day/Time [YYYYDDD:HHMMSS]: 2022182:042000
       Which is Equivalent to (UTC): 4:20:00  Friday,  July 1, 2022
       Time-Step Length (HHMMSS): 000500
                 VDIFF completed...       0.1430 seconds
                COUPLE completed...       0.0025 seconds
                  HADV completed...       0.0737 seconds
                  ZADV completed...       0.0178 seconds
                 HDIFF completed...       0.0148 seconds
              DECOUPLE completed...       0.0026 seconds
                  PHOT completed...       0.0023 seconds
               CLDPROC completed...       0.0049 seconds
                  CHEM completed...       0.1258 seconds
                  AERO completed...       0.1762 seconds
            Master Time Step
            Processing completed...       0.5653 seconds
 
     Processing Day/Time [YYYYDDD:HHMMSS]: 2022182:042500
       Which is Equivalent to (UTC): 4:25:00  Friday,  July 1, 2022
       Time-Step Length (HHMMSS): 000500
                 VDIFF completed...       0.1471 seconds
                COUPLE completed...       0.0025 seconds
                  HADV completed...       0.0775 seconds
                  ZADV completed...       0.0185 seconds
                 HDIFF completed...       0.0131 seconds
              DECOUPLE completed...       0.0027 seconds
                  PHOT completed...       0.0025 seconds
               CLDPROC completed...       0.0063 seconds
                  CHEM completed...       0.1285 seconds
                  AERO completed...       0.1739 seconds
            Master Time Step
            Processing completed...       0.5750 seconds
 
     Processing Day/Time [YYYYDDD:HHMMSS]: 2022182:043000
       Which is Equivalent to (UTC): 4:30:00  Friday,  July 1, 2022
       Time-Step Length (HHMMSS): 000500
                 VDIFF completed...       0.1582 seconds
                COUPLE completed...       0.0025 seconds
                  HADV completed...       0.0874 seconds
                  ZADV completed...       0.0177 seconds
                 HDIFF completed...       0.0119 seconds
              DECOUPLE completed...       0.0026 seconds
                  PHOT completed...       0.0027 seconds
               CLDPROC completed...       0.0087 seconds
                  CHEM completed...       0.1284 seconds
                  AERO completed...       0.1737 seconds
            Master Time Step
            Processing completed...       0.5960 seconds
 
     Processing Day/Time [YYYYDDD:HHMMSS]: 2022182:043500
       Which is Equivalent to (UTC): 4:35:00  Friday,  July 1, 2022
       Time-Step Length (HHMMSS): 000500
                 VDIFF completed...       0.1341 seconds
                COUPLE completed...       0.0026 seconds
                  HADV completed...       0.0952 seconds
                  ZADV completed...       0.0178 seconds
                 HDIFF completed...       0.0104 seconds
              DECOUPLE completed...       0.0026 seconds
                  PHOT completed...       0.0024 seconds
               CLDPROC completed...       0.0048 seconds
                  CHEM completed...       0.1271 seconds
                  AERO completed...       0.1769 seconds
            Master Time Step
            Processing completed...       0.5758 seconds
 
     Processing Day/Time [YYYYDDD:HHMMSS]: 2022182:044000
       Which is Equivalent to (UTC): 4:40:00  Friday,  July 1, 2022
       Time-Step Length (HHMMSS): 000500
                 VDIFF completed...       0.1203 seconds
                COUPLE completed...       0.0025 seconds
                  HADV completed...       0.0855 seconds
                  ZADV completed...       0.0185 seconds
                 HDIFF completed...       0.0086 seconds
              DECOUPLE completed...       0.0026 seconds
                  PHOT completed...       0.0023 seconds
               CLDPROC completed...       0.0051 seconds
                  CHEM completed...       0.1285 seconds
                  AERO completed...       0.1754 seconds
            Master Time Step
            Processing completed...       0.5509 seconds
 
     Processing Day/Time [YYYYDDD:HHMMSS]: 2022182:044500
       Which is Equivalent to (UTC): 4:45:00  Friday,  July 1, 2022
       Time-Step Length (HHMMSS): 000500
                 VDIFF completed...       0.1405 seconds
                COUPLE completed...       0.0025 seconds
                  HADV completed...       0.0695 seconds
                  ZADV completed...       0.0172 seconds
                 HDIFF completed...       0.0107 seconds
              DECOUPLE completed...       0.0027 seconds
                  PHOT completed...       0.0023 seconds
               CLDPROC completed...       0.0047 seconds
                  CHEM completed...       0.1248 seconds
                  AERO completed...       0.1756 seconds
            Master Time Step
            Processing completed...       0.5523 seconds
 
     Processing Day/Time [YYYYDDD:HHMMSS]: 2022182:045000
       Which is Equivalent to (UTC): 4:50:00  Friday,  July 1, 2022
       Time-Step Length (HHMMSS): 000500
                 VDIFF completed...       0.1542 seconds
                COUPLE completed...       0.0026 seconds
                  HADV completed...       0.0804 seconds
                  ZADV completed...       0.0175 seconds
                 HDIFF completed...       0.0142 seconds
              DECOUPLE completed...       0.0026 seconds
                  PHOT completed...       0.0024 seconds
               CLDPROC completed...       0.0052 seconds
                  CHEM completed...       0.1267 seconds
                  AERO completed...       0.1786 seconds
            Master Time Step
            Processing completed...       0.5862 seconds
 
     Processing Day/Time [YYYYDDD:HHMMSS]: 2022182:045500
       Which is Equivalent to (UTC): 4:55:00  Friday,  July 1, 2022
       Time-Step Length (HHMMSS): 000500
                 VDIFF completed...       0.1716 seconds
                COUPLE completed...       0.0025 seconds
                  HADV completed...       0.0905 seconds
                  ZADV completed...       0.0176 seconds
                 HDIFF completed...       0.0160 seconds
              DECOUPLE completed...       0.0026 seconds
                  PHOT completed...       0.0027 seconds
               CLDPROC completed...       0.0551 seconds
                  CHEM completed...       0.1274 seconds
                  AERO completed...       0.1763 seconds
            Master Time Step
            Processing completed...       0.6642 seconds
 
      =--> Data Output completed...       0.1090 seconds
 
     Processing Day/Time [YYYYDDD:HHMMSS]: 2022182:050000
       Which is Equivalent to (UTC): 5:00:00  Friday,  July 1, 2022
       Time-Step Length (HHMMSS): 000500
                 VDIFF completed...       0.7840 seconds
                COUPLE completed...       0.0025 seconds
                  HADV completed...       0.1559 seconds
                  ZADV completed...       0.0180 seconds
                 HDIFF completed...       0.0146 seconds
              DECOUPLE completed...       0.0026 seconds
                  PHOT completed...       0.0181 seconds
               CLDPROC completed...       0.0051 seconds
                  CHEM completed...       0.1254 seconds
                  AERO completed...       0.1735 seconds
            Master Time Step
            Processing completed...       1.3017 seconds
 
     Processing Day/Time [YYYYDDD:HHMMSS]: 2022182:050500
       Which is Equivalent to (UTC): 5:05:00  Friday,  July 1, 2022
       Time-Step Length (HHMMSS): 000500
                 VDIFF completed...       0.1490 seconds
                COUPLE completed...       0.0026 seconds
                  HADV completed...       0.0777 seconds
                  ZADV completed...       0.0178 seconds
                 HDIFF completed...       0.0135 seconds
              DECOUPLE completed...       0.0026 seconds
                  PHOT completed...       0.0024 seconds
               CLDPROC completed...       0.0057 seconds
                  CHEM completed...       0.1262 seconds
                  AERO completed...       0.1746 seconds
            Master Time Step
            Processing completed...       0.5738 seconds
 
     Processing Day/Time [YYYYDDD:HHMMSS]: 2022182:051000
       Which is Equivalent to (UTC): 5:10:00  Friday,  July 1, 2022
       Time-Step Length (HHMMSS): 000500
                 VDIFF completed...       0.1406 seconds
                COUPLE completed...       0.0025 seconds
                  HADV completed...       0.0763 seconds
                  ZADV completed...       0.0175 seconds
                 HDIFF completed...       0.0142 seconds
              DECOUPLE completed...       0.0026 seconds
                  PHOT completed...       0.0024 seconds
               CLDPROC completed...       0.0058 seconds
                  CHEM completed...       0.1295 seconds
                  AERO completed...       0.1803 seconds
            Master Time Step
            Processing completed...       0.5737 seconds
 
     Processing Day/Time [YYYYDDD:HHMMSS]: 2022182:051500
       Which is Equivalent to (UTC): 5:15:00  Friday,  July 1, 2022
       Time-Step Length (HHMMSS): 000500
                 VDIFF completed...       0.1520 seconds
                COUPLE completed...       0.0025 seconds
                  HADV completed...       0.0792 seconds
                  ZADV completed...       0.0206 seconds
                 HDIFF completed...       0.0130 seconds
              DECOUPLE completed...       0.0028 seconds
                  PHOT completed...       0.0036 seconds
               CLDPROC completed...       0.0096 seconds
                  CHEM completed...       0.1271 seconds
                  AERO completed...       0.1760 seconds
            Master Time Step
            Processing completed...       0.5888 seconds
 
     Processing Day/Time [YYYYDDD:HHMMSS]: 2022182:052000
       Which is Equivalent to (UTC): 5:20:00  Friday,  July 1, 2022
       Time-Step Length (HHMMSS): 000500
                 VDIFF completed...       0.1214 seconds
                COUPLE completed...       0.0027 seconds
                  HADV completed...       0.0787 seconds
                  ZADV completed...       0.0179 seconds
                 HDIFF completed...       0.0100 seconds
              DECOUPLE completed...       0.0026 seconds
                  PHOT completed...       0.0023 seconds
               CLDPROC completed...       0.0050 seconds
                  CHEM completed...       0.1283 seconds
                  AERO completed...       0.1746 seconds
            Master Time Step
            Processing completed...       0.5452 seconds
 
     Processing Day/Time [YYYYDDD:HHMMSS]: 2022182:052500
       Which is Equivalent to (UTC): 5:25:00  Friday,  July 1, 2022
       Time-Step Length (HHMMSS): 000500
                 VDIFF completed...       0.1260 seconds
                COUPLE completed...       0.0027 seconds
                  HADV completed...       0.0828 seconds
                  ZADV completed...       0.0175 seconds
                 HDIFF completed...       0.0174 seconds
              DECOUPLE completed...       0.0026 seconds
                  PHOT completed...       0.0023 seconds
               CLDPROC completed...       0.0061 seconds
                  CHEM completed...       0.1266 seconds
                  AERO completed...       0.1739 seconds
            Master Time Step
            Processing completed...       0.5598 seconds
 
     Processing Day/Time [YYYYDDD:HHMMSS]: 2022182:053000
       Which is Equivalent to (UTC): 5:30:00  Friday,  July 1, 2022
       Time-Step Length (HHMMSS): 000500
                 VDIFF completed...       0.1491 seconds
                COUPLE completed...       0.0025 seconds
                  HADV completed...       0.0749 seconds
                  ZADV completed...       0.0185 seconds
                 HDIFF completed...       0.0152 seconds
              DECOUPLE completed...       0.0029 seconds
                  PHOT completed...       0.0027 seconds
               CLDPROC completed...       0.0075 seconds
                  CHEM completed...       0.1292 seconds
                  AERO completed...       0.1796 seconds
            Master Time Step
            Processing completed...       0.5845 seconds
 
     Processing Day/Time [YYYYDDD:HHMMSS]: 2022182:053500
       Which is Equivalent to (UTC): 5:35:00  Friday,  July 1, 2022
       Time-Step Length (HHMMSS): 000500
                 VDIFF completed...       0.1373 seconds
                COUPLE completed...       0.0025 seconds
                  HADV completed...       0.0767 seconds
                  ZADV completed...       0.0177 seconds
                 HDIFF completed...       0.0148 seconds
              DECOUPLE completed...       0.0026 seconds
                  PHOT completed...       0.0023 seconds
               CLDPROC completed...       0.0067 seconds
                  CHEM completed...       0.1317 seconds
                  AERO completed...       0.1762 seconds
            Master Time Step
            Processing completed...       0.5703 seconds
 
     Processing Day/Time [YYYYDDD:HHMMSS]: 2022182:054000
       Which is Equivalent to (UTC): 5:40:00  Friday,  July 1, 2022
       Time-Step Length (HHMMSS): 000500
                 VDIFF completed...       0.1551 seconds
                COUPLE completed...       0.0026 seconds
                  HADV completed...       0.0813 seconds
                  ZADV completed...       0.0186 seconds
                 HDIFF completed...       0.0142 seconds
              DECOUPLE completed...       0.0028 seconds
                  PHOT completed...       0.0024 seconds
               CLDPROC completed...       0.0083 seconds
                  CHEM completed...       0.1287 seconds
                  AERO completed...       0.1754 seconds
            Master Time Step
            Processing completed...       0.5920 seconds
 
     Processing Day/Time [YYYYDDD:HHMMSS]: 2022182:054500
       Which is Equivalent to (UTC): 5:45:00  Friday,  July 1, 2022
       Time-Step Length (HHMMSS): 000500
                 VDIFF completed...       0.1320 seconds
                COUPLE completed...       0.0025 seconds
                  HADV completed...       0.0735 seconds
                  ZADV completed...       0.0178 seconds
                 HDIFF completed...       0.0081 seconds
              DECOUPLE completed...       0.0027 seconds
                  PHOT completed...       0.0026 seconds
               CLDPROC completed...       0.0054 seconds
                  CHEM completed...       0.1284 seconds
                  AERO completed...       0.1745 seconds
            Master Time Step
            Processing completed...       0.5491 seconds
 
     Processing Day/Time [YYYYDDD:HHMMSS]: 2022182:055000
       Which is Equivalent to (UTC): 5:50:00  Friday,  July 1, 2022
       Time-Step Length (HHMMSS): 000500
                 VDIFF completed...       0.1290 seconds
                COUPLE completed...       0.0025 seconds
                  HADV completed...       0.0835 seconds
                  ZADV completed...       0.0180 seconds
                 HDIFF completed...       0.0130 seconds
              DECOUPLE completed...       0.0029 seconds
                  PHOT completed...       0.0027 seconds
               CLDPROC completed...       0.0080 seconds
                  CHEM completed...       0.1279 seconds
                  AERO completed...       0.1735 seconds
            Master Time Step
            Processing completed...       0.5633 seconds
 
     Processing Day/Time [YYYYDDD:HHMMSS]: 2022182:055500
       Which is Equivalent to (UTC): 5:55:00  Friday,  July 1, 2022
       Time-Step Length (HHMMSS): 000500
                 VDIFF completed...       0.1828 seconds
                COUPLE completed...       0.0025 seconds
                  HADV completed...       0.0839 seconds
                  ZADV completed...       0.0177 seconds
                 HDIFF completed...       0.0143 seconds
              DECOUPLE completed...       0.0028 seconds
                  PHOT completed...       0.0024 seconds
               CLDPROC completed...       0.0568 seconds
                  CHEM completed...       0.1289 seconds
                  AERO completed...       0.1745 seconds
            Master Time Step
            Processing completed...       0.6686 seconds
 
      =--> Data Output completed...       0.1046 seconds
 
     Processing Day/Time [YYYYDDD:HHMMSS]: 2022182:060000
       Which is Equivalent to (UTC): 6:00:00  Friday,  July 1, 2022
       Time-Step Length (HHMMSS): 000500
                 VDIFF completed...       0.8940 seconds
                COUPLE completed...       0.0025 seconds
                  HADV completed...       0.1825 seconds
                  ZADV completed...       0.0176 seconds
                 HDIFF completed...       0.0161 seconds
              DECOUPLE completed...       0.0029 seconds
                  PHOT completed...       0.0120 seconds
               CLDPROC completed...       0.0057 seconds
                  CHEM completed...       0.1281 seconds
                  AERO completed...       0.1727 seconds
            Master Time Step
            Processing completed...       1.4361 seconds
 
     Processing Day/Time [YYYYDDD:HHMMSS]: 2022182:060500
       Which is Equivalent to (UTC): 6:05:00  Friday,  July 1, 2022
       Time-Step Length (HHMMSS): 000500
                 VDIFF completed...       0.1112 seconds
                COUPLE completed...       0.0025 seconds
                  HADV completed...       0.1110 seconds
                  ZADV completed...       0.0187 seconds
                 HDIFF completed...       0.0153 seconds
              DECOUPLE completed...       0.0028 seconds
                  PHOT completed...       0.0024 seconds
               CLDPROC completed...       0.0086 seconds
                  CHEM completed...       0.1298 seconds
                  AERO completed...       0.1754 seconds
            Master Time Step
            Processing completed...       0.5801 seconds
 
     Processing Day/Time [YYYYDDD:HHMMSS]: 2022182:061000
       Which is Equivalent to (UTC): 6:10:00  Friday,  July 1, 2022
       Time-Step Length (HHMMSS): 000500
                 VDIFF completed...       0.1300 seconds
                COUPLE completed...       0.0025 seconds
                  HADV completed...       0.0854 seconds
                  ZADV completed...       0.0177 seconds
                 HDIFF completed...       0.0163 seconds
              DECOUPLE completed...       0.0026 seconds
                  PHOT completed...       0.0024 seconds
               CLDPROC completed...       0.0060 seconds
                  CHEM completed...       0.1289 seconds
                  AERO completed...       0.1760 seconds
            Master Time Step
            Processing completed...       0.5697 seconds
 
     Processing Day/Time [YYYYDDD:HHMMSS]: 2022182:061500
       Which is Equivalent to (UTC): 6:15:00  Friday,  July 1, 2022
       Time-Step Length (HHMMSS): 000500
                 VDIFF completed...       0.1371 seconds
                COUPLE completed...       0.0025 seconds
                  HADV completed...       0.0755 seconds
                  ZADV completed...       0.0179 seconds
                 HDIFF completed...       0.0093 seconds
              DECOUPLE completed...       0.0026 seconds
                  PHOT completed...       0.0024 seconds
               CLDPROC completed...       0.0064 seconds
                  CHEM completed...       0.1272 seconds
                  AERO completed...       0.1725 seconds
            Master Time Step
            Processing completed...       0.5552 seconds
 
     Processing Day/Time [YYYYDDD:HHMMSS]: 2022182:062000
       Which is Equivalent to (UTC): 6:20:00  Friday,  July 1, 2022
       Time-Step Length (HHMMSS): 000500
                 VDIFF completed...       0.1440 seconds
                COUPLE completed...       0.0025 seconds
                  HADV completed...       0.0847 seconds
                  ZADV completed...       0.0194 seconds
                 HDIFF completed...       0.0217 seconds
              DECOUPLE completed...       0.0028 seconds
                  PHOT completed...       0.0025 seconds
               CLDPROC completed...       0.0107 seconds
                  CHEM completed...       0.1313 seconds
                  AERO completed...       0.1750 seconds
            Master Time Step
            Processing completed...       0.5972 seconds
 
     Processing Day/Time [YYYYDDD:HHMMSS]: 2022182:062500
       Which is Equivalent to (UTC): 6:25:00  Friday,  July 1, 2022
       Time-Step Length (HHMMSS): 000500
                 VDIFF completed...       0.1421 seconds
                COUPLE completed...       0.0025 seconds
                  HADV completed...       0.0792 seconds
                  ZADV completed...       0.0177 seconds
                 HDIFF completed...       0.0081 seconds
              DECOUPLE completed...       0.0026 seconds
                  PHOT completed...       0.0023 seconds
               CLDPROC completed...       0.0062 seconds
                  CHEM completed...       0.1292 seconds
                  AERO completed...       0.1721 seconds
            Master Time Step
            Processing completed...       0.5636 seconds
 
     Processing Day/Time [YYYYDDD:HHMMSS]: 2022182:063000
       Which is Equivalent to (UTC): 6:30:00  Friday,  July 1, 2022
       Time-Step Length (HHMMSS): 000500
                 VDIFF completed...       0.1193 seconds
                COUPLE completed...       0.0026 seconds
                  HADV completed...       0.0937 seconds
                  ZADV completed...       0.0175 seconds
                 HDIFF completed...       0.0106 seconds
              DECOUPLE completed...       0.0027 seconds
                  PHOT completed...       0.0024 seconds
               CLDPROC completed...       0.0060 seconds
                  CHEM completed...       0.1299 seconds
                  AERO completed...       0.1752 seconds
            Master Time Step
            Processing completed...       0.5619 seconds
 
     Processing Day/Time [YYYYDDD:HHMMSS]: 2022182:063500
       Which is Equivalent to (UTC): 6:35:00  Friday,  July 1, 2022
       Time-Step Length (HHMMSS): 000500
                 VDIFF completed...       0.1353 seconds
                COUPLE completed...       0.0025 seconds
                  HADV completed...       0.0716 seconds
                  ZADV completed...       0.0174 seconds
                 HDIFF completed...       0.0098 seconds
              DECOUPLE completed...       0.0026 seconds
                  PHOT completed...       0.0024 seconds
               CLDPROC completed...       0.0060 seconds
                  CHEM completed...       0.1265 seconds
                  AERO completed...       0.1713 seconds
            Master Time Step
            Processing completed...       0.5472 seconds
 
     Processing Day/Time [YYYYDDD:HHMMSS]: 2022182:064000
       Which is Equivalent to (UTC): 6:40:00  Friday,  July 1, 2022
       Time-Step Length (HHMMSS): 000500
                 VDIFF completed...       0.1426 seconds
                COUPLE completed...       0.0025 seconds
                  HADV completed...       0.0751 seconds
                  ZADV completed...       0.0179 seconds
                 HDIFF completed...       0.0127 seconds
              DECOUPLE completed...       0.0027 seconds
                  PHOT completed...       0.0023 seconds
               CLDPROC completed...       0.0064 seconds
                  CHEM completed...       0.1267 seconds
                  AERO completed...       0.1706 seconds
            Master Time Step
            Processing completed...       0.5609 seconds
 
     Processing Day/Time [YYYYDDD:HHMMSS]: 2022182:064500
       Which is Equivalent to (UTC): 6:45:00  Friday,  July 1, 2022
       Time-Step Length (HHMMSS): 000500
                 VDIFF completed...       0.1371 seconds
                COUPLE completed...       0.0025 seconds
                  HADV completed...       0.0790 seconds
                  ZADV completed...       0.0201 seconds
                 HDIFF completed...       0.0179 seconds
              DECOUPLE completed...       0.0026 seconds
                  PHOT completed...       0.0024 seconds
               CLDPROC completed...       0.0102 seconds
                  CHEM completed...       0.1327 seconds
                  AERO completed...       0.1740 seconds
            Master Time Step
            Processing completed...       0.5811 seconds
 
     Processing Day/Time [YYYYDDD:HHMMSS]: 2022182:065000
       Which is Equivalent to (UTC): 6:50:00  Friday,  July 1, 2022
       Time-Step Length (HHMMSS): 000500
                 VDIFF completed...       0.1321 seconds
                COUPLE completed...       0.0025 seconds
                  HADV completed...       0.0805 seconds
                  ZADV completed...       0.0178 seconds
                 HDIFF completed...       0.0148 seconds
              DECOUPLE completed...       0.0026 seconds
                  PHOT completed...       0.0024 seconds
               CLDPROC completed...       0.0071 seconds
                  CHEM completed...       0.1271 seconds
                  AERO completed...       0.1704 seconds
            Master Time Step
            Processing completed...       0.5592 seconds
 
     Processing Day/Time [YYYYDDD:HHMMSS]: 2022182:065500
       Which is Equivalent to (UTC): 6:55:00  Friday,  July 1, 2022
       Time-Step Length (HHMMSS): 000500
                 VDIFF completed...       0.1672 seconds
                COUPLE completed...       0.0027 seconds
                  HADV completed...       0.0796 seconds
                  ZADV completed...       0.0188 seconds
                 HDIFF completed...       0.0100 seconds
              DECOUPLE completed...       0.0027 seconds
                  PHOT completed...       0.0024 seconds
               CLDPROC completed...       0.0440 seconds
                  CHEM completed...       0.1284 seconds
                  AERO completed...       0.1733 seconds
            Master Time Step
            Processing completed...       0.6312 seconds
 
      =--> Data Output completed...       0.1198 seconds
 
     Processing Day/Time [YYYYDDD:HHMMSS]: 2022182:070000
       Which is Equivalent to (UTC): 7:00:00  Friday,  July 1, 2022
       Time-Step Length (HHMMSS): 000500
                 VDIFF completed...       0.8255 seconds
                COUPLE completed...       0.0025 seconds
                  HADV completed...       0.1798 seconds
                  ZADV completed...       0.0185 seconds
                 HDIFF completed...       0.0098 seconds
              DECOUPLE completed...       0.0026 seconds
                  PHOT completed...       0.0248 seconds
               CLDPROC completed...       0.0074 seconds
                  CHEM completed...       0.1354 seconds
                  AERO completed...       0.1733 seconds
            Master Time Step
            Processing completed...       1.3817 seconds
 
     Processing Day/Time [YYYYDDD:HHMMSS]: 2022182:070500
       Which is Equivalent to (UTC): 7:05:00  Friday,  July 1, 2022
       Time-Step Length (HHMMSS): 000500
                 VDIFF completed...       0.1632 seconds
                COUPLE completed...       0.0025 seconds
                  HADV completed...       0.0702 seconds
                  ZADV completed...       0.0196 seconds
                 HDIFF completed...       0.0118 seconds
              DECOUPLE completed...       0.0027 seconds
                  PHOT completed...       0.0024 seconds
               CLDPROC completed...       0.0089 seconds
                  CHEM completed...       0.1316 seconds
                  AERO completed...       0.1728 seconds
            Master Time Step
            Processing completed...       0.5883 seconds
 
     Processing Day/Time [YYYYDDD:HHMMSS]: 2022182:071000
       Which is Equivalent to (UTC): 7:10:00  Friday,  July 1, 2022
       Time-Step Length (HHMMSS): 000500
                 VDIFF completed...       0.1167 seconds
                COUPLE completed...       0.0025 seconds
                  HADV completed...       0.0865 seconds
                  ZADV completed...       0.0183 seconds
                 HDIFF completed...       0.0087 seconds
              DECOUPLE completed...       0.0027 seconds
                  PHOT completed...       0.0023 seconds
               CLDPROC completed...       0.0067 seconds
                  CHEM completed...       0.1291 seconds
                  AERO completed...       0.1688 seconds
            Master Time Step
            Processing completed...       0.5439 seconds
 
     Processing Day/Time [YYYYDDD:HHMMSS]: 2022182:071500
       Which is Equivalent to (UTC): 7:15:00  Friday,  July 1, 2022
       Time-Step Length (HHMMSS): 000500
                 VDIFF completed...       0.1349 seconds
                COUPLE completed...       0.0025 seconds
                  HADV completed...       0.0822 seconds
                  ZADV completed...       0.0186 seconds
                 HDIFF completed...       0.0197 seconds
              DECOUPLE completed...       0.0027 seconds
                  PHOT completed...       0.0024 seconds
               CLDPROC completed...       0.0088 seconds
                  CHEM completed...       0.1307 seconds
                  AERO completed...       0.1684 seconds
            Master Time Step
            Processing completed...       0.5731 seconds
 
     Processing Day/Time [YYYYDDD:HHMMSS]: 2022182:072000
       Which is Equivalent to (UTC): 7:20:00  Friday,  July 1, 2022
       Time-Step Length (HHMMSS): 000500
                 VDIFF completed...       0.1306 seconds
                COUPLE completed...       0.0025 seconds
                  HADV completed...       0.0762 seconds
                  ZADV completed...       0.0174 seconds
                 HDIFF completed...       0.0172 seconds
              DECOUPLE completed...       0.0026 seconds
                  PHOT completed...       0.0024 seconds
               CLDPROC completed...       0.0099 seconds
                  CHEM completed...       0.1360 seconds
                  AERO completed...       0.1697 seconds
            Master Time Step
            Processing completed...       0.5671 seconds
 
     Processing Day/Time [YYYYDDD:HHMMSS]: 2022182:072500
       Which is Equivalent to (UTC): 7:25:00  Friday,  July 1, 2022
       Time-Step Length (HHMMSS): 000500
                 VDIFF completed...       0.1373 seconds
                COUPLE completed...       0.0026 seconds
                  HADV completed...       0.0764 seconds
                  ZADV completed...       0.0174 seconds
                 HDIFF completed...       0.0151 seconds
              DECOUPLE completed...       0.0026 seconds
                  PHOT completed...       0.0024 seconds
               CLDPROC completed...       0.0073 seconds
                  CHEM completed...       0.1296 seconds
                  AERO completed...       0.1688 seconds
            Master Time Step
            Processing completed...       0.5615 seconds
 
     Processing Day/Time [YYYYDDD:HHMMSS]: 2022182:073000
       Which is Equivalent to (UTC): 7:30:00  Friday,  July 1, 2022
       Time-Step Length (HHMMSS): 000500
                 VDIFF completed...       0.1485 seconds
                COUPLE completed...       0.0025 seconds
                  HADV completed...       0.0824 seconds
                  ZADV completed...       0.0182 seconds
                 HDIFF completed...       0.0114 seconds
              DECOUPLE completed...       0.0027 seconds
                  PHOT completed...       0.0027 seconds
               CLDPROC completed...       0.0111 seconds
                  CHEM completed...       0.1317 seconds
                  AERO completed...       0.1696 seconds
            Master Time Step
            Processing completed...       0.5833 seconds
 
     Processing Day/Time [YYYYDDD:HHMMSS]: 2022182:073500
       Which is Equivalent to (UTC): 7:35:00  Friday,  July 1, 2022
       Time-Step Length (HHMMSS): 000500
                 VDIFF completed...       0.1425 seconds
                COUPLE completed...       0.0026 seconds
                  HADV completed...       0.0704 seconds
                  ZADV completed...       0.0180 seconds
                 HDIFF completed...       0.0098 seconds
              DECOUPLE completed...       0.0026 seconds
                  PHOT completed...       0.0023 seconds
               CLDPROC completed...       0.0064 seconds
                  CHEM completed...       0.1311 seconds
                  AERO completed...       0.1673 seconds
            Master Time Step
            Processing completed...       0.5546 seconds
 
     Processing Day/Time [YYYYDDD:HHMMSS]: 2022182:074000
       Which is Equivalent to (UTC): 7:40:00  Friday,  July 1, 2022
       Time-Step Length (HHMMSS): 000500
                 VDIFF completed...       0.1284 seconds
                COUPLE completed...       0.0027 seconds
                  HADV completed...       0.0801 seconds
                  ZADV completed...       0.0183 seconds
                 HDIFF completed...       0.0114 seconds
              DECOUPLE completed...       0.0026 seconds
                  PHOT completed...       0.0026 seconds
               CLDPROC completed...       0.0100 seconds
                  CHEM completed...       0.1309 seconds
                  AERO completed...       0.1679 seconds
            Master Time Step
            Processing completed...       0.5573 seconds
 
     Processing Day/Time [YYYYDDD:HHMMSS]: 2022182:074500
       Which is Equivalent to (UTC): 7:45:00  Friday,  July 1, 2022
       Time-Step Length (HHMMSS): 000500
                 VDIFF completed...       0.1321 seconds
                COUPLE completed...       0.0027 seconds
                  HADV completed...       0.0870 seconds
                  ZADV completed...       0.0180 seconds
                 HDIFF completed...       0.0110 seconds
              DECOUPLE completed...       0.0026 seconds
                  PHOT completed...       0.0025 seconds
               CLDPROC completed...       0.0075 seconds
                  CHEM completed...       0.1341 seconds
                  AERO completed...       0.1686 seconds
            Master Time Step
            Processing completed...       0.5678 seconds
 
     Processing Day/Time [YYYYDDD:HHMMSS]: 2022182:075000
       Which is Equivalent to (UTC): 7:50:00  Friday,  July 1, 2022
       Time-Step Length (HHMMSS): 000500
                 VDIFF completed...       0.1373 seconds
                COUPLE completed...       0.0028 seconds
                  HADV completed...       0.0785 seconds
                  ZADV completed...       0.0172 seconds
                 HDIFF completed...       0.0113 seconds
              DECOUPLE completed...       0.0026 seconds
                  PHOT completed...       0.0024 seconds
               CLDPROC completed...       0.0064 seconds
                  CHEM completed...       0.1292 seconds
                  AERO completed...       0.1681 seconds
            Master Time Step
            Processing completed...       0.5578 seconds
 
     Processing Day/Time [YYYYDDD:HHMMSS]: 2022182:075500
       Which is Equivalent to (UTC): 7:55:00  Friday,  July 1, 2022
       Time-Step Length (HHMMSS): 000500
                 VDIFF completed...       0.1776 seconds
                COUPLE completed...       0.0029 seconds
                  HADV completed...       0.0920 seconds
                  ZADV completed...       0.0183 seconds
                 HDIFF completed...       0.0146 seconds
              DECOUPLE completed...       0.0027 seconds
                  PHOT completed...       0.0024 seconds
               CLDPROC completed...       0.0500 seconds
                  CHEM completed...       0.1323 seconds
                  AERO completed...       0.1687 seconds
            Master Time Step
            Processing completed...       0.6641 seconds
 
      =--> Data Output completed...       0.0964 seconds
 
     Processing Day/Time [YYYYDDD:HHMMSS]: 2022182:080000
       Which is Equivalent to (UTC): 8:00:00  Friday,  July 1, 2022
       Time-Step Length (HHMMSS): 000500
                 VDIFF completed...       0.8321 seconds
                COUPLE completed...       0.0025 seconds
                  HADV completed...       0.1268 seconds
                  ZADV completed...       0.0174 seconds
                 HDIFF completed...       0.0108 seconds
              DECOUPLE completed...       0.0026 seconds
                  PHOT completed...       0.0154 seconds
               CLDPROC completed...       0.0085 seconds
                  CHEM completed...       0.1300 seconds
                  AERO completed...       0.1662 seconds
            Master Time Step
            Processing completed...       1.3144 seconds
 
     Processing Day/Time [YYYYDDD:HHMMSS]: 2022182:080500
       Which is Equivalent to (UTC): 8:05:00  Friday,  July 1, 2022
       Time-Step Length (HHMMSS): 000500
                 VDIFF completed...       0.1573 seconds
                COUPLE completed...       0.0025 seconds
                  HADV completed...       0.0744 seconds
                  ZADV completed...       0.0183 seconds
                 HDIFF completed...       0.0119 seconds
              DECOUPLE completed...       0.0027 seconds
                  PHOT completed...       0.0024 seconds
               CLDPROC completed...       0.0127 seconds
                  CHEM completed...       0.1332 seconds
                  AERO completed...       0.1660 seconds
            Master Time Step
            Processing completed...       0.5834 seconds
 
     Processing Day/Time [YYYYDDD:HHMMSS]: 2022182:081000
       Which is Equivalent to (UTC): 8:10:00  Friday,  July 1, 2022
       Time-Step Length (HHMMSS): 000500
                 VDIFF completed...       0.1459 seconds
                COUPLE completed...       0.0025 seconds
                  HADV completed...       0.0795 seconds
                  ZADV completed...       0.0183 seconds
                 HDIFF completed...       0.0156 seconds
              DECOUPLE completed...       0.0028 seconds
                  PHOT completed...       0.0026 seconds
               CLDPROC completed...       0.0115 seconds
                  CHEM completed...       0.1366 seconds
                  AERO completed...       0.1681 seconds
            Master Time Step
            Processing completed...       0.5856 seconds
 
     Processing Day/Time [YYYYDDD:HHMMSS]: 2022182:081500
       Which is Equivalent to (UTC): 8:15:00  Friday,  July 1, 2022
       Time-Step Length (HHMMSS): 000500
                 VDIFF completed...       0.1305 seconds
                COUPLE completed...       0.0025 seconds
                  HADV completed...       0.0971 seconds
                  ZADV completed...       0.0185 seconds
                 HDIFF completed...       0.0236 seconds
              DECOUPLE completed...       0.0027 seconds
                  PHOT completed...       0.0027 seconds
               CLDPROC completed...       0.0112 seconds
                  CHEM completed...       0.1315 seconds
                  AERO completed...       0.1657 seconds
            Master Time Step
            Processing completed...       0.5883 seconds
 
     Processing Day/Time [YYYYDDD:HHMMSS]: 2022182:082000
       Which is Equivalent to (UTC): 8:20:00  Friday,  July 1, 2022
       Time-Step Length (HHMMSS): 000500
                 VDIFF completed...       0.1146 seconds
                COUPLE completed...       0.0025 seconds
                  HADV completed...       0.0818 seconds
                  ZADV completed...       0.0174 seconds
                 HDIFF completed...       0.0101 seconds
              DECOUPLE completed...       0.0027 seconds
                  PHOT completed...       0.0024 seconds
               CLDPROC completed...       0.0074 seconds
                  CHEM completed...       0.1326 seconds
                  AERO completed...       0.1673 seconds
            Master Time Step
            Processing completed...       0.5403 seconds
 
     Processing Day/Time [YYYYDDD:HHMMSS]: 2022182:082500
       Which is Equivalent to (UTC): 8:25:00  Friday,  July 1, 2022
       Time-Step Length (HHMMSS): 000500
                 VDIFF completed...       0.1319 seconds
                COUPLE completed...       0.0025 seconds
                  HADV completed...       0.0743 seconds
                  ZADV completed...       0.0179 seconds
                 HDIFF completed...       0.0088 seconds
              DECOUPLE completed...       0.0027 seconds
                  PHOT completed...       0.0025 seconds
               CLDPROC completed...       0.0091 seconds
                  CHEM completed...       0.1309 seconds
                  AERO completed...       0.1639 seconds
            Master Time Step
            Processing completed...       0.5466 seconds
 
     Processing Day/Time [YYYYDDD:HHMMSS]: 2022182:083000
       Which is Equivalent to (UTC): 8:30:00  Friday,  July 1, 2022
       Time-Step Length (HHMMSS): 000500
                 VDIFF completed...       0.1481 seconds
                COUPLE completed...       0.0026 seconds
                  HADV completed...       0.0791 seconds
                  ZADV completed...       0.0176 seconds
                 HDIFF completed...       0.0103 seconds
              DECOUPLE completed...       0.0028 seconds
                  PHOT completed...       0.0031 seconds
               CLDPROC completed...       0.0104 seconds
                  CHEM completed...       0.1338 seconds
                  AERO completed...       0.1680 seconds
            Master Time Step
            Processing completed...       0.5776 seconds
 
     Processing Day/Time [YYYYDDD:HHMMSS]: 2022182:083500
       Which is Equivalent to (UTC): 8:35:00  Friday,  July 1, 2022
       Time-Step Length (HHMMSS): 000500
                 VDIFF completed...       0.1419 seconds
                COUPLE completed...       0.0025 seconds
                  HADV completed...       0.0868 seconds
                  ZADV completed...       0.0174 seconds
                 HDIFF completed...       0.0107 seconds
              DECOUPLE completed...       0.0026 seconds
                  PHOT completed...       0.0024 seconds
               CLDPROC completed...       0.0089 seconds
                  CHEM completed...       0.1339 seconds
                  AERO completed...       0.1692 seconds
            Master Time Step
            Processing completed...       0.5780 seconds
 
     Processing Day/Time [YYYYDDD:HHMMSS]: 2022182:084000
       Which is Equivalent to (UTC): 8:40:00  Friday,  July 1, 2022
       Time-Step Length (HHMMSS): 000500
                 VDIFF completed...       0.1702 seconds
                COUPLE completed...       0.0025 seconds
                  HADV completed...       0.0766 seconds
                  ZADV completed...       0.0194 seconds
                 HDIFF completed...       0.0140 seconds
              DECOUPLE completed...       0.0026 seconds
                  PHOT completed...       0.0025 seconds
               CLDPROC completed...       0.0128 seconds
                  CHEM completed...       0.1327 seconds
                  AERO completed...       0.1630 seconds
            Master Time Step
            Processing completed...       0.5982 seconds
 
     Processing Day/Time [YYYYDDD:HHMMSS]: 2022182:084500
       Which is Equivalent to (UTC): 8:45:00  Friday,  July 1, 2022
       Time-Step Length (HHMMSS): 000500
                 VDIFF completed...       0.1212 seconds
                COUPLE completed...       0.0026 seconds
                  HADV completed...       0.0859 seconds
                  ZADV completed...       0.0176 seconds
                 HDIFF completed...       0.0090 seconds
              DECOUPLE completed...       0.0028 seconds
                  PHOT completed...       0.0025 seconds
               CLDPROC completed...       0.0079 seconds
                  CHEM completed...       0.1345 seconds
                  AERO completed...       0.1644 seconds
            Master Time Step
            Processing completed...       0.5500 seconds
 
     Processing Day/Time [YYYYDDD:HHMMSS]: 2022182:085000
       Which is Equivalent to (UTC): 8:50:00  Friday,  July 1, 2022
       Time-Step Length (HHMMSS): 000500
                 VDIFF completed...       0.1427 seconds
                COUPLE completed...       0.0026 seconds
                  HADV completed...       0.0801 seconds
                  ZADV completed...       0.0193 seconds
                 HDIFF completed...       0.0086 seconds
              DECOUPLE completed...       0.0026 seconds
                  PHOT completed...       0.0025 seconds
               CLDPROC completed...       0.0109 seconds
                  CHEM completed...       0.1323 seconds
                  AERO completed...       0.1617 seconds
            Master Time Step
            Processing completed...       0.5654 seconds
 
     Processing Day/Time [YYYYDDD:HHMMSS]: 2022182:085500
       Which is Equivalent to (UTC): 8:55:00  Friday,  July 1, 2022
       Time-Step Length (HHMMSS): 000500
                 VDIFF completed...       0.1800 seconds
                COUPLE completed...       0.0025 seconds
                  HADV completed...       0.0817 seconds
                  ZADV completed...       0.0177 seconds
                 HDIFF completed...       0.0136 seconds
              DECOUPLE completed...       0.0029 seconds
                  PHOT completed...       0.0031 seconds
               CLDPROC completed...       0.0479 seconds
                  CHEM completed...       0.1316 seconds
                  AERO completed...       0.1627 seconds
            Master Time Step
            Processing completed...       0.6457 seconds
 
      =--> Data Output completed...       0.1043 seconds
 
     Processing Day/Time [YYYYDDD:HHMMSS]: 2022182:090000
       Which is Equivalent to (UTC): 9:00:00  Friday,  July 1, 2022
       Time-Step Length (HHMMSS): 000500
                 VDIFF completed...       0.8765 seconds
                COUPLE completed...       0.0027 seconds
                  HADV completed...       0.1239 seconds
                  ZADV completed...       0.0176 seconds
                 HDIFF completed...       0.0106 seconds
              DECOUPLE completed...       0.0026 seconds
                  PHOT completed...       0.0105 seconds
               CLDPROC completed...       0.0113 seconds
                  CHEM completed...       0.1352 seconds
                  AERO completed...       0.1619 seconds
            Master Time Step
            Processing completed...       1.3544 seconds
 
     Processing Day/Time [YYYYDDD:HHMMSS]: 2022182:090500
       Which is Equivalent to (UTC): 9:05:00  Friday,  July 1, 2022
       Time-Step Length (HHMMSS): 000500
                 VDIFF completed...       0.1139 seconds
                COUPLE completed...       0.0026 seconds
                  HADV completed...       0.0946 seconds
                  ZADV completed...       0.0191 seconds
                 HDIFF completed...       0.0090 seconds
              DECOUPLE completed...       0.0028 seconds
                  PHOT completed...       0.0027 seconds
               CLDPROC completed...       0.0131 seconds
                  CHEM completed...       0.1358 seconds
                  AERO completed...       0.1639 seconds
            Master Time Step
            Processing completed...       0.5598 seconds
 
     Processing Day/Time [YYYYDDD:HHMMSS]: 2022182:091000
       Which is Equivalent to (UTC): 9:10:00  Friday,  July 1, 2022
       Time-Step Length (HHMMSS): 000500
                 VDIFF completed...       0.1294 seconds
                COUPLE completed...       0.0026 seconds
                  HADV completed...       0.0800 seconds
                  ZADV completed...       0.0174 seconds
                 HDIFF completed...       0.0145 seconds
              DECOUPLE completed...       0.0026 seconds
                  PHOT completed...       0.0025 seconds
               CLDPROC completed...       0.0112 seconds
                  CHEM completed...       0.1361 seconds
                  AERO completed...       0.1626 seconds
            Master Time Step
            Processing completed...       0.5606 seconds
 
     Processing Day/Time [YYYYDDD:HHMMSS]: 2022182:091500
       Which is Equivalent to (UTC): 9:15:00  Friday,  July 1, 2022
       Time-Step Length (HHMMSS): 000500
                 VDIFF completed...       0.1547 seconds
                COUPLE completed...       0.0025 seconds
                  HADV completed...       0.0793 seconds
                  ZADV completed...       0.0175 seconds
                 HDIFF completed...       0.0110 seconds
              DECOUPLE completed...       0.0026 seconds
                  PHOT completed...       0.0025 seconds
               CLDPROC completed...       0.0123 seconds
                  CHEM completed...       0.1356 seconds
                  AERO completed...       0.1613 seconds
            Master Time Step
            Processing completed...       0.5812 seconds
 
     Processing Day/Time [YYYYDDD:HHMMSS]: 2022182:092000
       Which is Equivalent to (UTC): 9:20:00  Friday,  July 1, 2022
       Time-Step Length (HHMMSS): 000500
                 VDIFF completed...       0.1452 seconds
                COUPLE completed...       0.0026 seconds
                  HADV completed...       0.0936 seconds
                  ZADV completed...       0.0179 seconds
                 HDIFF completed...       0.0186 seconds
              DECOUPLE completed...       0.0027 seconds
                  PHOT completed...       0.0026 seconds
               CLDPROC completed...       0.0143 seconds
                  CHEM completed...       0.1372 seconds
                  AERO completed...       0.1643 seconds
            Master Time Step
            Processing completed...       0.6014 seconds
 
     Processing Day/Time [YYYYDDD:HHMMSS]: 2022182:092500
       Which is Equivalent to (UTC): 9:25:00  Friday,  July 1, 2022
       Time-Step Length (HHMMSS): 000500
                 VDIFF completed...       0.1291 seconds
                COUPLE completed...       0.0026 seconds
                  HADV completed...       0.0906 seconds
                  ZADV completed...       0.0174 seconds
                 HDIFF completed...       0.0105 seconds
              DECOUPLE completed...       0.0026 seconds
                  PHOT completed...       0.0026 seconds
               CLDPROC completed...       0.0118 seconds
                  CHEM completed...       0.1343 seconds
                  AERO completed...       0.1616 seconds
            Master Time Step
            Processing completed...       0.5649 seconds
 
     Processing Day/Time [YYYYDDD:HHMMSS]: 2022182:093000
       Which is Equivalent to (UTC): 9:30:00  Friday,  July 1, 2022
       Time-Step Length (HHMMSS): 000500
                 VDIFF completed...       0.1171 seconds
                COUPLE completed...       0.0025 seconds
                  HADV completed...       0.0956 seconds
                  ZADV completed...       0.0180 seconds
                 HDIFF completed...       0.0103 seconds
              DECOUPLE completed...       0.0026 seconds
                  PHOT completed...       0.0025 seconds
               CLDPROC completed...       0.0143 seconds
                  CHEM completed...       0.1369 seconds
                  AERO completed...       0.1627 seconds
            Master Time Step
            Processing completed...       0.5647 seconds
 
     Processing Day/Time [YYYYDDD:HHMMSS]: 2022182:093500
       Which is Equivalent to (UTC): 9:35:00  Friday,  July 1, 2022
       Time-Step Length (HHMMSS): 000500
                 VDIFF completed...       0.1523 seconds
                COUPLE completed...       0.0025 seconds
                  HADV completed...       0.0753 seconds
                  ZADV completed...       0.0175 seconds
                 HDIFF completed...       0.0166 seconds
              DECOUPLE completed...       0.0026 seconds
                  PHOT completed...       0.0025 seconds
               CLDPROC completed...       0.0119 seconds
                  CHEM completed...       0.1370 seconds
                  AERO completed...       0.1625 seconds
            Master Time Step
            Processing completed...       0.5826 seconds
 
     Processing Day/Time [YYYYDDD:HHMMSS]: 2022182:094000
       Which is Equivalent to (UTC): 9:40:00  Friday,  July 1, 2022
       Time-Step Length (HHMMSS): 000500
                 VDIFF completed...       0.1429 seconds
                COUPLE completed...       0.0025 seconds
                  HADV completed...       0.0794 seconds
                  ZADV completed...       0.0174 seconds
                 HDIFF completed...       0.0096 seconds
              DECOUPLE completed...       0.0026 seconds
                  PHOT completed...       0.0025 seconds
               CLDPROC completed...       0.0124 seconds
                  CHEM completed...       0.1352 seconds
                  AERO completed...       0.1605 seconds
            Master Time Step
            Processing completed...       0.5669 seconds
 
     Processing Day/Time [YYYYDDD:HHMMSS]: 2022182:094500
       Which is Equivalent to (UTC): 9:45:00  Friday,  July 1, 2022
       Time-Step Length (HHMMSS): 000500
                 VDIFF completed...       0.1442 seconds
                COUPLE completed...       0.0025 seconds
                  HADV completed...       0.0859 seconds
                  ZADV completed...       0.0183 seconds
                 HDIFF completed...       0.0152 seconds
              DECOUPLE completed...       0.0028 seconds
                  PHOT completed...       0.0026 seconds
               CLDPROC completed...       0.0156 seconds
                  CHEM completed...       0.1393 seconds
                  AERO completed...       0.1612 seconds
            Master Time Step
            Processing completed...       0.5902 seconds
 
     Processing Day/Time [YYYYDDD:HHMMSS]: 2022182:095000
       Which is Equivalent to (UTC): 9:50:00  Friday,  July 1, 2022
       Time-Step Length (HHMMSS): 000500
                 VDIFF completed...       0.1379 seconds
                COUPLE completed...       0.0025 seconds
                  HADV completed...       0.0860 seconds
                  ZADV completed...       0.0177 seconds
                 HDIFF completed...       0.0224 seconds
              DECOUPLE completed...       0.0026 seconds
                  PHOT completed...       0.0026 seconds
               CLDPROC completed...       0.0123 seconds
                  CHEM completed...       0.1348 seconds
                  AERO completed...       0.1579 seconds
            Master Time Step
            Processing completed...       0.5782 seconds
 
     Processing Day/Time [YYYYDDD:HHMMSS]: 2022182:095500
       Which is Equivalent to (UTC): 9:55:00  Friday,  July 1, 2022
       Time-Step Length (HHMMSS): 000500
                 VDIFF completed...       0.1637 seconds
                COUPLE completed...       0.0026 seconds
                  HADV completed...       0.0797 seconds
                  ZADV completed...       0.0194 seconds
                 HDIFF completed...       0.0082 seconds
              DECOUPLE completed...       0.0026 seconds
                  PHOT completed...       0.0026 seconds
               CLDPROC completed...       0.0502 seconds
                  CHEM completed...       0.1384 seconds
                  AERO completed...       0.1599 seconds
            Master Time Step
            Processing completed...       0.6296 seconds
 
      =--> Data Output completed...       0.1102 seconds
 
     Processing Day/Time [YYYYDDD:HHMMSS]: 2022182:100000
       Which is Equivalent to (UTC): 10:00:00 Friday,  July 1, 2022
       Time-Step Length (HHMMSS): 000500
                 VDIFF completed...       0.8830 seconds
                COUPLE completed...       0.0026 seconds
                  HADV completed...       0.1008 seconds
                  ZADV completed...       0.0183 seconds
                 HDIFF completed...       0.0093 seconds
              DECOUPLE completed...       0.0032 seconds
                  PHOT completed...       0.0116 seconds
               CLDPROC completed...       0.0186 seconds
                  CHEM completed...       0.1494 seconds
                  AERO completed...       0.1599 seconds
            Master Time Step
            Processing completed...       1.3584 seconds
 
     Processing Day/Time [YYYYDDD:HHMMSS]: 2022182:100500
       Which is Equivalent to (UTC): 10:05:00 Friday,  July 1, 2022
       Time-Step Length (HHMMSS): 000500
                 VDIFF completed...       0.1332 seconds
                COUPLE completed...       0.0025 seconds
                  HADV completed...       0.0857 seconds
                  ZADV completed...       0.0174 seconds
                 HDIFF completed...       0.0116 seconds
              DECOUPLE completed...       0.0026 seconds
                  PHOT completed...       0.0026 seconds
               CLDPROC completed...       0.0164 seconds
                  CHEM completed...       0.1480 seconds
                  AERO completed...       0.1554 seconds
            Master Time Step
            Processing completed...       0.5774 seconds
 
     Processing Day/Time [YYYYDDD:HHMMSS]: 2022182:101000
       Which is Equivalent to (UTC): 10:10:00 Friday,  July 1, 2022
       Time-Step Length (HHMMSS): 000500
                 VDIFF completed...       0.1465 seconds
                COUPLE completed...       0.0025 seconds
                  HADV completed...       0.0815 seconds
                  ZADV completed...       0.0176 seconds
                 HDIFF completed...       0.0104 seconds
              DECOUPLE completed...       0.0026 seconds
                  PHOT completed...       0.0029 seconds
               CLDPROC completed...       0.0181 seconds
                  CHEM completed...       0.1487 seconds
                  AERO completed...       0.1593 seconds
            Master Time Step
            Processing completed...       0.5920 seconds
 
     Processing Day/Time [YYYYDDD:HHMMSS]: 2022182:101500
       Which is Equivalent to (UTC): 10:15:00 Friday,  July 1, 2022
       Time-Step Length (HHMMSS): 000500
                 VDIFF completed...       0.1343 seconds
                COUPLE completed...       0.0025 seconds
                  HADV completed...       0.0737 seconds
                  ZADV completed...       0.0178 seconds
                 HDIFF completed...       0.0097 seconds
              DECOUPLE completed...       0.0026 seconds
                  PHOT completed...       0.0026 seconds
               CLDPROC completed...       0.0171 seconds
                  CHEM completed...       0.1519 seconds
                  AERO completed...       0.1579 seconds
            Master Time Step
            Processing completed...       0.5719 seconds
 
     Processing Day/Time [YYYYDDD:HHMMSS]: 2022182:102000
       Which is Equivalent to (UTC): 10:20:00 Friday,  July 1, 2022
       Time-Step Length (HHMMSS): 000500
                 VDIFF completed...       0.1208 seconds
                COUPLE completed...       0.0025 seconds
                  HADV completed...       0.0903 seconds
                  ZADV completed...       0.0173 seconds
                 HDIFF completed...       0.0124 seconds
              DECOUPLE completed...       0.0026 seconds
                  PHOT completed...       0.0026 seconds
               CLDPROC completed...       0.0185 seconds
                  CHEM completed...       0.1485 seconds
                  AERO completed...       0.1585 seconds
            Master Time Step
            Processing completed...       0.5762 seconds
 
     Processing Day/Time [YYYYDDD:HHMMSS]: 2022182:102500
       Which is Equivalent to (UTC): 10:25:00 Friday,  July 1, 2022
       Time-Step Length (HHMMSS): 000500
                 VDIFF completed...       0.1300 seconds
                COUPLE completed...       0.0025 seconds
                  HADV completed...       0.1278 seconds
                  ZADV completed...       0.0182 seconds
                 HDIFF completed...       0.0174 seconds
              DECOUPLE completed...       0.0028 seconds
                  PHOT completed...       0.0030 seconds
               CLDPROC completed...       0.0223 seconds
                  CHEM completed...       0.1502 seconds
                  AERO completed...       0.1580 seconds
            Master Time Step
            Processing completed...       0.6343 seconds
 
     Processing Day/Time [YYYYDDD:HHMMSS]: 2022182:103000
       Which is Equivalent to (UTC): 10:30:00 Friday,  July 1, 2022
       Time-Step Length (HHMMSS): 000500
                 VDIFF completed...       0.1175 seconds
                COUPLE completed...       0.0025 seconds
                  HADV completed...       0.1234 seconds
                  ZADV completed...       0.0174 seconds
                 HDIFF completed...       0.0148 seconds
              DECOUPLE completed...       0.0026 seconds
                  PHOT completed...       0.0027 seconds
               CLDPROC completed...       0.0186 seconds
                  CHEM completed...       0.1459 seconds
                  AERO completed...       0.1564 seconds
            Master Time Step
            Processing completed...       0.6037 seconds
 
     Processing Day/Time [YYYYDDD:HHMMSS]: 2022182:103500
       Which is Equivalent to (UTC): 10:35:00 Friday,  July 1, 2022
       Time-Step Length (HHMMSS): 000500
                 VDIFF completed...       0.1431 seconds
                COUPLE completed...       0.0026 seconds
                  HADV completed...       0.1341 seconds
                  ZADV completed...       0.0198 seconds
                 HDIFF completed...       0.0126 seconds
              DECOUPLE completed...       0.0029 seconds
                  PHOT completed...       0.0030 seconds
               CLDPROC completed...       0.0207 seconds
                  CHEM completed...       0.1467 seconds
                  AERO completed...       0.1564 seconds
            Master Time Step
            Processing completed...       0.6441 seconds
 
     Processing Day/Time [YYYYDDD:HHMMSS]: 2022182:104000
       Which is Equivalent to (UTC): 10:40:00 Friday,  July 1, 2022
       Time-Step Length (HHMMSS): 000500
                 VDIFF completed...       0.1172 seconds
                COUPLE completed...       0.0027 seconds
                  HADV completed...       0.1772 seconds
                  ZADV completed...       0.0173 seconds
                 HDIFF completed...       0.0145 seconds
              DECOUPLE completed...       0.0027 seconds
                  PHOT completed...       0.0027 seconds
               CLDPROC completed...       0.0188 seconds
                  CHEM completed...       0.1489 seconds
                  AERO completed...       0.1537 seconds
            Master Time Step
            Processing completed...       0.6573 seconds
 
     Processing Day/Time [YYYYDDD:HHMMSS]: 2022182:104500
       Which is Equivalent to (UTC): 10:45:00 Friday,  July 1, 2022
       Time-Step Length (HHMMSS): 000500
                 VDIFF completed...       0.1291 seconds
                COUPLE completed...       0.0025 seconds
                  HADV completed...       0.1996 seconds
                  ZADV completed...       0.0184 seconds
                 HDIFF completed...       0.0105 seconds
              DECOUPLE completed...       0.0026 seconds
                  PHOT completed...       0.0027 seconds
               CLDPROC completed...       0.0207 seconds
                  CHEM completed...       0.1497 seconds
                  AERO completed...       0.1545 seconds
            Master Time Step
            Processing completed...       0.6927 seconds
 
     Processing Day/Time [YYYYDDD:HHMMSS]: 2022182:105000
       Which is Equivalent to (UTC): 10:50:00 Friday,  July 1, 2022
       Time-Step Length (HHMMSS): 000500
                 VDIFF completed...       0.1393 seconds
                COUPLE completed...       0.0025 seconds
                  HADV completed...       0.1996 seconds
                  ZADV completed...       0.0175 seconds
                 HDIFF completed...       0.0111 seconds
              DECOUPLE completed...       0.0026 seconds
                  PHOT completed...       0.0027 seconds
               CLDPROC completed...       0.0189 seconds
                  CHEM completed...       0.1481 seconds
                  AERO completed...       0.1521 seconds
            Master Time Step
            Processing completed...       0.6960 seconds
 
     Processing Day/Time [YYYYDDD:HHMMSS]: 2022182:105500
       Which is Equivalent to (UTC): 10:55:00 Friday,  July 1, 2022
       Time-Step Length (HHMMSS): 000500
                 VDIFF completed...       0.2990 seconds
                COUPLE completed...       0.0025 seconds
                  HADV completed...       0.0928 seconds
                  ZADV completed...       0.0179 seconds
                 HDIFF completed...       0.0149 seconds
              DECOUPLE completed...       0.0026 seconds
                  PHOT completed...       0.0132 seconds
               CLDPROC completed...       0.0784 seconds
                  CHEM completed...       0.1475 seconds
                  AERO completed...       0.1532 seconds
            Master Time Step
            Processing completed...       0.8240 seconds
 
      =--> Data Output completed...       0.2217 seconds
 
     Processing Day/Time [YYYYDDD:HHMMSS]: 2022182:110000
       Which is Equivalent to (UTC): 11:00:00 Friday,  July 1, 2022
       Time-Step Length (HHMMSS): 000500
                 VDIFF completed...       0.8913 seconds
                COUPLE completed...       0.0026 seconds
                  HADV completed...       0.1318 seconds
                  ZADV completed...       0.0182 seconds
                 HDIFF completed...       0.0128 seconds
              DECOUPLE completed...       0.0026 seconds
                  PHOT completed...       0.0351 seconds
               CLDPROC completed...       0.0190 seconds
                  CHEM completed...       0.1535 seconds
                  AERO completed...       0.1536 seconds
            Master Time Step
            Processing completed...       1.4231 seconds
 
     Processing Day/Time [YYYYDDD:HHMMSS]: 2022182:110500
       Which is Equivalent to (UTC): 11:05:00 Friday,  July 1, 2022
       Time-Step Length (HHMMSS): 000500
                 VDIFF completed...       0.1191 seconds
                COUPLE completed...       0.0025 seconds
                  HADV completed...       0.2126 seconds
                  ZADV completed...       0.0175 seconds
                 HDIFF completed...       0.0153 seconds
              DECOUPLE completed...       0.0026 seconds
                  PHOT completed...       0.0265 seconds
               CLDPROC completed...       0.0238 seconds
                  CHEM completed...       0.1550 seconds
                  AERO completed...       0.1533 seconds
            Master Time Step
            Processing completed...       0.7303 seconds
 
     Processing Day/Time [YYYYDDD:HHMMSS]: 2022182:111000
       Which is Equivalent to (UTC): 11:10:00 Friday,  July 1, 2022
       Time-Step Length (HHMMSS): 000500
                 VDIFF completed...       0.2377 seconds
                COUPLE completed...       0.0025 seconds
                  HADV completed...       0.1476 seconds
                  ZADV completed...       0.0174 seconds
                 HDIFF completed...       0.0095 seconds
              DECOUPLE completed...       0.0026 seconds
                  PHOT completed...       0.0263 seconds
               CLDPROC completed...       0.0247 seconds
                  CHEM completed...       0.1560 seconds
                  AERO completed...       0.1529 seconds
            Master Time Step
            Processing completed...       0.7794 seconds
 
     Processing Day/Time [YYYYDDD:HHMMSS]: 2022182:111500
       Which is Equivalent to (UTC): 11:15:00 Friday,  July 1, 2022
       Time-Step Length (HHMMSS): 000500
                 VDIFF completed...       0.2830 seconds
                COUPLE completed...       0.0025 seconds
                  HADV completed...       0.0874 seconds
                  ZADV completed...       0.0178 seconds
                 HDIFF completed...       0.0162 seconds
              DECOUPLE completed...       0.0029 seconds
                  PHOT completed...       0.0261 seconds
               CLDPROC completed...       0.0254 seconds
                  CHEM completed...       0.1579 seconds
                  AERO completed...       0.1539 seconds
            Master Time Step
            Processing completed...       0.7754 seconds
 
     Processing Day/Time [YYYYDDD:HHMMSS]: 2022182:112000
       Which is Equivalent to (UTC): 11:20:00 Friday,  July 1, 2022
       Time-Step Length (HHMMSS): 000500
                 VDIFF completed...       0.1679 seconds
                COUPLE completed...       0.0025 seconds
                  HADV completed...       0.0809 seconds
                  ZADV completed...       0.0173 seconds
                 HDIFF completed...       0.0137 seconds
              DECOUPLE completed...       0.0026 seconds
                  PHOT completed...       0.0308 seconds
               CLDPROC completed...       0.0214 seconds
                  CHEM completed...       0.2031 seconds
                  AERO completed...       0.1501 seconds
            Master Time Step
            Processing completed...       0.6922 seconds
 
     Processing Day/Time [YYYYDDD:HHMMSS]: 2022182:112500
       Which is Equivalent to (UTC): 11:25:00 Friday,  July 1, 2022
       Time-Step Length (HHMMSS): 000500
                 VDIFF completed...       0.1475 seconds
                COUPLE completed...       0.0025 seconds
                  HADV completed...       0.0810 seconds
                  ZADV completed...       0.0181 seconds
                 HDIFF completed...       0.0109 seconds
              DECOUPLE completed...       0.0026 seconds
                  PHOT completed...       0.0422 seconds
               CLDPROC completed...       0.0256 seconds
                  CHEM completed...       0.3252 seconds
                  AERO completed...       0.1508 seconds
            Master Time Step
            Processing completed...       0.8092 seconds
 
     Processing Day/Time [YYYYDDD:HHMMSS]: 2022182:113000
       Which is Equivalent to (UTC): 11:30:00 Friday,  July 1, 2022
       Time-Step Length (HHMMSS): 000500
                 VDIFF completed...       0.1471 seconds
                COUPLE completed...       0.0026 seconds
                  HADV completed...       0.0823 seconds
                  ZADV completed...       0.0176 seconds
                 HDIFF completed...       0.0111 seconds
              DECOUPLE completed...       0.0026 seconds
                  PHOT completed...       0.0409 seconds
               CLDPROC completed...       0.0229 seconds
                  CHEM completed...       0.3314 seconds
                  AERO completed...       0.1521 seconds
            Master Time Step
            Processing completed...       0.8128 seconds
 
     Processing Day/Time [YYYYDDD:HHMMSS]: 2022182:113500
       Which is Equivalent to (UTC): 11:35:00 Friday,  July 1, 2022
       Time-Step Length (HHMMSS): 000500
                 VDIFF completed...       0.1294 seconds
                COUPLE completed...       0.0028 seconds
                  HADV completed...       0.0940 seconds
                  ZADV completed...       0.0187 seconds
                 HDIFF completed...       0.0104 seconds
              DECOUPLE completed...       0.0026 seconds
                  PHOT completed...       0.0416 seconds
               CLDPROC completed...       0.0267 seconds
                  CHEM completed...       0.3113 seconds
                  AERO completed...       0.1533 seconds
            Master Time Step
            Processing completed...       0.7934 seconds
 
     Processing Day/Time [YYYYDDD:HHMMSS]: 2022182:114000
       Which is Equivalent to (UTC): 11:40:00 Friday,  July 1, 2022
       Time-Step Length (HHMMSS): 000500
                 VDIFF completed...       0.1221 seconds
                COUPLE completed...       0.0026 seconds
                  HADV completed...       0.0871 seconds
                  ZADV completed...       0.0177 seconds
                 HDIFF completed...       0.0094 seconds
              DECOUPLE completed...       0.0026 seconds
                  PHOT completed...       0.0399 seconds
               CLDPROC completed...       0.0225 seconds
                  CHEM completed...       0.2969 seconds
                  AERO completed...       0.1522 seconds
            Master Time Step
            Processing completed...       0.7553 seconds
 
     Processing Day/Time [YYYYDDD:HHMMSS]: 2022182:114500
       Which is Equivalent to (UTC): 11:45:00 Friday,  July 1, 2022
       Time-Step Length (HHMMSS): 000500
                 VDIFF completed...       0.1402 seconds
                COUPLE completed...       0.0025 seconds
                  HADV completed...       0.0878 seconds
                  ZADV completed...       0.0199 seconds
                 HDIFF completed...       0.0176 seconds
              DECOUPLE completed...       0.0027 seconds
                  PHOT completed...       0.0413 seconds
               CLDPROC completed...       0.0228 seconds
                  CHEM completed...       0.2891 seconds
                  AERO completed...       0.1511 seconds
            Master Time Step
            Processing completed...       0.7777 seconds
 
     Processing Day/Time [YYYYDDD:HHMMSS]: 2022182:115000
       Which is Equivalent to (UTC): 11:50:00 Friday,  July 1, 2022
       Time-Step Length (HHMMSS): 000500
                 VDIFF completed...       0.1330 seconds
                COUPLE completed...       0.0026 seconds
                  HADV completed...       0.0742 seconds
                  ZADV completed...       0.0177 seconds
                 HDIFF completed...       0.0120 seconds
              DECOUPLE completed...       0.0027 seconds
                  PHOT completed...       0.0413 seconds
               CLDPROC completed...       0.0223 seconds
                  CHEM completed...       0.2916 seconds
                  AERO completed...       0.1512 seconds
            Master Time Step
            Processing completed...       0.7505 seconds
 
     Processing Day/Time [YYYYDDD:HHMMSS]: 2022182:115500
       Which is Equivalent to (UTC): 11:55:00 Friday,  July 1, 2022
       Time-Step Length (HHMMSS): 000500
                 VDIFF completed...       0.1609 seconds
                COUPLE completed...       0.0028 seconds
                  HADV completed...       0.0934 seconds
                  ZADV completed...       0.0184 seconds
                 HDIFF completed...       0.0096 seconds
              DECOUPLE completed...       0.0027 seconds
                  PHOT completed...       0.0435 seconds
               CLDPROC completed...       0.0597 seconds
                  CHEM completed...       0.2925 seconds
                  AERO completed...       0.1502 seconds
            Master Time Step
            Processing completed...       0.8363 seconds
 
      =--> Data Output completed...       0.1029 seconds
 
     Processing Day/Time [YYYYDDD:HHMMSS]: 2022182:120000
       Which is Equivalent to (UTC): 12:00:00 Friday,  July 1, 2022
       Time-Step Length (HHMMSS): 000500
                 VDIFF completed...       0.8455 seconds
                COUPLE completed...       0.0025 seconds
                  HADV completed...       0.1138 seconds
                  ZADV completed...       0.0181 seconds
                 HDIFF completed...       0.0081 seconds
              DECOUPLE completed...       0.0026 seconds
                  PHOT completed...       0.0499 seconds
               CLDPROC completed...       0.0279 seconds
                  CHEM completed...       0.2988 seconds
                  AERO completed...       0.1525 seconds
            Master Time Step
            Processing completed...       1.5215 seconds
 
     Processing Day/Time [YYYYDDD:HHMMSS]: 2022182:120500
       Which is Equivalent to (UTC): 12:05:00 Friday,  July 1, 2022
       Time-Step Length (HHMMSS): 000500
                 VDIFF completed...       0.1157 seconds
                COUPLE completed...       0.0027 seconds
                  HADV completed...       0.0747 seconds
                  ZADV completed...       0.0180 seconds
                 HDIFF completed...       0.0087 seconds
              DECOUPLE completed...       0.0026 seconds
                  PHOT completed...       0.0414 seconds
               CLDPROC completed...       0.0336 seconds
                  CHEM completed...       0.2947 seconds
                  AERO completed...       0.1510 seconds
            Master Time Step
            Processing completed...       0.7447 seconds
 
     Processing Day/Time [YYYYDDD:HHMMSS]: 2022182:121000
       Which is Equivalent to (UTC): 12:10:00 Friday,  July 1, 2022
       Time-Step Length (HHMMSS): 000500
                 VDIFF completed...       0.1234 seconds
                COUPLE completed...       0.0025 seconds
                  HADV completed...       0.0830 seconds
                  ZADV completed...       0.0183 seconds
                 HDIFF completed...       0.0207 seconds
              DECOUPLE completed...       0.0027 seconds
                  PHOT completed...       0.0422 seconds
               CLDPROC completed...       0.0348 seconds
                  CHEM completed...       0.2974 seconds
                  AERO completed...       0.1478 seconds
            Master Time Step
            Processing completed...       0.7758 seconds
 
     Processing Day/Time [YYYYDDD:HHMMSS]: 2022182:121500
       Which is Equivalent to (UTC): 12:15:00 Friday,  July 1, 2022
       Time-Step Length (HHMMSS): 000500
                 VDIFF completed...       0.1152 seconds
                COUPLE completed...       0.0026 seconds
                  HADV completed...       0.0832 seconds
                  ZADV completed...       0.0174 seconds
                 HDIFF completed...       0.0109 seconds
              DECOUPLE completed...       0.0029 seconds
                  PHOT completed...       0.0410 seconds
               CLDPROC completed...       0.0328 seconds
                  CHEM completed...       0.2997 seconds
                  AERO completed...       0.1505 seconds
            Master Time Step
            Processing completed...       0.7587 seconds
 
     Processing Day/Time [YYYYDDD:HHMMSS]: 2022182:122000
       Which is Equivalent to (UTC): 12:20:00 Friday,  July 1, 2022
       Time-Step Length (HHMMSS): 000500
                 VDIFF completed...       0.1200 seconds
                COUPLE completed...       0.0025 seconds
                  HADV completed...       0.0799 seconds
                  ZADV completed...       0.0175 seconds
                 HDIFF completed...       0.0191 seconds
              DECOUPLE completed...       0.0026 seconds
                  PHOT completed...       0.0413 seconds
               CLDPROC completed...       0.0346 seconds
                  CHEM completed...       0.3054 seconds
                  AERO completed...       0.1475 seconds
            Master Time Step
            Processing completed...       0.7723 seconds
 
     Processing Day/Time [YYYYDDD:HHMMSS]: 2022182:122500
       Which is Equivalent to (UTC): 12:25:00 Friday,  July 1, 2022
       Time-Step Length (HHMMSS): 000500
                 VDIFF completed...       0.1131 seconds
                COUPLE completed...       0.0025 seconds
                  HADV completed...       0.0827 seconds
                  ZADV completed...       0.0183 seconds
                 HDIFF completed...       0.0127 seconds
              DECOUPLE completed...       0.0027 seconds
                  PHOT completed...       0.0406 seconds
               CLDPROC completed...       0.0330 seconds
                  CHEM completed...       0.3030 seconds
                  AERO completed...       0.1482 seconds
            Master Time Step
            Processing completed...       0.7590 seconds
 
     Processing Day/Time [YYYYDDD:HHMMSS]: 2022182:123000
       Which is Equivalent to (UTC): 12:30:00 Friday,  July 1, 2022
       Time-Step Length (HHMMSS): 000500
                 VDIFF completed...       0.1284 seconds
                COUPLE completed...       0.0025 seconds
                  HADV completed...       0.0800 seconds
                  ZADV completed...       0.0198 seconds
                 HDIFF completed...       0.0169 seconds
              DECOUPLE completed...       0.0026 seconds
                  PHOT completed...       0.0406 seconds
               CLDPROC completed...       0.0317 seconds
                  CHEM completed...       0.3074 seconds
                  AERO completed...       0.1452 seconds
            Master Time Step
            Processing completed...       0.7773 seconds
 
     Processing Day/Time [YYYYDDD:HHMMSS]: 2022182:123500
       Which is Equivalent to (UTC): 12:35:00 Friday,  July 1, 2022
       Time-Step Length (HHMMSS): 000500
                 VDIFF completed...       0.1177 seconds
                COUPLE completed...       0.0027 seconds
                  HADV completed...       0.0939 seconds
                  ZADV completed...       0.0181 seconds
                 HDIFF completed...       0.0137 seconds
              DECOUPLE completed...       0.0027 seconds
                  PHOT completed...       0.0429 seconds
               CLDPROC completed...       0.0339 seconds
                  CHEM completed...       0.3107 seconds
                  AERO completed...       0.1456 seconds
            Master Time Step
            Processing completed...       0.7843 seconds
 
     Processing Day/Time [YYYYDDD:HHMMSS]: 2022182:124000
       Which is Equivalent to (UTC): 12:40:00 Friday,  July 1, 2022
       Time-Step Length (HHMMSS): 000500
                 VDIFF completed...       0.1373 seconds
                COUPLE completed...       0.0025 seconds
                  HADV completed...       0.0759 seconds
                  ZADV completed...       0.0171 seconds
                 HDIFF completed...       0.0191 seconds
              DECOUPLE completed...       0.0027 seconds
                  PHOT completed...       0.0430 seconds
               CLDPROC completed...       0.0304 seconds
                  CHEM completed...       0.3181 seconds
                  AERO completed...       0.1482 seconds
            Master Time Step
            Processing completed...       0.7965 seconds
 
     Processing Day/Time [YYYYDDD:HHMMSS]: 2022182:124500
       Which is Equivalent to (UTC): 12:45:00 Friday,  July 1, 2022
       Time-Step Length (HHMMSS): 000500
                 VDIFF completed...       0.1333 seconds
                COUPLE completed...       0.0025 seconds
                  HADV completed...       0.0836 seconds
                  ZADV completed...       0.0179 seconds
                 HDIFF completed...       0.0210 seconds
              DECOUPLE completed...       0.0027 seconds
                  PHOT completed...       0.0407 seconds
               CLDPROC completed...       0.0329 seconds
                  CHEM completed...       0.3203 seconds
                  AERO completed...       0.1479 seconds
            Master Time Step
            Processing completed...       0.8054 seconds
 
     Processing Day/Time [YYYYDDD:HHMMSS]: 2022182:125000
       Which is Equivalent to (UTC): 12:50:00 Friday,  July 1, 2022
       Time-Step Length (HHMMSS): 000500
                 VDIFF completed...       0.1259 seconds
                COUPLE completed...       0.0025 seconds
                  HADV completed...       0.0858 seconds
                  ZADV completed...       0.0174 seconds
                 HDIFF completed...       0.0159 seconds
              DECOUPLE completed...       0.0026 seconds
                  PHOT completed...       0.0404 seconds
               CLDPROC completed...       0.0305 seconds
                  CHEM completed...       0.3217 seconds
                  AERO completed...       0.1478 seconds
            Master Time Step
            Processing completed...       0.7926 seconds
 
     Processing Day/Time [YYYYDDD:HHMMSS]: 2022182:125500
       Which is Equivalent to (UTC): 12:55:00 Friday,  July 1, 2022
       Time-Step Length (HHMMSS): 000500
                 VDIFF completed...       0.1582 seconds
                COUPLE completed...       0.0025 seconds
                  HADV completed...       0.0915 seconds
                  ZADV completed...       0.0180 seconds
                 HDIFF completed...       0.0137 seconds
              DECOUPLE completed...       0.0026 seconds
                  PHOT completed...       0.0400 seconds
               CLDPROC completed...       0.0686 seconds
                  CHEM completed...       0.3267 seconds
                  AERO completed...       0.1458 seconds
            Master Time Step
            Processing completed...       0.8695 seconds
 
      =--> Data Output completed...       0.1187 seconds
 
     Processing Day/Time [YYYYDDD:HHMMSS]: 2022182:130000
       Which is Equivalent to (UTC): 13:00:00 Friday,  July 1, 2022
       Time-Step Length (HHMMSS): 000500
                 VDIFF completed...       1.1323 seconds
                COUPLE completed...       0.0027 seconds
                  HADV completed...       0.1614 seconds
                  ZADV completed...       0.0177 seconds
                 HDIFF completed...       0.0156 seconds
              DECOUPLE completed...       0.0027 seconds
                  PHOT completed...       0.0670 seconds
               CLDPROC completed...       0.0344 seconds
                  CHEM completed...       0.3424 seconds
                  AERO completed...       0.1490 seconds
            Master Time Step
            Processing completed...       1.9269 seconds
 
     Processing Day/Time [YYYYDDD:HHMMSS]: 2022182:130500
       Which is Equivalent to (UTC): 13:05:00 Friday,  July 1, 2022
       Time-Step Length (HHMMSS): 000500
                 VDIFF completed...       0.1423 seconds
                COUPLE completed...       0.0025 seconds
                  HADV completed...       0.0863 seconds
                  ZADV completed...       0.0172 seconds
                 HDIFF completed...       0.0090 seconds
              DECOUPLE completed...       0.0028 seconds
                  PHOT completed...       0.0425 seconds
               CLDPROC completed...       0.0301 seconds
                  CHEM completed...       0.3338 seconds
                  AERO completed...       0.1480 seconds
            Master Time Step
            Processing completed...       0.8167 seconds
 
     Processing Day/Time [YYYYDDD:HHMMSS]: 2022182:131000
       Which is Equivalent to (UTC): 13:10:00 Friday,  July 1, 2022
       Time-Step Length (HHMMSS): 000500
                 VDIFF completed...       0.1222 seconds
                COUPLE completed...       0.0026 seconds
                  HADV completed...       0.0743 seconds
                  ZADV completed...       0.0177 seconds
                 HDIFF completed...       0.0149 seconds
              DECOUPLE completed...       0.0026 seconds
                  PHOT completed...       0.0413 seconds
               CLDPROC completed...       0.0339 seconds
                  CHEM completed...       0.3391 seconds
                  AERO completed...       0.1472 seconds
            Master Time Step
            Processing completed...       0.7984 seconds
 
     Processing Day/Time [YYYYDDD:HHMMSS]: 2022182:131500
       Which is Equivalent to (UTC): 13:15:00 Friday,  July 1, 2022
       Time-Step Length (HHMMSS): 000500
                 VDIFF completed...       0.1274 seconds
                COUPLE completed...       0.0025 seconds
                  HADV completed...       0.0733 seconds
                  ZADV completed...       0.0173 seconds
                 HDIFF completed...       0.0118 seconds
              DECOUPLE completed...       0.0027 seconds
                  PHOT completed...       0.0405 seconds
               CLDPROC completed...       0.0304 seconds
                  CHEM completed...       0.3388 seconds
                  AERO completed...       0.1532 seconds
            Master Time Step
            Processing completed...       0.7997 seconds
 
     Processing Day/Time [YYYYDDD:HHMMSS]: 2022182:132000
       Which is Equivalent to (UTC): 13:20:00 Friday,  July 1, 2022
       Time-Step Length (HHMMSS): 000500
                 VDIFF completed...       0.1296 seconds
                COUPLE completed...       0.0025 seconds
                  HADV completed...       0.0755 seconds
                  ZADV completed...       0.0171 seconds
                 HDIFF completed...       0.0159 seconds
              DECOUPLE completed...       0.0026 seconds
                  PHOT completed...       0.0409 seconds
               CLDPROC completed...       0.0317 seconds
                  CHEM completed...       0.3390 seconds
                  AERO completed...       0.1512 seconds
            Master Time Step
            Processing completed...       0.8081 seconds
 
     Processing Day/Time [YYYYDDD:HHMMSS]: 2022182:132500
       Which is Equivalent to (UTC): 13:25:00 Friday,  July 1, 2022
       Time-Step Length (HHMMSS): 000500
                 VDIFF completed...       0.1346 seconds
                COUPLE completed...       0.0025 seconds
                  HADV completed...       0.0720 seconds
                  ZADV completed...       0.0181 seconds
                 HDIFF completed...       0.0133 seconds
              DECOUPLE completed...       0.0028 seconds
                  PHOT completed...       0.0413 seconds
               CLDPROC completed...       0.0341 seconds
                  CHEM completed...       0.3439 seconds
                  AERO completed...       0.1480 seconds
            Master Time Step
            Processing completed...       0.8130 seconds
 
     Processing Day/Time [YYYYDDD:HHMMSS]: 2022182:133000
       Which is Equivalent to (UTC): 13:30:00 Friday,  July 1, 2022
       Time-Step Length (HHMMSS): 000500
                 VDIFF completed...       0.1141 seconds
                COUPLE completed...       0.0026 seconds
                  HADV completed...       0.0731 seconds
                  ZADV completed...       0.0165 seconds
                 HDIFF completed...       0.0187 seconds
              DECOUPLE completed...       0.0026 seconds
                  PHOT completed...       0.0398 seconds
               CLDPROC completed...       0.0316 seconds
                  CHEM completed...       0.3455 seconds
                  AERO completed...       0.1474 seconds
            Master Time Step
            Processing completed...       0.7939 seconds
 
     Processing Day/Time [YYYYDDD:HHMMSS]: 2022182:133500
       Which is Equivalent to (UTC): 13:35:00 Friday,  July 1, 2022
       Time-Step Length (HHMMSS): 000500
                 VDIFF completed...       0.1241 seconds
                COUPLE completed...       0.0025 seconds
                  HADV completed...       0.0796 seconds
                  ZADV completed...       0.0171 seconds
                 HDIFF completed...       0.0163 seconds
              DECOUPLE completed...       0.0029 seconds
                  PHOT completed...       0.0422 seconds
               CLDPROC completed...       0.0336 seconds
                  CHEM completed...       0.3484 seconds
                  AERO completed...       0.1483 seconds
            Master Time Step
            Processing completed...       0.8174 seconds
 
     Processing Day/Time [YYYYDDD:HHMMSS]: 2022182:134000
       Which is Equivalent to (UTC): 13:40:00 Friday,  July 1, 2022
       Time-Step Length (HHMMSS): 000500
                 VDIFF completed...       0.1346 seconds
                COUPLE completed...       0.0025 seconds
                  HADV completed...       0.0779 seconds
                  ZADV completed...       0.0176 seconds
                 HDIFF completed...       0.0236 seconds
              DECOUPLE completed...       0.0027 seconds
                  PHOT completed...       0.0411 seconds
               CLDPROC completed...       0.0341 seconds
                  CHEM completed...       0.3493 seconds
                  AERO completed...       0.1500 seconds
            Master Time Step
            Processing completed...       0.8358 seconds
 
     Processing Day/Time [YYYYDDD:HHMMSS]: 2022182:134500
       Which is Equivalent to (UTC): 13:45:00 Friday,  July 1, 2022
       Time-Step Length (HHMMSS): 000500
                 VDIFF completed...       0.1304 seconds
                COUPLE completed...       0.0027 seconds
                  HADV completed...       0.0745 seconds
                  ZADV completed...       0.0172 seconds
                 HDIFF completed...       0.0086 seconds
              DECOUPLE completed...       0.0026 seconds
                  PHOT completed...       0.0408 seconds
               CLDPROC completed...       0.0322 seconds
                  CHEM completed...       0.3566 seconds
                  AERO completed...       0.1478 seconds
            Master Time Step
            Processing completed...       0.8154 seconds
 
     Processing Day/Time [YYYYDDD:HHMMSS]: 2022182:135000
       Which is Equivalent to (UTC): 13:50:00 Friday,  July 1, 2022
       Time-Step Length (HHMMSS): 000500
                 VDIFF completed...       0.1326 seconds
                COUPLE completed...       0.0025 seconds
                  HADV completed...       0.0781 seconds
                  ZADV completed...       0.0169 seconds
                 HDIFF completed...       0.0110 seconds
              DECOUPLE completed...       0.0027 seconds
                  PHOT completed...       0.0414 seconds
               CLDPROC completed...       0.0274 seconds
                  CHEM completed...       0.3520 seconds
                  AERO completed...       0.1501 seconds
            Master Time Step
            Processing completed...       0.8169 seconds
 
     Processing Day/Time [YYYYDDD:HHMMSS]: 2022182:135500
       Which is Equivalent to (UTC): 13:55:00 Friday,  July 1, 2022
       Time-Step Length (HHMMSS): 000500
                 VDIFF completed...       0.1697 seconds
                COUPLE completed...       0.0025 seconds
                  HADV completed...       0.0786 seconds
                  ZADV completed...       0.0171 seconds
                 HDIFF completed...       0.0166 seconds
              DECOUPLE completed...       0.0026 seconds
                  PHOT completed...       0.0395 seconds
               CLDPROC completed...       0.0565 seconds
                  CHEM completed...       0.3572 seconds
                  AERO completed...       0.1485 seconds
            Master Time Step
            Processing completed...       0.8907 seconds
 
      =--> Data Output completed...       0.0897 seconds
 
     Processing Day/Time [YYYYDDD:HHMMSS]: 2022182:140000
       Which is Equivalent to (UTC): 14:00:00 Friday,  July 1, 2022
       Time-Step Length (HHMMSS): 000500
                 VDIFF completed...       1.0196 seconds
                COUPLE completed...       0.0025 seconds
                  HADV completed...       0.1992 seconds
                  ZADV completed...       0.0171 seconds
                 HDIFF completed...       0.0131 seconds
              DECOUPLE completed...       0.0026 seconds
                  PHOT completed...       0.0524 seconds
               CLDPROC completed...       0.0254 seconds
                  CHEM completed...       0.3789 seconds
                  AERO completed...       0.1492 seconds
            Master Time Step
            Processing completed...       1.8621 seconds
 
     Processing Day/Time [YYYYDDD:HHMMSS]: 2022182:140500
       Which is Equivalent to (UTC): 14:05:00 Friday,  July 1, 2022
       Time-Step Length (HHMMSS): 000500
                 VDIFF completed...       0.1248 seconds
                COUPLE completed...       0.0025 seconds
                  HADV completed...       0.0787 seconds
                  ZADV completed...       0.0166 seconds
                 HDIFF completed...       0.0142 seconds
              DECOUPLE completed...       0.0026 seconds
                  PHOT completed...       0.0402 seconds
               CLDPROC completed...       0.0253 seconds
                  CHEM completed...       0.3633 seconds
                  AERO completed...       0.1535 seconds
            Master Time Step
            Processing completed...       0.8237 seconds
 
     Processing Day/Time [YYYYDDD:HHMMSS]: 2022182:141000
       Which is Equivalent to (UTC): 14:10:00 Friday,  July 1, 2022
       Time-Step Length (HHMMSS): 000500
                 VDIFF completed...       0.1350 seconds
                COUPLE completed...       0.0025 seconds
                  HADV completed...       0.0753 seconds
                  ZADV completed...       0.0167 seconds
                 HDIFF completed...       0.0108 seconds
              DECOUPLE completed...       0.0029 seconds
                  PHOT completed...       0.0400 seconds
               CLDPROC completed...       0.0255 seconds
                  CHEM completed...       0.3624 seconds
                  AERO completed...       0.1477 seconds
            Master Time Step
            Processing completed...       0.8207 seconds
 
     Processing Day/Time [YYYYDDD:HHMMSS]: 2022182:141500
       Which is Equivalent to (UTC): 14:15:00 Friday,  July 1, 2022
       Time-Step Length (HHMMSS): 000500
                 VDIFF completed...       0.1188 seconds
                COUPLE completed...       0.0027 seconds
                  HADV completed...       0.0891 seconds
                  ZADV completed...       0.0166 seconds
                 HDIFF completed...       0.0123 seconds
              DECOUPLE completed...       0.0026 seconds
                  PHOT completed...       0.0402 seconds
               CLDPROC completed...       0.0272 seconds
                  CHEM completed...       0.3646 seconds
                  AERO completed...       0.1488 seconds
            Master Time Step
            Processing completed...       0.8246 seconds
 
     Processing Day/Time [YYYYDDD:HHMMSS]: 2022182:142000
       Which is Equivalent to (UTC): 14:20:00 Friday,  July 1, 2022
       Time-Step Length (HHMMSS): 000500
                 VDIFF completed...       0.1320 seconds
                COUPLE completed...       0.0025 seconds
                  HADV completed...       0.0876 seconds
                  ZADV completed...       0.0164 seconds
                 HDIFF completed...       0.0137 seconds
              DECOUPLE completed...       0.0026 seconds
                  PHOT completed...       0.0405 seconds
               CLDPROC completed...       0.0253 seconds
                  CHEM completed...       0.3646 seconds
                  AERO completed...       0.1498 seconds
            Master Time Step
            Processing completed...       0.8371 seconds
 
     Processing Day/Time [YYYYDDD:HHMMSS]: 2022182:142500
       Which is Equivalent to (UTC): 14:25:00 Friday,  July 1, 2022
       Time-Step Length (HHMMSS): 000500
                 VDIFF completed...       0.1289 seconds
                COUPLE completed...       0.0026 seconds
                  HADV completed...       0.0873 seconds
                  ZADV completed...       0.0163 seconds
                 HDIFF completed...       0.0180 seconds
              DECOUPLE completed...       0.0026 seconds
                  PHOT completed...       0.0402 seconds
               CLDPROC completed...       0.0268 seconds
                  CHEM completed...       0.3649 seconds
                  AERO completed...       0.1521 seconds
            Master Time Step
            Processing completed...       0.8417 seconds
 
     Processing Day/Time [YYYYDDD:HHMMSS]: 2022182:143000
       Which is Equivalent to (UTC): 14:30:00 Friday,  July 1, 2022
       Time-Step Length (HHMMSS): 000500
                 VDIFF completed...       0.1276 seconds
                COUPLE completed...       0.0025 seconds
                  HADV completed...       0.0729 seconds
                  ZADV completed...       0.0164 seconds
                 HDIFF completed...       0.0096 seconds
              DECOUPLE completed...       0.0027 seconds
                  PHOT completed...       0.0410 seconds
               CLDPROC completed...       0.0244 seconds
                  CHEM completed...       0.3691 seconds
                  AERO completed...       0.1510 seconds
            Master Time Step
            Processing completed...       0.8191 seconds
 
     Processing Day/Time [YYYYDDD:HHMMSS]: 2022182:143500
       Which is Equivalent to (UTC): 14:35:00 Friday,  July 1, 2022
       Time-Step Length (HHMMSS): 000500
                 VDIFF completed...       0.1311 seconds
                COUPLE completed...       0.0025 seconds
                  HADV completed...       0.0891 seconds
                  ZADV completed...       0.0170 seconds
                 HDIFF completed...       0.0093 seconds
              DECOUPLE completed...       0.0028 seconds
                  PHOT completed...       0.0413 seconds
               CLDPROC completed...       0.0289 seconds
                  CHEM completed...       0.3719 seconds
                  AERO completed...       0.1522 seconds
            Master Time Step
            Processing completed...       0.8485 seconds
 
     Processing Day/Time [YYYYDDD:HHMMSS]: 2022182:144000
       Which is Equivalent to (UTC): 14:40:00 Friday,  July 1, 2022
       Time-Step Length (HHMMSS): 000500
                 VDIFF completed...       0.1348 seconds
                COUPLE completed...       0.0025 seconds
                  HADV completed...       0.0831 seconds
                  ZADV completed...       0.0162 seconds
                 HDIFF completed...       0.0110 seconds
              DECOUPLE completed...       0.0027 seconds
                  PHOT completed...       0.0399 seconds
               CLDPROC completed...       0.0245 seconds
                  CHEM completed...       0.3652 seconds
                  AERO completed...       0.1528 seconds
            Master Time Step
            Processing completed...       0.8345 seconds
 
     Processing Day/Time [YYYYDDD:HHMMSS]: 2022182:144500
       Which is Equivalent to (UTC): 14:45:00 Friday,  July 1, 2022
       Time-Step Length (HHMMSS): 000500
                 VDIFF completed...       0.1376 seconds
                COUPLE completed...       0.0026 seconds
                  HADV completed...       0.0785 seconds
                  ZADV completed...       0.0166 seconds
                 HDIFF completed...       0.0154 seconds
              DECOUPLE completed...       0.0028 seconds
                  PHOT completed...       0.0411 seconds
               CLDPROC completed...       0.0251 seconds
                  CHEM completed...       0.3674 seconds
                  AERO completed...       0.1539 seconds
            Master Time Step
            Processing completed...       0.8433 seconds
 
     Processing Day/Time [YYYYDDD:HHMMSS]: 2022182:145000
       Which is Equivalent to (UTC): 14:50:00 Friday,  July 1, 2022
       Time-Step Length (HHMMSS): 000500
                 VDIFF completed...       0.1264 seconds
                COUPLE completed...       0.0027 seconds
                  HADV completed...       0.0870 seconds
                  ZADV completed...       0.0182 seconds
                 HDIFF completed...       0.0161 seconds
              DECOUPLE completed...       0.0027 seconds
                  PHOT completed...       0.0411 seconds
               CLDPROC completed...       0.0289 seconds
                  CHEM completed...       0.3687 seconds
                  AERO completed...       0.1544 seconds
            Master Time Step
            Processing completed...       0.8485 seconds
 
     Processing Day/Time [YYYYDDD:HHMMSS]: 2022182:145500
       Which is Equivalent to (UTC): 14:55:00 Friday,  July 1, 2022
       Time-Step Length (HHMMSS): 000500
                 VDIFF completed...       0.1736 seconds
                COUPLE completed...       0.0025 seconds
                  HADV completed...       0.0821 seconds
                  ZADV completed...       0.0167 seconds
                 HDIFF completed...       0.0161 seconds
              DECOUPLE completed...       0.0026 seconds
                  PHOT completed...       0.0396 seconds
               CLDPROC completed...       0.0544 seconds
                  CHEM completed...       0.3665 seconds
                  AERO completed...       0.1570 seconds
            Master Time Step
            Processing completed...       0.9130 seconds
 
      =--> Data Output completed...       0.0862 seconds
 
     Processing Day/Time [YYYYDDD:HHMMSS]: 2022182:150000
       Which is Equivalent to (UTC): 15:00:00 Friday,  July 1, 2022
       Time-Step Length (HHMMSS): 000500
                 VDIFF completed...       0.9887 seconds
                COUPLE completed...       0.0025 seconds
                  HADV completed...       0.1425 seconds
                  ZADV completed...       0.0183 seconds
                 HDIFF completed...       0.0137 seconds
              DECOUPLE completed...       0.0028 seconds
                  PHOT completed...       0.0576 seconds
               CLDPROC completed...       0.0288 seconds
                  CHEM completed...       0.3862 seconds
                  AERO completed...       0.1563 seconds
            Master Time Step
            Processing completed...       1.7999 seconds
 
     Processing Day/Time [YYYYDDD:HHMMSS]: 2022182:150500
       Which is Equivalent to (UTC): 15:05:00 Friday,  July 1, 2022
       Time-Step Length (HHMMSS): 000500
                 VDIFF completed...       0.1271 seconds
                COUPLE completed...       0.0025 seconds
                  HADV completed...       0.0835 seconds
                  ZADV completed...       0.0171 seconds
                 HDIFF completed...       0.0123 seconds
              DECOUPLE completed...       0.0027 seconds
                  PHOT completed...       0.0415 seconds
               CLDPROC completed...       0.0246 seconds
                  CHEM completed...       0.3676 seconds
                  AERO completed...       0.1583 seconds
            Master Time Step
            Processing completed...       0.8390 seconds
 
     Processing Day/Time [YYYYDDD:HHMMSS]: 2022182:151000
       Which is Equivalent to (UTC): 15:10:00 Friday,  July 1, 2022
       Time-Step Length (HHMMSS): 000500
                 VDIFF completed...       0.1423 seconds
                COUPLE completed...       0.0025 seconds
                  HADV completed...       0.0839 seconds
                  ZADV completed...       0.0163 seconds
                 HDIFF completed...       0.0144 seconds
              DECOUPLE completed...       0.0026 seconds
                  PHOT completed...       0.0404 seconds
               CLDPROC completed...       0.0230 seconds
                  CHEM completed...       0.3668 seconds
                  AERO completed...       0.1564 seconds
            Master Time Step
            Processing completed...       0.8503 seconds
 
     Processing Day/Time [YYYYDDD:HHMMSS]: 2022182:151500
       Which is Equivalent to (UTC): 15:15:00 Friday,  July 1, 2022
       Time-Step Length (HHMMSS): 000500
                 VDIFF completed...       0.1209 seconds
                COUPLE completed...       0.0025 seconds
                  HADV completed...       0.0756 seconds
                  ZADV completed...       0.0165 seconds
                 HDIFF completed...       0.0106 seconds
              DECOUPLE completed...       0.0026 seconds
                  PHOT completed...       0.0408 seconds
               CLDPROC completed...       0.0255 seconds
                  CHEM completed...       0.3691 seconds
                  AERO completed...       0.1620 seconds
            Master Time Step
            Processing completed...       0.8281 seconds
 
     Processing Day/Time [YYYYDDD:HHMMSS]: 2022182:152000
       Which is Equivalent to (UTC): 15:20:00 Friday,  July 1, 2022
       Time-Step Length (HHMMSS): 000500
                 VDIFF completed...       0.1301 seconds
                COUPLE completed...       0.0025 seconds
                  HADV completed...       0.0829 seconds
                  ZADV completed...       0.0166 seconds
                 HDIFF completed...       0.0121 seconds
              DECOUPLE completed...       0.0026 seconds
                  PHOT completed...       0.0393 seconds
               CLDPROC completed...       0.0229 seconds
                  CHEM completed...       0.3674 seconds
                  AERO completed...       0.1577 seconds
            Master Time Step
            Processing completed...       0.8361 seconds
 
     Processing Day/Time [YYYYDDD:HHMMSS]: 2022182:152500
       Which is Equivalent to (UTC): 15:25:00 Friday,  July 1, 2022
       Time-Step Length (HHMMSS): 000500
                 VDIFF completed...       0.1388 seconds
                COUPLE completed...       0.0028 seconds
                  HADV completed...       0.0814 seconds
                  ZADV completed...       0.0170 seconds
                 HDIFF completed...       0.0137 seconds
              DECOUPLE completed...       0.0028 seconds
                  PHOT completed...       0.0424 seconds
               CLDPROC completed...       0.0262 seconds
                  CHEM completed...       0.3632 seconds
                  AERO completed...       0.1618 seconds
            Master Time Step
            Processing completed...       0.8527 seconds
 
     Processing Day/Time [YYYYDDD:HHMMSS]: 2022182:153000
       Which is Equivalent to (UTC): 15:30:00 Friday,  July 1, 2022
       Time-Step Length (HHMMSS): 000500
                 VDIFF completed...       0.1333 seconds
                COUPLE completed...       0.0025 seconds
                  HADV completed...       0.0864 seconds
                  ZADV completed...       0.0164 seconds
                 HDIFF completed...       0.0148 seconds
              DECOUPLE completed...       0.0026 seconds
                  PHOT completed...       0.0397 seconds
               CLDPROC completed...       0.0233 seconds
                  CHEM completed...       0.3663 seconds
                  AERO completed...       0.1608 seconds
            Master Time Step
            Processing completed...       0.8476 seconds
 
     Processing Day/Time [YYYYDDD:HHMMSS]: 2022182:153500
       Which is Equivalent to (UTC): 15:35:00 Friday,  July 1, 2022
       Time-Step Length (HHMMSS): 000500
                 VDIFF completed...       0.1479 seconds
                COUPLE completed...       0.0025 seconds
                  HADV completed...       0.0847 seconds
                  ZADV completed...       0.0175 seconds
                 HDIFF completed...       0.0136 seconds
              DECOUPLE completed...       0.0026 seconds
                  PHOT completed...       0.0419 seconds
               CLDPROC completed...       0.0260 seconds
                  CHEM completed...       0.3633 seconds
                  AERO completed...       0.1601 seconds
            Master Time Step
            Processing completed...       0.8625 seconds
 
     Processing Day/Time [YYYYDDD:HHMMSS]: 2022182:154000
       Which is Equivalent to (UTC): 15:40:00 Friday,  July 1, 2022
       Time-Step Length (HHMMSS): 000500
                 VDIFF completed...       0.1316 seconds
                COUPLE completed...       0.0026 seconds
                  HADV completed...       0.0827 seconds
                  ZADV completed...       0.0168 seconds
                 HDIFF completed...       0.0104 seconds
              DECOUPLE completed...       0.0026 seconds
                  PHOT completed...       0.0395 seconds
               CLDPROC completed...       0.0253 seconds
                  CHEM completed...       0.3592 seconds
                  AERO completed...       0.1626 seconds
            Master Time Step
            Processing completed...       0.8352 seconds
 
     Processing Day/Time [YYYYDDD:HHMMSS]: 2022182:154500
       Which is Equivalent to (UTC): 15:45:00 Friday,  July 1, 2022
       Time-Step Length (HHMMSS): 000500
                 VDIFF completed...       0.1402 seconds
                COUPLE completed...       0.0025 seconds
                  HADV completed...       0.0759 seconds
                  ZADV completed...       0.0169 seconds
                 HDIFF completed...       0.0112 seconds
              DECOUPLE completed...       0.0026 seconds
                  PHOT completed...       0.0408 seconds
               CLDPROC completed...       0.0219 seconds
                  CHEM completed...       0.3574 seconds
                  AERO completed...       0.1627 seconds
            Master Time Step
            Processing completed...       0.8340 seconds
 
     Processing Day/Time [YYYYDDD:HHMMSS]: 2022182:155000
       Which is Equivalent to (UTC): 15:50:00 Friday,  July 1, 2022
       Time-Step Length (HHMMSS): 000500
                 VDIFF completed...       0.1308 seconds
                COUPLE completed...       0.0025 seconds
                  HADV completed...       0.0797 seconds
                  ZADV completed...       0.0186 seconds
                 HDIFF completed...       0.0098 seconds
              DECOUPLE completed...       0.0027 seconds
                  PHOT completed...       0.0404 seconds
               CLDPROC completed...       0.0225 seconds
                  CHEM completed...       0.3591 seconds
                  AERO completed...       0.1627 seconds
            Master Time Step
            Processing completed...       0.8311 seconds
 
     Processing Day/Time [YYYYDDD:HHMMSS]: 2022182:155500
       Which is Equivalent to (UTC): 15:55:00 Friday,  July 1, 2022
       Time-Step Length (HHMMSS): 000500
                 VDIFF completed...       0.1639 seconds
                COUPLE completed...       0.0025 seconds
                  HADV completed...       0.0929 seconds
                  ZADV completed...       0.0167 seconds
                 HDIFF completed...       0.0103 seconds
              DECOUPLE completed...       0.0026 seconds
                  PHOT completed...       0.0397 seconds
               CLDPROC completed...       0.0606 seconds
                  CHEM completed...       0.3556 seconds
                  AERO completed...       0.1645 seconds
            Master Time Step
            Processing completed...       0.9112 seconds
 
      =--> Data Output completed...       0.0824 seconds
 
     Processing Day/Time [YYYYDDD:HHMMSS]: 2022182:160000
       Which is Equivalent to (UTC): 16:00:00 Friday,  July 1, 2022
       Time-Step Length (HHMMSS): 000500
                 VDIFF completed...       0.9676 seconds
                COUPLE completed...       0.0027 seconds
                  HADV completed...       0.1504 seconds
                  ZADV completed...       0.0177 seconds
                 HDIFF completed...       0.0102 seconds
              DECOUPLE completed...       0.0027 seconds
                  PHOT completed...       0.0619 seconds
               CLDPROC completed...       0.0198 seconds
                  CHEM completed...       0.3847 seconds
                  AERO completed...       0.1641 seconds
            Master Time Step
            Processing completed...       1.7838 seconds
 
     Processing Day/Time [YYYYDDD:HHMMSS]: 2022182:160500
       Which is Equivalent to (UTC): 16:05:00 Friday,  July 1, 2022
       Time-Step Length (HHMMSS): 000500
                 VDIFF completed...       0.1327 seconds
                COUPLE completed...       0.0025 seconds
                  HADV completed...       0.0828 seconds
                  ZADV completed...       0.0171 seconds
                 HDIFF completed...       0.0116 seconds
              DECOUPLE completed...       0.0028 seconds
                  PHOT completed...       0.0408 seconds
               CLDPROC completed...       0.0192 seconds
                  CHEM completed...       0.3705 seconds
                  AERO completed...       0.1640 seconds
            Master Time Step
            Processing completed...       0.8460 seconds
 
     Processing Day/Time [YYYYDDD:HHMMSS]: 2022182:161000
       Which is Equivalent to (UTC): 16:10:00 Friday,  July 1, 2022
       Time-Step Length (HHMMSS): 000500
                 VDIFF completed...       0.1449 seconds
                COUPLE completed...       0.0026 seconds
                  HADV completed...       0.0863 seconds
                  ZADV completed...       0.0171 seconds
                 HDIFF completed...       0.0156 seconds
              DECOUPLE completed...       0.0027 seconds
                  PHOT completed...       0.0421 seconds
               CLDPROC completed...       0.0164 seconds
                  CHEM completed...       0.3677 seconds
                  AERO completed...       0.1652 seconds
            Master Time Step
            Processing completed...       0.8627 seconds
 
     Processing Day/Time [YYYYDDD:HHMMSS]: 2022182:161500
       Which is Equivalent to (UTC): 16:15:00 Friday,  July 1, 2022
       Time-Step Length (HHMMSS): 000500
                 VDIFF completed...       0.1473 seconds
                COUPLE completed...       0.0025 seconds
                  HADV completed...       0.0728 seconds
                  ZADV completed...       0.0172 seconds
                 HDIFF completed...       0.0086 seconds
              DECOUPLE completed...       0.0028 seconds
                  PHOT completed...       0.0416 seconds
               CLDPROC completed...       0.0184 seconds
                  CHEM completed...       0.3720 seconds
                  AERO completed...       0.1651 seconds
            Master Time Step
            Processing completed...       0.8507 seconds
 
     Processing Day/Time [YYYYDDD:HHMMSS]: 2022182:162000
       Which is Equivalent to (UTC): 16:20:00 Friday,  July 1, 2022
       Time-Step Length (HHMMSS): 000500
                 VDIFF completed...       0.1353 seconds
                COUPLE completed...       0.0025 seconds
                  HADV completed...       0.0777 seconds
                  ZADV completed...       0.0167 seconds
                 HDIFF completed...       0.0110 seconds
              DECOUPLE completed...       0.0026 seconds
                  PHOT completed...       0.0394 seconds
               CLDPROC completed...       0.0158 seconds
                  CHEM completed...       0.3683 seconds
                  AERO completed...       0.1660 seconds
            Master Time Step
            Processing completed...       0.8372 seconds
 
     Processing Day/Time [YYYYDDD:HHMMSS]: 2022182:162500
       Which is Equivalent to (UTC): 16:25:00 Friday,  July 1, 2022
       Time-Step Length (HHMMSS): 000500
                 VDIFF completed...       0.1331 seconds
                COUPLE completed...       0.0025 seconds
                  HADV completed...       0.0865 seconds
                  ZADV completed...       0.0171 seconds
                 HDIFF completed...       0.0127 seconds
              DECOUPLE completed...       0.0028 seconds
                  PHOT completed...       0.0412 seconds
               CLDPROC completed...       0.0188 seconds
                  CHEM completed...       0.3676 seconds
                  AERO completed...       0.1668 seconds
            Master Time Step
            Processing completed...       0.8514 seconds
 
     Processing Day/Time [YYYYDDD:HHMMSS]: 2022182:163000
       Which is Equivalent to (UTC): 16:30:00 Friday,  July 1, 2022
       Time-Step Length (HHMMSS): 000500
                 VDIFF completed...       0.1434 seconds
                COUPLE completed...       0.0030 seconds
                  HADV completed...       0.0765 seconds
                  ZADV completed...       0.0169 seconds
                 HDIFF completed...       0.0085 seconds
              DECOUPLE completed...       0.0028 seconds
                  PHOT completed...       0.0408 seconds
               CLDPROC completed...       0.0213 seconds
                  CHEM completed...       0.3672 seconds
                  AERO completed...       0.1673 seconds
            Master Time Step
            Processing completed...       0.8499 seconds
 
     Processing Day/Time [YYYYDDD:HHMMSS]: 2022182:163500
       Which is Equivalent to (UTC): 16:35:00 Friday,  July 1, 2022
       Time-Step Length (HHMMSS): 000500
                 VDIFF completed...       0.1266 seconds
                COUPLE completed...       0.0025 seconds
                  HADV completed...       0.0842 seconds
                  ZADV completed...       0.0164 seconds
                 HDIFF completed...       0.0116 seconds
              DECOUPLE completed...       0.0026 seconds
                  PHOT completed...       0.0391 seconds
               CLDPROC completed...       0.0175 seconds
                  CHEM completed...       0.3650 seconds
                  AERO completed...       0.1652 seconds
            Master Time Step
            Processing completed...       0.8325 seconds
 
     Processing Day/Time [YYYYDDD:HHMMSS]: 2022182:164000
       Which is Equivalent to (UTC): 16:40:00 Friday,  July 1, 2022
       Time-Step Length (HHMMSS): 000500
                 VDIFF completed...       0.1464 seconds
                COUPLE completed...       0.0025 seconds
                  HADV completed...       0.0796 seconds
                  ZADV completed...       0.0163 seconds
                 HDIFF completed...       0.0149 seconds
              DECOUPLE completed...       0.0026 seconds
                  PHOT completed...       0.0398 seconds
               CLDPROC completed...       0.0235 seconds
                  CHEM completed...       0.3685 seconds
                  AERO completed...       0.1642 seconds
            Master Time Step
            Processing completed...       0.8603 seconds
 
     Processing Day/Time [YYYYDDD:HHMMSS]: 2022182:164500
       Which is Equivalent to (UTC): 16:45:00 Friday,  July 1, 2022
       Time-Step Length (HHMMSS): 000500
                 VDIFF completed...       0.1336 seconds
                COUPLE completed...       0.0025 seconds
                  HADV completed...       0.0965 seconds
                  ZADV completed...       0.0164 seconds
                 HDIFF completed...       0.0135 seconds
              DECOUPLE completed...       0.0026 seconds
                  PHOT completed...       0.0392 seconds
               CLDPROC completed...       0.0196 seconds
                  CHEM completed...       0.3655 seconds
                  AERO completed...       0.1695 seconds
            Master Time Step
            Processing completed...       0.8610 seconds
 
     Processing Day/Time [YYYYDDD:HHMMSS]: 2022182:165000
       Which is Equivalent to (UTC): 16:50:00 Friday,  July 1, 2022
       Time-Step Length (HHMMSS): 000500
                 VDIFF completed...       0.1362 seconds
                COUPLE completed...       0.0026 seconds
                  HADV completed...       0.0806 seconds
                  ZADV completed...       0.0166 seconds
                 HDIFF completed...       0.0084 seconds
              DECOUPLE completed...       0.0028 seconds
                  PHOT completed...       0.0395 seconds
               CLDPROC completed...       0.0171 seconds
                  CHEM completed...       0.3679 seconds
                  AERO completed...       0.1676 seconds
            Master Time Step
            Processing completed...       0.8411 seconds
 
     Processing Day/Time [YYYYDDD:HHMMSS]: 2022182:165500
       Which is Equivalent to (UTC): 16:55:00 Friday,  July 1, 2022
       Time-Step Length (HHMMSS): 000500
                 VDIFF completed...       0.1812 seconds
                COUPLE completed...       0.0028 seconds
                  HADV completed...       0.0761 seconds
                  ZADV completed...       0.0180 seconds
                 HDIFF completed...       0.0109 seconds
              DECOUPLE completed...       0.0026 seconds
                  PHOT completed...       0.0414 seconds
               CLDPROC completed...       0.0548 seconds
                  CHEM completed...       0.3648 seconds
                  AERO completed...       0.1687 seconds
            Master Time Step
            Processing completed...       0.9237 seconds
 
      =--> Data Output completed...       0.0919 seconds
 
     Processing Day/Time [YYYYDDD:HHMMSS]: 2022182:170000
       Which is Equivalent to (UTC): 17:00:00 Friday,  July 1, 2022
       Time-Step Length (HHMMSS): 000500
                 VDIFF completed...       0.9362 seconds
                COUPLE completed...       0.0025 seconds
                  HADV completed...       0.2758 seconds
                  ZADV completed...       0.0173 seconds
                 HDIFF completed...       0.0076 seconds
              DECOUPLE completed...       0.0028 seconds
                  PHOT completed...       0.0459 seconds
               CLDPROC completed...       0.0162 seconds
                  CHEM completed...       0.3862 seconds
                  AERO completed...       0.1704 seconds
            Master Time Step
            Processing completed...       1.8630 seconds
 
     Processing Day/Time [YYYYDDD:HHMMSS]: 2022182:170500
       Which is Equivalent to (UTC): 17:05:00 Friday,  July 1, 2022
       Time-Step Length (HHMMSS): 000500
                 VDIFF completed...       0.1514 seconds
                COUPLE completed...       0.0025 seconds
                  HADV completed...       0.0833 seconds
                  ZADV completed...       0.0172 seconds
                 HDIFF completed...       0.0096 seconds
              DECOUPLE completed...       0.0027 seconds
                  PHOT completed...       0.0407 seconds
               CLDPROC completed...       0.0172 seconds
                  CHEM completed...       0.3705 seconds
                  AERO completed...       0.1683 seconds
            Master Time Step
            Processing completed...       0.8654 seconds
 
     Processing Day/Time [YYYYDDD:HHMMSS]: 2022182:171000
       Which is Equivalent to (UTC): 17:10:00 Friday,  July 1, 2022
       Time-Step Length (HHMMSS): 000500
                 VDIFF completed...       0.1386 seconds
                COUPLE completed...       0.0025 seconds
                  HADV completed...       0.0828 seconds
                  ZADV completed...       0.0164 seconds
                 HDIFF completed...       0.0136 seconds
              DECOUPLE completed...       0.0026 seconds
                  PHOT completed...       0.0386 seconds
               CLDPROC completed...       0.0177 seconds
                  CHEM completed...       0.3719 seconds
                  AERO completed...       0.1694 seconds
            Master Time Step
            Processing completed...       0.8564 seconds
 
     Processing Day/Time [YYYYDDD:HHMMSS]: 2022182:171500
       Which is Equivalent to (UTC): 17:15:00 Friday,  July 1, 2022
       Time-Step Length (HHMMSS): 000500
                 VDIFF completed...       0.1474 seconds
                COUPLE completed...       0.0026 seconds
                  HADV completed...       0.0799 seconds
                  ZADV completed...       0.0171 seconds
                 HDIFF completed...       0.0130 seconds
              DECOUPLE completed...       0.0026 seconds
                  PHOT completed...       0.0402 seconds
               CLDPROC completed...       0.0162 seconds
                  CHEM completed...       0.3714 seconds
                  AERO completed...       0.1654 seconds
            Master Time Step
            Processing completed...       0.8582 seconds
 
     Processing Day/Time [YYYYDDD:HHMMSS]: 2022182:172000
       Which is Equivalent to (UTC): 17:20:00 Friday,  July 1, 2022
       Time-Step Length (HHMMSS): 000500
                 VDIFF completed...       0.1274 seconds
                COUPLE completed...       0.0027 seconds
                  HADV completed...       0.0877 seconds
                  ZADV completed...       0.0176 seconds
                 HDIFF completed...       0.0115 seconds
              DECOUPLE completed...       0.0027 seconds
                  PHOT completed...       0.0396 seconds
               CLDPROC completed...       0.0184 seconds
                  CHEM completed...       0.3732 seconds
                  AERO completed...       0.1672 seconds
            Master Time Step
            Processing completed...       0.8503 seconds
 
     Processing Day/Time [YYYYDDD:HHMMSS]: 2022182:172500
       Which is Equivalent to (UTC): 17:25:00 Friday,  July 1, 2022
       Time-Step Length (HHMMSS): 000500
                 VDIFF completed...       0.1416 seconds
                COUPLE completed...       0.0025 seconds
                  HADV completed...       0.0826 seconds
                  ZADV completed...       0.0166 seconds
                 HDIFF completed...       0.0175 seconds
              DECOUPLE completed...       0.0026 seconds
                  PHOT completed...       0.0391 seconds
               CLDPROC completed...       0.0155 seconds
                  CHEM completed...       0.3734 seconds
                  AERO completed...       0.1689 seconds
            Master Time Step
            Processing completed...       0.8620 seconds
 
     Processing Day/Time [YYYYDDD:HHMMSS]: 2022182:173000
       Which is Equivalent to (UTC): 17:30:00 Friday,  July 1, 2022
       Time-Step Length (HHMMSS): 000500
                 VDIFF completed...       0.1469 seconds
                COUPLE completed...       0.0026 seconds
                  HADV completed...       0.0882 seconds
                  ZADV completed...       0.0183 seconds
                 HDIFF completed...       0.0216 seconds
              DECOUPLE completed...       0.0027 seconds
                  PHOT completed...       0.0418 seconds
               CLDPROC completed...       0.0212 seconds
                  CHEM completed...       0.3713 seconds
                  AERO completed...       0.1669 seconds
            Master Time Step
            Processing completed...       0.8842 seconds
 
     Processing Day/Time [YYYYDDD:HHMMSS]: 2022182:173500
       Which is Equivalent to (UTC): 17:35:00 Friday,  July 1, 2022
       Time-Step Length (HHMMSS): 000500
                 VDIFF completed...       0.1333 seconds
                COUPLE completed...       0.0025 seconds
                  HADV completed...       0.0813 seconds
                  ZADV completed...       0.0167 seconds
                 HDIFF completed...       0.0088 seconds
              DECOUPLE completed...       0.0027 seconds
                  PHOT completed...       0.0401 seconds
               CLDPROC completed...       0.0155 seconds
                  CHEM completed...       0.3761 seconds
                  AERO completed...       0.1696 seconds
            Master Time Step
            Processing completed...       0.8484 seconds
 
     Processing Day/Time [YYYYDDD:HHMMSS]: 2022182:174000
       Which is Equivalent to (UTC): 17:40:00 Friday,  July 1, 2022
       Time-Step Length (HHMMSS): 000500
                 VDIFF completed...       0.1449 seconds
                COUPLE completed...       0.0028 seconds
                  HADV completed...       0.0825 seconds
                  ZADV completed...       0.0178 seconds
                 HDIFF completed...       0.0145 seconds
              DECOUPLE completed...       0.0026 seconds
                  PHOT completed...       0.0406 seconds
               CLDPROC completed...       0.0173 seconds
                  CHEM completed...       0.3755 seconds
                  AERO completed...       0.1699 seconds
            Master Time Step
            Processing completed...       0.8709 seconds
 
     Processing Day/Time [YYYYDDD:HHMMSS]: 2022182:174500
       Which is Equivalent to (UTC): 17:45:00 Friday,  July 1, 2022
       Time-Step Length (HHMMSS): 000500
                 VDIFF completed...       0.1382 seconds
                COUPLE completed...       0.0026 seconds
                  HADV completed...       0.0907 seconds
                  ZADV completed...       0.0189 seconds
                 HDIFF completed...       0.0101 seconds
              DECOUPLE completed...       0.0029 seconds
                  PHOT completed...       0.0401 seconds
               CLDPROC completed...       0.0212 seconds
                  CHEM completed...       0.3722 seconds
                  AERO completed...       0.1709 seconds
            Master Time Step
            Processing completed...       0.8704 seconds
 
     Processing Day/Time [YYYYDDD:HHMMSS]: 2022182:175000
       Which is Equivalent to (UTC): 17:50:00 Friday,  July 1, 2022
       Time-Step Length (HHMMSS): 000500
                 VDIFF completed...       0.1334 seconds
                COUPLE completed...       0.0025 seconds
                  HADV completed...       0.0799 seconds
                  ZADV completed...       0.0167 seconds
                 HDIFF completed...       0.0084 seconds
              DECOUPLE completed...       0.0027 seconds
                  PHOT completed...       0.0390 seconds
               CLDPROC completed...       0.0163 seconds
                  CHEM completed...       0.3713 seconds
                  AERO completed...       0.1696 seconds
            Master Time Step
            Processing completed...       0.8416 seconds
 
     Processing Day/Time [YYYYDDD:HHMMSS]: 2022182:175500
       Which is Equivalent to (UTC): 17:55:00 Friday,  July 1, 2022
       Time-Step Length (HHMMSS): 000500
                 VDIFF completed...       0.1653 seconds
                COUPLE completed...       0.0027 seconds
                  HADV completed...       0.0900 seconds
                  ZADV completed...       0.0181 seconds
                 HDIFF completed...       0.0119 seconds
              DECOUPLE completed...       0.0026 seconds
                  PHOT completed...       0.0391 seconds
               CLDPROC completed...       0.0599 seconds
                  CHEM completed...       0.3713 seconds
                  AERO completed...       0.1701 seconds
            Master Time Step
            Processing completed...       0.9332 seconds
 
      =--> Data Output completed...       0.0842 seconds
 
     Processing Day/Time [YYYYDDD:HHMMSS]: 2022182:180000
       Which is Equivalent to (UTC): 18:00:00 Friday,  July 1, 2022
       Time-Step Length (HHMMSS): 000500
                 VDIFF completed...       0.8474 seconds
                COUPLE completed...       0.0026 seconds
                  HADV completed...       6.4030 seconds
                  ZADV completed...       0.0184 seconds
                 HDIFF completed...       0.0179 seconds
              DECOUPLE completed...       0.0027 seconds
                  PHOT completed...       0.0533 seconds
               CLDPROC completed...       0.0150 seconds
                  CHEM completed...       0.3866 seconds
                  AERO completed...       0.1697 seconds
            Master Time Step
            Processing completed...       7.9190 seconds
 
     Processing Day/Time [YYYYDDD:HHMMSS]: 2022182:180500
       Which is Equivalent to (UTC): 18:05:00 Friday,  July 1, 2022
       Time-Step Length (HHMMSS): 000500
                 VDIFF completed...       0.1378 seconds
                COUPLE completed...       0.0026 seconds
                  HADV completed...       1.4395 seconds
                  ZADV completed...       0.0166 seconds
                 HDIFF completed...       0.0134 seconds
              DECOUPLE completed...       0.0026 seconds
                  PHOT completed...       0.0386 seconds
               CLDPROC completed...       0.0150 seconds
                  CHEM completed...       0.3768 seconds
                  AERO completed...       0.1728 seconds
            Master Time Step
            Processing completed...       2.2177 seconds
 
     Processing Day/Time [YYYYDDD:HHMMSS]: 2022182:181000
       Which is Equivalent to (UTC): 18:10:00 Friday,  July 1, 2022
       Time-Step Length (HHMMSS): 000500
                 VDIFF completed...       0.1516 seconds
                COUPLE completed...       0.0026 seconds
                  HADV completed...       0.0884 seconds
                  ZADV completed...       0.0181 seconds
                 HDIFF completed...       0.0163 seconds
              DECOUPLE completed...       0.0027 seconds
                  PHOT completed...       0.0385 seconds
               CLDPROC completed...       0.0154 seconds
                  CHEM completed...       0.3760 seconds
                  AERO completed...       0.1678 seconds
            Master Time Step
            Processing completed...       0.8791 seconds
 
     Processing Day/Time [YYYYDDD:HHMMSS]: 2022182:181500
       Which is Equivalent to (UTC): 18:15:00 Friday,  July 1, 2022
       Time-Step Length (HHMMSS): 000500
                 VDIFF completed...       0.1311 seconds
                COUPLE completed...       0.0025 seconds
                  HADV completed...       0.0806 seconds
                  ZADV completed...       0.0169 seconds
                 HDIFF completed...       0.0117 seconds
              DECOUPLE completed...       0.0027 seconds
                  PHOT completed...       0.0419 seconds
               CLDPROC completed...       0.0174 seconds
                  CHEM completed...       0.3707 seconds
                  AERO completed...       0.1687 seconds
            Master Time Step
            Processing completed...       0.8464 seconds
 
     Processing Day/Time [YYYYDDD:HHMMSS]: 2022182:182000
       Which is Equivalent to (UTC): 18:20:00 Friday,  July 1, 2022
       Time-Step Length (HHMMSS): 000500
                 VDIFF completed...       0.1471 seconds
                COUPLE completed...       0.0025 seconds
                  HADV completed...       0.0893 seconds
                  ZADV completed...       0.0180 seconds
                 HDIFF completed...       0.0143 seconds
              DECOUPLE completed...       0.0026 seconds
                  PHOT completed...       0.0403 seconds
               CLDPROC completed...       0.0174 seconds
                  CHEM completed...       0.3698 seconds
                  AERO completed...       0.1707 seconds
            Master Time Step
            Processing completed...       0.8744 seconds
 
     Processing Day/Time [YYYYDDD:HHMMSS]: 2022182:182500
       Which is Equivalent to (UTC): 18:25:00 Friday,  July 1, 2022
       Time-Step Length (HHMMSS): 000500
                 VDIFF completed...       0.1478 seconds
                COUPLE completed...       0.0025 seconds
                  HADV completed...       0.0937 seconds
                  ZADV completed...       0.0174 seconds
                 HDIFF completed...       0.0160 seconds
              DECOUPLE completed...       0.0028 seconds
                  PHOT completed...       0.0410 seconds
               CLDPROC completed...       0.0183 seconds
                  CHEM completed...       0.3687 seconds
                  AERO completed...       0.1674 seconds
            Master Time Step
            Processing completed...       0.8786 seconds
 
     Processing Day/Time [YYYYDDD:HHMMSS]: 2022182:183000
       Which is Equivalent to (UTC): 18:30:00 Friday,  July 1, 2022
       Time-Step Length (HHMMSS): 000500
                 VDIFF completed...       0.1341 seconds
                COUPLE completed...       0.0026 seconds
                  HADV completed...       0.0982 seconds
                  ZADV completed...       0.0170 seconds
                 HDIFF completed...       0.0094 seconds
              DECOUPLE completed...       0.0028 seconds
                  PHOT completed...       0.0394 seconds
               CLDPROC completed...       0.0137 seconds
                  CHEM completed...       0.3746 seconds
                  AERO completed...       0.1715 seconds
            Master Time Step
            Processing completed...       0.8652 seconds
 
     Processing Day/Time [YYYYDDD:HHMMSS]: 2022182:183500
       Which is Equivalent to (UTC): 18:35:00 Friday,  July 1, 2022
       Time-Step Length (HHMMSS): 000500
                 VDIFF completed...       0.1374 seconds
                COUPLE completed...       0.0025 seconds
                  HADV completed...       0.0945 seconds
                  ZADV completed...       0.0164 seconds
                 HDIFF completed...       0.0144 seconds
              DECOUPLE completed...       0.0026 seconds
                  PHOT completed...       0.0387 seconds
               CLDPROC completed...       0.0135 seconds
                  CHEM completed...       0.3674 seconds
                  AERO completed...       0.1700 seconds
            Master Time Step
            Processing completed...       0.8594 seconds
 
     Processing Day/Time [YYYYDDD:HHMMSS]: 2022182:184000
       Which is Equivalent to (UTC): 18:40:00 Friday,  July 1, 2022
       Time-Step Length (HHMMSS): 000500
                 VDIFF completed...       0.1332 seconds
                COUPLE completed...       0.0025 seconds
                  HADV completed...       0.1099 seconds
                  ZADV completed...       0.0163 seconds
                 HDIFF completed...       0.0101 seconds
              DECOUPLE completed...       0.0026 seconds
                  PHOT completed...       0.0400 seconds
               CLDPROC completed...       0.0150 seconds
                  CHEM completed...       0.3702 seconds
                  AERO completed...       0.1716 seconds
            Master Time Step
            Processing completed...       0.8738 seconds
 
     Processing Day/Time [YYYYDDD:HHMMSS]: 2022182:184500
       Which is Equivalent to (UTC): 18:45:00 Friday,  July 1, 2022
       Time-Step Length (HHMMSS): 000500
                 VDIFF completed...       0.1430 seconds
                COUPLE completed...       0.0025 seconds
                  HADV completed...       0.1087 seconds
                  ZADV completed...       0.0168 seconds
                 HDIFF completed...       0.0195 seconds
              DECOUPLE completed...       0.0026 seconds
                  PHOT completed...       0.0384 seconds
               CLDPROC completed...       0.0128 seconds
                  CHEM completed...       0.3697 seconds
                  AERO completed...       0.1697 seconds
            Master Time Step
            Processing completed...       0.8855 seconds
 
     Processing Day/Time [YYYYDDD:HHMMSS]: 2022182:185000
       Which is Equivalent to (UTC): 18:50:00 Friday,  July 1, 2022
       Time-Step Length (HHMMSS): 000500
                 VDIFF completed...       0.1331 seconds
                COUPLE completed...       0.0026 seconds
                  HADV completed...       0.1171 seconds
                  ZADV completed...       0.0171 seconds
                 HDIFF completed...       0.0099 seconds
              DECOUPLE completed...       0.0027 seconds
                  PHOT completed...       0.0398 seconds
               CLDPROC completed...       0.0173 seconds
                  CHEM completed...       0.3652 seconds
                  AERO completed...       0.1679 seconds
            Master Time Step
            Processing completed...       0.8753 seconds
 
     Processing Day/Time [YYYYDDD:HHMMSS]: 2022182:185500
       Which is Equivalent to (UTC): 18:55:00 Friday,  July 1, 2022
       Time-Step Length (HHMMSS): 000500
                 VDIFF completed...       0.2858 seconds
                COUPLE completed...       0.0025 seconds
                  HADV completed...       0.0879 seconds
                  ZADV completed...       0.0165 seconds
                 HDIFF completed...       0.0150 seconds
              DECOUPLE completed...       0.0026 seconds
                  PHOT completed...       0.0388 seconds
               CLDPROC completed...       0.0654 seconds
                  CHEM completed...       0.3638 seconds
                  AERO completed...       0.1712 seconds
            Master Time Step
            Processing completed...       1.0519 seconds
 
      =--> Data Output completed...       0.1535 seconds
 
     Processing Day/Time [YYYYDDD:HHMMSS]: 2022182:190000
       Which is Equivalent to (UTC): 19:00:00 Friday,  July 1, 2022
       Time-Step Length (HHMMSS): 000500
                 VDIFF completed...       1.0445 seconds
                COUPLE completed...       0.0025 seconds
                  HADV completed...       0.1354 seconds
                  ZADV completed...       0.0169 seconds
                 HDIFF completed...       0.0176 seconds
              DECOUPLE completed...       0.0026 seconds
                  PHOT completed...       0.0509 seconds
               CLDPROC completed...       0.0112 seconds
                  CHEM completed...       0.3809 seconds
                  AERO completed...       0.1707 seconds
            Master Time Step
            Processing completed...       1.8354 seconds
 
     Processing Day/Time [YYYYDDD:HHMMSS]: 2022182:190500
       Which is Equivalent to (UTC): 19:05:00 Friday,  July 1, 2022
       Time-Step Length (HHMMSS): 000500
                 VDIFF completed...       0.1427 seconds
                COUPLE completed...       0.0025 seconds
                  HADV completed...       0.0935 seconds
                  ZADV completed...       0.0167 seconds
                 HDIFF completed...       0.0157 seconds
              DECOUPLE completed...       0.0026 seconds
                  PHOT completed...       0.0402 seconds
               CLDPROC completed...       0.0134 seconds
                  CHEM completed...       0.3716 seconds
                  AERO completed...       0.1720 seconds
            Master Time Step
            Processing completed...       0.8731 seconds
 
     Processing Day/Time [YYYYDDD:HHMMSS]: 2022182:191000
       Which is Equivalent to (UTC): 19:10:00 Friday,  July 1, 2022
       Time-Step Length (HHMMSS): 000500
                 VDIFF completed...       0.1534 seconds
                COUPLE completed...       0.0025 seconds
                  HADV completed...       0.0914 seconds
                  ZADV completed...       0.0176 seconds
                 HDIFF completed...       0.0111 seconds
              DECOUPLE completed...       0.0027 seconds
                  PHOT completed...       0.0383 seconds
               CLDPROC completed...       0.0114 seconds
                  CHEM completed...       0.3701 seconds
                  AERO completed...       0.1714 seconds
            Master Time Step
            Processing completed...       0.8721 seconds
 
     Processing Day/Time [YYYYDDD:HHMMSS]: 2022182:191500
       Which is Equivalent to (UTC): 19:15:00 Friday,  July 1, 2022
       Time-Step Length (HHMMSS): 000500
                 VDIFF completed...       0.1385 seconds
                COUPLE completed...       0.0027 seconds
                  HADV completed...       0.0918 seconds
                  ZADV completed...       0.0183 seconds
                 HDIFF completed...       0.0101 seconds
              DECOUPLE completed...       0.0028 seconds
                  PHOT completed...       0.0398 seconds
               CLDPROC completed...       0.0149 seconds
                  CHEM completed...       0.3715 seconds
                  AERO completed...       0.1716 seconds
            Master Time Step
            Processing completed...       0.8643 seconds
 
     Processing Day/Time [YYYYDDD:HHMMSS]: 2022182:192000
       Which is Equivalent to (UTC): 19:20:00 Friday,  July 1, 2022
       Time-Step Length (HHMMSS): 000500
                 VDIFF completed...       0.1392 seconds
                COUPLE completed...       0.0027 seconds
                  HADV completed...       0.0989 seconds
                  ZADV completed...       0.0166 seconds
                 HDIFF completed...       0.0113 seconds
              DECOUPLE completed...       0.0027 seconds
                  PHOT completed...       0.0392 seconds
               CLDPROC completed...       0.0111 seconds
                  CHEM completed...       0.3732 seconds
                  AERO completed...       0.1701 seconds
            Master Time Step
            Processing completed...       0.8668 seconds
 
     Processing Day/Time [YYYYDDD:HHMMSS]: 2022182:192500
       Which is Equivalent to (UTC): 19:25:00 Friday,  July 1, 2022
       Time-Step Length (HHMMSS): 000500
                 VDIFF completed...       0.1393 seconds
                COUPLE completed...       0.0025 seconds
                  HADV completed...       0.1116 seconds
                  ZADV completed...       0.0182 seconds
                 HDIFF completed...       0.0220 seconds
              DECOUPLE completed...       0.0027 seconds
                  PHOT completed...       0.0395 seconds
               CLDPROC completed...       0.0114 seconds
                  CHEM completed...       0.3707 seconds
                  AERO completed...       0.1676 seconds
            Master Time Step
            Processing completed...       0.8880 seconds
 
     Processing Day/Time [YYYYDDD:HHMMSS]: 2022182:193000
       Which is Equivalent to (UTC): 19:30:00 Friday,  July 1, 2022
       Time-Step Length (HHMMSS): 000500
                 VDIFF completed...       0.1416 seconds
                COUPLE completed...       0.0025 seconds
                  HADV completed...       0.1023 seconds
                  ZADV completed...       0.0174 seconds
                 HDIFF completed...       0.0086 seconds
              DECOUPLE completed...       0.0028 seconds
                  PHOT completed...       0.0410 seconds
               CLDPROC completed...       0.0138 seconds
                  CHEM completed...       0.3776 seconds
                  AERO completed...       0.1703 seconds
            Master Time Step
            Processing completed...       0.8804 seconds
 
     Processing Day/Time [YYYYDDD:HHMMSS]: 2022182:193500
       Which is Equivalent to (UTC): 19:35:00 Friday,  July 1, 2022
       Time-Step Length (HHMMSS): 000500
                 VDIFF completed...       0.1430 seconds
                COUPLE completed...       0.0025 seconds
                  HADV completed...       0.0912 seconds
                  ZADV completed...       0.0165 seconds
                 HDIFF completed...       0.0128 seconds
              DECOUPLE completed...       0.0026 seconds
                  PHOT completed...       0.0383 seconds
               CLDPROC completed...       0.0110 seconds
                  CHEM completed...       0.3744 seconds
                  AERO completed...       0.1717 seconds
            Master Time Step
            Processing completed...       0.8660 seconds
 
     Processing Day/Time [YYYYDDD:HHMMSS]: 2022182:194000
       Which is Equivalent to (UTC): 19:40:00 Friday,  July 1, 2022
       Time-Step Length (HHMMSS): 000500
                 VDIFF completed...       0.1405 seconds
                COUPLE completed...       0.0026 seconds
                  HADV completed...       0.1019 seconds
                  ZADV completed...       0.0181 seconds
                 HDIFF completed...       0.0141 seconds
              DECOUPLE completed...       0.0028 seconds
                  PHOT completed...       0.0412 seconds
               CLDPROC completed...       0.0145 seconds
                  CHEM completed...       0.3718 seconds
                  AERO completed...       0.1672 seconds
            Master Time Step
            Processing completed...       0.8772 seconds
 
     Processing Day/Time [YYYYDDD:HHMMSS]: 2022182:194500
       Which is Equivalent to (UTC): 19:45:00 Friday,  July 1, 2022
       Time-Step Length (HHMMSS): 000500
                 VDIFF completed...       0.1477 seconds
                COUPLE completed...       0.0025 seconds
                  HADV completed...       0.0910 seconds
                  ZADV completed...       0.0166 seconds
                 HDIFF completed...       0.0129 seconds
              DECOUPLE completed...       0.0026 seconds
                  PHOT completed...       0.0385 seconds
               CLDPROC completed...       0.0134 seconds
                  CHEM completed...       0.3741 seconds
                  AERO completed...       0.1670 seconds
            Master Time Step
            Processing completed...       0.8684 seconds
 
     Processing Day/Time [YYYYDDD:HHMMSS]: 2022182:195000
       Which is Equivalent to (UTC): 19:50:00 Friday,  July 1, 2022
       Time-Step Length (HHMMSS): 000500
                 VDIFF completed...       0.1303 seconds
                COUPLE completed...       0.0026 seconds
                  HADV completed...       0.1002 seconds
                  ZADV completed...       0.0172 seconds
                 HDIFF completed...       0.0097 seconds
              DECOUPLE completed...       0.0027 seconds
                  PHOT completed...       0.0389 seconds
               CLDPROC completed...       0.0108 seconds
                  CHEM completed...       0.3716 seconds
                  AERO completed...       0.1659 seconds
            Master Time Step
            Processing completed...       0.8519 seconds
 
     Processing Day/Time [YYYYDDD:HHMMSS]: 2022182:195500
       Which is Equivalent to (UTC): 19:55:00 Friday,  July 1, 2022
       Time-Step Length (HHMMSS): 000500
                 VDIFF completed...       0.2176 seconds
                COUPLE completed...       0.0027 seconds
                  HADV completed...       0.0876 seconds
                  ZADV completed...       0.0180 seconds
                 HDIFF completed...       0.0118 seconds
              DECOUPLE completed...       0.0027 seconds
                  PHOT completed...       0.0412 seconds
               CLDPROC completed...       0.0564 seconds
                  CHEM completed...       0.3732 seconds
                  AERO completed...       0.1660 seconds
            Master Time Step
            Processing completed...       0.9801 seconds
 
      =--> Data Output completed...       0.1083 seconds
 
     Processing Day/Time [YYYYDDD:HHMMSS]: 2022182:200000
       Which is Equivalent to (UTC): 20:00:00 Friday,  July 1, 2022
       Time-Step Length (HHMMSS): 000500
                 VDIFF completed...       1.0849 seconds
                COUPLE completed...       0.0025 seconds
                  HADV completed...       0.1384 seconds
                  ZADV completed...       0.0180 seconds
                 HDIFF completed...       0.0180 seconds
              DECOUPLE completed...       0.0026 seconds
                  PHOT completed...       0.0608 seconds
               CLDPROC completed...       0.0135 seconds
                  CHEM completed...       0.3799 seconds
                  AERO completed...       0.1672 seconds
            Master Time Step
            Processing completed...       1.8880 seconds
 
     Processing Day/Time [YYYYDDD:HHMMSS]: 2022182:200500
       Which is Equivalent to (UTC): 20:05:00 Friday,  July 1, 2022
       Time-Step Length (HHMMSS): 000500
                 VDIFF completed...       0.1449 seconds
                COUPLE completed...       0.0026 seconds
                  HADV completed...       0.1096 seconds
                  ZADV completed...       0.0180 seconds
                 HDIFF completed...       0.0172 seconds
              DECOUPLE completed...       0.0027 seconds
                  PHOT completed...       0.0402 seconds
               CLDPROC completed...       0.0135 seconds
                  CHEM completed...       0.3733 seconds
                  AERO completed...       0.1645 seconds
            Master Time Step
            Processing completed...       0.8892 seconds
 
     Processing Day/Time [YYYYDDD:HHMMSS]: 2022182:201000
       Which is Equivalent to (UTC): 20:10:00 Friday,  July 1, 2022
       Time-Step Length (HHMMSS): 000500
                 VDIFF completed...       0.1393 seconds
                COUPLE completed...       0.0025 seconds
                  HADV completed...       0.1167 seconds
                  ZADV completed...       0.0166 seconds
                 HDIFF completed...       0.0156 seconds
              DECOUPLE completed...       0.0026 seconds
                  PHOT completed...       0.0390 seconds
               CLDPROC completed...       0.0159 seconds
                  CHEM completed...       0.3730 seconds
                  AERO completed...       0.1665 seconds
            Master Time Step
            Processing completed...       0.8899 seconds
 
     Processing Day/Time [YYYYDDD:HHMMSS]: 2022182:201500
       Which is Equivalent to (UTC): 20:15:00 Friday,  July 1, 2022
       Time-Step Length (HHMMSS): 000500
                 VDIFF completed...       0.1293 seconds
                COUPLE completed...       0.0026 seconds
                  HADV completed...       0.0992 seconds
                  ZADV completed...       0.0169 seconds
                 HDIFF completed...       0.0110 seconds
              DECOUPLE completed...       0.0026 seconds
                  PHOT completed...       0.0389 seconds
               CLDPROC completed...       0.0136 seconds
                  CHEM completed...       0.3770 seconds
                  AERO completed...       0.1637 seconds
            Master Time Step
            Processing completed...       0.8569 seconds
 
     Processing Day/Time [YYYYDDD:HHMMSS]: 2022182:202000
       Which is Equivalent to (UTC): 20:20:00 Friday,  July 1, 2022
       Time-Step Length (HHMMSS): 000500
                 VDIFF completed...       0.1291 seconds
                COUPLE completed...       0.0025 seconds
                  HADV completed...       0.1120 seconds
                  ZADV completed...       0.0166 seconds
                 HDIFF completed...       0.0112 seconds
              DECOUPLE completed...       0.0027 seconds
                  PHOT completed...       0.0391 seconds
               CLDPROC completed...       0.0152 seconds
                  CHEM completed...       0.3736 seconds
                  AERO completed...       0.1680 seconds
            Master Time Step
            Processing completed...       0.8726 seconds
 
     Processing Day/Time [YYYYDDD:HHMMSS]: 2022182:202500
       Which is Equivalent to (UTC): 20:25:00 Friday,  July 1, 2022
       Time-Step Length (HHMMSS): 000500
                 VDIFF completed...       0.1370 seconds
                COUPLE completed...       0.0025 seconds
                  HADV completed...       0.1028 seconds
                  ZADV completed...       0.0168 seconds
                 HDIFF completed...       0.0144 seconds
              DECOUPLE completed...       0.0028 seconds
                  PHOT completed...       0.0383 seconds
               CLDPROC completed...       0.0120 seconds
                  CHEM completed...       0.3731 seconds
                  AERO completed...       0.1661 seconds
            Master Time Step
            Processing completed...       0.8677 seconds
 
     Processing Day/Time [YYYYDDD:HHMMSS]: 2022182:203000
       Which is Equivalent to (UTC): 20:30:00 Friday,  July 1, 2022
       Time-Step Length (HHMMSS): 000500
                 VDIFF completed...       0.1356 seconds
                COUPLE completed...       0.0025 seconds
                  HADV completed...       0.1214 seconds
                  ZADV completed...       0.0164 seconds
                 HDIFF completed...       0.0090 seconds
              DECOUPLE completed...       0.0027 seconds
                  PHOT completed...       0.0379 seconds
               CLDPROC completed...       0.0108 seconds
                  CHEM completed...       0.3748 seconds
                  AERO completed...       0.1680 seconds
            Master Time Step
            Processing completed...       0.8810 seconds
 
     Processing Day/Time [YYYYDDD:HHMMSS]: 2022182:203500
       Which is Equivalent to (UTC): 20:35:00 Friday,  July 1, 2022
       Time-Step Length (HHMMSS): 000500
                 VDIFF completed...       0.1352 seconds
                COUPLE completed...       0.0025 seconds
                  HADV completed...       0.1148 seconds
                  ZADV completed...       0.0183 seconds
                 HDIFF completed...       0.0177 seconds
              DECOUPLE completed...       0.0026 seconds
                  PHOT completed...       0.0380 seconds
               CLDPROC completed...       0.0117 seconds
                  CHEM completed...       0.3752 seconds
                  AERO completed...       0.1677 seconds
            Master Time Step
            Processing completed...       0.8857 seconds
 
     Processing Day/Time [YYYYDDD:HHMMSS]: 2022182:204000
       Which is Equivalent to (UTC): 20:40:00 Friday,  July 1, 2022
       Time-Step Length (HHMMSS): 000500
                 VDIFF completed...       0.1425 seconds
                COUPLE completed...       0.0025 seconds
                  HADV completed...       0.0994 seconds
                  ZADV completed...       0.0173 seconds
                 HDIFF completed...       0.0151 seconds
              DECOUPLE completed...       0.0027 seconds
                  PHOT completed...       0.0384 seconds
               CLDPROC completed...       0.0116 seconds
                  CHEM completed...       0.3716 seconds
                  AERO completed...       0.1650 seconds
            Master Time Step
            Processing completed...       0.8687 seconds
 
     Processing Day/Time [YYYYDDD:HHMMSS]: 2022182:204500
       Which is Equivalent to (UTC): 20:45:00 Friday,  July 1, 2022
       Time-Step Length (HHMMSS): 000500
                 VDIFF completed...       0.1576 seconds
                COUPLE completed...       0.0025 seconds
                  HADV completed...       0.0897 seconds
                  ZADV completed...       0.0164 seconds
                 HDIFF completed...       0.0137 seconds
              DECOUPLE completed...       0.0026 seconds
                  PHOT completed...       0.0387 seconds
               CLDPROC completed...       0.0106 seconds
                  CHEM completed...       0.3725 seconds
                  AERO completed...       0.1685 seconds
            Master Time Step
            Processing completed...       0.8750 seconds
 
     Processing Day/Time [YYYYDDD:HHMMSS]: 2022182:205000
       Which is Equivalent to (UTC): 20:50:00 Friday,  July 1, 2022
       Time-Step Length (HHMMSS): 000500
                 VDIFF completed...       0.1264 seconds
                COUPLE completed...       0.0025 seconds
                  HADV completed...       0.1022 seconds
                  ZADV completed...       0.0168 seconds
                 HDIFF completed...       0.0091 seconds
              DECOUPLE completed...       0.0028 seconds
                  PHOT completed...       0.0396 seconds
               CLDPROC completed...       0.0129 seconds
                  CHEM completed...       0.3734 seconds
                  AERO completed...       0.1667 seconds
            Master Time Step
            Processing completed...       0.8541 seconds
 
     Processing Day/Time [YYYYDDD:HHMMSS]: 2022182:205500
       Which is Equivalent to (UTC): 20:55:00 Friday,  July 1, 2022
       Time-Step Length (HHMMSS): 000500
                 VDIFF completed...       0.1943 seconds
                COUPLE completed...       0.0025 seconds
                  HADV completed...       0.0920 seconds
                  ZADV completed...       0.0167 seconds
                 HDIFF completed...       0.0130 seconds
              DECOUPLE completed...       0.0027 seconds
                  PHOT completed...       0.0383 seconds
               CLDPROC completed...       0.0635 seconds
                  CHEM completed...       0.3733 seconds
                  AERO completed...       0.1648 seconds
            Master Time Step
            Processing completed...       0.9633 seconds
 
      =--> Data Output completed...       0.1117 seconds
 
     Processing Day/Time [YYYYDDD:HHMMSS]: 2022182:210000
       Which is Equivalent to (UTC): 21:00:00 Friday,  July 1, 2022
       Time-Step Length (HHMMSS): 000500
                 VDIFF completed...       1.0169 seconds
                COUPLE completed...       0.0027 seconds
                  HADV completed...       0.1353 seconds
                  ZADV completed...       0.0175 seconds
                 HDIFF completed...       0.0085 seconds
              DECOUPLE completed...       0.0029 seconds
                  PHOT completed...       0.0567 seconds
               CLDPROC completed...       0.0101 seconds
                  CHEM completed...       0.3825 seconds
                  AERO completed...       0.1623 seconds
            Master Time Step
            Processing completed...       1.7977 seconds
 
     Processing Day/Time [YYYYDDD:HHMMSS]: 2022182:210500
       Which is Equivalent to (UTC): 21:05:00 Friday,  July 1, 2022
       Time-Step Length (HHMMSS): 000500
                 VDIFF completed...       0.1302 seconds
                COUPLE completed...       0.0025 seconds
                  HADV completed...       0.1186 seconds
                  ZADV completed...       0.0173 seconds
                 HDIFF completed...       0.0149 seconds
              DECOUPLE completed...       0.0027 seconds
                  PHOT completed...       0.0393 seconds
               CLDPROC completed...       0.0123 seconds
                  CHEM completed...       0.3707 seconds
                  AERO completed...       0.1627 seconds
            Master Time Step
            Processing completed...       0.8736 seconds
 
     Processing Day/Time [YYYYDDD:HHMMSS]: 2022182:211000
       Which is Equivalent to (UTC): 21:10:00 Friday,  July 1, 2022
       Time-Step Length (HHMMSS): 000500
                 VDIFF completed...       0.1378 seconds
                COUPLE completed...       0.0025 seconds
                  HADV completed...       0.1143 seconds
                  ZADV completed...       0.0167 seconds
                 HDIFF completed...       0.0153 seconds
              DECOUPLE completed...       0.0027 seconds
                  PHOT completed...       0.0390 seconds
               CLDPROC completed...       0.0082 seconds
                  CHEM completed...       0.3714 seconds
                  AERO completed...       0.1638 seconds
            Master Time Step
            Processing completed...       0.8736 seconds
 
     Processing Day/Time [YYYYDDD:HHMMSS]: 2022182:211500
       Which is Equivalent to (UTC): 21:15:00 Friday,  July 1, 2022
       Time-Step Length (HHMMSS): 000500
                 VDIFF completed...       0.1388 seconds
                COUPLE completed...       0.0025 seconds
                  HADV completed...       0.1106 seconds
                  ZADV completed...       0.0174 seconds
                 HDIFF completed...       0.0096 seconds
              DECOUPLE completed...       0.0027 seconds
                  PHOT completed...       0.0412 seconds
               CLDPROC completed...       0.0110 seconds
                  CHEM completed...       0.3723 seconds
                  AERO completed...       0.1610 seconds
            Master Time Step
            Processing completed...       0.8693 seconds
 
     Processing Day/Time [YYYYDDD:HHMMSS]: 2022182:212000
       Which is Equivalent to (UTC): 21:20:00 Friday,  July 1, 2022
       Time-Step Length (HHMMSS): 000500
                 VDIFF completed...       0.1383 seconds
                COUPLE completed...       0.0025 seconds
                  HADV completed...       0.1069 seconds
                  ZADV completed...       0.0187 seconds
                 HDIFF completed...       0.0143 seconds
              DECOUPLE completed...       0.0030 seconds
                  PHOT completed...       0.0390 seconds
               CLDPROC completed...       0.0091 seconds
                  CHEM completed...       0.3676 seconds
                  AERO completed...       0.1622 seconds
            Master Time Step
            Processing completed...       0.8641 seconds
 
     Processing Day/Time [YYYYDDD:HHMMSS]: 2022182:212500
       Which is Equivalent to (UTC): 21:25:00 Friday,  July 1, 2022
       Time-Step Length (HHMMSS): 000500
                 VDIFF completed...       0.1331 seconds
                COUPLE completed...       0.0025 seconds
                  HADV completed...       0.1119 seconds
                  ZADV completed...       0.0167 seconds
                 HDIFF completed...       0.0100 seconds
              DECOUPLE completed...       0.0026 seconds
                  PHOT completed...       0.0386 seconds
               CLDPROC completed...       0.0089 seconds
                  CHEM completed...       0.3685 seconds
                  AERO completed...       0.1628 seconds
            Master Time Step
            Processing completed...       0.8579 seconds
 
     Processing Day/Time [YYYYDDD:HHMMSS]: 2022182:213000
       Which is Equivalent to (UTC): 21:30:00 Friday,  July 1, 2022
       Time-Step Length (HHMMSS): 000500
                 VDIFF completed...       0.1431 seconds
                COUPLE completed...       0.0025 seconds
                  HADV completed...       0.0909 seconds
                  ZADV completed...       0.0173 seconds
                 HDIFF completed...       0.0120 seconds
              DECOUPLE completed...       0.0027 seconds
                  PHOT completed...       0.0392 seconds
               CLDPROC completed...       0.0110 seconds
                  CHEM completed...       0.3662 seconds
                  AERO completed...       0.1624 seconds
            Master Time Step
            Processing completed...       0.8498 seconds
 
     Processing Day/Time [YYYYDDD:HHMMSS]: 2022182:213500
       Which is Equivalent to (UTC): 21:35:00 Friday,  July 1, 2022
       Time-Step Length (HHMMSS): 000500
                 VDIFF completed...       0.1234 seconds
                COUPLE completed...       0.0026 seconds
                  HADV completed...       0.1056 seconds
                  ZADV completed...       0.0168 seconds
                 HDIFF completed...       0.0184 seconds
              DECOUPLE completed...       0.0026 seconds
                  PHOT completed...       0.0375 seconds
               CLDPROC completed...       0.0078 seconds
                  CHEM completed...       0.3644 seconds
                  AERO completed...       0.1640 seconds
            Master Time Step
            Processing completed...       0.8453 seconds
 
     Processing Day/Time [YYYYDDD:HHMMSS]: 2022182:214000
       Which is Equivalent to (UTC): 21:40:00 Friday,  July 1, 2022
       Time-Step Length (HHMMSS): 000500
                 VDIFF completed...       0.1319 seconds
                COUPLE completed...       0.0025 seconds
                  HADV completed...       0.1115 seconds
                  ZADV completed...       0.0169 seconds
                 HDIFF completed...       0.0165 seconds
              DECOUPLE completed...       0.0026 seconds
                  PHOT completed...       0.0384 seconds
               CLDPROC completed...       0.0082 seconds
                  CHEM completed...       0.3649 seconds
                  AERO completed...       0.1624 seconds
            Master Time Step
            Processing completed...       0.8575 seconds
 
     Processing Day/Time [YYYYDDD:HHMMSS]: 2022182:214500
       Which is Equivalent to (UTC): 21:45:00 Friday,  July 1, 2022
       Time-Step Length (HHMMSS): 000500
                 VDIFF completed...       0.1299 seconds
                COUPLE completed...       0.0026 seconds
                  HADV completed...       0.1042 seconds
                  ZADV completed...       0.0184 seconds
                 HDIFF completed...       0.0106 seconds
              DECOUPLE completed...       0.0026 seconds
                  PHOT completed...       0.0383 seconds
               CLDPROC completed...       0.0077 seconds
                  CHEM completed...       0.3623 seconds
                  AERO completed...       0.1640 seconds
            Master Time Step
            Processing completed...       0.8429 seconds
 
     Processing Day/Time [YYYYDDD:HHMMSS]: 2022182:215000
       Which is Equivalent to (UTC): 21:50:00 Friday,  July 1, 2022
       Time-Step Length (HHMMSS): 000500
                 VDIFF completed...       0.1360 seconds
                COUPLE completed...       0.0025 seconds
                  HADV completed...       0.0851 seconds
                  ZADV completed...       0.0167 seconds
                 HDIFF completed...       0.0095 seconds
              DECOUPLE completed...       0.0026 seconds
                  PHOT completed...       0.0394 seconds
               CLDPROC completed...       0.0076 seconds
                  CHEM completed...       0.3660 seconds
                  AERO completed...       0.1610 seconds
            Master Time Step
            Processing completed...       0.8284 seconds
 
     Processing Day/Time [YYYYDDD:HHMMSS]: 2022182:215500
       Which is Equivalent to (UTC): 21:55:00 Friday,  July 1, 2022
       Time-Step Length (HHMMSS): 000500
                 VDIFF completed...       0.1750 seconds
                COUPLE completed...       0.0027 seconds
                  HADV completed...       0.0867 seconds
                  ZADV completed...       0.0178 seconds
                 HDIFF completed...       0.0094 seconds
              DECOUPLE completed...       0.0027 seconds
                  PHOT completed...       0.0393 seconds
               CLDPROC completed...       0.0594 seconds
                  CHEM completed...       0.3629 seconds
                  AERO completed...       0.1626 seconds
            Master Time Step
            Processing completed...       0.9210 seconds
 
      =--> Data Output completed...       0.0896 seconds
 
     Processing Day/Time [YYYYDDD:HHMMSS]: 2022182:220000
       Which is Equivalent to (UTC): 22:00:00 Friday,  July 1, 2022
       Time-Step Length (HHMMSS): 000500
                 VDIFF completed...       1.1038 seconds
                COUPLE completed...       0.0027 seconds
                  HADV completed...       0.1386 seconds
                  ZADV completed...       0.0171 seconds
                 HDIFF completed...       0.0108 seconds
              DECOUPLE completed...       0.0026 seconds
                  PHOT completed...       0.0534 seconds
               CLDPROC completed...       0.0066 seconds
                  CHEM completed...       0.3642 seconds
                  AERO completed...       0.1615 seconds
            Master Time Step
            Processing completed...       1.8629 seconds
 
     Processing Day/Time [YYYYDDD:HHMMSS]: 2022182:220500
       Which is Equivalent to (UTC): 22:05:00 Friday,  July 1, 2022
       Time-Step Length (HHMMSS): 000500
                 VDIFF completed...       0.1255 seconds
                COUPLE completed...       0.0025 seconds
                  HADV completed...       0.1232 seconds
                  ZADV completed...       0.0167 seconds
                 HDIFF completed...       0.0087 seconds
              DECOUPLE completed...       0.0027 seconds
                  PHOT completed...       0.0376 seconds
               CLDPROC completed...       0.0070 seconds
                  CHEM completed...       0.3607 seconds
                  AERO completed...       0.1615 seconds
            Master Time Step
            Processing completed...       0.8478 seconds
 
     Processing Day/Time [YYYYDDD:HHMMSS]: 2022182:221000
       Which is Equivalent to (UTC): 22:10:00 Friday,  July 1, 2022
       Time-Step Length (HHMMSS): 000500
                 VDIFF completed...       0.1310 seconds
                COUPLE completed...       0.0025 seconds
                  HADV completed...       0.0936 seconds
                  ZADV completed...       0.0167 seconds
                 HDIFF completed...       0.0163 seconds
              DECOUPLE completed...       0.0026 seconds
                  PHOT completed...       0.0374 seconds
               CLDPROC completed...       0.0093 seconds
                  CHEM completed...       0.3603 seconds
                  AERO completed...       0.1617 seconds
            Master Time Step
            Processing completed...       0.8336 seconds
 
     Processing Day/Time [YYYYDDD:HHMMSS]: 2022182:221500
       Which is Equivalent to (UTC): 22:15:00 Friday,  July 1, 2022
       Time-Step Length (HHMMSS): 000500
                 VDIFF completed...       0.1285 seconds
                COUPLE completed...       0.0025 seconds
                  HADV completed...       0.0815 seconds
                  ZADV completed...       0.0169 seconds
                 HDIFF completed...       0.0130 seconds
              DECOUPLE completed...       0.0026 seconds
                  PHOT completed...       0.0373 seconds
               CLDPROC completed...       0.0071 seconds
                  CHEM completed...       0.3551 seconds
                  AERO completed...       0.1565 seconds
            Master Time Step
            Processing completed...       0.8023 seconds
 
     Processing Day/Time [YYYYDDD:HHMMSS]: 2022182:222000
       Which is Equivalent to (UTC): 22:20:00 Friday,  July 1, 2022
       Time-Step Length (HHMMSS): 000500
                 VDIFF completed...       0.1155 seconds
                COUPLE completed...       0.0025 seconds
                  HADV completed...       0.0894 seconds
                  ZADV completed...       0.0166 seconds
                 HDIFF completed...       0.0088 seconds
              DECOUPLE completed...       0.0026 seconds
                  PHOT completed...       0.0373 seconds
               CLDPROC completed...       0.0083 seconds
                  CHEM completed...       0.3536 seconds
                  AERO completed...       0.1597 seconds
            Master Time Step
            Processing completed...       0.7960 seconds
 
     Processing Day/Time [YYYYDDD:HHMMSS]: 2022182:222500
       Which is Equivalent to (UTC): 22:25:00 Friday,  July 1, 2022
       Time-Step Length (HHMMSS): 000500
                 VDIFF completed...       0.1237 seconds
                COUPLE completed...       0.0025 seconds
                  HADV completed...       0.0945 seconds
                  ZADV completed...       0.0172 seconds
                 HDIFF completed...       0.0120 seconds
              DECOUPLE completed...       0.0026 seconds
                  PHOT completed...       0.0382 seconds
               CLDPROC completed...       0.0083 seconds
                  CHEM completed...       0.3548 seconds
                  AERO completed...       0.1588 seconds
            Master Time Step
            Processing completed...       0.8143 seconds
 
     Processing Day/Time [YYYYDDD:HHMMSS]: 2022182:223000
       Which is Equivalent to (UTC): 22:30:00 Friday,  July 1, 2022
       Time-Step Length (HHMMSS): 000500
                 VDIFF completed...       0.1225 seconds
                COUPLE completed...       0.0025 seconds
                  HADV completed...       0.0951 seconds
                  ZADV completed...       0.0170 seconds
                 HDIFF completed...       0.0131 seconds
              DECOUPLE completed...       0.0027 seconds
                  PHOT completed...       0.0380 seconds
               CLDPROC completed...       0.0079 seconds
                  CHEM completed...       0.3499 seconds
                  AERO completed...       0.1593 seconds
            Master Time Step
            Processing completed...       0.8099 seconds
 
     Processing Day/Time [YYYYDDD:HHMMSS]: 2022182:223500
       Which is Equivalent to (UTC): 22:35:00 Friday,  July 1, 2022
       Time-Step Length (HHMMSS): 000500
                 VDIFF completed...       0.1277 seconds
                COUPLE completed...       0.0025 seconds
                  HADV completed...       0.0888 seconds
                  ZADV completed...       0.0167 seconds
                 HDIFF completed...       0.0084 seconds
              DECOUPLE completed...       0.0027 seconds
                  PHOT completed...       0.0377 seconds
               CLDPROC completed...       0.0066 seconds
                  CHEM completed...       0.3508 seconds
                  AERO completed...       0.1593 seconds
            Master Time Step
            Processing completed...       0.8030 seconds
 
     Processing Day/Time [YYYYDDD:HHMMSS]: 2022182:224000
       Which is Equivalent to (UTC): 22:40:00 Friday,  July 1, 2022
       Time-Step Length (HHMMSS): 000500
                 VDIFF completed...       0.1298 seconds
                COUPLE completed...       0.0026 seconds
                  HADV completed...       0.0895 seconds
                  ZADV completed...       0.0168 seconds
                 HDIFF completed...       0.0146 seconds
              DECOUPLE completed...       0.0026 seconds
                  PHOT completed...       0.0392 seconds
               CLDPROC completed...       0.0111 seconds
                  CHEM completed...       0.3458 seconds
                  AERO completed...       0.1601 seconds
            Master Time Step
            Processing completed...       0.8142 seconds
 
     Processing Day/Time [YYYYDDD:HHMMSS]: 2022182:224500
       Which is Equivalent to (UTC): 22:45:00 Friday,  July 1, 2022
       Time-Step Length (HHMMSS): 000500
                 VDIFF completed...       0.1251 seconds
                COUPLE completed...       0.0025 seconds
                  HADV completed...       0.0894 seconds
                  ZADV completed...       0.0167 seconds
                 HDIFF completed...       0.0208 seconds
              DECOUPLE completed...       0.0026 seconds
                  PHOT completed...       0.0384 seconds
               CLDPROC completed...       0.0078 seconds
                  CHEM completed...       0.3445 seconds
                  AERO completed...       0.1585 seconds
            Master Time Step
            Processing completed...       0.8080 seconds
 
     Processing Day/Time [YYYYDDD:HHMMSS]: 2022182:225000
       Which is Equivalent to (UTC): 22:50:00 Friday,  July 1, 2022
       Time-Step Length (HHMMSS): 000500
                 VDIFF completed...       0.1131 seconds
                COUPLE completed...       0.0026 seconds
                  HADV completed...       0.0800 seconds
                  ZADV completed...       0.0168 seconds
                 HDIFF completed...       0.0107 seconds
              DECOUPLE completed...       0.0026 seconds
                  PHOT completed...       0.0376 seconds
               CLDPROC completed...       0.0072 seconds
                  CHEM completed...       0.3409 seconds
                  AERO completed...       0.1587 seconds
            Master Time Step
            Processing completed...       0.7720 seconds
 
     Processing Day/Time [YYYYDDD:HHMMSS]: 2022182:225500
       Which is Equivalent to (UTC): 22:55:00 Friday,  July 1, 2022
       Time-Step Length (HHMMSS): 000500
                 VDIFF completed...       0.1599 seconds
                COUPLE completed...       0.0025 seconds
                  HADV completed...       0.0913 seconds
                  ZADV completed...       0.0170 seconds
                 HDIFF completed...       0.0159 seconds
              DECOUPLE completed...       0.0026 seconds
                  PHOT completed...       0.0382 seconds
               CLDPROC completed...       0.0573 seconds
                  CHEM completed...       0.3366 seconds
                  AERO completed...       0.1611 seconds
            Master Time Step
            Processing completed...       0.8845 seconds
 
      =--> Data Output completed...       0.0859 seconds
 
     Processing Day/Time [YYYYDDD:HHMMSS]: 2022182:230000
       Which is Equivalent to (UTC): 23:00:00 Friday,  July 1, 2022
       Time-Step Length (HHMMSS): 000500
                 VDIFF completed...       0.8683 seconds
                COUPLE completed...       0.0025 seconds
                  HADV completed...       0.1982 seconds
                  ZADV completed...       0.0176 seconds
                 HDIFF completed...       0.0175 seconds
              DECOUPLE completed...       0.0027 seconds
                  PHOT completed...       0.0434 seconds
               CLDPROC completed...       0.0114 seconds
                  CHEM completed...       0.3367 seconds
                  AERO completed...       0.1572 seconds
            Master Time Step
            Processing completed...       1.6599 seconds
 
     Processing Day/Time [YYYYDDD:HHMMSS]: 2022182:230500
       Which is Equivalent to (UTC): 23:05:00 Friday,  July 1, 2022
       Time-Step Length (HHMMSS): 000500
                 VDIFF completed...       0.1246 seconds
                COUPLE completed...       0.0025 seconds
                  HADV completed...       0.0774 seconds
                  ZADV completed...       0.0174 seconds
                 HDIFF completed...       0.0259 seconds
              DECOUPLE completed...       0.0027 seconds
                  PHOT completed...       0.0382 seconds
               CLDPROC completed...       0.0102 seconds
                  CHEM completed...       0.3302 seconds
                  AERO completed...       0.1591 seconds
            Master Time Step
            Processing completed...       0.7903 seconds
 
     Processing Day/Time [YYYYDDD:HHMMSS]: 2022182:231000
       Which is Equivalent to (UTC): 23:10:00 Friday,  July 1, 2022
       Time-Step Length (HHMMSS): 000500
                 VDIFF completed...       0.1193 seconds
                COUPLE completed...       0.0025 seconds
                  HADV completed...       0.0784 seconds
                  ZADV completed...       0.0167 seconds
                 HDIFF completed...       0.0126 seconds
              DECOUPLE completed...       0.0026 seconds
                  PHOT completed...       0.0389 seconds
               CLDPROC completed...       0.0078 seconds
                  CHEM completed...       0.3334 seconds
                  AERO completed...       0.1603 seconds
            Master Time Step
            Processing completed...       0.7741 seconds
 
     Processing Day/Time [YYYYDDD:HHMMSS]: 2022182:231500
       Which is Equivalent to (UTC): 23:15:00 Friday,  July 1, 2022
       Time-Step Length (HHMMSS): 000500
                 VDIFF completed...       0.1215 seconds
                COUPLE completed...       0.0025 seconds
                  HADV completed...       0.0841 seconds
                  ZADV completed...       0.0165 seconds
                 HDIFF completed...       0.0148 seconds
              DECOUPLE completed...       0.0026 seconds
                  PHOT completed...       0.0377 seconds
               CLDPROC completed...       0.0081 seconds
                  CHEM completed...       0.3269 seconds
                  AERO completed...       0.1618 seconds
            Master Time Step
            Processing completed...       0.7785 seconds
 
     Processing Day/Time [YYYYDDD:HHMMSS]: 2022182:232000
       Which is Equivalent to (UTC): 23:20:00 Friday,  July 1, 2022
       Time-Step Length (HHMMSS): 000500
                 VDIFF completed...       0.1319 seconds
                COUPLE completed...       0.0026 seconds
                  HADV completed...       0.0860 seconds
                  ZADV completed...       0.0169 seconds
                 HDIFF completed...       0.0183 seconds
              DECOUPLE completed...       0.0027 seconds
                  PHOT completed...       0.0402 seconds
               CLDPROC completed...       0.0133 seconds
                  CHEM completed...       0.3210 seconds
                  AERO completed...       0.1572 seconds
            Master Time Step
            Processing completed...       0.7928 seconds
 
     Processing Day/Time [YYYYDDD:HHMMSS]: 2022182:232500
       Which is Equivalent to (UTC): 23:25:00 Friday,  July 1, 2022
       Time-Step Length (HHMMSS): 000500
                 VDIFF completed...       0.1256 seconds
                COUPLE completed...       0.0026 seconds
                  HADV completed...       0.0973 seconds
                  ZADV completed...       0.0166 seconds
                 HDIFF completed...       0.0134 seconds
              DECOUPLE completed...       0.0028 seconds
                  PHOT completed...       0.0380 seconds
               CLDPROC completed...       0.0058 seconds
                  CHEM completed...       0.3173 seconds
                  AERO completed...       0.1581 seconds
            Master Time Step
            Processing completed...       0.7796 seconds
 
     Processing Day/Time [YYYYDDD:HHMMSS]: 2022182:233000
       Which is Equivalent to (UTC): 23:30:00 Friday,  July 1, 2022
       Time-Step Length (HHMMSS): 000500
                 VDIFF completed...       0.1114 seconds
                COUPLE completed...       0.0026 seconds
                  HADV completed...       0.1101 seconds
                  ZADV completed...       0.0166 seconds
                 HDIFF completed...       0.0100 seconds
              DECOUPLE completed...       0.0026 seconds
                  PHOT completed...       0.0381 seconds
               CLDPROC completed...       0.0075 seconds
                  CHEM completed...       0.3198 seconds
                  AERO completed...       0.1569 seconds
            Master Time Step
            Processing completed...       0.7773 seconds
 
     Processing Day/Time [YYYYDDD:HHMMSS]: 2022182:233500
       Which is Equivalent to (UTC): 23:35:00 Friday,  July 1, 2022
       Time-Step Length (HHMMSS): 000500
                 VDIFF completed...       0.1179 seconds
                COUPLE completed...       0.0025 seconds
                  HADV completed...       0.0782 seconds
                  ZADV completed...       0.0175 seconds
                 HDIFF completed...       0.0096 seconds
              DECOUPLE completed...       0.0027 seconds
                  PHOT completed...       0.0413 seconds
               CLDPROC completed...       0.0079 seconds
                  CHEM completed...       0.3106 seconds
                  AERO completed...       0.1611 seconds
            Master Time Step
            Processing completed...       0.7516 seconds
 
     Processing Day/Time [YYYYDDD:HHMMSS]: 2022182:234000
       Which is Equivalent to (UTC): 23:40:00 Friday,  July 1, 2022
       Time-Step Length (HHMMSS): 000500
                 VDIFF completed...       0.1303 seconds
                COUPLE completed...       0.0026 seconds
                  HADV completed...       0.0832 seconds
                  ZADV completed...       0.0188 seconds
                 HDIFF completed...       0.0133 seconds
              DECOUPLE completed...       0.0027 seconds
                  PHOT completed...       0.0398 seconds
               CLDPROC completed...       0.0103 seconds
                  CHEM completed...       0.3034 seconds
                  AERO completed...       0.1568 seconds
            Master Time Step
            Processing completed...       0.7635 seconds
 
     Processing Day/Time [YYYYDDD:HHMMSS]: 2022182:234500
       Which is Equivalent to (UTC): 23:45:00 Friday,  July 1, 2022
       Time-Step Length (HHMMSS): 000500
                 VDIFF completed...       0.1223 seconds
                COUPLE completed...       0.0025 seconds
                  HADV completed...       0.0832 seconds
                  ZADV completed...       0.0169 seconds
                 HDIFF completed...       0.0161 seconds
              DECOUPLE completed...       0.0026 seconds
                  PHOT completed...       0.0385 seconds
               CLDPROC completed...       0.0083 seconds
                  CHEM completed...       0.3013 seconds
                  AERO completed...       0.1566 seconds
            Master Time Step
            Processing completed...       0.7503 seconds
 
     Processing Day/Time [YYYYDDD:HHMMSS]: 2022182:235000
       Which is Equivalent to (UTC): 23:50:00 Friday,  July 1, 2022
       Time-Step Length (HHMMSS): 000500
                 VDIFF completed...       0.1091 seconds
                COUPLE completed...       0.0025 seconds
                  HADV completed...       0.0839 seconds
                  ZADV completed...       0.0173 seconds
                 HDIFF completed...       0.0093 seconds
              DECOUPLE completed...       0.0027 seconds
                  PHOT completed...       0.0381 seconds
               CLDPROC completed...       0.0066 seconds
                  CHEM completed...       0.3017 seconds
                  AERO completed...       0.1547 seconds
            Master Time Step
            Processing completed...       0.7278 seconds
 
     Processing Day/Time [YYYYDDD:HHMMSS]: 2022182:235500
       Which is Equivalent to (UTC): 23:55:00 Friday,  July 1, 2022
       Time-Step Length (HHMMSS): 000500
                 VDIFF completed...       0.2379 seconds
                COUPLE completed...       0.0028 seconds
                  HADV completed...       0.0893 seconds
                  ZADV completed...       0.0171 seconds
                 HDIFF completed...       0.0160 seconds
              DECOUPLE completed...       0.0026 seconds
                  PHOT completed...       0.0391 seconds
               CLDPROC completed...       0.0651 seconds
                  CHEM completed...       0.2975 seconds
                  AERO completed...       0.1580 seconds
            Master Time Step
            Processing completed...       0.9272 seconds
 
      =--> Data Output completed...       0.0953 seconds
 
 
 
     ==============================================
     |>---   PROGRAM COMPLETED SUCCESSFULLY   ---<|
     ==============================================
     Date and time 0:00:00   July 2, 2022   (2022183:000000)
 
     The elapsed time for this simulation was     276.5 seconds.
 

CMAQ Processing of Day 20220701 Finished at Tue Aug 18 02:39:18 PM EDT 2026

\\\\\=====\\\\\=====\\\\\=====\\\\\=====/////=====/////=====/////=====/////


Set up input and output files for Day 2022-07-02.

Existing Logs and Output Files for Day 2022-07-02 Will Be Deleted
rm: No match.

CMAQ Processing of Day 20220702 Began at Tue Aug 18 02:39:21 PM EDT 2026

MPI startup(): I_MPI_VARS_SET environment variable is not supported.
MPI startup(): To check the list of supported variables, use the impi_info utility or refer to https://www.intel.com/content/www/us/en/docs/mpi-library/developer-reference-linux/
                  CTM_APPL  |  v6_intel_Bench_2022_12SE1_intel_intelmpi_2nodes_32pe_20220702
#================================================================================#        
#|                                                                              |#        
#|               The Community Multiscale Air Quality (CMAQ) Model              |#        
#|                                  Version 6.0_alpha1                          |#        
#|                                                                              |#        
#|                          Built and Maintained by the                         |#        
#|                        Office of Research and Development                    |#        
#|                   United States Environmental Protection Agency              |#        
#|                                                                              |#        
#|                            https://www.epa.gov/cmaq                          |#        
#|                                                                              |#        
#|       Source Code:   https://www.github.com/USEPA/cmaq/tree/master           |#        
#|       Documentation: https://www.github.com/USEPA/cmaq/tree/master/DOCS      |#        
#|                                                                              |#        
#|         The CMAQ Model is tested and released with cooperation from          |#        
#|         the Community Modeling and Analysis System (CMAS) Center via         |#        
#|         contract support. CMAS is managed by the Institute for the           |#        
#|         Environment, University of North Carolina at Chapel Hill.            |#        
#|         CMAS URL: (https://www.cmascenter.org)                               |#        
#|                                                                              |#        
#================================================================================#        
 
 
     ==================================
     |>---   INITIALIZE I/O-API   ---<|
     ==================================
                                                                     
     This program uses the EPA-AREAL/MCNC-EnvPgms/BAMS/ UNC IE       
     Models-3 I/O Applications Programming Interface, [I/O API]      
     which is built on top of the netCDF I/O library (Copyright      
     993, 1996 University Corporation for Atmospheric Research       
     Unidata Program) and the PVM parallel-programming library       
     (from Oak Ridge National Laboratory).                           
     Copyright (C) 1992-2002 MCNC,                                   
     (C) 1992-2018 Carlie J. Coats, Jr.,                             
     (C) 2003-2012 Baron Advanced Meteorological Systems, LLC, and   
     (C) 2014-2023 UNC Institute for the Environment.                
     Released under the GNU LGPL  License, version 2.1.  See URL     
                                                                     
         https://www.gnu.org/licenses/old-licenses/lgpl-2.1.html     
                                                                     
     for conditions of use.                                          
                                                                     
     ioapi-3.2: $Id: init3.F90 247 2023-03-22 15:59:19Z coats $
     netCDF version 4.8.1 of Aug 13 2026 10:00:20 $
      
 
 
     ===========================================
     |>---   ENVIRONMENT VARIABLE REPORT   ---<|
     ===========================================

     |> Grid and High-Level Model Parameters:
     +=========================================
        ---Env Variable---  |  ---Value---
      --------------------------------------------------------------------------------
                       BLD  |             (default)
                    OUTDIR  |  /work/users/l/i/lizadams/CMAQv6.0_2022_12SE1_Benchmark_2day//output_CCTM_v6_intel_Bench_2022_12SE1_intel_intelmpi_2nodes_32pe
                 NEW_START  |           F
            IGNORE_SOILINP  |           F (default)
              EXECUTION_ID  |  CMAQ_CCTMv6_lizadams_20260818_183436_313024449
                 GRID_NAME  |  SE60BENCH
                 CTM_TSTEP  |       10000
                CTM_RUNLEN  |      240000
              CTM_PROGNAME  |  DRIVER (default)
                CTM_STDATE  |     2022183
                CTM_STTIME  |           0
               NPCOL_NPROW  |  8 8
               CTM_MAXSYNC  |         300
               CTM_MINSYNC  |          60

     |> Multiprocess control, output and error checking:
     +====================================================
        ---Env Variable---  |  ---Value---
      --------------------------------------------------------------------------------
           PRINT_PROC_TIME  |           T
               FL_ERR_STOP  |           F
              CTM_MIO_FILE  |           F (default)
                 CTM_CKSUM  |           T
          AVG_FILE_ENDTIME  |           F
             AVG_CONC_SPCS  |  ALL
                 CONC_SPCS  |  O3 NO ANO3I ANO3J NO2 NH3 ANH4I ANH4J ASO4I ASO4J
           ACONC_BLEV_ELEV  |   1 1
            CONC_BLEV_ELEV  |   1 1
           IOAPI_LOG_WRITE  |           F
                   VERTEXT  |           F
        VERTEXT_COORD_PATH  |  /proj/ie/proj/CMAS/CMASOps2026/CMAQ_CMAS_6/intelmpi_intel_2024_redo/CCTM/scripts/lonlat.csv
             gc_matrix_nml  |  /proj/ie/proj/CMAS/CMASOps2026/CMAQ_CMAS_6/intelmpi_intel_2024_redo/CCTM/scripts/BLD_CCTM_v6_intel/GC_cracmm3.nml
             ae_matrix_nml  |  /proj/ie/proj/CMAS/CMASOps2026/CMAQ_CMAS_6/intelmpi_intel_2024_redo/CCTM/scripts/BLD_CCTM_v6_intel/AE_cracmm3.nml
             nr_matrix_nml  |  /proj/ie/proj/CMAS/CMASOps2026/CMAQ_CMAS_6/intelmpi_intel_2024_redo/CCTM/scripts/BLD_CCTM_v6_intel/NR_cracmm3.nml
             tr_matrix_nml  |  /proj/ie/proj/CMAS/CMASOps2026/CMAQ_CMAS_6/intelmpi_intel_2024_redo/CCTM/scripts/BLD_CCTM_v6_intel/Species_Table_TR_0.nml

     |> Chemistry and Photolysis:
     +=============================
        ---Env Variable---  |  ---Value---
      --------------------------------------------------------------------------------
                      MECH  |  cracmm3
              CTM_PHOTDIAG  |           F
            AEROSOL_OPTICS  |           3

      --ATOL settings are in ppmV.--

             GEAR_MAX_ATOL  |   0.100E-06 (default)
             GEAR_MIN_ATOL  |   0.100E-08 (default)
           GEAR_CONC_FLOOR  |   0.100E-11 (default)
                 GEAR_RTOL  |   0.100E-02 (default)
                   RB_RTOL  |   0.100E-02 (default)
                   RB_ATOL  |   0.100E-06 (default)
                  CTM_PVO3  |           F

     |> Aerosols:
     +=============
        ---Env Variable---  |  ---Value---
      --------------------------------------------------------------------------------
                   AERO_MT  |  HYB
            AERO_DYN_TSTEP  |          90
             BC_AERO_M2WET  |           F
             BC_AERO_M2USE  |           T
              STM_SO4TRACK  |           F

     |> Cloud Processes:
     +====================
        ---Env Variable---  |  ---Value---
      --------------------------------------------------------------------------------
                  CLD_DIAG  |           F

     |> Air-Surface Exchange Processes:
     +===================================
        ---Env Variable---  |  ---Value---
      --------------------------------------------------------------------------------
                PX_VERSION  |           T
                CTM_ABFLUX  |           T
                CTM_MOSAIC  |           F
              CTM_SFC_HONO  |           T
               CLM_VERSION  |           F
              NOAH_VERSION  |           F
             CTM_DEPV_FILE  |           F
                CTM_HGBIDI  |           F
         CTM_BIDI_FERT_NH3  |           T
             CTM_USE_STAGE  |           T
           CTM_WBDUST_BELD  |  UNKNOWN (default)
             STAGECTRL_NML  |  /proj/ie/proj/CMAS/CMASOps2026/CMAQ_CMAS_6/intelmpi_intel_2024_redo/CCTM/scripts/BLD_CCTM_v6_intel/CMAQ_Control_STAGE.nml
             CTM_STAGE_P22  |           F
             CTM_STAGE_E20  |           T
             CTM_STAGE_S22  |           F

     |> Transport Processes:
     +========================
        ---Env Variable---  |  ---Value---
      --------------------------------------------------------------------------------
           VDIFF_DIAG_FILE  |           F
            SIGMA_SYNC_TOP  |   0.700E+00
              ADV_HDIV_LIM  |   0.900E+00 (default)
               CTM_ADV_CFL  |   0.950E+00
                     KZMIN  |           T
                KZU_CUSTOM  |   0.100E+01 (default)
                  CTM_WVEL  |           T
             CTM_GRAV_SETL  |           T

     |> Emissions Parameters:
     +=========================
        ---Env Variable---  |  ---Value---
      --------------------------------------------------------------------------------
             CMAQ_CTRL_NML  |  /proj/ie/proj/CMAS/CMASOps2026/CMAQ_CMAS_6/intelmpi_intel_2024_redo/CCTM/scripts/BLD_CCTM_v6_intel/CMAQ_Control.nml
          CMAQ_CH_CTRL_NML  |  /proj/ie/proj/CMAS/CMASOps2026/CMAQ_CMAS_6/intelmpi_intel_2024_redo/CCTM/scripts/BLD_CCTM_v6_intel/CMAQ_Chem_Control_cracmm3.nml
                 N_EMIS_GR  |           2
                 N_EMIS_TR  |           0 (default)
               CTM_EMISCHK  |           F
           CTM_BIOGEMIS_BE  |           T
           CTM_BIOGEMIS_MG  |           F
             USE_MEGAN_LAI  |           F (default)
              MGN_ONLN_DEP  |           F (default)
               BDSNP_MEGAN  |           F
                USE_SEGA_N  |           F
             USE_SEGA_N_EF  |           F
                 BIOG_SPRO  |  DEFAULT (default)
                B3GTS_DIAG  |           F
              CTM_MGEMDIAG  |           F (default)
            CTM_OCEAN_CHEM  |           T
               CTM_WB_DUST  |           T
             CTM_BROWN_VEG  |           T
           CTM_DUSTEM_DIAG  |           F
              CTM_SSEMDIAG  |           F
              CTM_MET_EMIS  |           F (default)
         CTM_MET_EMIS_DIAG  |           F (default)
          CTM_MET_EMIS_HUM  |           F (default)
            CTM_LNO_ONLINE  |           T
             LTNG_ASSIM_DT  |           0 (default)
             USE_LTNG_DATA  |           T
                  LTNGDIAG  |           F
                   MOLSNCG  |   0.350E+03 (default)
                   MOLSNIC  |   0.350E+03 (default)
                LNO_OPTION  |           1
                 N_EMIS_PT  |          11
                    IPVERT  |           0 (default)
             EMIS_SYM_DATE  |           F (default)

     |> Process Analysis Parameters:
     +================================
        ---Env Variable---  |  ---Value---
      --------------------------------------------------------------------------------
                CTM_PROCAN  |           F
                CTM_BUDGET  |  /work/users/l/i/lizadams/CMAQv6.0_2022_12SE1_Benchmark_2day//output_CCTM_v6_intel_Bench_2022_12SE1_intel_intelmpi_2nodes_32pe/CCTM_BUDGET_v6_intel_Bench_2022_12SE1_intel_intelmpi_2nodes_32pe_20220702.
                 MET_TSTEP  |       10000 (default)

     MET data determined based on WRF ARW version 4.4.2

 
          -=-  MPP Processor-to-Subdomain Map  -=-
                 Number of Processors =  64
    ____________________________________________________
    |                                                  |
    |  PE    #Cols    Col_Range     #Rows    Row_Range |
    |__________________________________________________|
    |                                                  |
    |  0       13      1:  13         10      1:  10   |
    |  1       13     14:  26         10      1:  10   |
    |  2       13     27:  39         10      1:  10   |
    |  3       13     40:  52         10      1:  10   |
    |  4       12     53:  64         10      1:  10   |
    |  5       12     65:  76         10      1:  10   |
    |  6       12     77:  88         10      1:  10   |
    |  7       12     89: 100         10      1:  10   |
    |  8       13      1:  13         10     11:  20   |
    |  9       13     14:  26         10     11:  20   |
    | 10       13     27:  39         10     11:  20   |
    | 11       13     40:  52         10     11:  20   |
    | 12       12     53:  64         10     11:  20   |
    | 13       12     65:  76         10     11:  20   |
    | 14       12     77:  88         10     11:  20   |
    | 15       12     89: 100         10     11:  20   |
    | 16       13      1:  13         10     21:  30   |
    | 17       13     14:  26         10     21:  30   |
    | 18       13     27:  39         10     21:  30   |
    | 19       13     40:  52         10     21:  30   |
    | 20       12     53:  64         10     21:  30   |
    | 21       12     65:  76         10     21:  30   |
    | 22       12     77:  88         10     21:  30   |
    | 23       12     89: 100         10     21:  30   |
    | 24       13      1:  13         10     31:  40   |
    | 25       13     14:  26         10     31:  40   |
    | 26       13     27:  39         10     31:  40   |
    | 27       13     40:  52         10     31:  40   |
    | 28       12     53:  64         10     31:  40   |
    | 29       12     65:  76         10     31:  40   |
    | 30       12     77:  88         10     31:  40   |
    | 31       12     89: 100         10     31:  40   |
    | 32       13      1:  13         10     41:  50   |
    | 33       13     14:  26         10     41:  50   |
    | 34       13     27:  39         10     41:  50   |
    | 35       13     40:  52         10     41:  50   |
    | 36       12     53:  64         10     41:  50   |
    | 37       12     65:  76         10     41:  50   |
    | 38       12     77:  88         10     41:  50   |
    | 39       12     89: 100         10     41:  50   |
    | 40       13      1:  13         10     51:  60   |
    | 41       13     14:  26         10     51:  60   |
    | 42       13     27:  39         10     51:  60   |
    | 43       13     40:  52         10     51:  60   |
    | 44       12     53:  64         10     51:  60   |
    | 45       12     65:  76         10     51:  60   |
    | 46       12     77:  88         10     51:  60   |
    | 47       12     89: 100         10     51:  60   |
    | 48       13      1:  13         10     61:  70   |
    | 49       13     14:  26         10     61:  70   |
    | 50       13     27:  39         10     61:  70   |
    | 51       13     40:  52         10     61:  70   |
    | 52       12     53:  64         10     61:  70   |
    | 53       12     65:  76         10     61:  70   |
    | 54       12     77:  88         10     61:  70   |
    | 55       12     89: 100         10     61:  70   |
    | 56       13      1:  13         10     71:  80   |
    | 57       13     14:  26         10     71:  80   |
    | 58       13     27:  39         10     71:  80   |
    | 59       13     40:  52         10     71:  80   |
    | 60       12     53:  64         10     71:  80   |
    | 61       12     65:  76         10     71:  80   |
    | 62       12     77:  88         10     71:  80   |
    | 63       12     89: 100         10     71:  80   |
    |__________________________________________________|
 
 
 
     ================================
     |>---   TIME INTEGRATION   ---<|
     ================================
 
     Processing Day/Time [YYYYDDD:HHMMSS]: 2022183:000000
       Which is Equivalent to (UTC): 0:00:00  Saturday,  July 2, 2022
       Time-Step Length (HHMMSS): 000500
                 VDIFF completed...       5.7130 seconds
                COUPLE completed...       0.0030 seconds
                  HADV completed...       1.0567 seconds
                  ZADV completed...       0.0172 seconds
                 HDIFF completed...       0.0533 seconds
              DECOUPLE completed...       0.0026 seconds
                  PHOT completed...       0.8537 seconds
               CLDPROC completed...       0.0119 seconds
                  CHEM completed...       0.3005 seconds
                  AERO completed...       0.1806 seconds
            Master Time Step
            Processing completed...       8.1943 seconds
 
     Processing Day/Time [YYYYDDD:HHMMSS]: 2022183:000500
       Which is Equivalent to (UTC): 0:05:00  Saturday,  July 2, 2022
       Time-Step Length (HHMMSS): 000500
                 VDIFF completed...       0.1750 seconds
                COUPLE completed...       0.0025 seconds
                  HADV completed...       0.0822 seconds
                  ZADV completed...       0.0180 seconds
                 HDIFF completed...       0.0135 seconds
              DECOUPLE completed...       0.0028 seconds
                  PHOT completed...       0.0411 seconds
               CLDPROC completed...       0.0127 seconds
                  CHEM completed...       0.2941 seconds
                  AERO completed...       0.1554 seconds
            Master Time Step
            Processing completed...       0.7999 seconds
 
     Processing Day/Time [YYYYDDD:HHMMSS]: 2022183:001000
       Which is Equivalent to (UTC): 0:10:00  Saturday,  July 2, 2022
       Time-Step Length (HHMMSS): 000500
                 VDIFF completed...       0.1291 seconds
                COUPLE completed...       0.0025 seconds
                  HADV completed...       0.0844 seconds
                  ZADV completed...       0.0168 seconds
                 HDIFF completed...       0.0107 seconds
              DECOUPLE completed...       0.0027 seconds
                  PHOT completed...       0.0447 seconds
               CLDPROC completed...       0.0086 seconds
                  CHEM completed...       0.2891 seconds
                  AERO completed...       0.1572 seconds
            Master Time Step
            Processing completed...       0.7478 seconds
 
     Processing Day/Time [YYYYDDD:HHMMSS]: 2022183:001500
       Which is Equivalent to (UTC): 0:15:00  Saturday,  July 2, 2022
       Time-Step Length (HHMMSS): 000500
                 VDIFF completed...       0.1552 seconds
                COUPLE completed...       0.0025 seconds
                  HADV completed...       0.0834 seconds
                  ZADV completed...       0.0171 seconds
                 HDIFF completed...       0.0225 seconds
              DECOUPLE completed...       0.0026 seconds
                  PHOT completed...       0.0394 seconds
               CLDPROC completed...       0.0096 seconds
                  CHEM completed...       0.2906 seconds
                  AERO completed...       0.1559 seconds
            Master Time Step
            Processing completed...       0.7808 seconds
 
     Processing Day/Time [YYYYDDD:HHMMSS]: 2022183:002000
       Which is Equivalent to (UTC): 0:20:00  Saturday,  July 2, 2022
       Time-Step Length (HHMMSS): 000500
                 VDIFF completed...       0.1438 seconds
                COUPLE completed...       0.0026 seconds
                  HADV completed...       0.0827 seconds
                  ZADV completed...       0.0167 seconds
                 HDIFF completed...       0.0120 seconds
              DECOUPLE completed...       0.0026 seconds
                  PHOT completed...       0.0408 seconds
               CLDPROC completed...       0.0097 seconds
                  CHEM completed...       0.2879 seconds
                  AERO completed...       0.1580 seconds
            Master Time Step
            Processing completed...       0.7586 seconds
 
     Processing Day/Time [YYYYDDD:HHMMSS]: 2022183:002500
       Which is Equivalent to (UTC): 0:25:00  Saturday,  July 2, 2022
       Time-Step Length (HHMMSS): 000500
                 VDIFF completed...       0.1440 seconds
                COUPLE completed...       0.0025 seconds
                  HADV completed...       0.0899 seconds
                  ZADV completed...       0.0174 seconds
                 HDIFF completed...       0.0188 seconds
              DECOUPLE completed...       0.0027 seconds
                  PHOT completed...       0.0349 seconds
               CLDPROC completed...       0.0097 seconds
                  CHEM completed...       0.2997 seconds
                  AERO completed...       0.1560 seconds
            Master Time Step
            Processing completed...       0.7784 seconds
 
     Processing Day/Time [YYYYDDD:HHMMSS]: 2022183:003000
       Which is Equivalent to (UTC): 0:30:00  Saturday,  July 2, 2022
       Time-Step Length (HHMMSS): 000500
                 VDIFF completed...       0.1357 seconds
                COUPLE completed...       0.0026 seconds
                  HADV completed...       0.0865 seconds
                  ZADV completed...       0.0167 seconds
                 HDIFF completed...       0.0158 seconds
              DECOUPLE completed...       0.0027 seconds
                  PHOT completed...       0.0255 seconds
               CLDPROC completed...       0.0099 seconds
                  CHEM completed...       0.2752 seconds
                  AERO completed...       0.1568 seconds
            Master Time Step
            Processing completed...       0.7293 seconds
 
     Processing Day/Time [YYYYDDD:HHMMSS]: 2022183:003500
       Which is Equivalent to (UTC): 0:35:00  Saturday,  July 2, 2022
       Time-Step Length (HHMMSS): 000500
                 VDIFF completed...       0.1483 seconds
                COUPLE completed...       0.0025 seconds
                  HADV completed...       0.0924 seconds
                  ZADV completed...       0.0168 seconds
                 HDIFF completed...       0.0142 seconds
              DECOUPLE completed...       0.0026 seconds
                  PHOT completed...       0.0263 seconds
               CLDPROC completed...       0.0110 seconds
                  CHEM completed...       0.2319 seconds
                  AERO completed...       0.1531 seconds
            Master Time Step
            Processing completed...       0.7014 seconds
 
     Processing Day/Time [YYYYDDD:HHMMSS]: 2022183:004000
       Which is Equivalent to (UTC): 0:40:00  Saturday,  July 2, 2022
       Time-Step Length (HHMMSS): 000500
                 VDIFF completed...       0.1623 seconds
                COUPLE completed...       0.0025 seconds
                  HADV completed...       0.0967 seconds
                  ZADV completed...       0.0169 seconds
                 HDIFF completed...       0.0119 seconds
              DECOUPLE completed...       0.0026 seconds
                  PHOT completed...       0.0254 seconds
               CLDPROC completed...       0.0107 seconds
                  CHEM completed...       0.2051 seconds
                  AERO completed...       0.1565 seconds
            Master Time Step
            Processing completed...       0.6927 seconds
 
     Processing Day/Time [YYYYDDD:HHMMSS]: 2022183:004500
       Which is Equivalent to (UTC): 0:45:00  Saturday,  July 2, 2022
       Time-Step Length (HHMMSS): 000500
                 VDIFF completed...       0.1546 seconds
                COUPLE completed...       0.0025 seconds
                  HADV completed...       0.1143 seconds
                  ZADV completed...       0.0171 seconds
                 HDIFF completed...       0.0110 seconds
              DECOUPLE completed...       0.0026 seconds
                  PHOT completed...       0.0264 seconds
               CLDPROC completed...       0.0101 seconds
                  CHEM completed...       0.1873 seconds
                  AERO completed...       0.1529 seconds
            Master Time Step
            Processing completed...       0.6813 seconds
 
     Processing Day/Time [YYYYDDD:HHMMSS]: 2022183:005000
       Which is Equivalent to (UTC): 0:50:00  Saturday,  July 2, 2022
       Time-Step Length (HHMMSS): 000500
                 VDIFF completed...       0.1370 seconds
                COUPLE completed...       0.0026 seconds
                  HADV completed...       0.0949 seconds
                  ZADV completed...       0.0173 seconds
                 HDIFF completed...       0.0217 seconds
              DECOUPLE completed...       0.0026 seconds
                  PHOT completed...       0.0189 seconds
               CLDPROC completed...       0.0098 seconds
                  CHEM completed...       0.1788 seconds
                  AERO completed...       0.1540 seconds
            Master Time Step
            Processing completed...       0.6399 seconds
 
     Processing Day/Time [YYYYDDD:HHMMSS]: 2022183:005500
       Which is Equivalent to (UTC): 0:55:00  Saturday,  July 2, 2022
       Time-Step Length (HHMMSS): 000500
                 VDIFF completed...       0.2169 seconds
                COUPLE completed...       0.0025 seconds
                  HADV completed...       0.1163 seconds
                  ZADV completed...       0.0174 seconds
                 HDIFF completed...       0.0221 seconds
              DECOUPLE completed...       0.0026 seconds
                  PHOT completed...       0.0042 seconds
               CLDPROC completed...       0.3365 seconds
                  CHEM completed...       0.1722 seconds
                  AERO completed...       0.1559 seconds
            Master Time Step
            Processing completed...       1.0486 seconds
 
      =--> Data Output completed...       1.0339 seconds
 
     Processing Day/Time [YYYYDDD:HHMMSS]: 2022183:010000
       Which is Equivalent to (UTC): 1:00:00  Saturday,  July 2, 2022
       Time-Step Length (HHMMSS): 000500
                 VDIFF completed...       0.9469 seconds
                COUPLE completed...       0.0027 seconds
                  HADV completed...       0.3341 seconds
                  ZADV completed...       0.0184 seconds
                 HDIFF completed...       0.0098 seconds
              DECOUPLE completed...       0.0026 seconds
                  PHOT completed...       0.0203 seconds
               CLDPROC completed...       0.0160 seconds
                  CHEM completed...       0.1727 seconds
                  AERO completed...       0.1581 seconds
            Master Time Step
            Processing completed...       1.6838 seconds
 
     Processing Day/Time [YYYYDDD:HHMMSS]: 2022183:010500
       Which is Equivalent to (UTC): 1:05:00  Saturday,  July 2, 2022
       Time-Step Length (HHMMSS): 000500
                 VDIFF completed...       0.1554 seconds
                COUPLE completed...       0.0025 seconds
                  HADV completed...       0.0834 seconds
                  ZADV completed...       0.0171 seconds
                 HDIFF completed...       0.0108 seconds
              DECOUPLE completed...       0.0028 seconds
                  PHOT completed...       0.0027 seconds
               CLDPROC completed...       0.0163 seconds
                  CHEM completed...       0.1696 seconds
                  AERO completed...       0.1546 seconds
            Master Time Step
            Processing completed...       0.6171 seconds
 
     Processing Day/Time [YYYYDDD:HHMMSS]: 2022183:011000
       Which is Equivalent to (UTC): 1:10:00  Saturday,  July 2, 2022
       Time-Step Length (HHMMSS): 000500
                 VDIFF completed...       0.1682 seconds
                COUPLE completed...       0.0025 seconds
                  HADV completed...       0.0855 seconds
                  ZADV completed...       0.0183 seconds
                 HDIFF completed...       0.0183 seconds
              DECOUPLE completed...       0.0032 seconds
                  PHOT completed...       0.0031 seconds
               CLDPROC completed...       0.0194 seconds
                  CHEM completed...       0.1681 seconds
                  AERO completed...       0.1564 seconds
            Master Time Step
            Processing completed...       0.6456 seconds
 
     Processing Day/Time [YYYYDDD:HHMMSS]: 2022183:011500
       Which is Equivalent to (UTC): 1:15:00  Saturday,  July 2, 2022
       Time-Step Length (HHMMSS): 000500
                 VDIFF completed...       0.1415 seconds
                COUPLE completed...       0.0027 seconds
                  HADV completed...       0.0740 seconds
                  ZADV completed...       0.0173 seconds
                 HDIFF completed...       0.0119 seconds
              DECOUPLE completed...       0.0027 seconds
                  PHOT completed...       0.0027 seconds
               CLDPROC completed...       0.0170 seconds
                  CHEM completed...       0.1661 seconds
                  AERO completed...       0.1519 seconds
            Master Time Step
            Processing completed...       0.5895 seconds
 
     Processing Day/Time [YYYYDDD:HHMMSS]: 2022183:012000
       Which is Equivalent to (UTC): 1:20:00  Saturday,  July 2, 2022
       Time-Step Length (HHMMSS): 000500
                 VDIFF completed...       0.1519 seconds
                COUPLE completed...       0.0026 seconds
                  HADV completed...       0.0815 seconds
                  ZADV completed...       0.0181 seconds
                 HDIFF completed...       0.0325 seconds
              DECOUPLE completed...       0.0027 seconds
                  PHOT completed...       0.0032 seconds
               CLDPROC completed...       0.0191 seconds
                  CHEM completed...       0.1636 seconds
                  AERO completed...       0.1519 seconds
            Master Time Step
            Processing completed...       0.6297 seconds
 
     Processing Day/Time [YYYYDDD:HHMMSS]: 2022183:012500
       Which is Equivalent to (UTC): 1:25:00  Saturday,  July 2, 2022
       Time-Step Length (HHMMSS): 000500
                 VDIFF completed...       0.1571 seconds
                COUPLE completed...       0.0025 seconds
                  HADV completed...       0.0840 seconds
                  ZADV completed...       0.0178 seconds
                 HDIFF completed...       0.0120 seconds
              DECOUPLE completed...       0.0026 seconds
                  PHOT completed...       0.0027 seconds
               CLDPROC completed...       0.0193 seconds
                  CHEM completed...       0.1665 seconds
                  AERO completed...       0.1527 seconds
            Master Time Step
            Processing completed...       0.6193 seconds
 
     Processing Day/Time [YYYYDDD:HHMMSS]: 2022183:013000
       Which is Equivalent to (UTC): 1:30:00  Saturday,  July 2, 2022
       Time-Step Length (HHMMSS): 000500
                 VDIFF completed...       0.1606 seconds
                COUPLE completed...       0.0025 seconds
                  HADV completed...       0.0988 seconds
                  ZADV completed...       0.0175 seconds
                 HDIFF completed...       0.0155 seconds
              DECOUPLE completed...       0.0026 seconds
                  PHOT completed...       0.0029 seconds
               CLDPROC completed...       0.0183 seconds
                  CHEM completed...       0.1621 seconds
                  AERO completed...       0.1545 seconds
            Master Time Step
            Processing completed...       0.6372 seconds
 
     Processing Day/Time [YYYYDDD:HHMMSS]: 2022183:013500
       Which is Equivalent to (UTC): 1:35:00  Saturday,  July 2, 2022
       Time-Step Length (HHMMSS): 000500
                 VDIFF completed...       0.1367 seconds
                COUPLE completed...       0.0027 seconds
                  HADV completed...       0.0827 seconds
                  ZADV completed...       0.0177 seconds
                 HDIFF completed...       0.0149 seconds
              DECOUPLE completed...       0.0028 seconds
                  PHOT completed...       0.0034 seconds
               CLDPROC completed...       0.0191 seconds
                  CHEM completed...       0.1631 seconds
                  AERO completed...       0.1518 seconds
            Master Time Step
            Processing completed...       0.5972 seconds
 
     Processing Day/Time [YYYYDDD:HHMMSS]: 2022183:014000
       Which is Equivalent to (UTC): 1:40:00  Saturday,  July 2, 2022
       Time-Step Length (HHMMSS): 000500
                 VDIFF completed...       0.1248 seconds
                COUPLE completed...       0.0025 seconds
                  HADV completed...       0.0927 seconds
                  ZADV completed...       0.0172 seconds
                 HDIFF completed...       0.0119 seconds
              DECOUPLE completed...       0.0027 seconds
                  PHOT completed...       0.0027 seconds
               CLDPROC completed...       0.0184 seconds
                  CHEM completed...       0.1586 seconds
                  AERO completed...       0.1525 seconds
            Master Time Step
            Processing completed...       0.5857 seconds
 
     Processing Day/Time [YYYYDDD:HHMMSS]: 2022183:014500
       Which is Equivalent to (UTC): 1:45:00  Saturday,  July 2, 2022
       Time-Step Length (HHMMSS): 000500
                 VDIFF completed...       0.1483 seconds
                COUPLE completed...       0.0025 seconds
                  HADV completed...       0.0894 seconds
                  ZADV completed...       0.0173 seconds
                 HDIFF completed...       0.0150 seconds
              DECOUPLE completed...       0.0026 seconds
                  PHOT completed...       0.0028 seconds
               CLDPROC completed...       0.0168 seconds
                  CHEM completed...       0.1579 seconds
                  AERO completed...       0.1513 seconds
            Master Time Step
            Processing completed...       0.6061 seconds
 
     Processing Day/Time [YYYYDDD:HHMMSS]: 2022183:015000
       Which is Equivalent to (UTC): 1:50:00  Saturday,  July 2, 2022
       Time-Step Length (HHMMSS): 000500
                 VDIFF completed...       0.1563 seconds
                COUPLE completed...       0.0030 seconds
                  HADV completed...       0.0833 seconds
                  ZADV completed...       0.0176 seconds
                 HDIFF completed...       0.0145 seconds
              DECOUPLE completed...       0.0026 seconds
                  PHOT completed...       0.0027 seconds
               CLDPROC completed...       0.0161 seconds
                  CHEM completed...       0.1550 seconds
                  AERO completed...       0.1537 seconds
            Master Time Step
            Processing completed...       0.6067 seconds
 
     Processing Day/Time [YYYYDDD:HHMMSS]: 2022183:015500
       Which is Equivalent to (UTC): 1:55:00  Saturday,  July 2, 2022
       Time-Step Length (HHMMSS): 000500
                 VDIFF completed...       0.1959 seconds
                COUPLE completed...       0.0027 seconds
                  HADV completed...       0.0795 seconds
                  ZADV completed...       0.0189 seconds
                 HDIFF completed...       0.0129 seconds
              DECOUPLE completed...       0.0028 seconds
                  PHOT completed...       0.0033 seconds
               CLDPROC completed...       0.0626 seconds
                  CHEM completed...       0.1551 seconds
                  AERO completed...       0.1519 seconds
            Master Time Step
            Processing completed...       0.6883 seconds
 
      =--> Data Output completed...       0.1323 seconds
 
     Processing Day/Time [YYYYDDD:HHMMSS]: 2022183:020000
       Which is Equivalent to (UTC): 2:00:00  Saturday,  July 2, 2022
       Time-Step Length (HHMMSS): 000500
                 VDIFF completed...       0.8116 seconds
                COUPLE completed...       0.0025 seconds
                  HADV completed...       0.2048 seconds
                  ZADV completed...       0.0175 seconds
                 HDIFF completed...       0.0130 seconds
              DECOUPLE completed...       0.0026 seconds
                  PHOT completed...       0.0136 seconds
               CLDPROC completed...       0.0118 seconds
                  CHEM completed...       0.1489 seconds
                  AERO completed...       0.1543 seconds
            Master Time Step
            Processing completed...       1.3827 seconds
 
     Processing Day/Time [YYYYDDD:HHMMSS]: 2022183:020500
       Which is Equivalent to (UTC): 2:05:00  Saturday,  July 2, 2022
       Time-Step Length (HHMMSS): 000500
                 VDIFF completed...       0.1422 seconds
                COUPLE completed...       0.0025 seconds
                  HADV completed...       0.0820 seconds
                  ZADV completed...       0.0179 seconds
                 HDIFF completed...       0.0120 seconds
              DECOUPLE completed...       0.0026 seconds
                  PHOT completed...       0.0026 seconds
               CLDPROC completed...       0.0114 seconds
                  CHEM completed...       0.1438 seconds
                  AERO completed...       0.1514 seconds
            Master Time Step
            Processing completed...       0.5702 seconds
 
     Processing Day/Time [YYYYDDD:HHMMSS]: 2022183:021000
       Which is Equivalent to (UTC): 2:10:00  Saturday,  July 2, 2022
       Time-Step Length (HHMMSS): 000500
                 VDIFF completed...       0.1569 seconds
                COUPLE completed...       0.0025 seconds
                  HADV completed...       0.0860 seconds
                  ZADV completed...       0.0190 seconds
                 HDIFF completed...       0.0114 seconds
              DECOUPLE completed...       0.0027 seconds
                  PHOT completed...       0.0028 seconds
               CLDPROC completed...       0.0146 seconds
                  CHEM completed...       0.1442 seconds
                  AERO completed...       0.1517 seconds
            Master Time Step
            Processing completed...       0.5944 seconds
 
     Processing Day/Time [YYYYDDD:HHMMSS]: 2022183:021500
       Which is Equivalent to (UTC): 2:15:00  Saturday,  July 2, 2022
       Time-Step Length (HHMMSS): 000500
                 VDIFF completed...       0.1465 seconds
                COUPLE completed...       0.0025 seconds
                  HADV completed...       0.0714 seconds
                  ZADV completed...       0.0175 seconds
                 HDIFF completed...       0.0108 seconds
              DECOUPLE completed...       0.0027 seconds
                  PHOT completed...       0.0026 seconds
               CLDPROC completed...       0.0106 seconds
                  CHEM completed...       0.1419 seconds
                  AERO completed...       0.1522 seconds
            Master Time Step
            Processing completed...       0.5605 seconds
 
     Processing Day/Time [YYYYDDD:HHMMSS]: 2022183:022000
       Which is Equivalent to (UTC): 2:20:00  Saturday,  July 2, 2022
       Time-Step Length (HHMMSS): 000500
                 VDIFF completed...       0.1473 seconds
                COUPLE completed...       0.0028 seconds
                  HADV completed...       0.0857 seconds
                  ZADV completed...       0.0194 seconds
                 HDIFF completed...       0.0172 seconds
              DECOUPLE completed...       0.0027 seconds
                  PHOT completed...       0.0028 seconds
               CLDPROC completed...       0.0122 seconds
                  CHEM completed...       0.1407 seconds
                  AERO completed...       0.1496 seconds
            Master Time Step
            Processing completed...       0.5824 seconds
 
     Processing Day/Time [YYYYDDD:HHMMSS]: 2022183:022500
       Which is Equivalent to (UTC): 2:25:00  Saturday,  July 2, 2022
       Time-Step Length (HHMMSS): 000500
                 VDIFF completed...       0.1293 seconds
                COUPLE completed...       0.0025 seconds
                  HADV completed...       0.0912 seconds
                  ZADV completed...       0.0183 seconds
                 HDIFF completed...       0.0152 seconds
              DECOUPLE completed...       0.0027 seconds
                  PHOT completed...       0.0027 seconds
               CLDPROC completed...       0.0130 seconds
                  CHEM completed...       0.1432 seconds
                  AERO completed...       0.1493 seconds
            Master Time Step
            Processing completed...       0.5698 seconds
 
     Processing Day/Time [YYYYDDD:HHMMSS]: 2022183:023000
       Which is Equivalent to (UTC): 2:30:00  Saturday,  July 2, 2022
       Time-Step Length (HHMMSS): 000500
                 VDIFF completed...       0.1652 seconds
                COUPLE completed...       0.0025 seconds
                  HADV completed...       0.0819 seconds
                  ZADV completed...       0.0189 seconds
                 HDIFF completed...       0.0247 seconds
              DECOUPLE completed...       0.0027 seconds
                  PHOT completed...       0.0025 seconds
               CLDPROC completed...       0.0122 seconds
                  CHEM completed...       0.1430 seconds
                  AERO completed...       0.1551 seconds
            Master Time Step
            Processing completed...       0.6117 seconds
 
     Processing Day/Time [YYYYDDD:HHMMSS]: 2022183:023500
       Which is Equivalent to (UTC): 2:35:00  Saturday,  July 2, 2022
       Time-Step Length (HHMMSS): 000500
                 VDIFF completed...       0.1458 seconds
                COUPLE completed...       0.0025 seconds
                  HADV completed...       0.0718 seconds
                  ZADV completed...       0.0179 seconds
                 HDIFF completed...       0.0100 seconds
              DECOUPLE completed...       0.0026 seconds
                  PHOT completed...       0.0025 seconds
               CLDPROC completed...       0.0093 seconds
                  CHEM completed...       0.1403 seconds
                  AERO completed...       0.1548 seconds
            Master Time Step
            Processing completed...       0.5594 seconds
 
     Processing Day/Time [YYYYDDD:HHMMSS]: 2022183:024000
       Which is Equivalent to (UTC): 2:40:00  Saturday,  July 2, 2022
       Time-Step Length (HHMMSS): 000500
                 VDIFF completed...       0.1356 seconds
                COUPLE completed...       0.0026 seconds
                  HADV completed...       0.0776 seconds
                  ZADV completed...       0.0195 seconds
                 HDIFF completed...       0.0140 seconds
              DECOUPLE completed...       0.0027 seconds
                  PHOT completed...       0.0033 seconds
               CLDPROC completed...       0.0131 seconds
                  CHEM completed...       0.1415 seconds
                  AERO completed...       0.1567 seconds
            Master Time Step
            Processing completed...       0.5688 seconds
 
     Processing Day/Time [YYYYDDD:HHMMSS]: 2022183:024500
       Which is Equivalent to (UTC): 2:45:00  Saturday,  July 2, 2022
       Time-Step Length (HHMMSS): 000500
                 VDIFF completed...       0.1481 seconds
                COUPLE completed...       0.0026 seconds
                  HADV completed...       0.0762 seconds
                  ZADV completed...       0.0184 seconds
                 HDIFF completed...       0.0124 seconds
              DECOUPLE completed...       0.0027 seconds
                  PHOT completed...       0.0032 seconds
               CLDPROC completed...       0.0130 seconds
                  CHEM completed...       0.1426 seconds
                  AERO completed...       0.1505 seconds
            Master Time Step
            Processing completed...       0.5721 seconds
 
     Processing Day/Time [YYYYDDD:HHMMSS]: 2022183:025000
       Which is Equivalent to (UTC): 2:50:00  Saturday,  July 2, 2022
       Time-Step Length (HHMMSS): 000500
                 VDIFF completed...       0.1530 seconds
                COUPLE completed...       0.0026 seconds
                  HADV completed...       0.0809 seconds
                  ZADV completed...       0.0198 seconds
                 HDIFF completed...       0.0142 seconds
              DECOUPLE completed...       0.0026 seconds
                  PHOT completed...       0.0026 seconds
               CLDPROC completed...       0.0092 seconds
                  CHEM completed...       0.1383 seconds
                  AERO completed...       0.1532 seconds
            Master Time Step
            Processing completed...       0.5784 seconds
 
     Processing Day/Time [YYYYDDD:HHMMSS]: 2022183:025500
       Which is Equivalent to (UTC): 2:55:00  Saturday,  July 2, 2022
       Time-Step Length (HHMMSS): 000500
                 VDIFF completed...       0.1929 seconds
                COUPLE completed...       0.0026 seconds
                  HADV completed...       0.0845 seconds
                  ZADV completed...       0.0192 seconds
                 HDIFF completed...       0.0205 seconds
              DECOUPLE completed...       0.0027 seconds
                  PHOT completed...       0.0035 seconds
               CLDPROC completed...       0.0696 seconds
                  CHEM completed...       0.1425 seconds
                  AERO completed...       0.1502 seconds
            Master Time Step
            Processing completed...       0.6910 seconds
 
      =--> Data Output completed...       0.1077 seconds
 
     Processing Day/Time [YYYYDDD:HHMMSS]: 2022183:030000
       Which is Equivalent to (UTC): 3:00:00  Saturday,  July 2, 2022
       Time-Step Length (HHMMSS): 000500
                 VDIFF completed...       1.0691 seconds
                COUPLE completed...       0.0027 seconds
                  HADV completed...       0.1268 seconds
                  ZADV completed...       0.0194 seconds
                 HDIFF completed...       0.0089 seconds
              DECOUPLE completed...       0.0029 seconds
                  PHOT completed...       0.0168 seconds
               CLDPROC completed...       0.0061 seconds
                  CHEM completed...       0.1384 seconds
                  AERO completed...       0.1494 seconds
            Master Time Step
            Processing completed...       1.5422 seconds
 
     Processing Day/Time [YYYYDDD:HHMMSS]: 2022183:030500
       Which is Equivalent to (UTC): 3:05:00  Saturday,  July 2, 2022
       Time-Step Length (HHMMSS): 000500
                 VDIFF completed...       0.1633 seconds
                COUPLE completed...       0.0025 seconds
                  HADV completed...       0.0768 seconds
                  ZADV completed...       0.0180 seconds
                 HDIFF completed...       0.0132 seconds
              DECOUPLE completed...       0.0026 seconds
                  PHOT completed...       0.0024 seconds
               CLDPROC completed...       0.0056 seconds
                  CHEM completed...       0.1391 seconds
                  AERO completed...       0.1524 seconds
            Master Time Step
            Processing completed...       0.5777 seconds
 
     Processing Day/Time [YYYYDDD:HHMMSS]: 2022183:031000
       Which is Equivalent to (UTC): 3:10:00  Saturday,  July 2, 2022
       Time-Step Length (HHMMSS): 000500
                 VDIFF completed...       0.1651 seconds
                COUPLE completed...       0.0025 seconds
                  HADV completed...       0.0899 seconds
                  ZADV completed...       0.0191 seconds
                 HDIFF completed...       0.0182 seconds
              DECOUPLE completed...       0.0027 seconds
                  PHOT completed...       0.0024 seconds
               CLDPROC completed...       0.0075 seconds
                  CHEM completed...       0.1423 seconds
                  AERO completed...       0.1503 seconds
            Master Time Step
            Processing completed...       0.6025 seconds
 
     Processing Day/Time [YYYYDDD:HHMMSS]: 2022183:031500
       Which is Equivalent to (UTC): 3:15:00  Saturday,  July 2, 2022
       Time-Step Length (HHMMSS): 000500
                 VDIFF completed...       0.1523 seconds
                COUPLE completed...       0.0025 seconds
                  HADV completed...       0.0889 seconds
                  ZADV completed...       0.0181 seconds
                 HDIFF completed...       0.0083 seconds
              DECOUPLE completed...       0.0028 seconds
                  PHOT completed...       0.0024 seconds
               CLDPROC completed...       0.0079 seconds
                  CHEM completed...       0.1358 seconds
                  AERO completed...       0.1522 seconds
            Master Time Step
            Processing completed...       0.5731 seconds
 
     Processing Day/Time [YYYYDDD:HHMMSS]: 2022183:032000
       Which is Equivalent to (UTC): 3:20:00  Saturday,  July 2, 2022
       Time-Step Length (HHMMSS): 000500
                 VDIFF completed...       0.1438 seconds
                COUPLE completed...       0.0025 seconds
                  HADV completed...       0.0705 seconds
                  ZADV completed...       0.0180 seconds
                 HDIFF completed...       0.0122 seconds
              DECOUPLE completed...       0.0027 seconds
                  PHOT completed...       0.0024 seconds
               CLDPROC completed...       0.0050 seconds
                  CHEM completed...       0.1375 seconds
                  AERO completed...       0.1517 seconds
            Master Time Step
            Processing completed...       0.5479 seconds
 
     Processing Day/Time [YYYYDDD:HHMMSS]: 2022183:032500
       Which is Equivalent to (UTC): 3:25:00  Saturday,  July 2, 2022
       Time-Step Length (HHMMSS): 000500
                 VDIFF completed...       0.1620 seconds
                COUPLE completed...       0.0027 seconds
                  HADV completed...       0.0811 seconds
                  ZADV completed...       0.0178 seconds
                 HDIFF completed...       0.0102 seconds
              DECOUPLE completed...       0.0026 seconds
                  PHOT completed...       0.0024 seconds
               CLDPROC completed...       0.0064 seconds
                  CHEM completed...       0.1353 seconds
                  AERO completed...       0.1502 seconds
            Master Time Step
            Processing completed...       0.5723 seconds
 
     Processing Day/Time [YYYYDDD:HHMMSS]: 2022183:033000
       Which is Equivalent to (UTC): 3:30:00  Saturday,  July 2, 2022
       Time-Step Length (HHMMSS): 000500
                 VDIFF completed...       0.1813 seconds
                COUPLE completed...       0.0025 seconds
                  HADV completed...       0.0829 seconds
                  ZADV completed...       0.0200 seconds
                 HDIFF completed...       0.0146 seconds
              DECOUPLE completed...       0.0026 seconds
                  PHOT completed...       0.0027 seconds
               CLDPROC completed...       0.0089 seconds
                  CHEM completed...       0.1367 seconds
                  AERO completed...       0.1539 seconds
            Master Time Step
            Processing completed...       0.6086 seconds
 
     Processing Day/Time [YYYYDDD:HHMMSS]: 2022183:033500
       Which is Equivalent to (UTC): 3:35:00  Saturday,  July 2, 2022
       Time-Step Length (HHMMSS): 000500
                 VDIFF completed...       0.1507 seconds
                COUPLE completed...       0.0025 seconds
                  HADV completed...       0.0750 seconds
                  ZADV completed...       0.0179 seconds
                 HDIFF completed...       0.0169 seconds
              DECOUPLE completed...       0.0027 seconds
                  PHOT completed...       0.0024 seconds
               CLDPROC completed...       0.0057 seconds
                  CHEM completed...       0.1361 seconds
                  AERO completed...       0.1490 seconds
            Master Time Step
            Processing completed...       0.5608 seconds
 
     Processing Day/Time [YYYYDDD:HHMMSS]: 2022183:034000
       Which is Equivalent to (UTC): 3:40:00  Saturday,  July 2, 2022
       Time-Step Length (HHMMSS): 000500
                 VDIFF completed...       0.1825 seconds
                COUPLE completed...       0.0025 seconds
                  HADV completed...       0.0758 seconds
                  ZADV completed...       0.0191 seconds
                 HDIFF completed...       0.0144 seconds
              DECOUPLE completed...       0.0027 seconds
                  PHOT completed...       0.0024 seconds
               CLDPROC completed...       0.0072 seconds
                  CHEM completed...       0.1395 seconds
                  AERO completed...       0.1503 seconds
            Master Time Step
            Processing completed...       0.5992 seconds
 
     Processing Day/Time [YYYYDDD:HHMMSS]: 2022183:034500
       Which is Equivalent to (UTC): 3:45:00  Saturday,  July 2, 2022
       Time-Step Length (HHMMSS): 000500
                 VDIFF completed...       0.1344 seconds
                COUPLE completed...       0.0026 seconds
                  HADV completed...       0.0791 seconds
                  ZADV completed...       0.0190 seconds
                 HDIFF completed...       0.0102 seconds
              DECOUPLE completed...       0.0027 seconds
                  PHOT completed...       0.0024 seconds
               CLDPROC completed...       0.0054 seconds
                  CHEM completed...       0.1392 seconds
                  AERO completed...       0.1515 seconds
            Master Time Step
            Processing completed...       0.5485 seconds
 
     Processing Day/Time [YYYYDDD:HHMMSS]: 2022183:035000
       Which is Equivalent to (UTC): 3:50:00  Saturday,  July 2, 2022
       Time-Step Length (HHMMSS): 000500
                 VDIFF completed...       0.1483 seconds
                COUPLE completed...       0.0027 seconds
                  HADV completed...       0.0766 seconds
                  ZADV completed...       0.0181 seconds
                 HDIFF completed...       0.0193 seconds
              DECOUPLE completed...       0.0026 seconds
                  PHOT completed...       0.0024 seconds
               CLDPROC completed...       0.0054 seconds
                  CHEM completed...       0.1363 seconds
                  AERO completed...       0.1519 seconds
            Master Time Step
            Processing completed...       0.5658 seconds
 
     Processing Day/Time [YYYYDDD:HHMMSS]: 2022183:035500
       Which is Equivalent to (UTC): 3:55:00  Saturday,  July 2, 2022
       Time-Step Length (HHMMSS): 000500
                 VDIFF completed...       0.1965 seconds
                COUPLE completed...       0.0026 seconds
                  HADV completed...       0.0862 seconds
                  ZADV completed...       0.0184 seconds
                 HDIFF completed...       0.0131 seconds
              DECOUPLE completed...       0.0026 seconds
                  PHOT completed...       0.0024 seconds
               CLDPROC completed...       0.0557 seconds
                  CHEM completed...       0.1348 seconds
                  AERO completed...       0.1498 seconds
            Master Time Step
            Processing completed...       0.6648 seconds
 
      =--> Data Output completed...       0.1118 seconds
 
     Processing Day/Time [YYYYDDD:HHMMSS]: 2022183:040000
       Which is Equivalent to (UTC): 4:00:00  Saturday,  July 2, 2022
       Time-Step Length (HHMMSS): 000500
                 VDIFF completed...       1.0346 seconds
                COUPLE completed...       0.0026 seconds
                  HADV completed...       0.1905 seconds
                  ZADV completed...       0.0181 seconds
                 HDIFF completed...       0.0117 seconds
              DECOUPLE completed...       0.0026 seconds
                  PHOT completed...       0.0229 seconds
               CLDPROC completed...       0.0073 seconds
                  CHEM completed...       0.1368 seconds
                  AERO completed...       0.1513 seconds
            Master Time Step
            Processing completed...       1.5806 seconds
 
     Processing Day/Time [YYYYDDD:HHMMSS]: 2022183:040500
       Which is Equivalent to (UTC): 4:05:00  Saturday,  July 2, 2022
       Time-Step Length (HHMMSS): 000500
                 VDIFF completed...       0.1736 seconds
                COUPLE completed...       0.0025 seconds
                  HADV completed...       0.0789 seconds
                  ZADV completed...       0.0190 seconds
                 HDIFF completed...       0.0114 seconds
              DECOUPLE completed...       0.0028 seconds
                  PHOT completed...       0.0023 seconds
               CLDPROC completed...       0.0082 seconds
                  CHEM completed...       0.1361 seconds
                  AERO completed...       0.1495 seconds
            Master Time Step
            Processing completed...       0.5867 seconds
 
     Processing Day/Time [YYYYDDD:HHMMSS]: 2022183:041000
       Which is Equivalent to (UTC): 4:10:00  Saturday,  July 2, 2022
       Time-Step Length (HHMMSS): 000500
                 VDIFF completed...       0.1650 seconds
                COUPLE completed...       0.0025 seconds
                  HADV completed...       0.0797 seconds
                  ZADV completed...       0.0186 seconds
                 HDIFF completed...       0.0133 seconds
              DECOUPLE completed...       0.0027 seconds
                  PHOT completed...       0.0025 seconds
               CLDPROC completed...       0.0075 seconds
                  CHEM completed...       0.1353 seconds
                  AERO completed...       0.1516 seconds
            Master Time Step
            Processing completed...       0.5812 seconds
 
     Processing Day/Time [YYYYDDD:HHMMSS]: 2022183:041500
       Which is Equivalent to (UTC): 4:15:00  Saturday,  July 2, 2022
       Time-Step Length (HHMMSS): 000500
                 VDIFF completed...       0.1604 seconds
                COUPLE completed...       0.0026 seconds
                  HADV completed...       0.0958 seconds
                  ZADV completed...       0.0184 seconds
                 HDIFF completed...       0.0211 seconds
              DECOUPLE completed...       0.0027 seconds
                  PHOT completed...       0.0024 seconds
               CLDPROC completed...       0.0078 seconds
                  CHEM completed...       0.1349 seconds
                  AERO completed...       0.1503 seconds
            Master Time Step
            Processing completed...       0.5986 seconds
 
     Processing Day/Time [YYYYDDD:HHMMSS]: 2022183:042000
       Which is Equivalent to (UTC): 4:20:00  Saturday,  July 2, 2022
       Time-Step Length (HHMMSS): 000500
                 VDIFF completed...       0.1461 seconds
                COUPLE completed...       0.0025 seconds
                  HADV completed...       0.0877 seconds
                  ZADV completed...       0.0183 seconds
                 HDIFF completed...       0.0092 seconds
              DECOUPLE completed...       0.0028 seconds
                  PHOT completed...       0.0024 seconds
               CLDPROC completed...       0.0055 seconds
                  CHEM completed...       0.1346 seconds
                  AERO completed...       0.1515 seconds
            Master Time Step
            Processing completed...       0.5626 seconds
 
     Processing Day/Time [YYYYDDD:HHMMSS]: 2022183:042500
       Which is Equivalent to (UTC): 4:25:00  Saturday,  July 2, 2022
       Time-Step Length (HHMMSS): 000500
                 VDIFF completed...       0.1427 seconds
                COUPLE completed...       0.0026 seconds
                  HADV completed...       0.0849 seconds
                  ZADV completed...       0.0199 seconds
                 HDIFF completed...       0.0100 seconds
              DECOUPLE completed...       0.0026 seconds
                  PHOT completed...       0.0024 seconds
               CLDPROC completed...       0.0079 seconds
                  CHEM completed...       0.1345 seconds
                  AERO completed...       0.1490 seconds
            Master Time Step
            Processing completed...       0.5593 seconds
 
     Processing Day/Time [YYYYDDD:HHMMSS]: 2022183:043000
       Which is Equivalent to (UTC): 4:30:00  Saturday,  July 2, 2022
       Time-Step Length (HHMMSS): 000500
                 VDIFF completed...       0.1502 seconds
                COUPLE completed...       0.0025 seconds
                  HADV completed...       0.0794 seconds
                  ZADV completed...       0.0182 seconds
                 HDIFF completed...       0.0153 seconds
              DECOUPLE completed...       0.0026 seconds
                  PHOT completed...       0.0023 seconds
               CLDPROC completed...       0.0053 seconds
                  CHEM completed...       0.1343 seconds
                  AERO completed...       0.1517 seconds
            Master Time Step
            Processing completed...       0.5642 seconds
 
     Processing Day/Time [YYYYDDD:HHMMSS]: 2022183:043500
       Which is Equivalent to (UTC): 4:35:00  Saturday,  July 2, 2022
       Time-Step Length (HHMMSS): 000500
                 VDIFF completed...       0.1760 seconds
                COUPLE completed...       0.0028 seconds
                  HADV completed...       0.0871 seconds
                  ZADV completed...       0.0182 seconds
                 HDIFF completed...       0.0151 seconds
              DECOUPLE completed...       0.0026 seconds
                  PHOT completed...       0.0024 seconds
               CLDPROC completed...       0.0055 seconds
                  CHEM completed...       0.1320 seconds
                  AERO completed...       0.1487 seconds
            Master Time Step
            Processing completed...       0.5920 seconds
 
     Processing Day/Time [YYYYDDD:HHMMSS]: 2022183:044000
       Which is Equivalent to (UTC): 4:40:00  Saturday,  July 2, 2022
       Time-Step Length (HHMMSS): 000500
                 VDIFF completed...       0.1712 seconds
                COUPLE completed...       0.0025 seconds
                  HADV completed...       0.0826 seconds
                  ZADV completed...       0.0185 seconds
                 HDIFF completed...       0.0206 seconds
              DECOUPLE completed...       0.0026 seconds
                  PHOT completed...       0.0024 seconds
               CLDPROC completed...       0.0053 seconds
                  CHEM completed...       0.1320 seconds
                  AERO completed...       0.1492 seconds
            Master Time Step
            Processing completed...       0.5888 seconds
 
     Processing Day/Time [YYYYDDD:HHMMSS]: 2022183:044500
       Which is Equivalent to (UTC): 4:45:00  Saturday,  July 2, 2022
       Time-Step Length (HHMMSS): 000500
                 VDIFF completed...       0.1515 seconds
                COUPLE completed...       0.0028 seconds
                  HADV completed...       0.0738 seconds
                  ZADV completed...       0.0187 seconds
                 HDIFF completed...       0.0150 seconds
              DECOUPLE completed...       0.0027 seconds
                  PHOT completed...       0.0024 seconds
               CLDPROC completed...       0.0067 seconds
                  CHEM completed...       0.1334 seconds
                  AERO completed...       0.1528 seconds
            Master Time Step
            Processing completed...       0.5622 seconds
 
     Processing Day/Time [YYYYDDD:HHMMSS]: 2022183:045000
       Which is Equivalent to (UTC): 4:50:00  Saturday,  July 2, 2022
       Time-Step Length (HHMMSS): 000500
                 VDIFF completed...       0.1495 seconds
                COUPLE completed...       0.0025 seconds
                  HADV completed...       0.0785 seconds
                  ZADV completed...       0.0182 seconds
                 HDIFF completed...       0.0118 seconds
              DECOUPLE completed...       0.0028 seconds
                  PHOT completed...       0.0024 seconds
               CLDPROC completed...       0.0060 seconds
                  CHEM completed...       0.1328 seconds
                  AERO completed...       0.1492 seconds
            Master Time Step
            Processing completed...       0.5556 seconds
 
     Processing Day/Time [YYYYDDD:HHMMSS]: 2022183:045500
       Which is Equivalent to (UTC): 4:55:00  Saturday,  July 2, 2022
       Time-Step Length (HHMMSS): 000500
                 VDIFF completed...       0.1797 seconds
                COUPLE completed...       0.0025 seconds
                  HADV completed...       0.0857 seconds
                  ZADV completed...       0.0181 seconds
                 HDIFF completed...       0.0139 seconds
              DECOUPLE completed...       0.0026 seconds
                  PHOT completed...       0.0024 seconds
               CLDPROC completed...       0.0552 seconds
                  CHEM completed...       0.1361 seconds
                  AERO completed...       0.1514 seconds
            Master Time Step
            Processing completed...       0.6497 seconds
 
      =--> Data Output completed...       0.1220 seconds
 
     Processing Day/Time [YYYYDDD:HHMMSS]: 2022183:050000
       Which is Equivalent to (UTC): 5:00:00  Saturday,  July 2, 2022
       Time-Step Length (HHMMSS): 000500
                 VDIFF completed...       0.9918 seconds
                COUPLE completed...       0.0028 seconds
                  HADV completed...       0.1367 seconds
                  ZADV completed...       0.0190 seconds
                 HDIFF completed...       0.0176 seconds
              DECOUPLE completed...       0.0026 seconds
                  PHOT completed...       0.0264 seconds
               CLDPROC completed...       0.0072 seconds
                  CHEM completed...       0.1348 seconds
                  AERO completed...       0.1514 seconds
            Master Time Step
            Processing completed...       1.4928 seconds
 
     Processing Day/Time [YYYYDDD:HHMMSS]: 2022183:050500
       Which is Equivalent to (UTC): 5:05:00  Saturday,  July 2, 2022
       Time-Step Length (HHMMSS): 000500
                 VDIFF completed...       0.1351 seconds
                COUPLE completed...       0.0025 seconds
                  HADV completed...       0.0806 seconds
                  ZADV completed...       0.0180 seconds
                 HDIFF completed...       0.0216 seconds
              DECOUPLE completed...       0.0026 seconds
                  PHOT completed...       0.0024 seconds
               CLDPROC completed...       0.0050 seconds
                  CHEM completed...       0.1316 seconds
                  AERO completed...       0.1495 seconds
            Master Time Step
            Processing completed...       0.5508 seconds
 
     Processing Day/Time [YYYYDDD:HHMMSS]: 2022183:051000
       Which is Equivalent to (UTC): 5:10:00  Saturday,  July 2, 2022
       Time-Step Length (HHMMSS): 000500
                 VDIFF completed...       0.1456 seconds
                COUPLE completed...       0.0025 seconds
                  HADV completed...       0.0820 seconds
                  ZADV completed...       0.0179 seconds
                 HDIFF completed...       0.0120 seconds
              DECOUPLE completed...       0.0026 seconds
                  PHOT completed...       0.0024 seconds
               CLDPROC completed...       0.0055 seconds
                  CHEM completed...       0.1337 seconds
                  AERO completed...       0.1527 seconds
            Master Time Step
            Processing completed...       0.5589 seconds
 
     Processing Day/Time [YYYYDDD:HHMMSS]: 2022183:051500
       Which is Equivalent to (UTC): 5:15:00  Saturday,  July 2, 2022
       Time-Step Length (HHMMSS): 000500
                 VDIFF completed...       0.1702 seconds
                COUPLE completed...       0.0025 seconds
                  HADV completed...       0.0747 seconds
                  ZADV completed...       0.0179 seconds
                 HDIFF completed...       0.0160 seconds
              DECOUPLE completed...       0.0026 seconds
                  PHOT completed...       0.0024 seconds
               CLDPROC completed...       0.0058 seconds
                  CHEM completed...       0.1338 seconds
                  AERO completed...       0.1526 seconds
            Master Time Step
            Processing completed...       0.5804 seconds
 
     Processing Day/Time [YYYYDDD:HHMMSS]: 2022183:052000
       Which is Equivalent to (UTC): 5:20:00  Saturday,  July 2, 2022
       Time-Step Length (HHMMSS): 000500
                 VDIFF completed...       0.1550 seconds
                COUPLE completed...       0.0025 seconds
                  HADV completed...       0.0913 seconds
                  ZADV completed...       0.0183 seconds
                 HDIFF completed...       0.0160 seconds
              DECOUPLE completed...       0.0026 seconds
                  PHOT completed...       0.0023 seconds
               CLDPROC completed...       0.0054 seconds
                  CHEM completed...       0.1310 seconds
                  AERO completed...       0.1500 seconds
            Master Time Step
            Processing completed...       0.5763 seconds
 
     Processing Day/Time [YYYYDDD:HHMMSS]: 2022183:052500
       Which is Equivalent to (UTC): 5:25:00  Saturday,  July 2, 2022
       Time-Step Length (HHMMSS): 000500
                 VDIFF completed...       0.1510 seconds
                COUPLE completed...       0.0028 seconds
                  HADV completed...       0.0784 seconds
                  ZADV completed...       0.0190 seconds
                 HDIFF completed...       0.0128 seconds
              DECOUPLE completed...       0.0027 seconds
                  PHOT completed...       0.0024 seconds
               CLDPROC completed...       0.0070 seconds
                  CHEM completed...       0.1338 seconds
                  AERO completed...       0.1516 seconds
            Master Time Step
            Processing completed...       0.5639 seconds
 
     Processing Day/Time [YYYYDDD:HHMMSS]: 2022183:053000
       Which is Equivalent to (UTC): 5:30:00  Saturday,  July 2, 2022
       Time-Step Length (HHMMSS): 000500
                 VDIFF completed...       0.1359 seconds
                COUPLE completed...       0.0025 seconds
                  HADV completed...       0.1013 seconds
                  ZADV completed...       0.0180 seconds
                 HDIFF completed...       0.0146 seconds
              DECOUPLE completed...       0.0026 seconds
                  PHOT completed...       0.0024 seconds
               CLDPROC completed...       0.0055 seconds
                  CHEM completed...       0.1314 seconds
                  AERO completed...       0.1491 seconds
            Master Time Step
            Processing completed...       0.5652 seconds
 
     Processing Day/Time [YYYYDDD:HHMMSS]: 2022183:053500
       Which is Equivalent to (UTC): 5:35:00  Saturday,  July 2, 2022
       Time-Step Length (HHMMSS): 000500
                 VDIFF completed...       0.1490 seconds
                COUPLE completed...       0.0025 seconds
                  HADV completed...       0.0827 seconds
                  ZADV completed...       0.0190 seconds
                 HDIFF completed...       0.0141 seconds
              DECOUPLE completed...       0.0026 seconds
                  PHOT completed...       0.0028 seconds
               CLDPROC completed...       0.0098 seconds
                  CHEM completed...       0.1338 seconds
                  AERO completed...       0.1527 seconds
            Master Time Step
            Processing completed...       0.5715 seconds
 
     Processing Day/Time [YYYYDDD:HHMMSS]: 2022183:054000
       Which is Equivalent to (UTC): 5:40:00  Saturday,  July 2, 2022
       Time-Step Length (HHMMSS): 000500
                 VDIFF completed...       0.1602 seconds
                COUPLE completed...       0.0025 seconds
                  HADV completed...       0.0850 seconds
                  ZADV completed...       0.0180 seconds
                 HDIFF completed...       0.0179 seconds
              DECOUPLE completed...       0.0026 seconds
                  PHOT completed...       0.0024 seconds
               CLDPROC completed...       0.0059 seconds
                  CHEM completed...       0.1322 seconds
                  AERO completed...       0.1506 seconds
            Master Time Step
            Processing completed...       0.5793 seconds
 
     Processing Day/Time [YYYYDDD:HHMMSS]: 2022183:054500
       Which is Equivalent to (UTC): 5:45:00  Saturday,  July 2, 2022
       Time-Step Length (HHMMSS): 000500
                 VDIFF completed...       0.1549 seconds
                COUPLE completed...       0.0025 seconds
                  HADV completed...       0.0893 seconds
                  ZADV completed...       0.0179 seconds
                 HDIFF completed...       0.0100 seconds
              DECOUPLE completed...       0.0026 seconds
                  PHOT completed...       0.0023 seconds
               CLDPROC completed...       0.0057 seconds
                  CHEM completed...       0.1323 seconds
                  AERO completed...       0.1503 seconds
            Master Time Step
            Processing completed...       0.5696 seconds
 
     Processing Day/Time [YYYYDDD:HHMMSS]: 2022183:055000
       Which is Equivalent to (UTC): 5:50:00  Saturday,  July 2, 2022
       Time-Step Length (HHMMSS): 000500
                 VDIFF completed...       0.1763 seconds
                COUPLE completed...       0.0026 seconds
                  HADV completed...       0.0769 seconds
                  ZADV completed...       0.0195 seconds
                 HDIFF completed...       0.0102 seconds
              DECOUPLE completed...       0.0026 seconds
                  PHOT completed...       0.0023 seconds
               CLDPROC completed...       0.0073 seconds
                  CHEM completed...       0.1338 seconds
                  AERO completed...       0.1520 seconds
            Master Time Step
            Processing completed...       0.5859 seconds
 
     Processing Day/Time [YYYYDDD:HHMMSS]: 2022183:055500
       Which is Equivalent to (UTC): 5:55:00  Saturday,  July 2, 2022
       Time-Step Length (HHMMSS): 000500
                 VDIFF completed...       0.1773 seconds
                COUPLE completed...       0.0025 seconds
                  HADV completed...       0.0834 seconds
                  ZADV completed...       0.0179 seconds
                 HDIFF completed...       0.0122 seconds
              DECOUPLE completed...       0.0026 seconds
                  PHOT completed...       0.0024 seconds
               CLDPROC completed...       0.0574 seconds
                  CHEM completed...       0.1306 seconds
                  AERO completed...       0.1522 seconds
            Master Time Step
            Processing completed...       0.6404 seconds
 
      =--> Data Output completed...       0.1188 seconds
 
     Processing Day/Time [YYYYDDD:HHMMSS]: 2022183:060000
       Which is Equivalent to (UTC): 6:00:00  Saturday,  July 2, 2022
       Time-Step Length (HHMMSS): 000500
                 VDIFF completed...       1.1778 seconds
                COUPLE completed...       0.0028 seconds
                  HADV completed...       0.1259 seconds
                  ZADV completed...       0.0180 seconds
                 HDIFF completed...       0.0109 seconds
              DECOUPLE completed...       0.0026 seconds
                  PHOT completed...       0.0194 seconds
               CLDPROC completed...       0.0059 seconds
                  CHEM completed...       0.1331 seconds
                  AERO completed...       0.1533 seconds
            Master Time Step
            Processing completed...       1.6517 seconds
 
     Processing Day/Time [YYYYDDD:HHMMSS]: 2022183:060500
       Which is Equivalent to (UTC): 6:05:00  Saturday,  July 2, 2022
       Time-Step Length (HHMMSS): 000500
                 VDIFF completed...       0.1749 seconds
                COUPLE completed...       0.0026 seconds
                  HADV completed...       0.0724 seconds
                  ZADV completed...       0.0192 seconds
                 HDIFF completed...       0.0097 seconds
              DECOUPLE completed...       0.0026 seconds
                  PHOT completed...       0.0027 seconds
               CLDPROC completed...       0.0090 seconds
                  CHEM completed...       0.1320 seconds
                  AERO completed...       0.1506 seconds
            Master Time Step
            Processing completed...       0.5781 seconds
 
     Processing Day/Time [YYYYDDD:HHMMSS]: 2022183:061000
       Which is Equivalent to (UTC): 6:10:00  Saturday,  July 2, 2022
       Time-Step Length (HHMMSS): 000500
                 VDIFF completed...       0.1505 seconds
                COUPLE completed...       0.0025 seconds
                  HADV completed...       0.0829 seconds
                  ZADV completed...       0.0182 seconds
                 HDIFF completed...       0.0109 seconds
              DECOUPLE completed...       0.0026 seconds
                  PHOT completed...       0.0025 seconds
               CLDPROC completed...       0.0079 seconds
                  CHEM completed...       0.1313 seconds
                  AERO completed...       0.1523 seconds
            Master Time Step
            Processing completed...       0.5633 seconds
 
     Processing Day/Time [YYYYDDD:HHMMSS]: 2022183:061500
       Which is Equivalent to (UTC): 6:15:00  Saturday,  July 2, 2022
       Time-Step Length (HHMMSS): 000500
                 VDIFF completed...       0.1647 seconds
                COUPLE completed...       0.0026 seconds
                  HADV completed...       0.0997 seconds
                  ZADV completed...       0.0200 seconds
                 HDIFF completed...       0.0098 seconds
              DECOUPLE completed...       0.0027 seconds
                  PHOT completed...       0.0024 seconds
               CLDPROC completed...       0.0060 seconds
                  CHEM completed...       0.1297 seconds
                  AERO completed...       0.1516 seconds
            Master Time Step
            Processing completed...       0.5914 seconds
 
     Processing Day/Time [YYYYDDD:HHMMSS]: 2022183:062000
       Which is Equivalent to (UTC): 6:20:00  Saturday,  July 2, 2022
       Time-Step Length (HHMMSS): 000500
                 VDIFF completed...       0.1411 seconds
                COUPLE completed...       0.0025 seconds
                  HADV completed...       0.0808 seconds
                  ZADV completed...       0.0186 seconds
                 HDIFF completed...       0.0183 seconds
              DECOUPLE completed...       0.0026 seconds
                  PHOT completed...       0.0025 seconds
               CLDPROC completed...       0.0062 seconds
                  CHEM completed...       0.1304 seconds
                  AERO completed...       0.1514 seconds
            Master Time Step
            Processing completed...       0.5566 seconds
 
     Processing Day/Time [YYYYDDD:HHMMSS]: 2022183:062500
       Which is Equivalent to (UTC): 6:25:00  Saturday,  July 2, 2022
       Time-Step Length (HHMMSS): 000500
                 VDIFF completed...       0.1567 seconds
                COUPLE completed...       0.0025 seconds
                  HADV completed...       0.0742 seconds
                  ZADV completed...       0.0188 seconds
                 HDIFF completed...       0.0094 seconds
              DECOUPLE completed...       0.0027 seconds
                  PHOT completed...       0.0025 seconds
               CLDPROC completed...       0.0092 seconds
                  CHEM completed...       0.1318 seconds
                  AERO completed...       0.1539 seconds
            Master Time Step
            Processing completed...       0.5646 seconds
 
     Processing Day/Time [YYYYDDD:HHMMSS]: 2022183:063000
       Which is Equivalent to (UTC): 6:30:00  Saturday,  July 2, 2022
       Time-Step Length (HHMMSS): 000500
                 VDIFF completed...       0.1547 seconds
                COUPLE completed...       0.0025 seconds
                  HADV completed...       0.0699 seconds
                  ZADV completed...       0.0180 seconds
                 HDIFF completed...       0.0094 seconds
              DECOUPLE completed...       0.0027 seconds
                  PHOT completed...       0.0024 seconds
               CLDPROC completed...       0.0057 seconds
                  CHEM completed...       0.1308 seconds
                  AERO completed...       0.1505 seconds
            Master Time Step
            Processing completed...       0.5483 seconds
 
     Processing Day/Time [YYYYDDD:HHMMSS]: 2022183:063500
       Which is Equivalent to (UTC): 6:35:00  Saturday,  July 2, 2022
       Time-Step Length (HHMMSS): 000500
                 VDIFF completed...       0.1550 seconds
                COUPLE completed...       0.0026 seconds
                  HADV completed...       0.0837 seconds
                  ZADV completed...       0.0199 seconds
                 HDIFF completed...       0.0162 seconds
              DECOUPLE completed...       0.0026 seconds
                  PHOT completed...       0.0025 seconds
               CLDPROC completed...       0.0084 seconds
                  CHEM completed...       0.1318 seconds
                  AERO completed...       0.1525 seconds
            Master Time Step
            Processing completed...       0.5776 seconds
 
     Processing Day/Time [YYYYDDD:HHMMSS]: 2022183:064000
       Which is Equivalent to (UTC): 6:40:00  Saturday,  July 2, 2022
       Time-Step Length (HHMMSS): 000500
                 VDIFF completed...       0.1463 seconds
                COUPLE completed...       0.0025 seconds
                  HADV completed...       0.0768 seconds
                  ZADV completed...       0.0183 seconds
                 HDIFF completed...       0.0169 seconds
              DECOUPLE completed...       0.0027 seconds
                  PHOT completed...       0.0024 seconds
               CLDPROC completed...       0.0076 seconds
                  CHEM completed...       0.1347 seconds
                  AERO completed...       0.1513 seconds
            Master Time Step
            Processing completed...       0.5618 seconds
 
     Processing Day/Time [YYYYDDD:HHMMSS]: 2022183:064500
       Which is Equivalent to (UTC): 6:45:00  Saturday,  July 2, 2022
       Time-Step Length (HHMMSS): 000500
                 VDIFF completed...       0.1502 seconds
                COUPLE completed...       0.0026 seconds
                  HADV completed...       0.0791 seconds
                  ZADV completed...       0.0189 seconds
                 HDIFF completed...       0.0104 seconds
              DECOUPLE completed...       0.0027 seconds
                  PHOT completed...       0.0025 seconds
               CLDPROC completed...       0.0085 seconds
                  CHEM completed...       0.1337 seconds
                  AERO completed...       0.1542 seconds
            Master Time Step
            Processing completed...       0.5656 seconds
 
     Processing Day/Time [YYYYDDD:HHMMSS]: 2022183:065000
       Which is Equivalent to (UTC): 6:50:00  Saturday,  July 2, 2022
       Time-Step Length (HHMMSS): 000500
                 VDIFF completed...       0.1668 seconds
                COUPLE completed...       0.0025 seconds
                  HADV completed...       0.0796 seconds
                  ZADV completed...       0.0190 seconds
                 HDIFF completed...       0.0118 seconds
              DECOUPLE completed...       0.0027 seconds
                  PHOT completed...       0.0029 seconds
               CLDPROC completed...       0.0089 seconds
                  CHEM completed...       0.1299 seconds
                  AERO completed...       0.1507 seconds
            Master Time Step
            Processing completed...       0.5771 seconds
 
     Processing Day/Time [YYYYDDD:HHMMSS]: 2022183:065500
       Which is Equivalent to (UTC): 6:55:00  Saturday,  July 2, 2022
       Time-Step Length (HHMMSS): 000500
                 VDIFF completed...       0.2110 seconds
                COUPLE completed...       0.0026 seconds
                  HADV completed...       0.0806 seconds
                  ZADV completed...       0.0197 seconds
                 HDIFF completed...       0.0107 seconds
              DECOUPLE completed...       0.0026 seconds
                  PHOT completed...       0.0025 seconds
               CLDPROC completed...       0.0645 seconds
                  CHEM completed...       0.1326 seconds
                  AERO completed...       0.1535 seconds
            Master Time Step
            Processing completed...       0.6828 seconds
 
      =--> Data Output completed...       0.1134 seconds
 
     Processing Day/Time [YYYYDDD:HHMMSS]: 2022183:070000
       Which is Equivalent to (UTC): 7:00:00  Saturday,  July 2, 2022
       Time-Step Length (HHMMSS): 000500
                 VDIFF completed...       0.9964 seconds
                COUPLE completed...       0.0027 seconds
                  HADV completed...       0.1548 seconds
                  ZADV completed...       0.0191 seconds
                 HDIFF completed...       0.0173 seconds
              DECOUPLE completed...       0.0026 seconds
                  PHOT completed...       0.0220 seconds
               CLDPROC completed...       0.0092 seconds
                  CHEM completed...       0.1315 seconds
                  AERO completed...       0.1503 seconds
            Master Time Step
            Processing completed...       1.5080 seconds
 
     Processing Day/Time [YYYYDDD:HHMMSS]: 2022183:070500
       Which is Equivalent to (UTC): 7:05:00  Saturday,  July 2, 2022
       Time-Step Length (HHMMSS): 000500
                 VDIFF completed...       0.1640 seconds
                COUPLE completed...       0.0025 seconds
                  HADV completed...       0.0833 seconds
                  ZADV completed...       0.0184 seconds
                 HDIFF completed...       0.0106 seconds
              DECOUPLE completed...       0.0026 seconds
                  PHOT completed...       0.0025 seconds
               CLDPROC completed...       0.0063 seconds
                  CHEM completed...       0.1302 seconds
                  AERO completed...       0.1551 seconds
            Master Time Step
            Processing completed...       0.5774 seconds
 
     Processing Day/Time [YYYYDDD:HHMMSS]: 2022183:071000
       Which is Equivalent to (UTC): 7:10:00  Saturday,  July 2, 2022
       Time-Step Length (HHMMSS): 000500
                 VDIFF completed...       0.1420 seconds
                COUPLE completed...       0.0025 seconds
                  HADV completed...       0.0684 seconds
                  ZADV completed...       0.0179 seconds
                 HDIFF completed...       0.0092 seconds
              DECOUPLE completed...       0.0028 seconds
                  PHOT completed...       0.0025 seconds
               CLDPROC completed...       0.0058 seconds
                  CHEM completed...       0.1307 seconds
                  AERO completed...       0.1535 seconds
            Master Time Step
            Processing completed...       0.5373 seconds
 
     Processing Day/Time [YYYYDDD:HHMMSS]: 2022183:071500
       Which is Equivalent to (UTC): 7:15:00  Saturday,  July 2, 2022
       Time-Step Length (HHMMSS): 000500
                 VDIFF completed...       0.1405 seconds
                COUPLE completed...       0.0025 seconds
                  HADV completed...       0.0871 seconds
                  ZADV completed...       0.0181 seconds
                 HDIFF completed...       0.0214 seconds
              DECOUPLE completed...       0.0026 seconds
                  PHOT completed...       0.0024 seconds
               CLDPROC completed...       0.0062 seconds
                  CHEM completed...       0.1291 seconds
                  AERO completed...       0.1531 seconds
            Master Time Step
            Processing completed...       0.5649 seconds
 
     Processing Day/Time [YYYYDDD:HHMMSS]: 2022183:072000
       Which is Equivalent to (UTC): 7:20:00  Saturday,  July 2, 2022
       Time-Step Length (HHMMSS): 000500
                 VDIFF completed...       0.1358 seconds
                COUPLE completed...       0.0025 seconds
                  HADV completed...       0.0839 seconds
                  ZADV completed...       0.0191 seconds
                 HDIFF completed...       0.0163 seconds
              DECOUPLE completed...       0.0027 seconds
                  PHOT completed...       0.0030 seconds
               CLDPROC completed...       0.0108 seconds
                  CHEM completed...       0.1337 seconds
                  AERO completed...       0.1530 seconds
            Master Time Step
            Processing completed...       0.5635 seconds
 
     Processing Day/Time [YYYYDDD:HHMMSS]: 2022183:072500
       Which is Equivalent to (UTC): 7:25:00  Saturday,  July 2, 2022
       Time-Step Length (HHMMSS): 000500
                 VDIFF completed...       0.1500 seconds
                COUPLE completed...       0.0026 seconds
                  HADV completed...       0.0739 seconds
                  ZADV completed...       0.0180 seconds
                 HDIFF completed...       0.0107 seconds
              DECOUPLE completed...       0.0026 seconds
                  PHOT completed...       0.0024 seconds
               CLDPROC completed...       0.0064 seconds
                  CHEM completed...       0.1293 seconds
                  AERO completed...       0.1518 seconds
            Master Time Step
            Processing completed...       0.5496 seconds
 
     Processing Day/Time [YYYYDDD:HHMMSS]: 2022183:073000
       Which is Equivalent to (UTC): 7:30:00  Saturday,  July 2, 2022
       Time-Step Length (HHMMSS): 000500
                 VDIFF completed...       0.1639 seconds
                COUPLE completed...       0.0025 seconds
                  HADV completed...       0.0768 seconds
                  ZADV completed...       0.0189 seconds
                 HDIFF completed...       0.0109 seconds
              DECOUPLE completed...       0.0026 seconds
                  PHOT completed...       0.0024 seconds
               CLDPROC completed...       0.0086 seconds
                  CHEM completed...       0.1336 seconds
                  AERO completed...       0.1593 seconds
            Master Time Step
            Processing completed...       0.5821 seconds
 
     Processing Day/Time [YYYYDDD:HHMMSS]: 2022183:073500
       Which is Equivalent to (UTC): 7:35:00  Saturday,  July 2, 2022
       Time-Step Length (HHMMSS): 000500
                 VDIFF completed...       0.1581 seconds
                COUPLE completed...       0.0027 seconds
                  HADV completed...       0.0684 seconds
                  ZADV completed...       0.0192 seconds
                 HDIFF completed...       0.0109 seconds
              DECOUPLE completed...       0.0026 seconds
                  PHOT completed...       0.0031 seconds
               CLDPROC completed...       0.0067 seconds
                  CHEM completed...       0.1310 seconds
                  AERO completed...       0.1519 seconds
            Master Time Step
            Processing completed...       0.5562 seconds
 
     Processing Day/Time [YYYYDDD:HHMMSS]: 2022183:074000
       Which is Equivalent to (UTC): 7:40:00  Saturday,  July 2, 2022
       Time-Step Length (HHMMSS): 000500
                 VDIFF completed...       0.1479 seconds
                COUPLE completed...       0.0025 seconds
                  HADV completed...       0.0779 seconds
                  ZADV completed...       0.0199 seconds
                 HDIFF completed...       0.0178 seconds
              DECOUPLE completed...       0.0026 seconds
                  PHOT completed...       0.0025 seconds
               CLDPROC completed...       0.0088 seconds
                  CHEM completed...       0.1305 seconds
                  AERO completed...       0.1550 seconds
            Master Time Step
            Processing completed...       0.5680 seconds
 
     Processing Day/Time [YYYYDDD:HHMMSS]: 2022183:074500
       Which is Equivalent to (UTC): 7:45:00  Saturday,  July 2, 2022
       Time-Step Length (HHMMSS): 000500
                 VDIFF completed...       0.1386 seconds
                COUPLE completed...       0.0026 seconds
                  HADV completed...       0.0825 seconds
                  ZADV completed...       0.0183 seconds
                 HDIFF completed...       0.0099 seconds
              DECOUPLE completed...       0.0026 seconds
                  PHOT completed...       0.0024 seconds
               CLDPROC completed...       0.0058 seconds
                  CHEM completed...       0.1315 seconds
                  AERO completed...       0.1523 seconds
            Master Time Step
            Processing completed...       0.5482 seconds
 
     Processing Day/Time [YYYYDDD:HHMMSS]: 2022183:075000
       Which is Equivalent to (UTC): 7:50:00  Saturday,  July 2, 2022
       Time-Step Length (HHMMSS): 000500
                 VDIFF completed...       0.1529 seconds
                COUPLE completed...       0.0025 seconds
                  HADV completed...       0.0764 seconds
                  ZADV completed...       0.0190 seconds
                 HDIFF completed...       0.0122 seconds
              DECOUPLE completed...       0.0026 seconds
                  PHOT completed...       0.0025 seconds
               CLDPROC completed...       0.0080 seconds
                  CHEM completed...       0.1314 seconds
                  AERO completed...       0.1532 seconds
            Master Time Step
            Processing completed...       0.5635 seconds
 
     Processing Day/Time [YYYYDDD:HHMMSS]: 2022183:075500
       Which is Equivalent to (UTC): 7:55:00  Saturday,  July 2, 2022
       Time-Step Length (HHMMSS): 000500
                 VDIFF completed...       0.1970 seconds
                COUPLE completed...       0.0025 seconds
                  HADV completed...       0.0776 seconds
                  ZADV completed...       0.0179 seconds
                 HDIFF completed...       0.0178 seconds
              DECOUPLE completed...       0.0027 seconds
                  PHOT completed...       0.0026 seconds
               CLDPROC completed...       0.0581 seconds
                  CHEM completed...       0.1302 seconds
                  AERO completed...       0.1520 seconds
            Master Time Step
            Processing completed...       0.6609 seconds
 
      =--> Data Output completed...       0.1181 seconds
 
     Processing Day/Time [YYYYDDD:HHMMSS]: 2022183:080000
       Which is Equivalent to (UTC): 8:00:00  Saturday,  July 2, 2022
       Time-Step Length (HHMMSS): 000500
                 VDIFF completed...       0.9687 seconds
                COUPLE completed...       0.0025 seconds
                  HADV completed...       0.1885 seconds
                  ZADV completed...       0.0188 seconds
                 HDIFF completed...       0.0180 seconds
              DECOUPLE completed...       0.0028 seconds
                  PHOT completed...       0.0337 seconds
               CLDPROC completed...       0.0085 seconds
                  CHEM completed...       0.1337 seconds
                  AERO completed...       0.1549 seconds
            Master Time Step
            Processing completed...       1.5326 seconds
 
     Processing Day/Time [YYYYDDD:HHMMSS]: 2022183:080500
       Which is Equivalent to (UTC): 8:05:00  Saturday,  July 2, 2022
       Time-Step Length (HHMMSS): 000500
                 VDIFF completed...       0.1538 seconds
                COUPLE completed...       0.0025 seconds
                  HADV completed...       0.0763 seconds
                  ZADV completed...       0.0182 seconds
                 HDIFF completed...       0.0104 seconds
              DECOUPLE completed...       0.0027 seconds
                  PHOT completed...       0.0025 seconds
               CLDPROC completed...       0.0062 seconds
                  CHEM completed...       0.1329 seconds
                  AERO completed...       0.1528 seconds
            Master Time Step
            Processing completed...       0.5604 seconds
 
     Processing Day/Time [YYYYDDD:HHMMSS]: 2022183:081000
       Which is Equivalent to (UTC): 8:10:00  Saturday,  July 2, 2022
       Time-Step Length (HHMMSS): 000500
                 VDIFF completed...       0.1581 seconds
                COUPLE completed...       0.0025 seconds
                  HADV completed...       0.0801 seconds
                  ZADV completed...       0.0180 seconds
                 HDIFF completed...       0.0137 seconds
              DECOUPLE completed...       0.0026 seconds
                  PHOT completed...       0.0024 seconds
               CLDPROC completed...       0.0066 seconds
                  CHEM completed...       0.1299 seconds
                  AERO completed...       0.1530 seconds
            Master Time Step
            Processing completed...       0.5687 seconds
 
     Processing Day/Time [YYYYDDD:HHMMSS]: 2022183:081500
       Which is Equivalent to (UTC): 8:15:00  Saturday,  July 2, 2022
       Time-Step Length (HHMMSS): 000500
                 VDIFF completed...       0.1583 seconds
                COUPLE completed...       0.0025 seconds
                  HADV completed...       0.0722 seconds
                  ZADV completed...       0.0183 seconds
                 HDIFF completed...       0.0109 seconds
              DECOUPLE completed...       0.0027 seconds
                  PHOT completed...       0.0024 seconds
               CLDPROC completed...       0.0069 seconds
                  CHEM completed...       0.1364 seconds
                  AERO completed...       0.1513 seconds
            Master Time Step
            Processing completed...       0.5645 seconds
 
     Processing Day/Time [YYYYDDD:HHMMSS]: 2022183:082000
       Which is Equivalent to (UTC): 8:20:00  Saturday,  July 2, 2022
       Time-Step Length (HHMMSS): 000500
                 VDIFF completed...       0.1395 seconds
                COUPLE completed...       0.0025 seconds
                  HADV completed...       0.0965 seconds
                  ZADV completed...       0.0180 seconds
                 HDIFF completed...       0.0174 seconds
              DECOUPLE completed...       0.0026 seconds
                  PHOT completed...       0.0025 seconds
               CLDPROC completed...       0.0061 seconds
                  CHEM completed...       0.1289 seconds
                  AERO completed...       0.1534 seconds
            Master Time Step
            Processing completed...       0.5690 seconds
 
     Processing Day/Time [YYYYDDD:HHMMSS]: 2022183:082500
       Which is Equivalent to (UTC): 8:25:00  Saturday,  July 2, 2022
       Time-Step Length (HHMMSS): 000500
                 VDIFF completed...       0.1398 seconds
                COUPLE completed...       0.0025 seconds
                  HADV completed...       0.0858 seconds
                  ZADV completed...       0.0181 seconds
                 HDIFF completed...       0.0139 seconds
              DECOUPLE completed...       0.0026 seconds
                  PHOT completed...       0.0024 seconds
               CLDPROC completed...       0.0070 seconds
                  CHEM completed...       0.1303 seconds
                  AERO completed...       0.1577 seconds
            Master Time Step
            Processing completed...       0.5614 seconds
 
     Processing Day/Time [YYYYDDD:HHMMSS]: 2022183:083000
       Which is Equivalent to (UTC): 8:30:00  Saturday,  July 2, 2022
       Time-Step Length (HHMMSS): 000500
                 VDIFF completed...       0.1502 seconds
                COUPLE completed...       0.0025 seconds
                  HADV completed...       0.0776 seconds
                  ZADV completed...       0.0184 seconds
                 HDIFF completed...       0.0145 seconds
              DECOUPLE completed...       0.0029 seconds
                  PHOT completed...       0.0036 seconds
               CLDPROC completed...       0.0080 seconds
                  CHEM completed...       0.1301 seconds
                  AERO completed...       0.1541 seconds
            Master Time Step
            Processing completed...       0.5641 seconds
 
     Processing Day/Time [YYYYDDD:HHMMSS]: 2022183:083500
       Which is Equivalent to (UTC): 8:35:00  Saturday,  July 2, 2022
       Time-Step Length (HHMMSS): 000500
                 VDIFF completed...       0.1649 seconds
                COUPLE completed...       0.0025 seconds
                  HADV completed...       0.0929 seconds
                  ZADV completed...       0.0186 seconds
                 HDIFF completed...       0.0106 seconds
              DECOUPLE completed...       0.0027 seconds
                  PHOT completed...       0.0026 seconds
               CLDPROC completed...       0.0093 seconds
                  CHEM completed...       0.1325 seconds
                  AERO completed...       0.1544 seconds
            Master Time Step
            Processing completed...       0.5937 seconds
 
     Processing Day/Time [YYYYDDD:HHMMSS]: 2022183:084000
       Which is Equivalent to (UTC): 8:40:00  Saturday,  July 2, 2022
       Time-Step Length (HHMMSS): 000500
                 VDIFF completed...       0.1539 seconds
                COUPLE completed...       0.0025 seconds
                  HADV completed...       0.0706 seconds
                  ZADV completed...       0.0186 seconds
                 HDIFF completed...       0.0092 seconds
              DECOUPLE completed...       0.0027 seconds
                  PHOT completed...       0.0024 seconds
               CLDPROC completed...       0.0065 seconds
                  CHEM completed...       0.1334 seconds
                  AERO completed...       0.1536 seconds
            Master Time Step
            Processing completed...       0.5553 seconds
 
     Processing Day/Time [YYYYDDD:HHMMSS]: 2022183:084500
       Which is Equivalent to (UTC): 8:45:00  Saturday,  July 2, 2022
       Time-Step Length (HHMMSS): 000500
                 VDIFF completed...       0.1436 seconds
                COUPLE completed...       0.0025 seconds
                  HADV completed...       0.0802 seconds
                  ZADV completed...       0.0181 seconds
                 HDIFF completed...       0.0191 seconds
              DECOUPLE completed...       0.0026 seconds
                  PHOT completed...       0.0023 seconds
               CLDPROC completed...       0.0073 seconds
                  CHEM completed...       0.1315 seconds
                  AERO completed...       0.1523 seconds
            Master Time Step
            Processing completed...       0.5616 seconds
 
     Processing Day/Time [YYYYDDD:HHMMSS]: 2022183:085000
       Which is Equivalent to (UTC): 8:50:00  Saturday,  July 2, 2022
       Time-Step Length (HHMMSS): 000500
                 VDIFF completed...       0.1253 seconds
                COUPLE completed...       0.0025 seconds
                  HADV completed...       0.0879 seconds
                  ZADV completed...       0.0183 seconds
                 HDIFF completed...       0.0201 seconds
              DECOUPLE completed...       0.0026 seconds
                  PHOT completed...       0.0023 seconds
               CLDPROC completed...       0.0077 seconds
                  CHEM completed...       0.1338 seconds
                  AERO completed...       0.1569 seconds
            Master Time Step
            Processing completed...       0.5593 seconds
 
     Processing Day/Time [YYYYDDD:HHMMSS]: 2022183:085500
       Which is Equivalent to (UTC): 8:55:00  Saturday,  July 2, 2022
       Time-Step Length (HHMMSS): 000500
                 VDIFF completed...       0.1862 seconds
                COUPLE completed...       0.0026 seconds
                  HADV completed...       0.0865 seconds
                  ZADV completed...       0.0201 seconds
                 HDIFF completed...       0.0127 seconds
              DECOUPLE completed...       0.0026 seconds
                  PHOT completed...       0.0026 seconds
               CLDPROC completed...       0.0558 seconds
                  CHEM completed...       0.1320 seconds
                  AERO completed...       0.1533 seconds
            Master Time Step
            Processing completed...       0.6569 seconds
 
      =--> Data Output completed...       0.1168 seconds
 
     Processing Day/Time [YYYYDDD:HHMMSS]: 2022183:090000
       Which is Equivalent to (UTC): 9:00:00  Saturday,  July 2, 2022
       Time-Step Length (HHMMSS): 000500
                 VDIFF completed...       0.7444 seconds
                COUPLE completed...       0.0029 seconds
                  HADV completed...       0.2969 seconds
                  ZADV completed...       0.0202 seconds
                 HDIFF completed...       0.0144 seconds
              DECOUPLE completed...       0.0027 seconds
                  PHOT completed...       0.0160 seconds
               CLDPROC completed...       0.0109 seconds
                  CHEM completed...       0.1312 seconds
                  AERO completed...       0.1523 seconds
            Master Time Step
            Processing completed...       1.3930 seconds
 
     Processing Day/Time [YYYYDDD:HHMMSS]: 2022183:090500
       Which is Equivalent to (UTC): 9:05:00  Saturday,  July 2, 2022
       Time-Step Length (HHMMSS): 000500
                 VDIFF completed...       0.1429 seconds
                COUPLE completed...       0.0026 seconds
                  HADV completed...       0.0790 seconds
                  ZADV completed...       0.0194 seconds
                 HDIFF completed...       0.0128 seconds
              DECOUPLE completed...       0.0027 seconds
                  PHOT completed...       0.0026 seconds
               CLDPROC completed...       0.0109 seconds
                  CHEM completed...       0.1329 seconds
                  AERO completed...       0.1559 seconds
            Master Time Step
            Processing completed...       0.5642 seconds
 
     Processing Day/Time [YYYYDDD:HHMMSS]: 2022183:091000
       Which is Equivalent to (UTC): 9:10:00  Saturday,  July 2, 2022
       Time-Step Length (HHMMSS): 000500
                 VDIFF completed...       0.1532 seconds
                COUPLE completed...       0.0025 seconds
                  HADV completed...       0.0809 seconds
                  ZADV completed...       0.0197 seconds
                 HDIFF completed...       0.0166 seconds
              DECOUPLE completed...       0.0028 seconds
                  PHOT completed...       0.0024 seconds
               CLDPROC completed...       0.0085 seconds
                  CHEM completed...       0.1292 seconds
                  AERO completed...       0.1520 seconds
            Master Time Step
            Processing completed...       0.5701 seconds
 
     Processing Day/Time [YYYYDDD:HHMMSS]: 2022183:091500
       Which is Equivalent to (UTC): 9:15:00  Saturday,  July 2, 2022
       Time-Step Length (HHMMSS): 000500
                 VDIFF completed...       0.1425 seconds
                COUPLE completed...       0.0025 seconds
                  HADV completed...       0.0813 seconds
                  ZADV completed...       0.0183 seconds
                 HDIFF completed...       0.0162 seconds
              DECOUPLE completed...       0.0026 seconds
                  PHOT completed...       0.0027 seconds
               CLDPROC completed...       0.0108 seconds
                  CHEM completed...       0.1297 seconds
                  AERO completed...       0.1539 seconds
            Master Time Step
            Processing completed...       0.5625 seconds
 
     Processing Day/Time [YYYYDDD:HHMMSS]: 2022183:092000
       Which is Equivalent to (UTC): 9:20:00  Saturday,  July 2, 2022
       Time-Step Length (HHMMSS): 000500
                 VDIFF completed...       0.1338 seconds
                COUPLE completed...       0.0025 seconds
                  HADV completed...       0.0913 seconds
                  ZADV completed...       0.0178 seconds
                 HDIFF completed...       0.0099 seconds
              DECOUPLE completed...       0.0027 seconds
                  PHOT completed...       0.0024 seconds
               CLDPROC completed...       0.0079 seconds
                  CHEM completed...       0.1278 seconds
                  AERO completed...       0.1530 seconds
            Master Time Step
            Processing completed...       0.5509 seconds
 
     Processing Day/Time [YYYYDDD:HHMMSS]: 2022183:092500
       Which is Equivalent to (UTC): 9:25:00  Saturday,  July 2, 2022
       Time-Step Length (HHMMSS): 000500
                 VDIFF completed...       0.1377 seconds
                COUPLE completed...       0.0026 seconds
                  HADV completed...       0.0773 seconds
                  ZADV completed...       0.0184 seconds
                 HDIFF completed...       0.0106 seconds
              DECOUPLE completed...       0.0027 seconds
                  PHOT completed...       0.0027 seconds
               CLDPROC completed...       0.0121 seconds
                  CHEM completed...       0.1311 seconds
                  AERO completed...       0.1546 seconds
            Master Time Step
            Processing completed...       0.5518 seconds
 
     Processing Day/Time [YYYYDDD:HHMMSS]: 2022183:093000
       Which is Equivalent to (UTC): 9:30:00  Saturday,  July 2, 2022
       Time-Step Length (HHMMSS): 000500
                 VDIFF completed...       0.1471 seconds
                COUPLE completed...       0.0025 seconds
                  HADV completed...       0.0751 seconds
                  ZADV completed...       0.0179 seconds
                 HDIFF completed...       0.0139 seconds
              DECOUPLE completed...       0.0026 seconds
                  PHOT completed...       0.0023 seconds
               CLDPROC completed...       0.0073 seconds
                  CHEM completed...       0.1316 seconds
                  AERO completed...       0.1561 seconds
            Master Time Step
            Processing completed...       0.5585 seconds
 
     Processing Day/Time [YYYYDDD:HHMMSS]: 2022183:093500
       Which is Equivalent to (UTC): 9:35:00  Saturday,  July 2, 2022
       Time-Step Length (HHMMSS): 000500
                 VDIFF completed...       0.1592 seconds
                COUPLE completed...       0.0025 seconds
                  HADV completed...       0.0752 seconds
                  ZADV completed...       0.0177 seconds
                 HDIFF completed...       0.0106 seconds
              DECOUPLE completed...       0.0026 seconds
                  PHOT completed...       0.0027 seconds
               CLDPROC completed...       0.0076 seconds
                  CHEM completed...       0.1291 seconds
                  AERO completed...       0.1519 seconds
            Master Time Step
            Processing completed...       0.5609 seconds
 
     Processing Day/Time [YYYYDDD:HHMMSS]: 2022183:094000
       Which is Equivalent to (UTC): 9:40:00  Saturday,  July 2, 2022
       Time-Step Length (HHMMSS): 000500
                 VDIFF completed...       0.1510 seconds
                COUPLE completed...       0.0027 seconds
                  HADV completed...       0.0917 seconds
                  ZADV completed...       0.0178 seconds
                 HDIFF completed...       0.0168 seconds
              DECOUPLE completed...       0.0026 seconds
                  PHOT completed...       0.0024 seconds
               CLDPROC completed...       0.0077 seconds
                  CHEM completed...       0.1288 seconds
                  AERO completed...       0.1528 seconds
            Master Time Step
            Processing completed...       0.5762 seconds
 
     Processing Day/Time [YYYYDDD:HHMMSS]: 2022183:094500
       Which is Equivalent to (UTC): 9:45:00  Saturday,  July 2, 2022
       Time-Step Length (HHMMSS): 000500
                 VDIFF completed...       0.1367 seconds
                COUPLE completed...       0.0025 seconds
                  HADV completed...       0.0861 seconds
                  ZADV completed...       0.0177 seconds
                 HDIFF completed...       0.0107 seconds
              DECOUPLE completed...       0.0026 seconds
                  PHOT completed...       0.0025 seconds
               CLDPROC completed...       0.0083 seconds
                  CHEM completed...       0.1274 seconds
                  AERO completed...       0.1524 seconds
            Master Time Step
            Processing completed...       0.5485 seconds
 
     Processing Day/Time [YYYYDDD:HHMMSS]: 2022183:095000
       Which is Equivalent to (UTC): 9:50:00  Saturday,  July 2, 2022
       Time-Step Length (HHMMSS): 000500
                 VDIFF completed...       0.1380 seconds
                COUPLE completed...       0.0025 seconds
                  HADV completed...       0.0756 seconds
                  ZADV completed...       0.0178 seconds
                 HDIFF completed...       0.0109 seconds
              DECOUPLE completed...       0.0026 seconds
                  PHOT completed...       0.0023 seconds
               CLDPROC completed...       0.0068 seconds
                  CHEM completed...       0.1282 seconds
                  AERO completed...       0.1545 seconds
            Master Time Step
            Processing completed...       0.5410 seconds
 
     Processing Day/Time [YYYYDDD:HHMMSS]: 2022183:095500
       Which is Equivalent to (UTC): 9:55:00  Saturday,  July 2, 2022
       Time-Step Length (HHMMSS): 000500
                 VDIFF completed...       0.1848 seconds
                COUPLE completed...       0.0026 seconds
                  HADV completed...       0.0792 seconds
                  ZADV completed...       0.0180 seconds
                 HDIFF completed...       0.0160 seconds
              DECOUPLE completed...       0.0026 seconds
                  PHOT completed...       0.0024 seconds
               CLDPROC completed...       0.0516 seconds
                  CHEM completed...       0.1273 seconds
                  AERO completed...       0.1560 seconds
            Master Time Step
            Processing completed...       0.6425 seconds
 
      =--> Data Output completed...       0.1173 seconds
 
     Processing Day/Time [YYYYDDD:HHMMSS]: 2022183:100000
       Which is Equivalent to (UTC): 10:00:00 Saturday,  July 2, 2022
       Time-Step Length (HHMMSS): 000500
                 VDIFF completed...       0.8794 seconds
                COUPLE completed...       0.0025 seconds
                  HADV completed...       0.4741 seconds
                  ZADV completed...       0.0182 seconds
                 HDIFF completed...       0.0098 seconds
              DECOUPLE completed...       0.0026 seconds
                  PHOT completed...       0.0127 seconds
               CLDPROC completed...       0.0084 seconds
                  CHEM completed...       0.1312 seconds
                  AERO completed...       0.1545 seconds
            Master Time Step
            Processing completed...       1.6951 seconds
 
     Processing Day/Time [YYYYDDD:HHMMSS]: 2022183:100500
       Which is Equivalent to (UTC): 10:05:00 Saturday,  July 2, 2022
       Time-Step Length (HHMMSS): 000500
                 VDIFF completed...       0.1300 seconds
                COUPLE completed...       0.0025 seconds
                  HADV completed...       0.1034 seconds
                  ZADV completed...       0.0182 seconds
                 HDIFF completed...       0.0129 seconds
              DECOUPLE completed...       0.0026 seconds
                  PHOT completed...       0.0026 seconds
               CLDPROC completed...       0.0080 seconds
                  CHEM completed...       0.1284 seconds
                  AERO completed...       0.1539 seconds
            Master Time Step
            Processing completed...       0.5641 seconds
 
     Processing Day/Time [YYYYDDD:HHMMSS]: 2022183:101000
       Which is Equivalent to (UTC): 10:10:00 Saturday,  July 2, 2022
       Time-Step Length (HHMMSS): 000500
                 VDIFF completed...       0.1382 seconds
                COUPLE completed...       0.0025 seconds
                  HADV completed...       0.0842 seconds
                  ZADV completed...       0.0178 seconds
                 HDIFF completed...       0.0167 seconds
              DECOUPLE completed...       0.0026 seconds
                  PHOT completed...       0.0024 seconds
               CLDPROC completed...       0.0075 seconds
                  CHEM completed...       0.1302 seconds
                  AERO completed...       0.1548 seconds
            Master Time Step
            Processing completed...       0.5584 seconds
 
     Processing Day/Time [YYYYDDD:HHMMSS]: 2022183:101500
       Which is Equivalent to (UTC): 10:15:00 Saturday,  July 2, 2022
       Time-Step Length (HHMMSS): 000500
                 VDIFF completed...       0.1361 seconds
                COUPLE completed...       0.0025 seconds
                  HADV completed...       0.0789 seconds
                  ZADV completed...       0.0178 seconds
                 HDIFF completed...       0.0156 seconds
              DECOUPLE completed...       0.0027 seconds
                  PHOT completed...       0.0024 seconds
               CLDPROC completed...       0.0080 seconds
                  CHEM completed...       0.1295 seconds
                  AERO completed...       0.1545 seconds
            Master Time Step
            Processing completed...       0.5497 seconds
 
     Processing Day/Time [YYYYDDD:HHMMSS]: 2022183:102000
       Which is Equivalent to (UTC): 10:20:00 Saturday,  July 2, 2022
       Time-Step Length (HHMMSS): 000500
                 VDIFF completed...       0.1512 seconds
                COUPLE completed...       0.0025 seconds
                  HADV completed...       0.0897 seconds
                  ZADV completed...       0.0179 seconds
                 HDIFF completed...       0.0106 seconds
              DECOUPLE completed...       0.0026 seconds
                  PHOT completed...       0.0027 seconds
               CLDPROC completed...       0.0092 seconds
                  CHEM completed...       0.1293 seconds
                  AERO completed...       0.1549 seconds
            Master Time Step
            Processing completed...       0.5728 seconds
 
     Processing Day/Time [YYYYDDD:HHMMSS]: 2022183:102500
       Which is Equivalent to (UTC): 10:25:00 Saturday,  July 2, 2022
       Time-Step Length (HHMMSS): 000500
                 VDIFF completed...       0.1602 seconds
                COUPLE completed...       0.0025 seconds
                  HADV completed...       0.0758 seconds
                  ZADV completed...       0.0188 seconds
                 HDIFF completed...       0.0116 seconds
              DECOUPLE completed...       0.0027 seconds
                  PHOT completed...       0.0024 seconds
               CLDPROC completed...       0.0083 seconds
                  CHEM completed...       0.1311 seconds
                  AERO completed...       0.1532 seconds
            Master Time Step
            Processing completed...       0.5682 seconds
 
     Processing Day/Time [YYYYDDD:HHMMSS]: 2022183:103000
       Which is Equivalent to (UTC): 10:30:00 Saturday,  July 2, 2022
       Time-Step Length (HHMMSS): 000500
                 VDIFF completed...       0.1334 seconds
                COUPLE completed...       0.0025 seconds
                  HADV completed...       0.1305 seconds
                  ZADV completed...       0.0178 seconds
                 HDIFF completed...       0.0123 seconds
              DECOUPLE completed...       0.0027 seconds
                  PHOT completed...       0.0023 seconds
               CLDPROC completed...       0.0092 seconds
                  CHEM completed...       0.1292 seconds
                  AERO completed...       0.1553 seconds
            Master Time Step
            Processing completed...       0.5969 seconds
 
     Processing Day/Time [YYYYDDD:HHMMSS]: 2022183:103500
       Which is Equivalent to (UTC): 10:35:00 Saturday,  July 2, 2022
       Time-Step Length (HHMMSS): 000500
                 VDIFF completed...       0.1524 seconds
                COUPLE completed...       0.0025 seconds
                  HADV completed...       0.1562 seconds
                  ZADV completed...       0.0178 seconds
                 HDIFF completed...       0.0169 seconds
              DECOUPLE completed...       0.0026 seconds
                  PHOT completed...       0.0024 seconds
               CLDPROC completed...       0.0078 seconds
                  CHEM completed...       0.1308 seconds
                  AERO completed...       0.1545 seconds
            Master Time Step
            Processing completed...       0.6456 seconds
 
     Processing Day/Time [YYYYDDD:HHMMSS]: 2022183:104000
       Which is Equivalent to (UTC): 10:40:00 Saturday,  July 2, 2022
       Time-Step Length (HHMMSS): 000500
                 VDIFF completed...       0.1405 seconds
                COUPLE completed...       0.0025 seconds
                  HADV completed...       0.1850 seconds
                  ZADV completed...       0.0181 seconds
                 HDIFF completed...       0.0212 seconds
              DECOUPLE completed...       0.0026 seconds
                  PHOT completed...       0.0025 seconds
               CLDPROC completed...       0.0077 seconds
                  CHEM completed...       0.1298 seconds
                  AERO completed...       0.1620 seconds
            Master Time Step
            Processing completed...       0.6737 seconds
 
     Processing Day/Time [YYYYDDD:HHMMSS]: 2022183:104500
       Which is Equivalent to (UTC): 10:45:00 Saturday,  July 2, 2022
       Time-Step Length (HHMMSS): 000500
                 VDIFF completed...       0.1562 seconds
                COUPLE completed...       0.0025 seconds
                  HADV completed...       0.1764 seconds
                  ZADV completed...       0.0181 seconds
                 HDIFF completed...       0.0187 seconds
              DECOUPLE completed...       0.0026 seconds
                  PHOT completed...       0.0029 seconds
               CLDPROC completed...       0.0113 seconds
                  CHEM completed...       0.1292 seconds
                  AERO completed...       0.1582 seconds
            Master Time Step
            Processing completed...       0.6779 seconds
 
     Processing Day/Time [YYYYDDD:HHMMSS]: 2022183:105000
       Which is Equivalent to (UTC): 10:50:00 Saturday,  July 2, 2022
       Time-Step Length (HHMMSS): 000500
                 VDIFF completed...       0.1672 seconds
                COUPLE completed...       0.0025 seconds
                  HADV completed...       0.2185 seconds
                  ZADV completed...       0.0178 seconds
                 HDIFF completed...       0.0104 seconds
              DECOUPLE completed...       0.0027 seconds
                  PHOT completed...       0.0024 seconds
               CLDPROC completed...       0.0073 seconds
                  CHEM completed...       0.1302 seconds
                  AERO completed...       0.1580 seconds
            Master Time Step
            Processing completed...       0.7186 seconds
 
     Processing Day/Time [YYYYDDD:HHMMSS]: 2022183:105500
       Which is Equivalent to (UTC): 10:55:00 Saturday,  July 2, 2022
       Time-Step Length (HHMMSS): 000500
                 VDIFF completed...       0.3233 seconds
                COUPLE completed...       0.0025 seconds
                  HADV completed...       0.0862 seconds
                  ZADV completed...       0.0183 seconds
                 HDIFF completed...       0.0134 seconds
              DECOUPLE completed...       0.0026 seconds
                  PHOT completed...       0.0116 seconds
               CLDPROC completed...       0.0832 seconds
                  CHEM completed...       0.1297 seconds
                  AERO completed...       0.1537 seconds
            Master Time Step
            Processing completed...       0.8263 seconds
 
      =--> Data Output completed...       0.2651 seconds
 
     Processing Day/Time [YYYYDDD:HHMMSS]: 2022183:110000
       Which is Equivalent to (UTC): 11:00:00 Saturday,  July 2, 2022
       Time-Step Length (HHMMSS): 000500
                 VDIFF completed...       1.0758 seconds
                COUPLE completed...       0.0027 seconds
                  HADV completed...       0.2059 seconds
                  ZADV completed...       0.0182 seconds
                 HDIFF completed...       0.0106 seconds
              DECOUPLE completed...       0.0027 seconds
                  PHOT completed...       0.0410 seconds
               CLDPROC completed...       0.0081 seconds
                  CHEM completed...       0.1298 seconds
                  AERO completed...       0.1555 seconds
            Master Time Step
            Processing completed...       1.6523 seconds
 
     Processing Day/Time [YYYYDDD:HHMMSS]: 2022183:110500
       Which is Equivalent to (UTC): 11:05:00 Saturday,  July 2, 2022
       Time-Step Length (HHMMSS): 000500
                 VDIFF completed...       0.1518 seconds
                COUPLE completed...       0.0025 seconds
                  HADV completed...       0.2214 seconds
                  ZADV completed...       0.0188 seconds
                 HDIFF completed...       0.0210 seconds
              DECOUPLE completed...       0.0026 seconds
                  PHOT completed...       0.0249 seconds
               CLDPROC completed...       0.0103 seconds
                  CHEM completed...       0.1324 seconds
                  AERO completed...       0.1572 seconds
            Master Time Step
            Processing completed...       0.7452 seconds
 
     Processing Day/Time [YYYYDDD:HHMMSS]: 2022183:111000
       Which is Equivalent to (UTC): 11:10:00 Saturday,  July 2, 2022
       Time-Step Length (HHMMSS): 000500
                 VDIFF completed...       0.2500 seconds
                COUPLE completed...       0.0025 seconds
                  HADV completed...       0.1457 seconds
                  ZADV completed...       0.0181 seconds
                 HDIFF completed...       0.0156 seconds
              DECOUPLE completed...       0.0026 seconds
                  PHOT completed...       0.0242 seconds
               CLDPROC completed...       0.0084 seconds
                  CHEM completed...       0.1313 seconds
                  AERO completed...       0.1557 seconds
            Master Time Step
            Processing completed...       0.7560 seconds
 
     Processing Day/Time [YYYYDDD:HHMMSS]: 2022183:111500
       Which is Equivalent to (UTC): 11:15:00 Saturday,  July 2, 2022
       Time-Step Length (HHMMSS): 000500
                 VDIFF completed...       0.3086 seconds
                COUPLE completed...       0.0025 seconds
                  HADV completed...       0.0794 seconds
                  ZADV completed...       0.0182 seconds
                 HDIFF completed...       0.0158 seconds
              DECOUPLE completed...       0.0026 seconds
                  PHOT completed...       0.0241 seconds
               CLDPROC completed...       0.0074 seconds
                  CHEM completed...       0.1316 seconds
                  AERO completed...       0.1528 seconds
            Master Time Step
            Processing completed...       0.7448 seconds
 
     Processing Day/Time [YYYYDDD:HHMMSS]: 2022183:112000
       Which is Equivalent to (UTC): 11:20:00 Saturday,  July 2, 2022
       Time-Step Length (HHMMSS): 000500
                 VDIFF completed...       0.1630 seconds
                COUPLE completed...       0.0026 seconds
                  HADV completed...       0.0710 seconds
                  ZADV completed...       0.0180 seconds
                 HDIFF completed...       0.0151 seconds
              DECOUPLE completed...       0.0026 seconds
                  PHOT completed...       0.0277 seconds
               CLDPROC completed...       0.0075 seconds
                  CHEM completed...       0.1865 seconds
                  AERO completed...       0.1578 seconds
            Master Time Step
            Processing completed...       0.6533 seconds
 
     Processing Day/Time [YYYYDDD:HHMMSS]: 2022183:112500
       Which is Equivalent to (UTC): 11:25:00 Saturday,  July 2, 2022
       Time-Step Length (HHMMSS): 000500
                 VDIFF completed...       0.1704 seconds
                COUPLE completed...       0.0025 seconds
                  HADV completed...       0.0802 seconds
                  ZADV completed...       0.0191 seconds
                 HDIFF completed...       0.0229 seconds
              DECOUPLE completed...       0.0028 seconds
                  PHOT completed...       0.0394 seconds
               CLDPROC completed...       0.0114 seconds
                  CHEM completed...       0.3361 seconds
                  AERO completed...       0.1536 seconds
            Master Time Step
            Processing completed...       0.8408 seconds
 
     Processing Day/Time [YYYYDDD:HHMMSS]: 2022183:113000
       Which is Equivalent to (UTC): 11:30:00 Saturday,  July 2, 2022
       Time-Step Length (HHMMSS): 000500
                 VDIFF completed...       0.1449 seconds
                COUPLE completed...       0.0025 seconds
                  HADV completed...       0.0760 seconds
                  ZADV completed...       0.0180 seconds
                 HDIFF completed...       0.0209 seconds
              DECOUPLE completed...       0.0026 seconds
                  PHOT completed...       0.0388 seconds
               CLDPROC completed...       0.0083 seconds
                  CHEM completed...       0.3261 seconds
                  AERO completed...       0.1547 seconds
            Master Time Step
            Processing completed...       0.7947 seconds
 
     Processing Day/Time [YYYYDDD:HHMMSS]: 2022183:113500
       Which is Equivalent to (UTC): 11:35:00 Saturday,  July 2, 2022
       Time-Step Length (HHMMSS): 000500
                 VDIFF completed...       0.1209 seconds
                COUPLE completed...       0.0025 seconds
                  HADV completed...       0.0756 seconds
                  ZADV completed...       0.0176 seconds
                 HDIFF completed...       0.0087 seconds
              DECOUPLE completed...       0.0027 seconds
                  PHOT completed...       0.0399 seconds
               CLDPROC completed...       0.0077 seconds
                  CHEM completed...       0.3075 seconds
                  AERO completed...       0.1567 seconds
            Master Time Step
            Processing completed...       0.7414 seconds
 
     Processing Day/Time [YYYYDDD:HHMMSS]: 2022183:114000
       Which is Equivalent to (UTC): 11:40:00 Saturday,  July 2, 2022
       Time-Step Length (HHMMSS): 000500
                 VDIFF completed...       0.1241 seconds
                COUPLE completed...       0.0025 seconds
                  HADV completed...       0.0894 seconds
                  ZADV completed...       0.0184 seconds
                 HDIFF completed...       0.0098 seconds
              DECOUPLE completed...       0.0026 seconds
                  PHOT completed...       0.0382 seconds
               CLDPROC completed...       0.0089 seconds
                  CHEM completed...       0.2897 seconds
                  AERO completed...       0.1553 seconds
            Master Time Step
            Processing completed...       0.7408 seconds
 
     Processing Day/Time [YYYYDDD:HHMMSS]: 2022183:114500
       Which is Equivalent to (UTC): 11:45:00 Saturday,  July 2, 2022
       Time-Step Length (HHMMSS): 000500
                 VDIFF completed...       0.1606 seconds
                COUPLE completed...       0.0026 seconds
                  HADV completed...       0.0816 seconds
                  ZADV completed...       0.0176 seconds
                 HDIFF completed...       0.0141 seconds
              DECOUPLE completed...       0.0026 seconds
                  PHOT completed...       0.0381 seconds
               CLDPROC completed...       0.0086 seconds
                  CHEM completed...       0.2766 seconds
                  AERO completed...       0.1536 seconds
            Master Time Step
            Processing completed...       0.7579 seconds
 
     Processing Day/Time [YYYYDDD:HHMMSS]: 2022183:115000
       Which is Equivalent to (UTC): 11:50:00 Saturday,  July 2, 2022
       Time-Step Length (HHMMSS): 000500
                 VDIFF completed...       0.1668 seconds
                COUPLE completed...       0.0025 seconds
                  HADV completed...       0.0893 seconds
                  ZADV completed...       0.0187 seconds
                 HDIFF completed...       0.0106 seconds
              DECOUPLE completed...       0.0026 seconds
                  PHOT completed...       0.0394 seconds
               CLDPROC completed...       0.0146 seconds
                  CHEM completed...       0.2751 seconds
                  AERO completed...       0.1546 seconds
            Master Time Step
            Processing completed...       0.7769 seconds
 
     Processing Day/Time [YYYYDDD:HHMMSS]: 2022183:115500
       Which is Equivalent to (UTC): 11:55:00 Saturday,  July 2, 2022
       Time-Step Length (HHMMSS): 000500
                 VDIFF completed...       0.1811 seconds
                COUPLE completed...       0.0027 seconds
                  HADV completed...       0.0818 seconds
                  ZADV completed...       0.0177 seconds
                 HDIFF completed...       0.0104 seconds
              DECOUPLE completed...       0.0026 seconds
                  PHOT completed...       0.0388 seconds
               CLDPROC completed...       0.0482 seconds
                  CHEM completed...       0.2739 seconds
                  AERO completed...       0.1552 seconds
            Master Time Step
            Processing completed...       0.8143 seconds
 
      =--> Data Output completed...       0.1143 seconds
 
     Processing Day/Time [YYYYDDD:HHMMSS]: 2022183:120000
       Which is Equivalent to (UTC): 12:00:00 Saturday,  July 2, 2022
       Time-Step Length (HHMMSS): 000500
                 VDIFF completed...       1.0404 seconds
                COUPLE completed...       0.0026 seconds
                  HADV completed...       0.1896 seconds
                  ZADV completed...       0.0190 seconds
                 HDIFF completed...       0.0126 seconds
              DECOUPLE completed...       0.0027 seconds
                  PHOT completed...       0.0548 seconds
               CLDPROC completed...       0.0151 seconds
                  CHEM completed...       0.2818 seconds
                  AERO completed...       0.1561 seconds
            Master Time Step
            Processing completed...       1.7774 seconds
 
     Processing Day/Time [YYYYDDD:HHMMSS]: 2022183:120500
       Which is Equivalent to (UTC): 12:05:00 Saturday,  July 2, 2022
       Time-Step Length (HHMMSS): 000500
                 VDIFF completed...       0.1759 seconds
                COUPLE completed...       0.0026 seconds
                  HADV completed...       0.0790 seconds
                  ZADV completed...       0.0176 seconds
                 HDIFF completed...       0.0171 seconds
              DECOUPLE completed...       0.0027 seconds
                  PHOT completed...       0.0406 seconds
               CLDPROC completed...       0.0140 seconds
                  CHEM completed...       0.2763 seconds
                  AERO completed...       0.1555 seconds
            Master Time Step
            Processing completed...       0.7835 seconds
 
     Processing Day/Time [YYYYDDD:HHMMSS]: 2022183:121000
       Which is Equivalent to (UTC): 12:10:00 Saturday,  July 2, 2022
       Time-Step Length (HHMMSS): 000500
                 VDIFF completed...       0.1292 seconds
                COUPLE completed...       0.0026 seconds
                  HADV completed...       0.0799 seconds
                  ZADV completed...       0.0185 seconds
                 HDIFF completed...       0.0138 seconds
              DECOUPLE completed...       0.0028 seconds
                  PHOT completed...       0.0398 seconds
               CLDPROC completed...       0.0142 seconds
                  CHEM completed...       0.2825 seconds
                  AERO completed...       0.1569 seconds
            Master Time Step
            Processing completed...       0.7426 seconds
 
     Processing Day/Time [YYYYDDD:HHMMSS]: 2022183:121500
       Which is Equivalent to (UTC): 12:15:00 Saturday,  July 2, 2022
       Time-Step Length (HHMMSS): 000500
                 VDIFF completed...       0.1388 seconds
                COUPLE completed...       0.0025 seconds
                  HADV completed...       0.0812 seconds
                  ZADV completed...       0.0171 seconds
                 HDIFF completed...       0.0091 seconds
              DECOUPLE completed...       0.0028 seconds
                  PHOT completed...       0.0401 seconds
               CLDPROC completed...       0.0126 seconds
                  CHEM completed...       0.2758 seconds
                  AERO completed...       0.1554 seconds
            Master Time Step
            Processing completed...       0.7372 seconds
 
     Processing Day/Time [YYYYDDD:HHMMSS]: 2022183:122000
       Which is Equivalent to (UTC): 12:20:00 Saturday,  July 2, 2022
       Time-Step Length (HHMMSS): 000500
                 VDIFF completed...       0.1567 seconds
                COUPLE completed...       0.0025 seconds
                  HADV completed...       0.0908 seconds
                  ZADV completed...       0.0184 seconds
                 HDIFF completed...       0.0164 seconds
              DECOUPLE completed...       0.0026 seconds
                  PHOT completed...       0.0417 seconds
               CLDPROC completed...       0.0176 seconds
                  CHEM completed...       0.2768 seconds
                  AERO completed...       0.1538 seconds
            Master Time Step
            Processing completed...       0.7799 seconds
 
     Processing Day/Time [YYYYDDD:HHMMSS]: 2022183:122500
       Which is Equivalent to (UTC): 12:25:00 Saturday,  July 2, 2022
       Time-Step Length (HHMMSS): 000500
                 VDIFF completed...       0.1521 seconds
                COUPLE completed...       0.0026 seconds
                  HADV completed...       0.0792 seconds
                  ZADV completed...       0.0178 seconds
                 HDIFF completed...       0.0151 seconds
              DECOUPLE completed...       0.0028 seconds
                  PHOT completed...       0.0413 seconds
               CLDPROC completed...       0.0136 seconds
                  CHEM completed...       0.2781 seconds
                  AERO completed...       0.1556 seconds
            Master Time Step
            Processing completed...       0.7603 seconds
 
     Processing Day/Time [YYYYDDD:HHMMSS]: 2022183:123000
       Which is Equivalent to (UTC): 12:30:00 Saturday,  July 2, 2022
       Time-Step Length (HHMMSS): 000500
                 VDIFF completed...       0.1278 seconds
                COUPLE completed...       0.0027 seconds
                  HADV completed...       0.0936 seconds
                  ZADV completed...       0.0185 seconds
                 HDIFF completed...       0.0084 seconds
              DECOUPLE completed...       0.0028 seconds
                  PHOT completed...       0.0404 seconds
               CLDPROC completed...       0.0152 seconds
                  CHEM completed...       0.2875 seconds
                  AERO completed...       0.1584 seconds
            Master Time Step
            Processing completed...       0.7576 seconds
 
     Processing Day/Time [YYYYDDD:HHMMSS]: 2022183:123500
       Which is Equivalent to (UTC): 12:35:00 Saturday,  July 2, 2022
       Time-Step Length (HHMMSS): 000500
                 VDIFF completed...       0.1384 seconds
                COUPLE completed...       0.0027 seconds
                  HADV completed...       0.0719 seconds
                  ZADV completed...       0.0174 seconds
                 HDIFF completed...       0.0188 seconds
              DECOUPLE completed...       0.0027 seconds
                  PHOT completed...       0.0393 seconds
               CLDPROC completed...       0.0139 seconds
                  CHEM completed...       0.2829 seconds
                  AERO completed...       0.1569 seconds
            Master Time Step
            Processing completed...       0.7468 seconds
 
     Processing Day/Time [YYYYDDD:HHMMSS]: 2022183:124000
       Which is Equivalent to (UTC): 12:40:00 Saturday,  July 2, 2022
       Time-Step Length (HHMMSS): 000500
                 VDIFF completed...       0.1581 seconds
                COUPLE completed...       0.0025 seconds
                  HADV completed...       0.0862 seconds
                  ZADV completed...       0.0183 seconds
                 HDIFF completed...       0.0109 seconds
              DECOUPLE completed...       0.0027 seconds
                  PHOT completed...       0.0415 seconds
               CLDPROC completed...       0.0173 seconds
                  CHEM completed...       0.2862 seconds
                  AERO completed...       0.1580 seconds
            Master Time Step
            Processing completed...       0.7845 seconds
 
     Processing Day/Time [YYYYDDD:HHMMSS]: 2022183:124500
       Which is Equivalent to (UTC): 12:45:00 Saturday,  July 2, 2022
       Time-Step Length (HHMMSS): 000500
                 VDIFF completed...       0.1662 seconds
                COUPLE completed...       0.0026 seconds
                  HADV completed...       0.0729 seconds
                  ZADV completed...       0.0171 seconds
                 HDIFF completed...       0.0115 seconds
              DECOUPLE completed...       0.0026 seconds
                  PHOT completed...       0.0389 seconds
               CLDPROC completed...       0.0143 seconds
                  CHEM completed...       0.2882 seconds
                  AERO completed...       0.1589 seconds
            Master Time Step
            Processing completed...       0.7751 seconds
 
     Processing Day/Time [YYYYDDD:HHMMSS]: 2022183:125000
       Which is Equivalent to (UTC): 12:50:00 Saturday,  July 2, 2022
       Time-Step Length (HHMMSS): 000500
                 VDIFF completed...       0.1501 seconds
                COUPLE completed...       0.0026 seconds
                  HADV completed...       0.0755 seconds
                  ZADV completed...       0.0187 seconds
                 HDIFF completed...       0.0163 seconds
              DECOUPLE completed...       0.0028 seconds
                  PHOT completed...       0.0412 seconds
               CLDPROC completed...       0.0177 seconds
                  CHEM completed...       0.2952 seconds
                  AERO completed...       0.1558 seconds
            Master Time Step
            Processing completed...       0.7785 seconds
 
     Processing Day/Time [YYYYDDD:HHMMSS]: 2022183:125500
       Which is Equivalent to (UTC): 12:55:00 Saturday,  July 2, 2022
       Time-Step Length (HHMMSS): 000500
                 VDIFF completed...       0.1798 seconds
                COUPLE completed...       0.0025 seconds
                  HADV completed...       0.0906 seconds
                  ZADV completed...       0.0200 seconds
                 HDIFF completed...       0.0148 seconds
              DECOUPLE completed...       0.0026 seconds
                  PHOT completed...       0.0419 seconds
               CLDPROC completed...       0.0741 seconds
                  CHEM completed...       0.2984 seconds
                  AERO completed...       0.1562 seconds
            Master Time Step
            Processing completed...       0.8835 seconds
 
      =--> Data Output completed...       0.1016 seconds
 
     Processing Day/Time [YYYYDDD:HHMMSS]: 2022183:130000
       Which is Equivalent to (UTC): 13:00:00 Saturday,  July 2, 2022
       Time-Step Length (HHMMSS): 000500
                 VDIFF completed...       1.0223 seconds
                COUPLE completed...       0.0026 seconds
                  HADV completed...       0.1481 seconds
                  ZADV completed...       0.0172 seconds
                 HDIFF completed...       0.0084 seconds
              DECOUPLE completed...       0.0028 seconds
                  PHOT completed...       0.0583 seconds
               CLDPROC completed...       0.0155 seconds
                  CHEM completed...       0.3225 seconds
                  AERO completed...       0.1571 seconds
            Master Time Step
            Processing completed...       1.7568 seconds
 
     Processing Day/Time [YYYYDDD:HHMMSS]: 2022183:130500
       Which is Equivalent to (UTC): 13:05:00 Saturday,  July 2, 2022
       Time-Step Length (HHMMSS): 000500
                 VDIFF completed...       0.1407 seconds
                COUPLE completed...       0.0027 seconds
                  HADV completed...       0.0795 seconds
                  ZADV completed...       0.0170 seconds
                 HDIFF completed...       0.0098 seconds
              DECOUPLE completed...       0.0026 seconds
                  PHOT completed...       0.0409 seconds
               CLDPROC completed...       0.0169 seconds
                  CHEM completed...       0.3215 seconds
                  AERO completed...       0.1577 seconds
            Master Time Step
            Processing completed...       0.7911 seconds
 
     Processing Day/Time [YYYYDDD:HHMMSS]: 2022183:131000
       Which is Equivalent to (UTC): 13:10:00 Saturday,  July 2, 2022
       Time-Step Length (HHMMSS): 000500
                 VDIFF completed...       0.1469 seconds
                COUPLE completed...       0.0025 seconds
                  HADV completed...       0.0800 seconds
                  ZADV completed...       0.0181 seconds
                 HDIFF completed...       0.0202 seconds
              DECOUPLE completed...       0.0026 seconds
                  PHOT completed...       0.0438 seconds
               CLDPROC completed...       0.0222 seconds
                  CHEM completed...       0.3296 seconds
                  AERO completed...       0.1591 seconds
            Master Time Step
            Processing completed...       0.8278 seconds
 
     Processing Day/Time [YYYYDDD:HHMMSS]: 2022183:131500
       Which is Equivalent to (UTC): 13:15:00 Saturday,  July 2, 2022
       Time-Step Length (HHMMSS): 000500
                 VDIFF completed...       0.1432 seconds
                COUPLE completed...       0.0025 seconds
                  HADV completed...       0.0731 seconds
                  ZADV completed...       0.0167 seconds
                 HDIFF completed...       0.0106 seconds
              DECOUPLE completed...       0.0026 seconds
                  PHOT completed...       0.0413 seconds
               CLDPROC completed...       0.0219 seconds
                  CHEM completed...       0.3332 seconds
                  AERO completed...       0.1555 seconds
            Master Time Step
            Processing completed...       0.8026 seconds
 
     Processing Day/Time [YYYYDDD:HHMMSS]: 2022183:132000
       Which is Equivalent to (UTC): 13:20:00 Saturday,  July 2, 2022
       Time-Step Length (HHMMSS): 000500
                 VDIFF completed...       0.1440 seconds
                COUPLE completed...       0.0025 seconds
                  HADV completed...       0.0776 seconds
                  ZADV completed...       0.0167 seconds
                 HDIFF completed...       0.0198 seconds
              DECOUPLE completed...       0.0026 seconds
                  PHOT completed...       0.0407 seconds
               CLDPROC completed...       0.0229 seconds
                  CHEM completed...       0.3354 seconds
                  AERO completed...       0.1564 seconds
            Master Time Step
            Processing completed...       0.8202 seconds
 
     Processing Day/Time [YYYYDDD:HHMMSS]: 2022183:132500
       Which is Equivalent to (UTC): 13:25:00 Saturday,  July 2, 2022
       Time-Step Length (HHMMSS): 000500
                 VDIFF completed...       0.1318 seconds
                COUPLE completed...       0.0025 seconds
                  HADV completed...       0.0878 seconds
                  ZADV completed...       0.0169 seconds
                 HDIFF completed...       0.0115 seconds
              DECOUPLE completed...       0.0028 seconds
                  PHOT completed...       0.0485 seconds
               CLDPROC completed...       0.0250 seconds
                  CHEM completed...       0.3391 seconds
                  AERO completed...       0.1569 seconds
            Master Time Step
            Processing completed...       0.8252 seconds
 
     Processing Day/Time [YYYYDDD:HHMMSS]: 2022183:133000
       Which is Equivalent to (UTC): 13:30:00 Saturday,  July 2, 2022
       Time-Step Length (HHMMSS): 000500
                 VDIFF completed...       0.1407 seconds
                COUPLE completed...       0.0025 seconds
                  HADV completed...       0.0849 seconds
                  ZADV completed...       0.0166 seconds
                 HDIFF completed...       0.0125 seconds
              DECOUPLE completed...       0.0026 seconds
                  PHOT completed...       0.0409 seconds
               CLDPROC completed...       0.0230 seconds
                  CHEM completed...       0.3450 seconds
                  AERO completed...       0.1538 seconds
            Master Time Step
            Processing completed...       0.8243 seconds
 
     Processing Day/Time [YYYYDDD:HHMMSS]: 2022183:133500
       Which is Equivalent to (UTC): 13:35:00 Saturday,  July 2, 2022
       Time-Step Length (HHMMSS): 000500
                 VDIFF completed...       0.1530 seconds
                COUPLE completed...       0.0025 seconds
                  HADV completed...       0.0707 seconds
                  ZADV completed...       0.0167 seconds
                 HDIFF completed...       0.0140 seconds
              DECOUPLE completed...       0.0027 seconds
                  PHOT completed...       0.0420 seconds
               CLDPROC completed...       0.0213 seconds
                  CHEM completed...       0.3556 seconds
                  AERO completed...       0.1539 seconds
            Master Time Step
            Processing completed...       0.8345 seconds
 
     Processing Day/Time [YYYYDDD:HHMMSS]: 2022183:134000
       Which is Equivalent to (UTC): 13:40:00 Saturday,  July 2, 2022
       Time-Step Length (HHMMSS): 000500
                 VDIFF completed...       0.1298 seconds
                COUPLE completed...       0.0025 seconds
                  HADV completed...       0.0920 seconds
                  ZADV completed...       0.0166 seconds
                 HDIFF completed...       0.0110 seconds
              DECOUPLE completed...       0.0028 seconds
                  PHOT completed...       0.0425 seconds
               CLDPROC completed...       0.0221 seconds
                  CHEM completed...       0.3603 seconds
                  AERO completed...       0.1562 seconds
            Master Time Step
            Processing completed...       0.8378 seconds
 
     Processing Day/Time [YYYYDDD:HHMMSS]: 2022183:134500
       Which is Equivalent to (UTC): 13:45:00 Saturday,  July 2, 2022
       Time-Step Length (HHMMSS): 000500
                 VDIFF completed...       0.1316 seconds
                COUPLE completed...       0.0025 seconds
                  HADV completed...       0.0803 seconds
                  ZADV completed...       0.0183 seconds
                 HDIFF completed...       0.0208 seconds
              DECOUPLE completed...       0.0026 seconds
                  PHOT completed...       0.0408 seconds
               CLDPROC completed...       0.0222 seconds
                  CHEM completed...       0.3605 seconds
                  AERO completed...       0.1531 seconds
            Master Time Step
            Processing completed...       0.8352 seconds
 
     Processing Day/Time [YYYYDDD:HHMMSS]: 2022183:135000
       Which is Equivalent to (UTC): 13:50:00 Saturday,  July 2, 2022
       Time-Step Length (HHMMSS): 000500
                 VDIFF completed...       0.1285 seconds
                COUPLE completed...       0.0026 seconds
                  HADV completed...       0.0801 seconds
                  ZADV completed...       0.0175 seconds
                 HDIFF completed...       0.0144 seconds
              DECOUPLE completed...       0.0027 seconds
                  PHOT completed...       0.0428 seconds
               CLDPROC completed...       0.0234 seconds
                  CHEM completed...       0.3673 seconds
                  AERO completed...       0.1588 seconds
            Master Time Step
            Processing completed...       0.8405 seconds
 
     Processing Day/Time [YYYYDDD:HHMMSS]: 2022183:135500
       Which is Equivalent to (UTC): 13:55:00 Saturday,  July 2, 2022
       Time-Step Length (HHMMSS): 000500
                 VDIFF completed...       0.1615 seconds
                COUPLE completed...       0.0026 seconds
                  HADV completed...       0.0796 seconds
                  ZADV completed...       0.0170 seconds
                 HDIFF completed...       0.0157 seconds
              DECOUPLE completed...       0.0026 seconds
                  PHOT completed...       0.0417 seconds
               CLDPROC completed...       0.0571 seconds
                  CHEM completed...       0.3752 seconds
                  AERO completed...       0.1543 seconds
            Master Time Step
            Processing completed...       0.9092 seconds
 
      =--> Data Output completed...       0.0827 seconds
 
     Processing Day/Time [YYYYDDD:HHMMSS]: 2022183:140000
       Which is Equivalent to (UTC): 14:00:00 Saturday,  July 2, 2022
       Time-Step Length (HHMMSS): 000500
                 VDIFF completed...       1.0877 seconds
                COUPLE completed...       0.0026 seconds
                  HADV completed...       0.2047 seconds
                  ZADV completed...       0.0173 seconds
                 HDIFF completed...       0.0095 seconds
              DECOUPLE completed...       0.0026 seconds
                  PHOT completed...       0.0579 seconds
               CLDPROC completed...       0.0235 seconds
                  CHEM completed...       0.4046 seconds
                  AERO completed...       0.1534 seconds
            Master Time Step
            Processing completed...       1.9656 seconds
 
     Processing Day/Time [YYYYDDD:HHMMSS]: 2022183:140500
       Which is Equivalent to (UTC): 14:05:00 Saturday,  July 2, 2022
       Time-Step Length (HHMMSS): 000500
                 VDIFF completed...       0.1200 seconds
                COUPLE completed...       0.0026 seconds
                  HADV completed...       0.0783 seconds
                  ZADV completed...       0.0168 seconds
                 HDIFF completed...       0.0106 seconds
              DECOUPLE completed...       0.0027 seconds
                  PHOT completed...       0.0417 seconds
               CLDPROC completed...       0.0267 seconds
                  CHEM completed...       0.3975 seconds
                  AERO completed...       0.1554 seconds
            Master Time Step
            Processing completed...       0.8541 seconds
 
     Processing Day/Time [YYYYDDD:HHMMSS]: 2022183:141000
       Which is Equivalent to (UTC): 14:10:00 Saturday,  July 2, 2022
       Time-Step Length (HHMMSS): 000500
                 VDIFF completed...       0.1334 seconds
                COUPLE completed...       0.0025 seconds
                  HADV completed...       0.0810 seconds
                  ZADV completed...       0.0169 seconds
                 HDIFF completed...       0.0195 seconds
              DECOUPLE completed...       0.0026 seconds
                  PHOT completed...       0.0420 seconds
               CLDPROC completed...       0.0248 seconds
                  CHEM completed...       0.3944 seconds
                  AERO completed...       0.1549 seconds
            Master Time Step
            Processing completed...       0.8739 seconds
 
     Processing Day/Time [YYYYDDD:HHMMSS]: 2022183:141500
       Which is Equivalent to (UTC): 14:15:00 Saturday,  July 2, 2022
       Time-Step Length (HHMMSS): 000500
                 VDIFF completed...       0.1397 seconds
                COUPLE completed...       0.0026 seconds
                  HADV completed...       0.0764 seconds
                  ZADV completed...       0.0167 seconds
                 HDIFF completed...       0.0151 seconds
              DECOUPLE completed...       0.0026 seconds
                  PHOT completed...       0.0417 seconds
               CLDPROC completed...       0.0250 seconds
                  CHEM completed...       0.3960 seconds
                  AERO completed...       0.1524 seconds
            Master Time Step
            Processing completed...       0.8701 seconds
 
     Processing Day/Time [YYYYDDD:HHMMSS]: 2022183:142000
       Which is Equivalent to (UTC): 14:20:00 Saturday,  July 2, 2022
       Time-Step Length (HHMMSS): 000500
                 VDIFF completed...       0.1205 seconds
                COUPLE completed...       0.0025 seconds
                  HADV completed...       0.0690 seconds
                  ZADV completed...       0.0166 seconds
                 HDIFF completed...       0.0095 seconds
              DECOUPLE completed...       0.0028 seconds
                  PHOT completed...       0.0412 seconds
               CLDPROC completed...       0.0275 seconds
                  CHEM completed...       0.4062 seconds
                  AERO completed...       0.1541 seconds
            Master Time Step
            Processing completed...       0.8518 seconds
 
     Processing Day/Time [YYYYDDD:HHMMSS]: 2022183:142500
       Which is Equivalent to (UTC): 14:25:00 Saturday,  July 2, 2022
       Time-Step Length (HHMMSS): 000500
                 VDIFF completed...       0.1307 seconds
                COUPLE completed...       0.0026 seconds
                  HADV completed...       0.0737 seconds
                  ZADV completed...       0.0170 seconds
                 HDIFF completed...       0.0106 seconds
              DECOUPLE completed...       0.0027 seconds
                  PHOT completed...       0.0417 seconds
               CLDPROC completed...       0.0243 seconds
                  CHEM completed...       0.4036 seconds
                  AERO completed...       0.1512 seconds
            Master Time Step
            Processing completed...       0.8600 seconds
 
     Processing Day/Time [YYYYDDD:HHMMSS]: 2022183:143000
       Which is Equivalent to (UTC): 14:30:00 Saturday,  July 2, 2022
       Time-Step Length (HHMMSS): 000500
                 VDIFF completed...       0.1261 seconds
                COUPLE completed...       0.0026 seconds
                  HADV completed...       0.0810 seconds
                  ZADV completed...       0.0167 seconds
                 HDIFF completed...       0.0128 seconds
              DECOUPLE completed...       0.0026 seconds
                  PHOT completed...       0.0414 seconds
               CLDPROC completed...       0.0275 seconds
                  CHEM completed...       0.4072 seconds
                  AERO completed...       0.1523 seconds
            Master Time Step
            Processing completed...       0.8725 seconds
 
     Processing Day/Time [YYYYDDD:HHMMSS]: 2022183:143500
       Which is Equivalent to (UTC): 14:35:00 Saturday,  July 2, 2022
       Time-Step Length (HHMMSS): 000500
                 VDIFF completed...       0.1310 seconds
                COUPLE completed...       0.0026 seconds
                  HADV completed...       0.0852 seconds
                  ZADV completed...       0.0170 seconds
                 HDIFF completed...       0.0086 seconds
              DECOUPLE completed...       0.0027 seconds
                  PHOT completed...       0.0415 seconds
               CLDPROC completed...       0.0268 seconds
                  CHEM completed...       0.4111 seconds
                  AERO completed...       0.1526 seconds
            Master Time Step
            Processing completed...       0.8811 seconds
 
     Processing Day/Time [YYYYDDD:HHMMSS]: 2022183:144000
       Which is Equivalent to (UTC): 14:40:00 Saturday,  July 2, 2022
       Time-Step Length (HHMMSS): 000500
                 VDIFF completed...       0.1254 seconds
                COUPLE completed...       0.0027 seconds
                  HADV completed...       0.0807 seconds
                  ZADV completed...       0.0178 seconds
                 HDIFF completed...       0.0100 seconds
              DECOUPLE completed...       0.0027 seconds
                  PHOT completed...       0.0416 seconds
               CLDPROC completed...       0.0293 seconds
                  CHEM completed...       0.4145 seconds
                  AERO completed...       0.1557 seconds
            Master Time Step
            Processing completed...       0.8829 seconds
 
     Processing Day/Time [YYYYDDD:HHMMSS]: 2022183:144500
       Which is Equivalent to (UTC): 14:45:00 Saturday,  July 2, 2022
       Time-Step Length (HHMMSS): 000500
                 VDIFF completed...       0.1305 seconds
                COUPLE completed...       0.0025 seconds
                  HADV completed...       0.0810 seconds
                  ZADV completed...       0.0168 seconds
                 HDIFF completed...       0.0140 seconds
              DECOUPLE completed...       0.0027 seconds
                  PHOT completed...       0.0414 seconds
               CLDPROC completed...       0.0235 seconds
                  CHEM completed...       0.4120 seconds
                  AERO completed...       0.1674 seconds
            Master Time Step
            Processing completed...       0.8939 seconds
 
     Processing Day/Time [YYYYDDD:HHMMSS]: 2022183:145000
       Which is Equivalent to (UTC): 14:50:00 Saturday,  July 2, 2022
       Time-Step Length (HHMMSS): 000500
                 VDIFF completed...       0.1410 seconds
                COUPLE completed...       0.0025 seconds
                  HADV completed...       0.0821 seconds
                  ZADV completed...       0.0168 seconds
                 HDIFF completed...       0.0193 seconds
              DECOUPLE completed...       0.0026 seconds
                  PHOT completed...       0.0411 seconds
               CLDPROC completed...       0.0227 seconds
                  CHEM completed...       0.4115 seconds
                  AERO completed...       0.1545 seconds
            Master Time Step
            Processing completed...       0.8959 seconds
 
     Processing Day/Time [YYYYDDD:HHMMSS]: 2022183:145500
       Which is Equivalent to (UTC): 14:55:00 Saturday,  July 2, 2022
       Time-Step Length (HHMMSS): 000500
                 VDIFF completed...       0.1564 seconds
                COUPLE completed...       0.0025 seconds
                  HADV completed...       0.0902 seconds
                  ZADV completed...       0.0170 seconds
                 HDIFF completed...       0.0136 seconds
              DECOUPLE completed...       0.0027 seconds
                  PHOT completed...       0.0438 seconds
               CLDPROC completed...       0.0503 seconds
                  CHEM completed...       0.4195 seconds
                  AERO completed...       0.1563 seconds
            Master Time Step
            Processing completed...       0.9543 seconds
 
      =--> Data Output completed...       0.0867 seconds
 
     Processing Day/Time [YYYYDDD:HHMMSS]: 2022183:150000
       Which is Equivalent to (UTC): 15:00:00 Saturday,  July 2, 2022
       Time-Step Length (HHMMSS): 000500
                 VDIFF completed...       0.8990 seconds
                COUPLE completed...       0.0028 seconds
                  HADV completed...       0.2010 seconds
                  ZADV completed...       0.0199 seconds
                 HDIFF completed...       0.0215 seconds
              DECOUPLE completed...       0.0027 seconds
                  PHOT completed...       0.0470 seconds
               CLDPROC completed...       0.0317 seconds
                  CHEM completed...       0.4475 seconds
                  AERO completed...       0.1575 seconds
            Master Time Step
            Processing completed...       1.8330 seconds
 
     Processing Day/Time [YYYYDDD:HHMMSS]: 2022183:150500
       Which is Equivalent to (UTC): 15:05:00 Saturday,  July 2, 2022
       Time-Step Length (HHMMSS): 000500
                 VDIFF completed...       0.1235 seconds
                COUPLE completed...       0.0027 seconds
                  HADV completed...       0.0748 seconds
                  ZADV completed...       0.0172 seconds
                 HDIFF completed...       0.0112 seconds
              DECOUPLE completed...       0.0027 seconds
                  PHOT completed...       0.0423 seconds
               CLDPROC completed...       0.0275 seconds
                  CHEM completed...       0.4378 seconds
                  AERO completed...       0.1578 seconds
            Master Time Step
            Processing completed...       0.8993 seconds
 
     Processing Day/Time [YYYYDDD:HHMMSS]: 2022183:151000
       Which is Equivalent to (UTC): 15:10:00 Saturday,  July 2, 2022
       Time-Step Length (HHMMSS): 000500
                 VDIFF completed...       0.1256 seconds
                COUPLE completed...       0.0025 seconds
                  HADV completed...       0.0788 seconds
                  ZADV completed...       0.0181 seconds
                 HDIFF completed...       0.0140 seconds
              DECOUPLE completed...       0.0028 seconds
                  PHOT completed...       0.0469 seconds
               CLDPROC completed...       0.0321 seconds
                  CHEM completed...       0.4354 seconds
                  AERO completed...       0.1552 seconds
            Master Time Step
            Processing completed...       0.9137 seconds
 
     Processing Day/Time [YYYYDDD:HHMMSS]: 2022183:151500
       Which is Equivalent to (UTC): 15:15:00 Saturday,  July 2, 2022
       Time-Step Length (HHMMSS): 000500
                 VDIFF completed...       0.1329 seconds
                COUPLE completed...       0.0025 seconds
                  HADV completed...       0.0878 seconds
                  ZADV completed...       0.0166 seconds
                 HDIFF completed...       0.0141 seconds
              DECOUPLE completed...       0.0026 seconds
                  PHOT completed...       0.0425 seconds
               CLDPROC completed...       0.0316 seconds
                  CHEM completed...       0.4359 seconds
                  AERO completed...       0.1570 seconds
            Master Time Step
            Processing completed...       0.9251 seconds
 
     Processing Day/Time [YYYYDDD:HHMMSS]: 2022183:152000
       Which is Equivalent to (UTC): 15:20:00 Saturday,  July 2, 2022
       Time-Step Length (HHMMSS): 000500
                 VDIFF completed...       0.1325 seconds
                COUPLE completed...       0.0025 seconds
                  HADV completed...       0.0785 seconds
                  ZADV completed...       0.0168 seconds
                 HDIFF completed...       0.0204 seconds
              DECOUPLE completed...       0.0026 seconds
                  PHOT completed...       0.0414 seconds
               CLDPROC completed...       0.0305 seconds
                  CHEM completed...       0.4461 seconds
                  AERO completed...       0.1582 seconds
            Master Time Step
            Processing completed...       0.9318 seconds
 
     Processing Day/Time [YYYYDDD:HHMMSS]: 2022183:152500
       Which is Equivalent to (UTC): 15:25:00 Saturday,  July 2, 2022
       Time-Step Length (HHMMSS): 000500
                 VDIFF completed...       0.1312 seconds
                COUPLE completed...       0.0025 seconds
                  HADV completed...       0.0996 seconds
                  ZADV completed...       0.0174 seconds
                 HDIFF completed...       0.0086 seconds
              DECOUPLE completed...       0.0027 seconds
                  PHOT completed...       0.0419 seconds
               CLDPROC completed...       0.0333 seconds
                  CHEM completed...       0.4414 seconds
                  AERO completed...       0.1598 seconds
            Master Time Step
            Processing completed...       0.9413 seconds
 
     Processing Day/Time [YYYYDDD:HHMMSS]: 2022183:153000
       Which is Equivalent to (UTC): 15:30:00 Saturday,  July 2, 2022
       Time-Step Length (HHMMSS): 000500
                 VDIFF completed...       0.1226 seconds
                COUPLE completed...       0.0025 seconds
                  HADV completed...       0.0871 seconds
                  ZADV completed...       0.0173 seconds
                 HDIFF completed...       0.0133 seconds
              DECOUPLE completed...       0.0026 seconds
                  PHOT completed...       0.0412 seconds
               CLDPROC completed...       0.0303 seconds
                  CHEM completed...       0.4397 seconds
                  AERO completed...       0.1611 seconds
            Master Time Step
            Processing completed...       0.9198 seconds
 
     Processing Day/Time [YYYYDDD:HHMMSS]: 2022183:153500
       Which is Equivalent to (UTC): 15:35:00 Saturday,  July 2, 2022
       Time-Step Length (HHMMSS): 000500
                 VDIFF completed...       0.1253 seconds
                COUPLE completed...       0.0025 seconds
                  HADV completed...       0.0761 seconds
                  ZADV completed...       0.0173 seconds
                 HDIFF completed...       0.0149 seconds
              DECOUPLE completed...       0.0026 seconds
                  PHOT completed...       0.0407 seconds
               CLDPROC completed...       0.0299 seconds
                  CHEM completed...       0.4476 seconds
                  AERO completed...       0.1588 seconds
            Master Time Step
            Processing completed...       0.9178 seconds
 
     Processing Day/Time [YYYYDDD:HHMMSS]: 2022183:154000
       Which is Equivalent to (UTC): 15:40:00 Saturday,  July 2, 2022
       Time-Step Length (HHMMSS): 000500
                 VDIFF completed...       0.1293 seconds
                COUPLE completed...       0.0025 seconds
                  HADV completed...       0.0887 seconds
                  ZADV completed...       0.0179 seconds
                 HDIFF completed...       0.0128 seconds
              DECOUPLE completed...       0.0026 seconds
                  PHOT completed...       0.0423 seconds
               CLDPROC completed...       0.0326 seconds
                  CHEM completed...       0.4407 seconds
                  AERO completed...       0.1603 seconds
            Master Time Step
            Processing completed...       0.9317 seconds
 
     Processing Day/Time [YYYYDDD:HHMMSS]: 2022183:154500
       Which is Equivalent to (UTC): 15:45:00 Saturday,  July 2, 2022
       Time-Step Length (HHMMSS): 000500
                 VDIFF completed...       0.1285 seconds
                COUPLE completed...       0.0026 seconds
                  HADV completed...       0.0835 seconds
                  ZADV completed...       0.0180 seconds
                 HDIFF completed...       0.0130 seconds
              DECOUPLE completed...       0.0026 seconds
                  PHOT completed...       0.0419 seconds
               CLDPROC completed...       0.0307 seconds
                  CHEM completed...       0.4399 seconds
                  AERO completed...       0.1599 seconds
            Master Time Step
            Processing completed...       0.9227 seconds
 
     Processing Day/Time [YYYYDDD:HHMMSS]: 2022183:155000
       Which is Equivalent to (UTC): 15:50:00 Saturday,  July 2, 2022
       Time-Step Length (HHMMSS): 000500
                 VDIFF completed...       0.1418 seconds
                COUPLE completed...       0.0026 seconds
                  HADV completed...       0.0882 seconds
                  ZADV completed...       0.0196 seconds
                 HDIFF completed...       0.0111 seconds
              DECOUPLE completed...       0.0026 seconds
                  PHOT completed...       0.0424 seconds
               CLDPROC completed...       0.0343 seconds
                  CHEM completed...       0.4387 seconds
                  AERO completed...       0.1629 seconds
            Master Time Step
            Processing completed...       0.9468 seconds
 
     Processing Day/Time [YYYYDDD:HHMMSS]: 2022183:155500
       Which is Equivalent to (UTC): 15:55:00 Saturday,  July 2, 2022
       Time-Step Length (HHMMSS): 000500
                 VDIFF completed...       0.1539 seconds
                COUPLE completed...       0.0026 seconds
                  HADV completed...       0.0845 seconds
                  ZADV completed...       0.0185 seconds
                 HDIFF completed...       0.0154 seconds
              DECOUPLE completed...       0.0027 seconds
                  PHOT completed...       0.0416 seconds
               CLDPROC completed...       0.0615 seconds
                  CHEM completed...       0.4419 seconds
                  AERO completed...       0.1626 seconds
            Master Time Step
            Processing completed...       0.9877 seconds
 
      =--> Data Output completed...       0.1131 seconds
 
     Processing Day/Time [YYYYDDD:HHMMSS]: 2022183:160000
       Which is Equivalent to (UTC): 16:00:00 Saturday,  July 2, 2022
       Time-Step Length (HHMMSS): 000500
                 VDIFF completed...       0.8920 seconds
                COUPLE completed...       0.0025 seconds
                  HADV completed...       0.3253 seconds
                  ZADV completed...       0.0192 seconds
                 HDIFF completed...       0.0090 seconds
              DECOUPLE completed...       0.0026 seconds
                  PHOT completed...       0.0503 seconds
               CLDPROC completed...       0.0319 seconds
                  CHEM completed...       0.4776 seconds
                  AERO completed...       0.1634 seconds
            Master Time Step
            Processing completed...       1.9762 seconds
 
     Processing Day/Time [YYYYDDD:HHMMSS]: 2022183:160500
       Which is Equivalent to (UTC): 16:05:00 Saturday,  July 2, 2022
       Time-Step Length (HHMMSS): 000500
                 VDIFF completed...       0.1326 seconds
                COUPLE completed...       0.0025 seconds
                  HADV completed...       0.0859 seconds
                  ZADV completed...       0.0179 seconds
                 HDIFF completed...       0.0099 seconds
              DECOUPLE completed...       0.0026 seconds
                  PHOT completed...       0.0414 seconds
               CLDPROC completed...       0.0322 seconds
                  CHEM completed...       0.4563 seconds
                  AERO completed...       0.1632 seconds
            Master Time Step
            Processing completed...       0.9466 seconds
 
     Processing Day/Time [YYYYDDD:HHMMSS]: 2022183:161000
       Which is Equivalent to (UTC): 16:10:00 Saturday,  July 2, 2022
       Time-Step Length (HHMMSS): 000500
                 VDIFF completed...       0.1298 seconds
                COUPLE completed...       0.0025 seconds
                  HADV completed...       0.0870 seconds
                  ZADV completed...       0.0184 seconds
                 HDIFF completed...       0.0106 seconds
              DECOUPLE completed...       0.0029 seconds
                  PHOT completed...       0.0415 seconds
               CLDPROC completed...       0.0322 seconds
                  CHEM completed...       0.4528 seconds
                  AERO completed...       0.1615 seconds
            Master Time Step
            Processing completed...       0.9412 seconds
 
     Processing Day/Time [YYYYDDD:HHMMSS]: 2022183:161500
       Which is Equivalent to (UTC): 16:15:00 Saturday,  July 2, 2022
       Time-Step Length (HHMMSS): 000500
                 VDIFF completed...       0.1284 seconds
                COUPLE completed...       0.0025 seconds
                  HADV completed...       0.0849 seconds
                  ZADV completed...       0.0187 seconds
                 HDIFF completed...       0.0107 seconds
              DECOUPLE completed...       0.0027 seconds
                  PHOT completed...       0.0431 seconds
               CLDPROC completed...       0.0348 seconds
                  CHEM completed...       0.4535 seconds
                  AERO completed...       0.1622 seconds
            Master Time Step
            Processing completed...       0.9440 seconds
 
     Processing Day/Time [YYYYDDD:HHMMSS]: 2022183:162000
       Which is Equivalent to (UTC): 16:20:00 Saturday,  July 2, 2022
       Time-Step Length (HHMMSS): 000500
                 VDIFF completed...       0.1116 seconds
                COUPLE completed...       0.0025 seconds
                  HADV completed...       0.0846 seconds
                  ZADV completed...       0.0177 seconds
                 HDIFF completed...       0.0107 seconds
              DECOUPLE completed...       0.0026 seconds
                  PHOT completed...       0.0420 seconds
               CLDPROC completed...       0.0370 seconds
                  CHEM completed...       0.4519 seconds
                  AERO completed...       0.1634 seconds
            Master Time Step
            Processing completed...       0.9260 seconds
 
     Processing Day/Time [YYYYDDD:HHMMSS]: 2022183:162500
       Which is Equivalent to (UTC): 16:25:00 Saturday,  July 2, 2022
       Time-Step Length (HHMMSS): 000500
                 VDIFF completed...       0.1302 seconds
                COUPLE completed...       0.0025 seconds
                  HADV completed...       0.0886 seconds
                  ZADV completed...       0.0179 seconds
                 HDIFF completed...       0.0160 seconds
              DECOUPLE completed...       0.0026 seconds
                  PHOT completed...       0.0409 seconds
               CLDPROC completed...       0.0323 seconds
                  CHEM completed...       0.4500 seconds
                  AERO completed...       0.1622 seconds
            Master Time Step
            Processing completed...       0.9456 seconds
 
     Processing Day/Time [YYYYDDD:HHMMSS]: 2022183:163000
       Which is Equivalent to (UTC): 16:30:00 Saturday,  July 2, 2022
       Time-Step Length (HHMMSS): 000500
                 VDIFF completed...       0.1262 seconds
                COUPLE completed...       0.0025 seconds
                  HADV completed...       0.0921 seconds
                  ZADV completed...       0.0189 seconds
                 HDIFF completed...       0.0131 seconds
              DECOUPLE completed...       0.0026 seconds
                  PHOT completed...       0.0432 seconds
               CLDPROC completed...       0.0329 seconds
                  CHEM completed...       0.4478 seconds
                  AERO completed...       0.1626 seconds
            Master Time Step
            Processing completed...       0.9444 seconds
 
     Processing Day/Time [YYYYDDD:HHMMSS]: 2022183:163500
       Which is Equivalent to (UTC): 16:35:00 Saturday,  July 2, 2022
       Time-Step Length (HHMMSS): 000500
                 VDIFF completed...       0.1160 seconds
                COUPLE completed...       0.0025 seconds
                  HADV completed...       0.0844 seconds
                  ZADV completed...       0.0182 seconds
                 HDIFF completed...       0.0066 seconds
              DECOUPLE completed...       0.0028 seconds
                  PHOT completed...       0.0428 seconds
               CLDPROC completed...       0.0356 seconds
                  CHEM completed...       0.4495 seconds
                  AERO completed...       0.1621 seconds
            Master Time Step
            Processing completed...       0.9228 seconds
 
     Processing Day/Time [YYYYDDD:HHMMSS]: 2022183:164000
       Which is Equivalent to (UTC): 16:40:00 Saturday,  July 2, 2022
       Time-Step Length (HHMMSS): 000500
                 VDIFF completed...       0.1247 seconds
                COUPLE completed...       0.0026 seconds
                  HADV completed...       0.0846 seconds
                  ZADV completed...       0.0177 seconds
                 HDIFF completed...       0.0184 seconds
              DECOUPLE completed...       0.0026 seconds
                  PHOT completed...       0.0413 seconds
               CLDPROC completed...       0.0329 seconds
                  CHEM completed...       0.4496 seconds
                  AERO completed...       0.1641 seconds
            Master Time Step
            Processing completed...       0.9406 seconds
 
     Processing Day/Time [YYYYDDD:HHMMSS]: 2022183:164500
       Which is Equivalent to (UTC): 16:45:00 Saturday,  July 2, 2022
       Time-Step Length (HHMMSS): 000500
                 VDIFF completed...       0.1306 seconds
                COUPLE completed...       0.0025 seconds
                  HADV completed...       0.0860 seconds
                  ZADV completed...       0.0183 seconds
                 HDIFF completed...       0.0164 seconds
              DECOUPLE completed...       0.0026 seconds
                  PHOT completed...       0.0416 seconds
               CLDPROC completed...       0.0320 seconds
                  CHEM completed...       0.4495 seconds
                  AERO completed...       0.1618 seconds
            Master Time Step
            Processing completed...       0.9434 seconds
 
     Processing Day/Time [YYYYDDD:HHMMSS]: 2022183:165000
       Which is Equivalent to (UTC): 16:50:00 Saturday,  July 2, 2022
       Time-Step Length (HHMMSS): 000500
                 VDIFF completed...       0.1080 seconds
                COUPLE completed...       0.0026 seconds
                  HADV completed...       0.0780 seconds
                  ZADV completed...       0.0183 seconds
                 HDIFF completed...       0.0143 seconds
              DECOUPLE completed...       0.0026 seconds
                  PHOT completed...       0.0414 seconds
               CLDPROC completed...       0.0317 seconds
                  CHEM completed...       0.4545 seconds
                  AERO completed...       0.1635 seconds
            Master Time Step
            Processing completed...       0.9168 seconds
 
     Processing Day/Time [YYYYDDD:HHMMSS]: 2022183:165500
       Which is Equivalent to (UTC): 16:55:00 Saturday,  July 2, 2022
       Time-Step Length (HHMMSS): 000500
                 VDIFF completed...       0.1492 seconds
                COUPLE completed...       0.0025 seconds
                  HADV completed...       0.1056 seconds
                  ZADV completed...       0.0183 seconds
                 HDIFF completed...       0.0144 seconds
              DECOUPLE completed...       0.0027 seconds
                  PHOT completed...       0.0411 seconds
               CLDPROC completed...       0.0796 seconds
                  CHEM completed...       0.4560 seconds
                  AERO completed...       0.1627 seconds
            Master Time Step
            Processing completed...       1.0341 seconds
 
      =--> Data Output completed...       0.0864 seconds
 
     Processing Day/Time [YYYYDDD:HHMMSS]: 2022183:170000
       Which is Equivalent to (UTC): 17:00:00 Saturday,  July 2, 2022
       Time-Step Length (HHMMSS): 000500
                 VDIFF completed...       0.8139 seconds
                COUPLE completed...       0.0025 seconds
                  HADV completed...       0.4713 seconds
                  ZADV completed...       0.0191 seconds
                 HDIFF completed...       0.0106 seconds
              DECOUPLE completed...       0.0027 seconds
                  PHOT completed...       0.0610 seconds
               CLDPROC completed...       0.0344 seconds
                  CHEM completed...       0.4750 seconds
                  AERO completed...       0.1627 seconds
            Master Time Step
            Processing completed...       2.0560 seconds
 
     Processing Day/Time [YYYYDDD:HHMMSS]: 2022183:170500
       Which is Equivalent to (UTC): 17:05:00 Saturday,  July 2, 2022
       Time-Step Length (HHMMSS): 000500
                 VDIFF completed...       0.1202 seconds
                COUPLE completed...       0.0025 seconds
                  HADV completed...       0.0811 seconds
                  ZADV completed...       0.0188 seconds
                 HDIFF completed...       0.0131 seconds
              DECOUPLE completed...       0.0027 seconds
                  PHOT completed...       0.0445 seconds
               CLDPROC completed...       0.0347 seconds
                  CHEM completed...       0.4458 seconds
                  AERO completed...       0.1632 seconds
            Master Time Step
            Processing completed...       0.9288 seconds
 
     Processing Day/Time [YYYYDDD:HHMMSS]: 2022183:171000
       Which is Equivalent to (UTC): 17:10:00 Saturday,  July 2, 2022
       Time-Step Length (HHMMSS): 000500
                 VDIFF completed...       0.1314 seconds
                COUPLE completed...       0.0025 seconds
                  HADV completed...       0.0857 seconds
                  ZADV completed...       0.0191 seconds
                 HDIFF completed...       0.0214 seconds
              DECOUPLE completed...       0.0027 seconds
                  PHOT completed...       0.0412 seconds
               CLDPROC completed...       0.0304 seconds
                  CHEM completed...       0.4430 seconds
                  AERO completed...       0.1663 seconds
            Master Time Step
            Processing completed...       0.9461 seconds
 
     Processing Day/Time [YYYYDDD:HHMMSS]: 2022183:171500
       Which is Equivalent to (UTC): 17:15:00 Saturday,  July 2, 2022
       Time-Step Length (HHMMSS): 000500
                 VDIFF completed...       0.1220 seconds
                COUPLE completed...       0.0025 seconds
                  HADV completed...       0.0751 seconds
                  ZADV completed...       0.0198 seconds
                 HDIFF completed...       0.0079 seconds
              DECOUPLE completed...       0.0027 seconds
                  PHOT completed...       0.0420 seconds
               CLDPROC completed...       0.0331 seconds
                  CHEM completed...       0.4403 seconds
                  AERO completed...       0.1645 seconds
            Master Time Step
            Processing completed...       0.9126 seconds
 
     Processing Day/Time [YYYYDDD:HHMMSS]: 2022183:172000
       Which is Equivalent to (UTC): 17:20:00 Saturday,  July 2, 2022
       Time-Step Length (HHMMSS): 000500
                 VDIFF completed...       0.1107 seconds
                COUPLE completed...       0.0025 seconds
                  HADV completed...       0.0861 seconds
                  ZADV completed...       0.0177 seconds
                 HDIFF completed...       0.0102 seconds
              DECOUPLE completed...       0.0026 seconds
                  PHOT completed...       0.0419 seconds
               CLDPROC completed...       0.0321 seconds
                  CHEM completed...       0.4342 seconds
                  AERO completed...       0.1649 seconds
            Master Time Step
            Processing completed...       0.9051 seconds
 
     Processing Day/Time [YYYYDDD:HHMMSS]: 2022183:172500
       Which is Equivalent to (UTC): 17:25:00 Saturday,  July 2, 2022
       Time-Step Length (HHMMSS): 000500
                 VDIFF completed...       0.1159 seconds
                COUPLE completed...       0.0025 seconds
                  HADV completed...       0.0831 seconds
                  ZADV completed...       0.0178 seconds
                 HDIFF completed...       0.0196 seconds
              DECOUPLE completed...       0.0026 seconds
                  PHOT completed...       0.0414 seconds
               CLDPROC completed...       0.0333 seconds
                  CHEM completed...       0.4312 seconds
                  AERO completed...       0.1631 seconds
            Master Time Step
            Processing completed...       0.9126 seconds
 
     Processing Day/Time [YYYYDDD:HHMMSS]: 2022183:173000
       Which is Equivalent to (UTC): 17:30:00 Saturday,  July 2, 2022
       Time-Step Length (HHMMSS): 000500
                 VDIFF completed...       0.1156 seconds
                COUPLE completed...       0.0026 seconds
                  HADV completed...       0.0742 seconds
                  ZADV completed...       0.0189 seconds
                 HDIFF completed...       0.0106 seconds
              DECOUPLE completed...       0.0027 seconds
                  PHOT completed...       0.0428 seconds
               CLDPROC completed...       0.0325 seconds
                  CHEM completed...       0.4336 seconds
                  AERO completed...       0.1659 seconds
            Master Time Step
            Processing completed...       0.9019 seconds
 
     Processing Day/Time [YYYYDDD:HHMMSS]: 2022183:173500
       Which is Equivalent to (UTC): 17:35:00 Saturday,  July 2, 2022
       Time-Step Length (HHMMSS): 000500
                 VDIFF completed...       0.1152 seconds
                COUPLE completed...       0.0025 seconds
                  HADV completed...       0.0726 seconds
                  ZADV completed...       0.0179 seconds
                 HDIFF completed...       0.0145 seconds
              DECOUPLE completed...       0.0026 seconds
                  PHOT completed...       0.0405 seconds
               CLDPROC completed...       0.0300 seconds
                  CHEM completed...       0.4278 seconds
                  AERO completed...       0.1654 seconds
            Master Time Step
            Processing completed...       0.8910 seconds
 
     Processing Day/Time [YYYYDDD:HHMMSS]: 2022183:174000
       Which is Equivalent to (UTC): 17:40:00 Saturday,  July 2, 2022
       Time-Step Length (HHMMSS): 000500
                 VDIFF completed...       0.1234 seconds
                COUPLE completed...       0.0025 seconds
                  HADV completed...       0.0785 seconds
                  ZADV completed...       0.0179 seconds
                 HDIFF completed...       0.0138 seconds
              DECOUPLE completed...       0.0026 seconds
                  PHOT completed...       0.0403 seconds
               CLDPROC completed...       0.0283 seconds
                  CHEM completed...       0.4235 seconds
                  AERO completed...       0.1654 seconds
            Master Time Step
            Processing completed...       0.8981 seconds
 
     Processing Day/Time [YYYYDDD:HHMMSS]: 2022183:174500
       Which is Equivalent to (UTC): 17:45:00 Saturday,  July 2, 2022
       Time-Step Length (HHMMSS): 000500
                 VDIFF completed...       0.1159 seconds
                COUPLE completed...       0.0025 seconds
                  HADV completed...       0.0843 seconds
                  ZADV completed...       0.0176 seconds
                 HDIFF completed...       0.0099 seconds
              DECOUPLE completed...       0.0026 seconds
                  PHOT completed...       0.0411 seconds
               CLDPROC completed...       0.0297 seconds
                  CHEM completed...       0.4263 seconds
                  AERO completed...       0.1668 seconds
            Master Time Step
            Processing completed...       0.8987 seconds
 
     Processing Day/Time [YYYYDDD:HHMMSS]: 2022183:175000
       Which is Equivalent to (UTC): 17:50:00 Saturday,  July 2, 2022
       Time-Step Length (HHMMSS): 000500
                 VDIFF completed...       0.1350 seconds
                COUPLE completed...       0.0025 seconds
                  HADV completed...       0.0870 seconds
                  ZADV completed...       0.0176 seconds
                 HDIFF completed...       0.0106 seconds
              DECOUPLE completed...       0.0026 seconds
                  PHOT completed...       0.0416 seconds
               CLDPROC completed...       0.0281 seconds
                  CHEM completed...       0.4221 seconds
                  AERO completed...       0.1659 seconds
            Master Time Step
            Processing completed...       0.9151 seconds
 
     Processing Day/Time [YYYYDDD:HHMMSS]: 2022183:175500
       Which is Equivalent to (UTC): 17:55:00 Saturday,  July 2, 2022
       Time-Step Length (HHMMSS): 000500
                 VDIFF completed...       0.1570 seconds
                COUPLE completed...       0.0028 seconds
                  HADV completed...       0.0883 seconds
                  ZADV completed...       0.0193 seconds
                 HDIFF completed...       0.0149 seconds
              DECOUPLE completed...       0.0027 seconds
                  PHOT completed...       0.0425 seconds
               CLDPROC completed...       0.0730 seconds
                  CHEM completed...       0.4206 seconds
                  AERO completed...       0.1665 seconds
            Master Time Step
            Processing completed...       0.9903 seconds
 
      =--> Data Output completed...       0.3045 seconds
 
     Processing Day/Time [YYYYDDD:HHMMSS]: 2022183:180000
       Which is Equivalent to (UTC): 18:00:00 Saturday,  July 2, 2022
       Time-Step Length (HHMMSS): 000500
                 VDIFF completed...       0.7736 seconds
                COUPLE completed...       0.0025 seconds
                  HADV completed...       0.3543 seconds
                  ZADV completed...       0.0180 seconds
                 HDIFF completed...       0.0093 seconds
              DECOUPLE completed...       0.0026 seconds
                  PHOT completed...       0.0474 seconds
               CLDPROC completed...       0.0193 seconds
                  CHEM completed...       0.4568 seconds
                  AERO completed...       0.1652 seconds
            Master Time Step
            Processing completed...       1.8511 seconds
 
     Processing Day/Time [YYYYDDD:HHMMSS]: 2022183:180500
       Which is Equivalent to (UTC): 18:05:00 Saturday,  July 2, 2022
       Time-Step Length (HHMMSS): 000500
                 VDIFF completed...       0.1220 seconds
                COUPLE completed...       0.0025 seconds
                  HADV completed...       0.0810 seconds
                  ZADV completed...       0.0192 seconds
                 HDIFF completed...       0.0151 seconds
              DECOUPLE completed...       0.0027 seconds
                  PHOT completed...       0.0413 seconds
               CLDPROC completed...       0.0232 seconds
                  CHEM completed...       0.4306 seconds
                  AERO completed...       0.1674 seconds
            Master Time Step
            Processing completed...       0.9074 seconds
 
     Processing Day/Time [YYYYDDD:HHMMSS]: 2022183:181000
       Which is Equivalent to (UTC): 18:10:00 Saturday,  July 2, 2022
       Time-Step Length (HHMMSS): 000500
                 VDIFF completed...       0.1170 seconds
                COUPLE completed...       0.0025 seconds
                  HADV completed...       0.0838 seconds
                  ZADV completed...       0.0178 seconds
                 HDIFF completed...       0.0103 seconds
              DECOUPLE completed...       0.0026 seconds
                  PHOT completed...       0.0399 seconds
               CLDPROC completed...       0.0194 seconds
                  CHEM completed...       0.4320 seconds
                  AERO completed...       0.1683 seconds
            Master Time Step
            Processing completed...       0.8955 seconds
 
     Processing Day/Time [YYYYDDD:HHMMSS]: 2022183:181500
       Which is Equivalent to (UTC): 18:15:00 Saturday,  July 2, 2022
       Time-Step Length (HHMMSS): 000500
                 VDIFF completed...       0.1345 seconds
                COUPLE completed...       0.0027 seconds
                  HADV completed...       0.0885 seconds
                  ZADV completed...       0.0180 seconds
                 HDIFF completed...       0.0097 seconds
              DECOUPLE completed...       0.0029 seconds
                  PHOT completed...       0.0447 seconds
               CLDPROC completed...       0.0228 seconds
                  CHEM completed...       0.4256 seconds
                  AERO completed...       0.1752 seconds
            Master Time Step
            Processing completed...       0.9272 seconds
 
     Processing Day/Time [YYYYDDD:HHMMSS]: 2022183:182000
       Which is Equivalent to (UTC): 18:20:00 Saturday,  July 2, 2022
       Time-Step Length (HHMMSS): 000500
                 VDIFF completed...       0.1283 seconds
                COUPLE completed...       0.0025 seconds
                  HADV completed...       0.0788 seconds
                  ZADV completed...       0.0176 seconds
                 HDIFF completed...       0.0133 seconds
              DECOUPLE completed...       0.0027 seconds
                  PHOT completed...       0.0421 seconds
               CLDPROC completed...       0.0237 seconds
                  CHEM completed...       0.4227 seconds
                  AERO completed...       0.1667 seconds
            Master Time Step
            Processing completed...       0.9013 seconds
 
     Processing Day/Time [YYYYDDD:HHMMSS]: 2022183:182500
       Which is Equivalent to (UTC): 18:25:00 Saturday,  July 2, 2022
       Time-Step Length (HHMMSS): 000500
                 VDIFF completed...       0.1250 seconds
                COUPLE completed...       0.0025 seconds
                  HADV completed...       0.0739 seconds
                  ZADV completed...       0.0182 seconds
                 HDIFF completed...       0.0113 seconds
              DECOUPLE completed...       0.0027 seconds
                  PHOT completed...       0.0405 seconds
               CLDPROC completed...       0.0198 seconds
                  CHEM completed...       0.4221 seconds
                  AERO completed...       0.1671 seconds
            Master Time Step
            Processing completed...       0.8857 seconds
 
     Processing Day/Time [YYYYDDD:HHMMSS]: 2022183:183000
       Which is Equivalent to (UTC): 18:30:00 Saturday,  July 2, 2022
       Time-Step Length (HHMMSS): 000500
                 VDIFF completed...       0.1129 seconds
                COUPLE completed...       0.0025 seconds
                  HADV completed...       0.0835 seconds
                  ZADV completed...       0.0187 seconds
                 HDIFF completed...       0.0165 seconds
              DECOUPLE completed...       0.0027 seconds
                  PHOT completed...       0.0421 seconds
               CLDPROC completed...       0.0224 seconds
                  CHEM completed...       0.4195 seconds
                  AERO completed...       0.1653 seconds
            Master Time Step
            Processing completed...       0.8889 seconds
 
     Processing Day/Time [YYYYDDD:HHMMSS]: 2022183:183500
       Which is Equivalent to (UTC): 18:35:00 Saturday,  July 2, 2022
       Time-Step Length (HHMMSS): 000500
                 VDIFF completed...       0.1219 seconds
                COUPLE completed...       0.0025 seconds
                  HADV completed...       0.0801 seconds
                  ZADV completed...       0.0174 seconds
                 HDIFF completed...       0.0091 seconds
              DECOUPLE completed...       0.0027 seconds
                  PHOT completed...       0.0405 seconds
               CLDPROC completed...       0.0169 seconds
                  CHEM completed...       0.4201 seconds
                  AERO completed...       0.1694 seconds
            Master Time Step
            Processing completed...       0.8829 seconds
 
     Processing Day/Time [YYYYDDD:HHMMSS]: 2022183:184000
       Which is Equivalent to (UTC): 18:40:00 Saturday,  July 2, 2022
       Time-Step Length (HHMMSS): 000500
                 VDIFF completed...       0.1162 seconds
                COUPLE completed...       0.0025 seconds
                  HADV completed...       0.0818 seconds
                  ZADV completed...       0.0172 seconds
                 HDIFF completed...       0.0201 seconds
              DECOUPLE completed...       0.0026 seconds
                  PHOT completed...       0.0400 seconds
               CLDPROC completed...       0.0164 seconds
                  CHEM completed...       0.4168 seconds
                  AERO completed...       0.1670 seconds
            Master Time Step
            Processing completed...       0.8826 seconds
 
     Processing Day/Time [YYYYDDD:HHMMSS]: 2022183:184500
       Which is Equivalent to (UTC): 18:45:00 Saturday,  July 2, 2022
       Time-Step Length (HHMMSS): 000500
                 VDIFF completed...       0.1056 seconds
                COUPLE completed...       0.0025 seconds
                  HADV completed...       0.1007 seconds
                  ZADV completed...       0.0173 seconds
                 HDIFF completed...       0.0110 seconds
              DECOUPLE completed...       0.0026 seconds
                  PHOT completed...       0.0402 seconds
               CLDPROC completed...       0.0166 seconds
                  CHEM completed...       0.4197 seconds
                  AERO completed...       0.1689 seconds
            Master Time Step
            Processing completed...       0.8872 seconds
 
     Processing Day/Time [YYYYDDD:HHMMSS]: 2022183:185000
       Which is Equivalent to (UTC): 18:50:00 Saturday,  July 2, 2022
       Time-Step Length (HHMMSS): 000500
                 VDIFF completed...       0.1202 seconds
                COUPLE completed...       0.0025 seconds
                  HADV completed...       0.0909 seconds
                  ZADV completed...       0.0174 seconds
                 HDIFF completed...       0.0159 seconds
              DECOUPLE completed...       0.0026 seconds
                  PHOT completed...       0.0442 seconds
               CLDPROC completed...       0.0171 seconds
                  CHEM completed...       0.4161 seconds
                  AERO completed...       0.1685 seconds
            Master Time Step
            Processing completed...       0.8974 seconds
 
     Processing Day/Time [YYYYDDD:HHMMSS]: 2022183:185500
       Which is Equivalent to (UTC): 18:55:00 Saturday,  July 2, 2022
       Time-Step Length (HHMMSS): 000500
                 VDIFF completed...       0.1643 seconds
                COUPLE completed...       0.0026 seconds
                  HADV completed...       0.0958 seconds
                  ZADV completed...       0.0183 seconds
                 HDIFF completed...       0.0092 seconds
              DECOUPLE completed...       0.0027 seconds
                  PHOT completed...       0.0424 seconds
               CLDPROC completed...       0.0784 seconds
                  CHEM completed...       0.4132 seconds
                  AERO completed...       0.1698 seconds
            Master Time Step
            Processing completed...       0.9989 seconds
 
      =--> Data Output completed...       0.0854 seconds
 
     Processing Day/Time [YYYYDDD:HHMMSS]: 2022183:190000
       Which is Equivalent to (UTC): 19:00:00 Saturday,  July 2, 2022
       Time-Step Length (HHMMSS): 000500
                 VDIFF completed...       0.7360 seconds
                COUPLE completed...       0.0025 seconds
                  HADV completed...       0.3014 seconds
                  ZADV completed...       0.0180 seconds
                 HDIFF completed...       0.0125 seconds
              DECOUPLE completed...       0.0026 seconds
                  PHOT completed...       0.0568 seconds
               CLDPROC completed...       0.0179 seconds
                  CHEM completed...       0.4090 seconds
                  AERO completed...       0.1683 seconds
            Master Time Step
            Processing completed...       1.7294 seconds
 
     Processing Day/Time [YYYYDDD:HHMMSS]: 2022183:190500
       Which is Equivalent to (UTC): 19:05:00 Saturday,  July 2, 2022
       Time-Step Length (HHMMSS): 000500
                 VDIFF completed...       0.1159 seconds
                COUPLE completed...       0.0026 seconds
                  HADV completed...       0.1557 seconds
                  ZADV completed...       0.0189 seconds
                 HDIFF completed...       0.0187 seconds
              DECOUPLE completed...       0.0027 seconds
                  PHOT completed...       0.0431 seconds
               CLDPROC completed...       0.0169 seconds
                  CHEM completed...       0.4012 seconds
                  AERO completed...       0.1694 seconds
            Master Time Step
            Processing completed...       0.9478 seconds
 
     Processing Day/Time [YYYYDDD:HHMMSS]: 2022183:191000
       Which is Equivalent to (UTC): 19:10:00 Saturday,  July 2, 2022
       Time-Step Length (HHMMSS): 000500
                 VDIFF completed...       0.1289 seconds
                COUPLE completed...       0.0026 seconds
                  HADV completed...       0.1136 seconds
                  ZADV completed...       0.0170 seconds
                 HDIFF completed...       0.0134 seconds
              DECOUPLE completed...       0.0027 seconds
                  PHOT completed...       0.0411 seconds
               CLDPROC completed...       0.0149 seconds
                  CHEM completed...       0.4042 seconds
                  AERO completed...       0.1736 seconds
            Master Time Step
            Processing completed...       0.9143 seconds
 
     Processing Day/Time [YYYYDDD:HHMMSS]: 2022183:191500
       Which is Equivalent to (UTC): 19:15:00 Saturday,  July 2, 2022
       Time-Step Length (HHMMSS): 000500
                 VDIFF completed...       0.1309 seconds
                COUPLE completed...       0.0026 seconds
                  HADV completed...       0.1142 seconds
                  ZADV completed...       0.0167 seconds
                 HDIFF completed...       0.0129 seconds
              DECOUPLE completed...       0.0027 seconds
                  PHOT completed...       0.0401 seconds
               CLDPROC completed...       0.0141 seconds
                  CHEM completed...       0.3947 seconds
                  AERO completed...       0.1710 seconds
            Master Time Step
            Processing completed...       0.9017 seconds
 
     Processing Day/Time [YYYYDDD:HHMMSS]: 2022183:192000
       Which is Equivalent to (UTC): 19:20:00 Saturday,  July 2, 2022
       Time-Step Length (HHMMSS): 000500
                 VDIFF completed...       0.1189 seconds
                COUPLE completed...       0.0025 seconds
                  HADV completed...       0.1395 seconds
                  ZADV completed...       0.0164 seconds
                 HDIFF completed...       0.0098 seconds
              DECOUPLE completed...       0.0026 seconds
                  PHOT completed...       0.0400 seconds
               CLDPROC completed...       0.0131 seconds
                  CHEM completed...       0.3985 seconds
                  AERO completed...       0.1700 seconds
            Master Time Step
            Processing completed...       0.9130 seconds
 
     Processing Day/Time [YYYYDDD:HHMMSS]: 2022183:192500
       Which is Equivalent to (UTC): 19:25:00 Saturday,  July 2, 2022
       Time-Step Length (HHMMSS): 000500
                 VDIFF completed...       0.1288 seconds
                COUPLE completed...       0.0025 seconds
                  HADV completed...       0.1297 seconds
                  ZADV completed...       0.0167 seconds
                 HDIFF completed...       0.0233 seconds
              DECOUPLE completed...       0.0026 seconds
                  PHOT completed...       0.0392 seconds
               CLDPROC completed...       0.0125 seconds
                  CHEM completed...       0.3941 seconds
                  AERO completed...       0.1696 seconds
            Master Time Step
            Processing completed...       0.9208 seconds
 
     Processing Day/Time [YYYYDDD:HHMMSS]: 2022183:193000
       Which is Equivalent to (UTC): 19:30:00 Saturday,  July 2, 2022
       Time-Step Length (HHMMSS): 000500
                 VDIFF completed...       0.1239 seconds
                COUPLE completed...       0.0025 seconds
                  HADV completed...       0.1428 seconds
                  ZADV completed...       0.0164 seconds
                 HDIFF completed...       0.0269 seconds
              DECOUPLE completed...       0.0026 seconds
                  PHOT completed...       0.0391 seconds
               CLDPROC completed...       0.0131 seconds
                  CHEM completed...       0.3908 seconds
                  AERO completed...       0.1716 seconds
            Master Time Step
            Processing completed...       0.9317 seconds
 
     Processing Day/Time [YYYYDDD:HHMMSS]: 2022183:193500
       Which is Equivalent to (UTC): 19:35:00 Saturday,  July 2, 2022
       Time-Step Length (HHMMSS): 000500
                 VDIFF completed...       0.1180 seconds
                COUPLE completed...       0.0026 seconds
                  HADV completed...       0.1539 seconds
                  ZADV completed...       0.0164 seconds
                 HDIFF completed...       0.0111 seconds
              DECOUPLE completed...       0.0026 seconds
                  PHOT completed...       0.0392 seconds
               CLDPROC completed...       0.0128 seconds
                  CHEM completed...       0.3911 seconds
                  AERO completed...       0.1700 seconds
            Master Time Step
            Processing completed...       0.9197 seconds
 
     Processing Day/Time [YYYYDDD:HHMMSS]: 2022183:194000
       Which is Equivalent to (UTC): 19:40:00 Saturday,  July 2, 2022
       Time-Step Length (HHMMSS): 000500
                 VDIFF completed...       0.1219 seconds
                COUPLE completed...       0.0025 seconds
                  HADV completed...       0.1393 seconds
                  ZADV completed...       0.0164 seconds
                 HDIFF completed...       0.0101 seconds
              DECOUPLE completed...       0.0026 seconds
                  PHOT completed...       0.0391 seconds
               CLDPROC completed...       0.0112 seconds
                  CHEM completed...       0.3891 seconds
                  AERO completed...       0.1703 seconds
            Master Time Step
            Processing completed...       0.9043 seconds
 
     Processing Day/Time [YYYYDDD:HHMMSS]: 2022183:194500
       Which is Equivalent to (UTC): 19:45:00 Saturday,  July 2, 2022
       Time-Step Length (HHMMSS): 000500
                 VDIFF completed...       0.1137 seconds
                COUPLE completed...       0.0026 seconds
                  HADV completed...       0.1734 seconds
                  ZADV completed...       0.0167 seconds
                 HDIFF completed...       0.0146 seconds
              DECOUPLE completed...       0.0028 seconds
                  PHOT completed...       0.0394 seconds
               CLDPROC completed...       0.0105 seconds
                  CHEM completed...       0.3880 seconds
                  AERO completed...       0.1727 seconds
            Master Time Step
            Processing completed...       0.9363 seconds
 
     Processing Day/Time [YYYYDDD:HHMMSS]: 2022183:195000
       Which is Equivalent to (UTC): 19:50:00 Saturday,  July 2, 2022
       Time-Step Length (HHMMSS): 000500
                 VDIFF completed...       0.1191 seconds
                COUPLE completed...       0.0025 seconds
                  HADV completed...       0.1588 seconds
                  ZADV completed...       0.0167 seconds
                 HDIFF completed...       0.0159 seconds
              DECOUPLE completed...       0.0026 seconds
                  PHOT completed...       0.0393 seconds
               CLDPROC completed...       0.0098 seconds
                  CHEM completed...       0.3866 seconds
                  AERO completed...       0.1723 seconds
            Master Time Step
            Processing completed...       0.9255 seconds
 
     Processing Day/Time [YYYYDDD:HHMMSS]: 2022183:195500
       Which is Equivalent to (UTC): 19:55:00 Saturday,  July 2, 2022
       Time-Step Length (HHMMSS): 000500
                 VDIFF completed...       0.2356 seconds
                COUPLE completed...       0.0027 seconds
                  HADV completed...       0.0905 seconds
                  ZADV completed...       0.0165 seconds
                 HDIFF completed...       0.0165 seconds
              DECOUPLE completed...       0.0026 seconds
                  PHOT completed...       0.0397 seconds
               CLDPROC completed...       0.0482 seconds
                  CHEM completed...       0.3852 seconds
                  AERO completed...       0.1758 seconds
            Master Time Step
            Processing completed...       1.0155 seconds
 
      =--> Data Output completed...       0.1213 seconds
 
     Processing Day/Time [YYYYDDD:HHMMSS]: 2022183:200000
       Which is Equivalent to (UTC): 20:00:00 Saturday,  July 2, 2022
       Time-Step Length (HHMMSS): 000500
                 VDIFF completed...       1.0794 seconds
                COUPLE completed...       0.0025 seconds
                  HADV completed...       0.2062 seconds
                  ZADV completed...       0.0163 seconds
                 HDIFF completed...       0.0119 seconds
              DECOUPLE completed...       0.0026 seconds
                  PHOT completed...       0.0567 seconds
               CLDPROC completed...       0.0077 seconds
                  CHEM completed...       0.3817 seconds
                  AERO completed...       0.1755 seconds
            Master Time Step
            Processing completed...       1.9422 seconds
 
     Processing Day/Time [YYYYDDD:HHMMSS]: 2022183:200500
       Which is Equivalent to (UTC): 20:05:00 Saturday,  July 2, 2022
       Time-Step Length (HHMMSS): 000500
                 VDIFF completed...       0.1187 seconds
                COUPLE completed...       0.0025 seconds
                  HADV completed...       0.2016 seconds
                  ZADV completed...       0.0166 seconds
                 HDIFF completed...       0.0181 seconds
              DECOUPLE completed...       0.0026 seconds
                  PHOT completed...       0.0393 seconds
               CLDPROC completed...       0.0125 seconds
                  CHEM completed...       0.3833 seconds
                  AERO completed...       0.1747 seconds
            Master Time Step
            Processing completed...       0.9718 seconds
 
     Processing Day/Time [YYYYDDD:HHMMSS]: 2022183:201000
       Which is Equivalent to (UTC): 20:10:00 Saturday,  July 2, 2022
       Time-Step Length (HHMMSS): 000500
                 VDIFF completed...       0.1256 seconds
                COUPLE completed...       0.0025 seconds
                  HADV completed...       0.1498 seconds
                  ZADV completed...       0.0169 seconds
                 HDIFF completed...       0.0149 seconds
              DECOUPLE completed...       0.0026 seconds
                  PHOT completed...       0.0398 seconds
               CLDPROC completed...       0.0073 seconds
                  CHEM completed...       0.3750 seconds
                  AERO completed...       0.1741 seconds
            Master Time Step
            Processing completed...       0.9105 seconds
 
     Processing Day/Time [YYYYDDD:HHMMSS]: 2022183:201500
       Which is Equivalent to (UTC): 20:15:00 Saturday,  July 2, 2022
       Time-Step Length (HHMMSS): 000500
                 VDIFF completed...       0.1322 seconds
                COUPLE completed...       0.0026 seconds
                  HADV completed...       0.1533 seconds
                  ZADV completed...       0.0179 seconds
                 HDIFF completed...       0.0084 seconds
              DECOUPLE completed...       0.0026 seconds
                  PHOT completed...       0.0402 seconds
               CLDPROC completed...       0.0104 seconds
                  CHEM completed...       0.3706 seconds
                  AERO completed...       0.1732 seconds
            Master Time Step
            Processing completed...       0.9139 seconds
 
     Processing Day/Time [YYYYDDD:HHMMSS]: 2022183:202000
       Which is Equivalent to (UTC): 20:20:00 Saturday,  July 2, 2022
       Time-Step Length (HHMMSS): 000500
                 VDIFF completed...       0.1370 seconds
                COUPLE completed...       0.0025 seconds
                  HADV completed...       0.1495 seconds
                  ZADV completed...       0.0166 seconds
                 HDIFF completed...       0.0090 seconds
              DECOUPLE completed...       0.0027 seconds
                  PHOT completed...       0.0392 seconds
               CLDPROC completed...       0.0067 seconds
                  CHEM completed...       0.3697 seconds
                  AERO completed...       0.1753 seconds
            Master Time Step
            Processing completed...       0.9101 seconds
 
     Processing Day/Time [YYYYDDD:HHMMSS]: 2022183:202500
       Which is Equivalent to (UTC): 20:25:00 Saturday,  July 2, 2022
       Time-Step Length (HHMMSS): 000500
                 VDIFF completed...       0.1246 seconds
                COUPLE completed...       0.0027 seconds
                  HADV completed...       0.1518 seconds
                  ZADV completed...       0.0169 seconds
                 HDIFF completed...       0.0191 seconds
              DECOUPLE completed...       0.0028 seconds
                  PHOT completed...       0.0409 seconds
               CLDPROC completed...       0.0104 seconds
                  CHEM completed...       0.3694 seconds
                  AERO completed...       0.1723 seconds
            Master Time Step
            Processing completed...       0.9138 seconds
 
     Processing Day/Time [YYYYDDD:HHMMSS]: 2022183:203000
       Which is Equivalent to (UTC): 20:30:00 Saturday,  July 2, 2022
       Time-Step Length (HHMMSS): 000500
                 VDIFF completed...       0.1274 seconds
                COUPLE completed...       0.0025 seconds
                  HADV completed...       0.1515 seconds
                  ZADV completed...       0.0173 seconds
                 HDIFF completed...       0.0173 seconds
              DECOUPLE completed...       0.0027 seconds
                  PHOT completed...       0.0408 seconds
               CLDPROC completed...       0.0095 seconds
                  CHEM completed...       0.3671 seconds
                  AERO completed...       0.1705 seconds
            Master Time Step
            Processing completed...       0.9090 seconds
 
     Processing Day/Time [YYYYDDD:HHMMSS]: 2022183:203500
       Which is Equivalent to (UTC): 20:35:00 Saturday,  July 2, 2022
       Time-Step Length (HHMMSS): 000500
                 VDIFF completed...       0.1361 seconds
                COUPLE completed...       0.0025 seconds
                  HADV completed...       0.1459 seconds
                  ZADV completed...       0.0182 seconds
                 HDIFF completed...       0.0157 seconds
              DECOUPLE completed...       0.0026 seconds
                  PHOT completed...       0.0394 seconds
               CLDPROC completed...       0.0064 seconds
                  CHEM completed...       0.3679 seconds
                  AERO completed...       0.1720 seconds
            Master Time Step
            Processing completed...       0.9091 seconds
 
     Processing Day/Time [YYYYDDD:HHMMSS]: 2022183:204000
       Which is Equivalent to (UTC): 20:40:00 Saturday,  July 2, 2022
       Time-Step Length (HHMMSS): 000500
                 VDIFF completed...       0.1255 seconds
                COUPLE completed...       0.0027 seconds
                  HADV completed...       0.1521 seconds
                  ZADV completed...       0.0173 seconds
                 HDIFF completed...       0.0151 seconds
              DECOUPLE completed...       0.0026 seconds
                  PHOT completed...       0.0408 seconds
               CLDPROC completed...       0.0086 seconds
                  CHEM completed...       0.3678 seconds
                  AERO completed...       0.1701 seconds
            Master Time Step
            Processing completed...       0.9051 seconds
 
     Processing Day/Time [YYYYDDD:HHMMSS]: 2022183:204500
       Which is Equivalent to (UTC): 20:45:00 Saturday,  July 2, 2022
       Time-Step Length (HHMMSS): 000500
                 VDIFF completed...       0.1101 seconds
                COUPLE completed...       0.0025 seconds
                  HADV completed...       0.1658 seconds
                  ZADV completed...       0.0168 seconds
                 HDIFF completed...       0.0191 seconds
              DECOUPLE completed...       0.0028 seconds
                  PHOT completed...       0.0413 seconds
               CLDPROC completed...       0.0086 seconds
                  CHEM completed...       0.3659 seconds
                  AERO completed...       0.1711 seconds
            Master Time Step
            Processing completed...       0.9063 seconds
 
     Processing Day/Time [YYYYDDD:HHMMSS]: 2022183:205000
       Which is Equivalent to (UTC): 20:50:00 Saturday,  July 2, 2022
       Time-Step Length (HHMMSS): 000500
                 VDIFF completed...       0.1348 seconds
                COUPLE completed...       0.0025 seconds
                  HADV completed...       0.1380 seconds
                  ZADV completed...       0.0168 seconds
                 HDIFF completed...       0.0124 seconds
              DECOUPLE completed...       0.0027 seconds
                  PHOT completed...       0.0394 seconds
               CLDPROC completed...       0.0071 seconds
                  CHEM completed...       0.3638 seconds
                  AERO completed...       0.1748 seconds
            Master Time Step
            Processing completed...       0.8944 seconds
 
     Processing Day/Time [YYYYDDD:HHMMSS]: 2022183:205500
       Which is Equivalent to (UTC): 20:55:00 Saturday,  July 2, 2022
       Time-Step Length (HHMMSS): 000500
                 VDIFF completed...       0.2185 seconds
                COUPLE completed...       0.0029 seconds
                  HADV completed...       0.0781 seconds
                  ZADV completed...       0.0176 seconds
                 HDIFF completed...       0.0122 seconds
              DECOUPLE completed...       0.0027 seconds
                  PHOT completed...       0.0406 seconds
               CLDPROC completed...       0.0492 seconds
                  CHEM completed...       0.3652 seconds
                  AERO completed...       0.1728 seconds
            Master Time Step
            Processing completed...       0.9622 seconds
 
      =--> Data Output completed...       0.1237 seconds
 
     Processing Day/Time [YYYYDDD:HHMMSS]: 2022183:210000
       Which is Equivalent to (UTC): 21:00:00 Saturday,  July 2, 2022
       Time-Step Length (HHMMSS): 000500
                 VDIFF completed...       0.8738 seconds
                COUPLE completed...       0.0026 seconds
                  HADV completed...       0.1921 seconds
                  ZADV completed...       0.0169 seconds
                 HDIFF completed...       0.0099 seconds
              DECOUPLE completed...       0.0027 seconds
                  PHOT completed...       0.0463 seconds
               CLDPROC completed...       0.0118 seconds
                  CHEM completed...       0.3583 seconds
                  AERO completed...       0.1753 seconds
            Master Time Step
            Processing completed...       1.6919 seconds
 
     Processing Day/Time [YYYYDDD:HHMMSS]: 2022183:210500
       Which is Equivalent to (UTC): 21:05:00 Saturday,  July 2, 2022
       Time-Step Length (HHMMSS): 000500
                 VDIFF completed...       0.1238 seconds
                COUPLE completed...       0.0025 seconds
                  HADV completed...       0.1466 seconds
                  ZADV completed...       0.0176 seconds
                 HDIFF completed...       0.0139 seconds
              DECOUPLE completed...       0.0027 seconds
                  PHOT completed...       0.0405 seconds
               CLDPROC completed...       0.0082 seconds
                  CHEM completed...       0.3594 seconds
                  AERO completed...       0.1714 seconds
            Master Time Step
            Processing completed...       0.8893 seconds
 
     Processing Day/Time [YYYYDDD:HHMMSS]: 2022183:211000
       Which is Equivalent to (UTC): 21:10:00 Saturday,  July 2, 2022
       Time-Step Length (HHMMSS): 000500
                 VDIFF completed...       0.1239 seconds
                COUPLE completed...       0.0025 seconds
                  HADV completed...       0.1491 seconds
                  ZADV completed...       0.0168 seconds
                 HDIFF completed...       0.0147 seconds
              DECOUPLE completed...       0.0026 seconds
                  PHOT completed...       0.0396 seconds
               CLDPROC completed...       0.0083 seconds
                  CHEM completed...       0.3541 seconds
                  AERO completed...       0.1757 seconds
            Master Time Step
            Processing completed...       0.8895 seconds
 
     Processing Day/Time [YYYYDDD:HHMMSS]: 2022183:211500
       Which is Equivalent to (UTC): 21:15:00 Saturday,  July 2, 2022
       Time-Step Length (HHMMSS): 000500
                 VDIFF completed...       0.1209 seconds
                COUPLE completed...       0.0026 seconds
                  HADV completed...       0.1455 seconds
                  ZADV completed...       0.0166 seconds
                 HDIFF completed...       0.0121 seconds
              DECOUPLE completed...       0.0026 seconds
                  PHOT completed...       0.0417 seconds
               CLDPROC completed...       0.0108 seconds
                  CHEM completed...       0.3508 seconds
                  AERO completed...       0.1730 seconds
            Master Time Step
            Processing completed...       0.8793 seconds
 
     Processing Day/Time [YYYYDDD:HHMMSS]: 2022183:212000
       Which is Equivalent to (UTC): 21:20:00 Saturday,  July 2, 2022
       Time-Step Length (HHMMSS): 000500
                 VDIFF completed...       0.1274 seconds
                COUPLE completed...       0.0025 seconds
                  HADV completed...       0.1419 seconds
                  ZADV completed...       0.0182 seconds
                 HDIFF completed...       0.0100 seconds
              DECOUPLE completed...       0.0026 seconds
                  PHOT completed...       0.0406 seconds
               CLDPROC completed...       0.0086 seconds
                  CHEM completed...       0.3477 seconds
                  AERO completed...       0.1768 seconds
            Master Time Step
            Processing completed...       0.8786 seconds
 
     Processing Day/Time [YYYYDDD:HHMMSS]: 2022183:212500
       Which is Equivalent to (UTC): 21:25:00 Saturday,  July 2, 2022
       Time-Step Length (HHMMSS): 000500
                 VDIFF completed...       0.1156 seconds
                COUPLE completed...       0.0025 seconds
                  HADV completed...       0.1632 seconds
                  ZADV completed...       0.0164 seconds
                 HDIFF completed...       0.0103 seconds
              DECOUPLE completed...       0.0026 seconds
                  PHOT completed...       0.0389 seconds
               CLDPROC completed...       0.0072 seconds
                  CHEM completed...       0.3469 seconds
                  AERO completed...       0.1735 seconds
            Master Time Step
            Processing completed...       0.8790 seconds
 
     Processing Day/Time [YYYYDDD:HHMMSS]: 2022183:213000
       Which is Equivalent to (UTC): 21:30:00 Saturday,  July 2, 2022
       Time-Step Length (HHMMSS): 000500
                 VDIFF completed...       0.1350 seconds
                COUPLE completed...       0.0025 seconds
                  HADV completed...       0.1399 seconds
                  ZADV completed...       0.0169 seconds
                 HDIFF completed...       0.0204 seconds
              DECOUPLE completed...       0.0026 seconds
                  PHOT completed...       0.0400 seconds
               CLDPROC completed...       0.0064 seconds
                  CHEM completed...       0.3470 seconds
                  AERO completed...       0.1745 seconds
            Master Time Step
            Processing completed...       0.8873 seconds
 
     Processing Day/Time [YYYYDDD:HHMMSS]: 2022183:213500
       Which is Equivalent to (UTC): 21:35:00 Saturday,  July 2, 2022
       Time-Step Length (HHMMSS): 000500
                 VDIFF completed...       0.1201 seconds
                COUPLE completed...       0.0025 seconds
                  HADV completed...       0.1479 seconds
                  ZADV completed...       0.0175 seconds
                 HDIFF completed...       0.0153 seconds
              DECOUPLE completed...       0.0027 seconds
                  PHOT completed...       0.0398 seconds
               CLDPROC completed...       0.0072 seconds
                  CHEM completed...       0.3435 seconds
                  AERO completed...       0.1757 seconds
            Master Time Step
            Processing completed...       0.8750 seconds
 
     Processing Day/Time [YYYYDDD:HHMMSS]: 2022183:214000
       Which is Equivalent to (UTC): 21:40:00 Saturday,  July 2, 2022
       Time-Step Length (HHMMSS): 000500
                 VDIFF completed...       0.1315 seconds
                COUPLE completed...       0.0027 seconds
                  HADV completed...       0.1340 seconds
                  ZADV completed...       0.0175 seconds
                 HDIFF completed...       0.0099 seconds
              DECOUPLE completed...       0.0027 seconds
                  PHOT completed...       0.0390 seconds
               CLDPROC completed...       0.0068 seconds
                  CHEM completed...       0.3431 seconds
                  AERO completed...       0.1737 seconds
            Master Time Step
            Processing completed...       0.8629 seconds
 
     Processing Day/Time [YYYYDDD:HHMMSS]: 2022183:214500
       Which is Equivalent to (UTC): 21:45:00 Saturday,  July 2, 2022
       Time-Step Length (HHMMSS): 000500
                 VDIFF completed...       0.1245 seconds
                COUPLE completed...       0.0025 seconds
                  HADV completed...       0.1506 seconds
                  ZADV completed...       0.0173 seconds
                 HDIFF completed...       0.0084 seconds
              DECOUPLE completed...       0.0026 seconds
                  PHOT completed...       0.0402 seconds
               CLDPROC completed...       0.0089 seconds
                  CHEM completed...       0.3405 seconds
                  AERO completed...       0.1715 seconds
            Master Time Step
            Processing completed...       0.8699 seconds
 
     Processing Day/Time [YYYYDDD:HHMMSS]: 2022183:215000
       Which is Equivalent to (UTC): 21:50:00 Saturday,  July 2, 2022
       Time-Step Length (HHMMSS): 000500
                 VDIFF completed...       0.1307 seconds
                COUPLE completed...       0.0025 seconds
                  HADV completed...       0.1476 seconds
                  ZADV completed...       0.0166 seconds
                 HDIFF completed...       0.0136 seconds
              DECOUPLE completed...       0.0026 seconds
                  PHOT completed...       0.0390 seconds
               CLDPROC completed...       0.0068 seconds
                  CHEM completed...       0.3399 seconds
                  AERO completed...       0.1751 seconds
            Master Time Step
            Processing completed...       0.8765 seconds
 
     Processing Day/Time [YYYYDDD:HHMMSS]: 2022183:215500
       Which is Equivalent to (UTC): 21:55:00 Saturday,  July 2, 2022
       Time-Step Length (HHMMSS): 000500
                 VDIFF completed...       0.2208 seconds
                COUPLE completed...       0.0026 seconds
                  HADV completed...       0.0924 seconds
                  ZADV completed...       0.0175 seconds
                 HDIFF completed...       0.0105 seconds
              DECOUPLE completed...       0.0027 seconds
                  PHOT completed...       0.0408 seconds
               CLDPROC completed...       0.0586 seconds
                  CHEM completed...       0.3434 seconds
                  AERO completed...       0.1737 seconds
            Master Time Step
            Processing completed...       0.9657 seconds
 
      =--> Data Output completed...       0.1287 seconds
 
     Processing Day/Time [YYYYDDD:HHMMSS]: 2022183:220000
       Which is Equivalent to (UTC): 22:00:00 Saturday,  July 2, 2022
       Time-Step Length (HHMMSS): 000500
                 VDIFF completed...       0.8583 seconds
                COUPLE completed...       0.0028 seconds
                  HADV completed...       0.2077 seconds
                  ZADV completed...       0.0176 seconds
                 HDIFF completed...       0.0118 seconds
              DECOUPLE completed...       0.0029 seconds
                  PHOT completed...       0.0501 seconds
               CLDPROC completed...       0.0060 seconds
                  CHEM completed...       0.3377 seconds
                  AERO completed...       0.1755 seconds
            Master Time Step
            Processing completed...       1.6722 seconds
 
     Processing Day/Time [YYYYDDD:HHMMSS]: 2022183:220500
       Which is Equivalent to (UTC): 22:05:00 Saturday,  July 2, 2022
       Time-Step Length (HHMMSS): 000500
                 VDIFF completed...       0.1411 seconds
                COUPLE completed...       0.0025 seconds
                  HADV completed...       0.1151 seconds
                  ZADV completed...       0.0181 seconds
                 HDIFF completed...       0.0089 seconds
              DECOUPLE completed...       0.0026 seconds
                  PHOT completed...       0.0400 seconds
               CLDPROC completed...       0.0080 seconds
                  CHEM completed...       0.3327 seconds
                  AERO completed...       0.1731 seconds
            Master Time Step
            Processing completed...       0.8443 seconds
 
     Processing Day/Time [YYYYDDD:HHMMSS]: 2022183:221000
       Which is Equivalent to (UTC): 22:10:00 Saturday,  July 2, 2022
       Time-Step Length (HHMMSS): 000500
                 VDIFF completed...       0.1146 seconds
                COUPLE completed...       0.0025 seconds
                  HADV completed...       0.1444 seconds
                  ZADV completed...       0.0166 seconds
                 HDIFF completed...       0.0137 seconds
              DECOUPLE completed...       0.0026 seconds
                  PHOT completed...       0.0388 seconds
               CLDPROC completed...       0.0060 seconds
                  CHEM completed...       0.3307 seconds
                  AERO completed...       0.1752 seconds
            Master Time Step
            Processing completed...       0.8473 seconds
 
     Processing Day/Time [YYYYDDD:HHMMSS]: 2022183:221500
       Which is Equivalent to (UTC): 22:15:00 Saturday,  July 2, 2022
       Time-Step Length (HHMMSS): 000500
                 VDIFF completed...       0.1241 seconds
                COUPLE completed...       0.0026 seconds
                  HADV completed...       0.1391 seconds
                  ZADV completed...       0.0169 seconds
                 HDIFF completed...       0.0174 seconds
              DECOUPLE completed...       0.0026 seconds
                  PHOT completed...       0.0395 seconds
               CLDPROC completed...       0.0063 seconds
                  CHEM completed...       0.3285 seconds
                  AERO completed...       0.1722 seconds
            Master Time Step
            Processing completed...       0.8514 seconds
 
     Processing Day/Time [YYYYDDD:HHMMSS]: 2022183:222000
       Which is Equivalent to (UTC): 22:20:00 Saturday,  July 2, 2022
       Time-Step Length (HHMMSS): 000500
                 VDIFF completed...       0.1251 seconds
                COUPLE completed...       0.0026 seconds
                  HADV completed...       0.1305 seconds
                  ZADV completed...       0.0170 seconds
                 HDIFF completed...       0.0146 seconds
              DECOUPLE completed...       0.0026 seconds
                  PHOT completed...       0.0406 seconds
               CLDPROC completed...       0.0092 seconds
                  CHEM completed...       0.3264 seconds
                  AERO completed...       0.1761 seconds
            Master Time Step
            Processing completed...       0.8472 seconds
 
     Processing Day/Time [YYYYDDD:HHMMSS]: 2022183:222500
       Which is Equivalent to (UTC): 22:25:00 Saturday,  July 2, 2022
       Time-Step Length (HHMMSS): 000500
                 VDIFF completed...       0.1221 seconds
                COUPLE completed...       0.0025 seconds
                  HADV completed...       0.1270 seconds
                  ZADV completed...       0.0168 seconds
                 HDIFF completed...       0.0081 seconds
              DECOUPLE completed...       0.0027 seconds
                  PHOT completed...       0.0402 seconds
               CLDPROC completed...       0.0056 seconds
                  CHEM completed...       0.3262 seconds
                  AERO completed...       0.1750 seconds
            Master Time Step
            Processing completed...       0.8279 seconds
 
     Processing Day/Time [YYYYDDD:HHMMSS]: 2022183:223000
       Which is Equivalent to (UTC): 22:30:00 Saturday,  July 2, 2022
       Time-Step Length (HHMMSS): 000500
                 VDIFF completed...       0.1278 seconds
                COUPLE completed...       0.0025 seconds
                  HADV completed...       0.1208 seconds
                  ZADV completed...       0.0175 seconds
                 HDIFF completed...       0.0092 seconds
              DECOUPLE completed...       0.0026 seconds
                  PHOT completed...       0.0396 seconds
               CLDPROC completed...       0.0087 seconds
                  CHEM completed...       0.3211 seconds
                  AERO completed...       0.1758 seconds
            Master Time Step
            Processing completed...       0.8283 seconds
 
     Processing Day/Time [YYYYDDD:HHMMSS]: 2022183:223500
       Which is Equivalent to (UTC): 22:35:00 Saturday,  July 2, 2022
       Time-Step Length (HHMMSS): 000500
                 VDIFF completed...       0.1241 seconds
                COUPLE completed...       0.0026 seconds
                  HADV completed...       0.1222 seconds
                  ZADV completed...       0.0169 seconds
                 HDIFF completed...       0.0100 seconds
              DECOUPLE completed...       0.0027 seconds
                  PHOT completed...       0.0386 seconds
               CLDPROC completed...       0.0058 seconds
                  CHEM completed...       0.3194 seconds
                  AERO completed...       0.1770 seconds
            Master Time Step
            Processing completed...       0.8213 seconds
 
     Processing Day/Time [YYYYDDD:HHMMSS]: 2022183:224000
       Which is Equivalent to (UTC): 22:40:00 Saturday,  July 2, 2022
       Time-Step Length (HHMMSS): 000500
                 VDIFF completed...       0.1332 seconds
                COUPLE completed...       0.0026 seconds
                  HADV completed...       0.1121 seconds
                  ZADV completed...       0.0179 seconds
                 HDIFF completed...       0.0104 seconds
              DECOUPLE completed...       0.0027 seconds
                  PHOT completed...       0.0418 seconds
               CLDPROC completed...       0.0070 seconds
                  CHEM completed...       0.3171 seconds
                  AERO completed...       0.1723 seconds
            Master Time Step
            Processing completed...       0.8202 seconds
 
     Processing Day/Time [YYYYDDD:HHMMSS]: 2022183:224500
       Which is Equivalent to (UTC): 22:45:00 Saturday,  July 2, 2022
       Time-Step Length (HHMMSS): 000500
                 VDIFF completed...       0.1088 seconds
                COUPLE completed...       0.0028 seconds
                  HADV completed...       0.1388 seconds
                  ZADV completed...       0.0171 seconds
                 HDIFF completed...       0.0149 seconds
              DECOUPLE completed...       0.0026 seconds
                  PHOT completed...       0.0396 seconds
               CLDPROC completed...       0.0067 seconds
                  CHEM completed...       0.3153 seconds
                  AERO completed...       0.1723 seconds
            Master Time Step
            Processing completed...       0.8208 seconds
 
     Processing Day/Time [YYYYDDD:HHMMSS]: 2022183:225000
       Which is Equivalent to (UTC): 22:50:00 Saturday,  July 2, 2022
       Time-Step Length (HHMMSS): 000500
                 VDIFF completed...       0.1210 seconds
                COUPLE completed...       0.0025 seconds
                  HADV completed...       0.1234 seconds
                  ZADV completed...       0.0179 seconds
                 HDIFF completed...       0.0129 seconds
              DECOUPLE completed...       0.0028 seconds
                  PHOT completed...       0.0405 seconds
               CLDPROC completed...       0.0058 seconds
                  CHEM completed...       0.3149 seconds
                  AERO completed...       0.1718 seconds
            Master Time Step
            Processing completed...       0.8160 seconds
 
     Processing Day/Time [YYYYDDD:HHMMSS]: 2022183:225500
       Which is Equivalent to (UTC): 22:55:00 Saturday,  July 2, 2022
       Time-Step Length (HHMMSS): 000500
                 VDIFF completed...       0.1884 seconds
                COUPLE completed...       0.0025 seconds
                  HADV completed...       0.0993 seconds
                  ZADV completed...       0.0178 seconds
                 HDIFF completed...       0.0134 seconds
              DECOUPLE completed...       0.0027 seconds
                  PHOT completed...       0.0412 seconds
               CLDPROC completed...       0.0648 seconds
                  CHEM completed...       0.3129 seconds
                  AERO completed...       0.1745 seconds
            Master Time Step
            Processing completed...       0.9203 seconds
 
      =--> Data Output completed...       0.1043 seconds
 
     Processing Day/Time [YYYYDDD:HHMMSS]: 2022183:230000
       Which is Equivalent to (UTC): 23:00:00 Saturday,  July 2, 2022
       Time-Step Length (HHMMSS): 000500
                 VDIFF completed...       0.8547 seconds
                COUPLE completed...       0.0025 seconds
                  HADV completed...       0.1571 seconds
                  ZADV completed...       0.0171 seconds
                 HDIFF completed...       0.0144 seconds
              DECOUPLE completed...       0.0026 seconds
                  PHOT completed...       0.0493 seconds
               CLDPROC completed...       0.0062 seconds
                  CHEM completed...       0.3127 seconds
                  AERO completed...       0.1746 seconds
            Master Time Step
            Processing completed...       1.5929 seconds
 
     Processing Day/Time [YYYYDDD:HHMMSS]: 2022183:230500
       Which is Equivalent to (UTC): 23:05:00 Saturday,  July 2, 2022
       Time-Step Length (HHMMSS): 000500
                 VDIFF completed...       0.1328 seconds
                COUPLE completed...       0.0025 seconds
                  HADV completed...       0.1036 seconds
                  ZADV completed...       0.0185 seconds
                 HDIFF completed...       0.0197 seconds
              DECOUPLE completed...       0.0026 seconds
                  PHOT completed...       0.0404 seconds
               CLDPROC completed...       0.0090 seconds
                  CHEM completed...       0.3092 seconds
                  AERO completed...       0.1730 seconds
            Master Time Step
            Processing completed...       0.8139 seconds
 
     Processing Day/Time [YYYYDDD:HHMMSS]: 2022183:231000
       Which is Equivalent to (UTC): 23:10:00 Saturday,  July 2, 2022
       Time-Step Length (HHMMSS): 000500
                 VDIFF completed...       0.1216 seconds
                COUPLE completed...       0.0025 seconds
                  HADV completed...       0.1080 seconds
                  ZADV completed...       0.0171 seconds
                 HDIFF completed...       0.0110 seconds
              DECOUPLE completed...       0.0026 seconds
                  PHOT completed...       0.0394 seconds
               CLDPROC completed...       0.0091 seconds
                  CHEM completed...       0.3080 seconds
                  AERO completed...       0.1737 seconds
            Master Time Step
            Processing completed...       0.7958 seconds
 
     Processing Day/Time [YYYYDDD:HHMMSS]: 2022183:231500
       Which is Equivalent to (UTC): 23:15:00 Saturday,  July 2, 2022
       Time-Step Length (HHMMSS): 000500
                 VDIFF completed...       0.1296 seconds
                COUPLE completed...       0.0025 seconds
                  HADV completed...       0.0908 seconds
                  ZADV completed...       0.0172 seconds
                 HDIFF completed...       0.0154 seconds
              DECOUPLE completed...       0.0029 seconds
                  PHOT completed...       0.0403 seconds
               CLDPROC completed...       0.0057 seconds
                  CHEM completed...       0.3007 seconds
                  AERO completed...       0.1759 seconds
            Master Time Step
            Processing completed...       0.7832 seconds
 
     Processing Day/Time [YYYYDDD:HHMMSS]: 2022183:232000
       Which is Equivalent to (UTC): 23:20:00 Saturday,  July 2, 2022
       Time-Step Length (HHMMSS): 000500
                 VDIFF completed...       0.1369 seconds
                COUPLE completed...       0.0025 seconds
                  HADV completed...       0.0864 seconds
                  ZADV completed...       0.0180 seconds
                 HDIFF completed...       0.0156 seconds
              DECOUPLE completed...       0.0027 seconds
                  PHOT completed...       0.0398 seconds
               CLDPROC completed...       0.0082 seconds
                  CHEM completed...       0.2957 seconds
                  AERO completed...       0.1733 seconds
            Master Time Step
            Processing completed...       0.7819 seconds
 
     Processing Day/Time [YYYYDDD:HHMMSS]: 2022183:232500
       Which is Equivalent to (UTC): 23:25:00 Saturday,  July 2, 2022
       Time-Step Length (HHMMSS): 000500
                 VDIFF completed...       0.1280 seconds
                COUPLE completed...       0.0025 seconds
                  HADV completed...       0.0933 seconds
                  ZADV completed...       0.0185 seconds
                 HDIFF completed...       0.0227 seconds
              DECOUPLE completed...       0.0027 seconds
                  PHOT completed...       0.0407 seconds
               CLDPROC completed...       0.0091 seconds
                  CHEM completed...       0.2951 seconds
                  AERO completed...       0.1737 seconds
            Master Time Step
            Processing completed...       0.7890 seconds
 
     Processing Day/Time [YYYYDDD:HHMMSS]: 2022183:233000
       Which is Equivalent to (UTC): 23:30:00 Saturday,  July 2, 2022
       Time-Step Length (HHMMSS): 000500
                 VDIFF completed...       0.1138 seconds
                COUPLE completed...       0.0027 seconds
                  HADV completed...       0.0880 seconds
                  ZADV completed...       0.0172 seconds
                 HDIFF completed...       0.0109 seconds
              DECOUPLE completed...       0.0027 seconds
                  PHOT completed...       0.0387 seconds
               CLDPROC completed...       0.0050 seconds
                  CHEM completed...       0.2932 seconds
                  AERO completed...       0.1766 seconds
            Master Time Step
            Processing completed...       0.7508 seconds
 
     Processing Day/Time [YYYYDDD:HHMMSS]: 2022183:233500
       Which is Equivalent to (UTC): 23:35:00 Saturday,  July 2, 2022
       Time-Step Length (HHMMSS): 000500
                 VDIFF completed...       0.1255 seconds
                COUPLE completed...       0.0028 seconds
                  HADV completed...       0.0796 seconds
                  ZADV completed...       0.0178 seconds
                 HDIFF completed...       0.0088 seconds
              DECOUPLE completed...       0.0026 seconds
                  PHOT completed...       0.0410 seconds
               CLDPROC completed...       0.0071 seconds
                  CHEM completed...       0.2883 seconds
                  AERO completed...       0.1742 seconds
            Master Time Step
            Processing completed...       0.7503 seconds
 
     Processing Day/Time [YYYYDDD:HHMMSS]: 2022183:234000
       Which is Equivalent to (UTC): 23:40:00 Saturday,  July 2, 2022
       Time-Step Length (HHMMSS): 000500
                 VDIFF completed...       0.1409 seconds
                COUPLE completed...       0.0026 seconds
                  HADV completed...       0.1003 seconds
                  ZADV completed...       0.0180 seconds
                 HDIFF completed...       0.0101 seconds
              DECOUPLE completed...       0.0027 seconds
                  PHOT completed...       0.0401 seconds
               CLDPROC completed...       0.0063 seconds
                  CHEM completed...       0.2843 seconds
                  AERO completed...       0.1772 seconds
            Master Time Step
            Processing completed...       0.7849 seconds
 
     Processing Day/Time [YYYYDDD:HHMMSS]: 2022183:234500
       Which is Equivalent to (UTC): 23:45:00 Saturday,  July 2, 2022
       Time-Step Length (HHMMSS): 000500
                 VDIFF completed...       0.1292 seconds
                COUPLE completed...       0.0025 seconds
                  HADV completed...       0.0797 seconds
                  ZADV completed...       0.0170 seconds
                 HDIFF completed...       0.0116 seconds
              DECOUPLE completed...       0.0026 seconds
                  PHOT completed...       0.0384 seconds
               CLDPROC completed...       0.0050 seconds
                  CHEM completed...       0.2792 seconds
                  AERO completed...       0.1771 seconds
            Master Time Step
            Processing completed...       0.7440 seconds
 
     Processing Day/Time [YYYYDDD:HHMMSS]: 2022183:235000
       Which is Equivalent to (UTC): 23:50:00 Saturday,  July 2, 2022
       Time-Step Length (HHMMSS): 000500
                 VDIFF completed...       0.1303 seconds
                COUPLE completed...       0.0025 seconds
                  HADV completed...       0.0804 seconds
                  ZADV completed...       0.0182 seconds
                 HDIFF completed...       0.0163 seconds
              DECOUPLE completed...       0.0026 seconds
                  PHOT completed...       0.0391 seconds
               CLDPROC completed...       0.0046 seconds
                  CHEM completed...       0.2748 seconds
                  AERO completed...       0.1731 seconds
            Master Time Step
            Processing completed...       0.7443 seconds
 
     Processing Day/Time [YYYYDDD:HHMMSS]: 2022183:235500
       Which is Equivalent to (UTC): 23:55:00 Saturday,  July 2, 2022
       Time-Step Length (HHMMSS): 000500
                 VDIFF completed...       0.2760 seconds
                COUPLE completed...       0.0025 seconds
                  HADV completed...       0.0933 seconds
                  ZADV completed...       0.0190 seconds
                 HDIFF completed...       0.0113 seconds
              DECOUPLE completed...       0.0027 seconds
                  PHOT completed...       0.0392 seconds
               CLDPROC completed...       0.0534 seconds
                  CHEM completed...       0.2731 seconds
                  AERO completed...       0.1744 seconds
            Master Time Step
            Processing completed...       0.9470 seconds
 
      =--> Data Output completed...       0.0886 seconds
 
 
 
     ==============================================
     |>---   PROGRAM COMPLETED SUCCESSFULLY   ---<|
     ==============================================
     Date and time 0:00:00   July 3, 2022   (2022184:000000)
 
     The elapsed time for this simulation was     275.4 seconds.
 

CMAQ Processing of Day 20220702 Finished at Tue Aug 18 02:44:01 PM EDT 2026

\\\\\=====\\\\\=====\\\\\=====\\\\\=====/////=====/////=====/////=====/////


==================================
  ***** CMAQ TIMING REPORT *****
==================================
Start Day: 2022-07-01
End Day:   2022-07-02
Number of Simulation Days: 2
Domain Name:               SE60BENCH
Number of Grid Cells:      280000  (ROW x COL x LAY)
Number of Layers:          35
Number of Processes:       64
   All times are in seconds.

Num  Day        Wall Time
01   2022-07-01   276.5
02   2022-07-02   275.4
     Total Time = 551.90
      Avg. Time = 275.95
