Start Model Run At  Thu Aug 6 09:42:24 AM EDT 2026
Compiler is set to gcc

Working Directory is /proj/ie/proj/CMAS/CMAQ/CMAQ_CMAS_6/openmpi_5.0.9_gcc_15.2.0/CCTM/scripts
Build Directory is /proj/ie/proj/CMAS/CMAQ/CMAQ_CMAS_6/openmpi_5.0.9_gcc_15.2.0/CCTM/scripts/BLD_CCTM_v6_gcc
Output Directory is /work/users/l/i/lizadams/CMAQv6.0_2022_12SE1_Benchmark_2day//output_CCTM_v6_gcc_Bench_2022_12SE1
Log Directory is /work/users/l/i/lizadams/CMAQv6.0_2022_12SE1_Benchmark_2day//output_CCTM_v6_gcc_Bench_2022_12SE1/LOGS
Executable Name is CCTM_v6.exe

---CMAQ EXECUTION ID: CMAQ_CCTMv6_lizadams_20260806_134224_280368741 ---

Set up input and output files for Day 2022-07-01.

Existing Logs and Output Files for Day 2022-07-01 Will Be Deleted

CMAQ Processing of Day 20220701 Began at Thu Aug  6 09:42:24 AM EDT 2026

                  CTM_APPL  |  v6_gcc_Bench_2022_12SE1_20220701
#================================================================================#        
#|                                                                              |#        
#|               The Community Multiscale Air Quality (CMAQ) Model              |#        
#|                                  Version 6.0_alpha1                          |#        
#|                                                                              |#        
#|                          Built and Maintained by the                         |#        
#|                        Office of Research and Development                    |#        
#|                   United States Environmental Protection Agency              |#        
#|                                                                              |#        
#|                            https://www.epa.gov/cmaq                          |#        
#|                                                                              |#        
#|       Source Code:   https://www.github.com/USEPA/cmaq/tree/master           |#        
#|       Documentation: https://www.github.com/USEPA/cmaq/tree/master/DOCS      |#        
#|                                                                              |#        
#|         The CMAQ Model is tested and released with cooperation from          |#        
#|         the Community Modeling and Analysis System (CMAS) Center via         |#        
#|         contract support. CMAS is managed by the Institute for the           |#        
#|         Environment, University of North Carolina at Chapel Hill.            |#        
#|         CMAS URL: (https://www.cmascenter.org)                               |#        
#|                                                                              |#        
#================================================================================#        


     ==================================
     |>---   INITIALIZE I/O-API   ---<|
     ==================================
                                                                     
     This program uses the EPA-AREAL/MCNC-EnvPgms/BAMS/ UNC IE       
     Models-3 I/O Applications Programming Interface, [I/O API]      
     which is built on top of the netCDF I/O library (Copyright      
     993, 1996 University Corporation for Atmospheric Research       
     Unidata Program) and the PVM parallel-programming library       
     (from Oak Ridge National Laboratory).                           
     Copyright (C) 1992-2002 MCNC,                                   
     (C) 1992-2018 Carlie J. Coats, Jr.,                             
     (C) 2003-2012 Baron Advanced Meteorological Systems, LLC, and   
     (C) 2014-2023 UNC Institute for the Environment.                
     Released under the GNU LGPL  License, version 2.1.  See URL     
                                                                     
         https://www.gnu.org/licenses/old-licenses/lgpl-2.1.html     
                                                                     
     for conditions of use.                                          
                                                                     
     ioapi-3.2: $Id: init3.F90 247 2023-03-22 15:59:19Z coats $
     netCDF version 4.9.3 of Jul 30 2026 17:08:34 $
      


     ===========================================
     |>---   ENVIRONMENT VARIABLE REPORT   ---<|
     ===========================================

     |> Grid and High-Level Model Parameters:
     +=========================================
        ---Env Variable---  |  ---Value---
      --------------------------------------------------------------------------------
                       BLD  |             (default)
                    OUTDIR  |  /work/users/l/i/lizadams/CMAQv6.0_2022_12SE1_Benchmark_2day//output_CCTM_v6_gcc_Bench_2022_12SE1
                 NEW_START  |          T
            IGNORE_SOILINP  |          F (default)
              EXECUTION_ID  |  CMAQ_CCTMv6_lizadams_20260806_134224_280368741
                 GRID_NAME  |  SE60BENCH
                 CTM_TSTEP  |       10000
                CTM_RUNLEN  |      240000
              CTM_PROGNAME  |  DRIVER (default)
                CTM_STDATE  |     2022182
                CTM_STTIME  |           0
               NPCOL_NPROW  |  8 4
               CTM_MAXSYNC  |         300
               CTM_MINSYNC  |          60

     |> Multiprocess control, output and error checking:
     +====================================================
        ---Env Variable---  |  ---Value---
      --------------------------------------------------------------------------------
           PRINT_PROC_TIME  |          T
               FL_ERR_STOP  |          F
              CTM_MIO_FILE  |          F (default)
                 CTM_CKSUM  |          T
          AVG_FILE_ENDTIME  |          F
             AVG_CONC_SPCS  |  ALL
                 CONC_SPCS  |  O3 NO ANO3I ANO3J NO2 NH3 ANH4I ANH4J ASO4I ASO4J
           ACONC_BLEV_ELEV  |   1 1
            CONC_BLEV_ELEV  |   1 1
           IOAPI_LOG_WRITE  |          F
                   VERTEXT  |          F
        VERTEXT_COORD_PATH  |  /proj/ie/proj/CMAS/CMAQ/CMAQ_CMAS_6/openmpi_5.0.9_gcc_15.2.0/CCTM/scripts/lonlat.csv
             gc_matrix_nml  |  /proj/ie/proj/CMAS/CMAQ/CMAQ_CMAS_6/openmpi_5.0.9_gcc_15.2.0/CCTM/scripts/BLD_CCTM_v6_gcc/GC_cracmm3.nml
             ae_matrix_nml  |  /proj/ie/proj/CMAS/CMAQ/CMAQ_CMAS_6/openmpi_5.0.9_gcc_15.2.0/CCTM/scripts/BLD_CCTM_v6_gcc/AE_cracmm3.nml
             nr_matrix_nml  |  /proj/ie/proj/CMAS/CMAQ/CMAQ_CMAS_6/openmpi_5.0.9_gcc_15.2.0/CCTM/scripts/BLD_CCTM_v6_gcc/NR_cracmm3.nml
             tr_matrix_nml  |  /proj/ie/proj/CMAS/CMAQ/CMAQ_CMAS_6/openmpi_5.0.9_gcc_15.2.0/CCTM/scripts/BLD_CCTM_v6_gcc/Species_Table_TR_0.nml

     |> Chemistry and Photolysis:
     +=============================
        ---Env Variable---  |  ---Value---
      --------------------------------------------------------------------------------
                      MECH  |  cracmm3
              CTM_PHOTDIAG  |          F
            AEROSOL_OPTICS  |           3

      --ATOL settings are in ppmV.--

             GEAR_MAX_ATOL  |   0.100E-06 (default)
             GEAR_MIN_ATOL  |   0.100E-08 (default)
           GEAR_CONC_FLOOR  |   0.100E-11 (default)
                 GEAR_RTOL  |   0.100E-02 (default)
                   RB_RTOL  |   0.100E-02 (default)
                   RB_ATOL  |   0.100E-06 (default)
                  CTM_PVO3  |          F

     |> Aerosols:
     +=============
        ---Env Variable---  |  ---Value---
      --------------------------------------------------------------------------------
                   AERO_MT  |  HYB
            AERO_DYN_TSTEP  |          90
             BC_AERO_M2WET  |          F
             BC_AERO_M2USE  |          T
              STM_SO4TRACK  |          F

     |> Cloud Processes:
     +====================
        ---Env Variable---  |  ---Value---
      --------------------------------------------------------------------------------
                  CLD_DIAG  |          F

     |> Air-Surface Exchange Processes:
     +===================================
        ---Env Variable---  |  ---Value---
      --------------------------------------------------------------------------------
                PX_VERSION  |          T
                CTM_ABFLUX  |          T
                CTM_MOSAIC  |          F
              CTM_SFC_HONO  |          T
               CLM_VERSION  |          F
              NOAH_VERSION  |          F
             CTM_DEPV_FILE  |          F
                CTM_HGBIDI  |          F
         CTM_BIDI_FERT_NH3  |          T
             CTM_USE_STAGE  |          T
           CTM_WBDUST_BELD  |  UNKNOWN (default)
             STAGECTRL_NML  |  /proj/ie/proj/CMAS/CMAQ/CMAQ_CMAS_6/openmpi_5.0.9_gcc_15.2.0/CCTM/scripts/BLD_CCTM_v6_gcc/CMAQ_Control_STAGE.nml
             CTM_STAGE_P22  |          F
             CTM_STAGE_E20  |          T
             CTM_STAGE_S22  |          F

     |> Transport Processes:
     +========================
        ---Env Variable---  |  ---Value---
      --------------------------------------------------------------------------------
           VDIFF_DIAG_FILE  |          F
            SIGMA_SYNC_TOP  |   0.700E+00
              ADV_HDIV_LIM  |   0.900E+00 (default)
               CTM_ADV_CFL  |   0.950E+00
                     KZMIN  |          T
                KZU_CUSTOM  |   0.100E+01 (default)
                  CTM_WVEL  |          T
             CTM_GRAV_SETL  |          T

     |> Emissions Parameters:
     +=========================
        ---Env Variable---  |  ---Value---
      --------------------------------------------------------------------------------
             CMAQ_CTRL_NML  |  /proj/ie/proj/CMAS/CMAQ/CMAQ_CMAS_6/openmpi_5.0.9_gcc_15.2.0/CCTM/scripts/BLD_CCTM_v6_gcc/CMAQ_Control.nml
          CMAQ_CH_CTRL_NML  |  /proj/ie/proj/CMAS/CMAQ/CMAQ_CMAS_6/openmpi_5.0.9_gcc_15.2.0/CCTM/scripts/BLD_CCTM_v6_gcc/CMAQ_Chem_Control_cracmm3.nml
                 N_EMIS_GR  |           2
                 N_EMIS_TR  |           0 (default)
               CTM_EMISCHK  |          F
           CTM_BIOGEMIS_BE  |          T
           CTM_BIOGEMIS_MG  |          F
             USE_MEGAN_LAI  |          F (default)
              MGN_ONLN_DEP  |          F (default)
               BDSNP_MEGAN  |          F
                USE_SEGA_N  |          F
             USE_SEGA_N_EF  |          F
                 BIOG_SPRO  |  DEFAULT (default)
                B3GTS_DIAG  |          F
              CTM_MGEMDIAG  |          F (default)
            CTM_OCEAN_CHEM  |          T
               CTM_WB_DUST  |          T
             CTM_BROWN_VEG  |          T
           CTM_DUSTEM_DIAG  |          F
              CTM_SSEMDIAG  |          F
              CTM_MET_EMIS  |          F (default)
         CTM_MET_EMIS_DIAG  |          F (default)
          CTM_MET_EMIS_HUM  |          F (default)
            CTM_LNO_ONLINE  |          T
             LTNG_ASSIM_DT  |           0 (default)
             USE_LTNG_DATA  |          T
                  LTNGDIAG  |          F
                   MOLSNCG  |   0.350E+03 (default)
                   MOLSNIC  |   0.350E+03 (default)
                LNO_OPTION  |           1
                 N_EMIS_PT  |          11
                    IPVERT  |           0 (default)
             EMIS_SYM_DATE  |          F (default)

     |> Process Analysis Parameters:
     +================================
        ---Env Variable---  |  ---Value---
      --------------------------------------------------------------------------------
                CTM_PROCAN  |          F
                CTM_BUDGET  |  /work/users/l/i/lizadams/CMAQv6.0_2022_12SE1_Benchmark_2day//output_CCTM_v6_gcc_Bench_2022_12SE1/CCTM_BUDGET_v6_gcc_Bench_2022_12SE1_20220701.txt -v
                 MET_TSTEP  |       10000 (default)

     MET data determined based on WRF ARW version 4.4.2


          -=-  MPP Processor-to-Subdomain Map  -=-
                 Number of Processors =  32
    ____________________________________________________
    |                                                  |
    |  PE    #Cols    Col_Range     #Rows    Row_Range |
    |__________________________________________________|
    |                                                  |
    |  0       13      1:  13         20      1:  20   |
    |  1       13     14:  26         20      1:  20   |
    |  2       13     27:  39         20      1:  20   |
    |  3       13     40:  52         20      1:  20   |
    |  4       12     53:  64         20      1:  20   |
    |  5       12     65:  76         20      1:  20   |
    |  6       12     77:  88         20      1:  20   |
    |  7       12     89: 100         20      1:  20   |
    |  8       13      1:  13         20     21:  40   |
    |  9       13     14:  26         20     21:  40   |
    | 10       13     27:  39         20     21:  40   |
    | 11       13     40:  52         20     21:  40   |
    | 12       12     53:  64         20     21:  40   |
    | 13       12     65:  76         20     21:  40   |
    | 14       12     77:  88         20     21:  40   |
    | 15       12     89: 100         20     21:  40   |
    | 16       13      1:  13         20     41:  60   |
    | 17       13     14:  26         20     41:  60   |
    | 18       13     27:  39         20     41:  60   |
    | 19       13     40:  52         20     41:  60   |
    | 20       12     53:  64         20     41:  60   |
    | 21       12     65:  76         20     41:  60   |
    | 22       12     77:  88         20     41:  60   |
    | 23       12     89: 100         20     41:  60   |
    | 24       13      1:  13         20     61:  80   |
    | 25       13     14:  26         20     61:  80   |
    | 26       13     27:  39         20     61:  80   |
    | 27       13     40:  52         20     61:  80   |
    | 28       12     53:  64         20     61:  80   |
    | 29       12     65:  76         20     61:  80   |
    | 30       12     77:  88         20     61:  80   |
    | 31       12     89: 100         20     61:  80   |
    |__________________________________________________|



     ================================
     |>---   TIME INTEGRATION   ---<|
     ================================

     Processing Day/Time [YYYYDDD:HHMMSS]: 2022182:000000
       Which is Equivalent to (UTC): 0:00:00  Friday,  July 1, 2022
       Time-Step Length (HHMMSS): 000500
                 VDIFF completed...      14.8162 seconds
                COUPLE completed...       0.0045 seconds
                  HADV completed...      41.9938 seconds
                  ZADV completed...       0.0364 seconds
                 HDIFF completed...       0.0588 seconds
              DECOUPLE completed...       0.0045 seconds
                  PHOT completed...       1.6190 seconds
               CLDPROC completed...       0.0464 seconds
                  CHEM completed...       0.5132 seconds
                  AERO completed...       0.3346 seconds
            Master Time Step
            Processing completed...      59.4281 seconds

     Processing Day/Time [YYYYDDD:HHMMSS]: 2022182:000500
       Which is Equivalent to (UTC): 0:05:00  Friday,  July 1, 2022
       Time-Step Length (HHMMSS): 000500
                 VDIFF completed...       3.8315 seconds
                COUPLE completed...       0.0047 seconds
                  HADV completed...       1.1476 seconds
                  ZADV completed...       0.0364 seconds
                 HDIFF completed...       0.0651 seconds
              DECOUPLE completed...       0.0045 seconds
                  PHOT completed...       0.1576 seconds
               CLDPROC completed...       0.1066 seconds
                  CHEM completed...       0.5085 seconds
                  AERO completed...       0.3867 seconds
            Master Time Step
            Processing completed...       6.2497 seconds

     Processing Day/Time [YYYYDDD:HHMMSS]: 2022182:001000
       Which is Equivalent to (UTC): 0:10:00  Friday,  July 1, 2022
       Time-Step Length (HHMMSS): 000500
                 VDIFF completed...       3.1599 seconds
                COUPLE completed...       0.0063 seconds
                  HADV completed...       0.2862 seconds
                  ZADV completed...       0.0381 seconds
                 HDIFF completed...       0.0529 seconds
              DECOUPLE completed...       0.0045 seconds
                  PHOT completed...       0.1011 seconds
               CLDPROC completed...       0.0232 seconds
                  CHEM completed...       0.5040 seconds
                  AERO completed...       0.3637 seconds
            Master Time Step
            Processing completed...       4.5405 seconds

     Processing Day/Time [YYYYDDD:HHMMSS]: 2022182:001500
       Which is Equivalent to (UTC): 0:15:00  Friday,  July 1, 2022
       Time-Step Length (HHMMSS): 000500
                 VDIFF completed...       1.2691 seconds
                COUPLE completed...       0.0044 seconds
                  HADV completed...       1.4304 seconds
                  ZADV completed...       0.0353 seconds
                 HDIFF completed...       0.0425 seconds
              DECOUPLE completed...       0.0045 seconds
                  PHOT completed...       0.0617 seconds
               CLDPROC completed...       0.0995 seconds
                  CHEM completed...       0.5012 seconds
                  AERO completed...       0.2746 seconds
            Master Time Step
            Processing completed...       3.7233 seconds

     Processing Day/Time [YYYYDDD:HHMMSS]: 2022182:002000
       Which is Equivalent to (UTC): 0:20:00  Friday,  July 1, 2022
       Time-Step Length (HHMMSS): 000500
                 VDIFF completed...       1.5791 seconds
                COUPLE completed...       0.0046 seconds
                  HADV completed...       3.4072 seconds
                  ZADV completed...       0.0363 seconds
                 HDIFF completed...       0.1062 seconds
              DECOUPLE completed...       0.0045 seconds
                  PHOT completed...       0.1037 seconds
               CLDPROC completed...       0.0982 seconds
                  CHEM completed...       0.4972 seconds
                  AERO completed...       0.3055 seconds
            Master Time Step
            Processing completed...       6.1426 seconds

     Processing Day/Time [YYYYDDD:HHMMSS]: 2022182:002500
       Which is Equivalent to (UTC): 0:25:00  Friday,  July 1, 2022
       Time-Step Length (HHMMSS): 000500
                 VDIFF completed...       0.6314 seconds
                COUPLE completed...       0.0044 seconds
                  HADV completed...       5.8038 seconds
                  ZADV completed...       0.0355 seconds
                 HDIFF completed...       0.0266 seconds
              DECOUPLE completed...       0.0045 seconds
                  PHOT completed...       0.0577 seconds
               CLDPROC completed...       0.0109 seconds
                  CHEM completed...       0.5048 seconds
                  AERO completed...       0.3625 seconds
            Master Time Step
            Processing completed...       7.4424 seconds

     Processing Day/Time [YYYYDDD:HHMMSS]: 2022182:003000
       Which is Equivalent to (UTC): 0:30:00  Friday,  July 1, 2022
       Time-Step Length (HHMMSS): 000500
                 VDIFF completed...       2.5914 seconds
                COUPLE completed...       0.0046 seconds
                  HADV completed...       3.4780 seconds
                  ZADV completed...       0.0377 seconds
                 HDIFF completed...       0.0555 seconds
              DECOUPLE completed...       0.0047 seconds
                  PHOT completed...       0.1221 seconds
               CLDPROC completed...       0.1265 seconds
                  CHEM completed...       0.4684 seconds
                  AERO completed...       0.3002 seconds
            Master Time Step
            Processing completed...       7.1892 seconds

     Processing Day/Time [YYYYDDD:HHMMSS]: 2022182:003500
       Which is Equivalent to (UTC): 0:35:00  Friday,  July 1, 2022
       Time-Step Length (HHMMSS): 000500
                 VDIFF completed...       0.4496 seconds
                COUPLE completed...       0.0044 seconds
                  HADV completed...       6.8324 seconds
                  ZADV completed...       0.0370 seconds
                 HDIFF completed...       0.0434 seconds
              DECOUPLE completed...       0.0046 seconds
                  PHOT completed...       0.0831 seconds
               CLDPROC completed...       0.0364 seconds
                  CHEM completed...       0.3807 seconds
                  AERO completed...       0.3382 seconds
            Master Time Step
            Processing completed...       8.2101 seconds

     Processing Day/Time [YYYYDDD:HHMMSS]: 2022182:004000
       Which is Equivalent to (UTC): 0:40:00  Friday,  July 1, 2022
       Time-Step Length (HHMMSS): 000500
                 VDIFF completed...       5.6932 seconds
                COUPLE completed...       0.0044 seconds
                  HADV completed...       0.4184 seconds
                  ZADV completed...       0.0369 seconds
                 HDIFF completed...       0.0171 seconds
              DECOUPLE completed...       0.0094 seconds
                  PHOT completed...       0.0511 seconds
               CLDPROC completed...       0.0815 seconds
                  CHEM completed...       0.3400 seconds
                  AERO completed...       0.2905 seconds
            Master Time Step
            Processing completed...       6.9430 seconds

     Processing Day/Time [YYYYDDD:HHMMSS]: 2022182:004500
       Which is Equivalent to (UTC): 0:45:00  Friday,  July 1, 2022
       Time-Step Length (HHMMSS): 000500
                 VDIFF completed...       0.2730 seconds
                COUPLE completed...       0.0044 seconds
                  HADV completed...       4.9380 seconds
                  ZADV completed...       0.0375 seconds
                 HDIFF completed...       0.0355 seconds
              DECOUPLE completed...       0.0047 seconds
                  PHOT completed...       0.0642 seconds
               CLDPROC completed...       0.0525 seconds
                  CHEM completed...       0.3111 seconds
                  AERO completed...       0.3778 seconds
            Master Time Step
            Processing completed...       6.0989 seconds

     Processing Day/Time [YYYYDDD:HHMMSS]: 2022182:005000
       Which is Equivalent to (UTC): 0:50:00  Friday,  July 1, 2022
       Time-Step Length (HHMMSS): 000500
                 VDIFF completed...       6.7713 seconds
                COUPLE completed...       0.0044 seconds
                  HADV completed...       0.4075 seconds
                  ZADV completed...       0.0358 seconds
                 HDIFF completed...       0.0215 seconds
              DECOUPLE completed...       0.0045 seconds
                  PHOT completed...       0.0536 seconds
               CLDPROC completed...       0.0739 seconds
                  CHEM completed...       0.2946 seconds
                  AERO completed...       0.3088 seconds
            Master Time Step
            Processing completed...       7.9765 seconds

     Processing Day/Time [YYYYDDD:HHMMSS]: 2022182:005500
       Which is Equivalent to (UTC): 0:55:00  Friday,  July 1, 2022
       Time-Step Length (HHMMSS): 000500
                 VDIFF completed...       5.1781 seconds
                COUPLE completed...       0.0045 seconds
                  HADV completed...       0.8076 seconds
                  ZADV completed...       0.0367 seconds
                 HDIFF completed...       0.0291 seconds
              DECOUPLE completed...       0.0046 seconds
                  PHOT completed...       0.0388 seconds
               CLDPROC completed...       0.1553 seconds
                  CHEM completed...       0.2909 seconds
                  AERO completed...       0.4299 seconds
            Master Time Step
            Processing completed...       6.9759 seconds

      =--> Data Output completed...       0.1264 seconds

     Processing Day/Time [YYYYDDD:HHMMSS]: 2022182:010000
       Which is Equivalent to (UTC): 1:00:00  Friday,  July 1, 2022
       Time-Step Length (HHMMSS): 000500
                 VDIFF completed...       5.5412 seconds
                COUPLE completed...       0.0058 seconds
                  HADV completed...       0.9860 seconds
                  ZADV completed...       0.0403 seconds
                 HDIFF completed...       0.1198 seconds
              DECOUPLE completed...       0.0045 seconds
                  PHOT completed...       0.0325 seconds
               CLDPROC completed...       0.1090 seconds
                  CHEM completed...       0.2917 seconds
                  AERO completed...       0.2997 seconds
            Master Time Step
            Processing completed...       7.4310 seconds

     Processing Day/Time [YYYYDDD:HHMMSS]: 2022182:010500
       Which is Equivalent to (UTC): 1:05:00  Friday,  July 1, 2022
       Time-Step Length (HHMMSS): 000500
                 VDIFF completed...       1.1599 seconds
                COUPLE completed...       0.0044 seconds
                  HADV completed...       6.1518 seconds
                  ZADV completed...       0.0372 seconds
                 HDIFF completed...       0.0372 seconds
              DECOUPLE completed...       0.0046 seconds
                  PHOT completed...       0.0146 seconds
               CLDPROC completed...       0.0336 seconds
                  CHEM completed...       0.2782 seconds
                  AERO completed...       0.2820 seconds
            Master Time Step
            Processing completed...       8.0036 seconds

     Processing Day/Time [YYYYDDD:HHMMSS]: 2022182:011000
       Which is Equivalent to (UTC): 1:10:00  Friday,  July 1, 2022
       Time-Step Length (HHMMSS): 000500
                 VDIFF completed...       5.4040 seconds
                COUPLE completed...       0.0044 seconds
                  HADV completed...       0.1223 seconds
                  ZADV completed...       0.0361 seconds
                 HDIFF completed...       0.0146 seconds
              DECOUPLE completed...       0.0045 seconds
                  PHOT completed...       0.0289 seconds
               CLDPROC completed...       0.1024 seconds
                  CHEM completed...       0.2861 seconds
                  AERO completed...       0.2748 seconds
            Master Time Step
            Processing completed...       6.2787 seconds

     Processing Day/Time [YYYYDDD:HHMMSS]: 2022182:011500
       Which is Equivalent to (UTC): 1:15:00  Friday,  July 1, 2022
       Time-Step Length (HHMMSS): 000500
                 VDIFF completed...       2.4932 seconds
                COUPLE completed...       0.0057 seconds
                  HADV completed...       0.1576 seconds
                  ZADV completed...       0.0364 seconds
                 HDIFF completed...       0.0125 seconds
              DECOUPLE completed...       0.0045 seconds
                  PHOT completed...       0.0053 seconds
               CLDPROC completed...       0.0128 seconds
                  CHEM completed...       0.2581 seconds
                  AERO completed...       0.3619 seconds
            Master Time Step
            Processing completed...       3.3484 seconds

     Processing Day/Time [YYYYDDD:HHMMSS]: 2022182:012000
       Which is Equivalent to (UTC): 1:20:00  Friday,  July 1, 2022
       Time-Step Length (HHMMSS): 000500
                 VDIFF completed...       0.3443 seconds
                COUPLE completed...       0.0044 seconds
                  HADV completed...       5.6946 seconds
                  ZADV completed...       0.0371 seconds
                 HDIFF completed...       0.0393 seconds
              DECOUPLE completed...       0.0047 seconds
                  PHOT completed...       0.0131 seconds
               CLDPROC completed...       0.0620 seconds
                  CHEM completed...       0.2625 seconds
                  AERO completed...       0.2767 seconds
            Master Time Step
            Processing completed...       6.7388 seconds

     Processing Day/Time [YYYYDDD:HHMMSS]: 2022182:012500
       Which is Equivalent to (UTC): 1:25:00  Friday,  July 1, 2022
       Time-Step Length (HHMMSS): 000500
                 VDIFF completed...       4.6364 seconds
                COUPLE completed...       0.0056 seconds
                  HADV completed...       0.4475 seconds
                  ZADV completed...       0.0396 seconds
                 HDIFF completed...       0.0279 seconds
              DECOUPLE completed...       0.0045 seconds
                  PHOT completed...       0.0047 seconds
               CLDPROC completed...       0.0138 seconds
                  CHEM completed...       0.2552 seconds
                  AERO completed...       0.3854 seconds
            Master Time Step
            Processing completed...       5.8212 seconds

     Processing Day/Time [YYYYDDD:HHMMSS]: 2022182:013000
       Which is Equivalent to (UTC): 1:30:00  Friday,  July 1, 2022
       Time-Step Length (HHMMSS): 000500
                 VDIFF completed...       0.1724 seconds
                COUPLE completed...       0.0044 seconds
                  HADV completed...       4.1493 seconds
                  ZADV completed...       0.0395 seconds
                 HDIFF completed...       0.0277 seconds
              DECOUPLE completed...       0.0057 seconds
                  PHOT completed...       0.0460 seconds
               CLDPROC completed...       0.1976 seconds
                  CHEM completed...       0.2696 seconds
                  AERO completed...       0.3406 seconds
            Master Time Step
            Processing completed...       5.2533 seconds

     Processing Day/Time [YYYYDDD:HHMMSS]: 2022182:013500
       Which is Equivalent to (UTC): 1:35:00  Friday,  July 1, 2022
       Time-Step Length (HHMMSS): 000500
                 VDIFF completed...       5.4581 seconds
                COUPLE completed...       0.0047 seconds
                  HADV completed...       0.7972 seconds
                  ZADV completed...       0.0366 seconds
                 HDIFF completed...       0.0541 seconds
              DECOUPLE completed...       0.0045 seconds
                  PHOT completed...       0.0091 seconds
               CLDPROC completed...       0.0141 seconds
                  CHEM completed...       0.2535 seconds
                  AERO completed...       0.2892 seconds
            Master Time Step
            Processing completed...       6.9213 seconds

     Processing Day/Time [YYYYDDD:HHMMSS]: 2022182:014000
       Which is Equivalent to (UTC): 1:40:00  Friday,  July 1, 2022
       Time-Step Length (HHMMSS): 000500
                 VDIFF completed...       0.1733 seconds
                COUPLE completed...       0.0044 seconds
                  HADV completed...       3.9896 seconds
                  ZADV completed...       0.0360 seconds
                 HDIFF completed...       0.0128 seconds
              DECOUPLE completed...       0.0045 seconds
                  PHOT completed...       0.0558 seconds
               CLDPROC completed...       0.1502 seconds
                  CHEM completed...       0.2505 seconds
                  AERO completed...       0.3020 seconds
            Master Time Step
            Processing completed...       4.9793 seconds

     Processing Day/Time [YYYYDDD:HHMMSS]: 2022182:014500
       Which is Equivalent to (UTC): 1:45:00  Friday,  July 1, 2022
       Time-Step Length (HHMMSS): 000500
                 VDIFF completed...       5.9774 seconds
                COUPLE completed...       0.0056 seconds
                  HADV completed...       0.9389 seconds
                  ZADV completed...       0.0395 seconds
                 HDIFF completed...       0.0344 seconds
              DECOUPLE completed...       0.0047 seconds
                  PHOT completed...       0.0100 seconds
               CLDPROC completed...       0.0152 seconds
                  CHEM completed...       0.2532 seconds
                  AERO completed...       0.2884 seconds
            Master Time Step
            Processing completed...       7.5676 seconds

     Processing Day/Time [YYYYDDD:HHMMSS]: 2022182:015000
       Which is Equivalent to (UTC): 1:50:00  Friday,  July 1, 2022
       Time-Step Length (HHMMSS): 000500
                 VDIFF completed...       0.1877 seconds
                COUPLE completed...       0.0044 seconds
                  HADV completed...       6.0278 seconds
                  ZADV completed...       0.0363 seconds
                 HDIFF completed...       0.0122 seconds
              DECOUPLE completed...       0.0046 seconds
                  PHOT completed...       0.0384 seconds
               CLDPROC completed...       0.1085 seconds
                  CHEM completed...       0.2515 seconds
                  AERO completed...       0.2714 seconds
            Master Time Step
            Processing completed...       6.9429 seconds

     Processing Day/Time [YYYYDDD:HHMMSS]: 2022182:015500
       Which is Equivalent to (UTC): 1:55:00  Friday,  July 1, 2022
       Time-Step Length (HHMMSS): 000500
                 VDIFF completed...       7.4397 seconds
                COUPLE completed...       0.0046 seconds
                  HADV completed...       0.7930 seconds
                  ZADV completed...       0.0383 seconds
                 HDIFF completed...       0.0517 seconds
              DECOUPLE completed...       0.0051 seconds
                  PHOT completed...       0.0190 seconds
               CLDPROC completed...       0.1282 seconds
                  CHEM completed...       0.2442 seconds
                  AERO completed...       0.3254 seconds
            Master Time Step
            Processing completed...       9.0495 seconds

      =--> Data Output completed...       0.1239 seconds

     Processing Day/Time [YYYYDDD:HHMMSS]: 2022182:020000
       Which is Equivalent to (UTC): 2:00:00  Friday,  July 1, 2022
       Time-Step Length (HHMMSS): 000500
                 VDIFF completed...       0.5015 seconds
                COUPLE completed...       0.0044 seconds
                  HADV completed...       6.0488 seconds
                  ZADV completed...       0.0374 seconds
                 HDIFF completed...       0.0426 seconds
              DECOUPLE completed...       0.0047 seconds
                  PHOT completed...       0.0423 seconds
               CLDPROC completed...       0.1206 seconds
                  CHEM completed...       0.2422 seconds
                  AERO completed...       0.2904 seconds
            Master Time Step
            Processing completed...       7.3350 seconds

     Processing Day/Time [YYYYDDD:HHMMSS]: 2022182:020500
       Which is Equivalent to (UTC): 2:05:00  Friday,  July 1, 2022
       Time-Step Length (HHMMSS): 000500
                 VDIFF completed...       7.2254 seconds
                COUPLE completed...       0.0061 seconds
                  HADV completed...       0.7128 seconds
                  ZADV completed...       0.0397 seconds
                 HDIFF completed...       0.0698 seconds
              DECOUPLE completed...       0.0048 seconds
                  PHOT completed...       0.0136 seconds
               CLDPROC completed...       0.0351 seconds
                  CHEM completed...       0.2660 seconds
                  AERO completed...       0.3292 seconds
            Master Time Step
            Processing completed...       8.7027 seconds

     Processing Day/Time [YYYYDDD:HHMMSS]: 2022182:021000
       Which is Equivalent to (UTC): 2:10:00  Friday,  July 1, 2022
       Time-Step Length (HHMMSS): 000500
                 VDIFF completed...       0.1627 seconds
                COUPLE completed...       0.0044 seconds
                  HADV completed...       7.2380 seconds
                  ZADV completed...       0.0382 seconds
                 HDIFF completed...       0.0304 seconds
              DECOUPLE completed...       0.0045 seconds
                  PHOT completed...       0.0112 seconds
               CLDPROC completed...       0.1201 seconds
                  CHEM completed...       0.2414 seconds
                  AERO completed...       0.2733 seconds
            Master Time Step
            Processing completed...       8.1243 seconds

     Processing Day/Time [YYYYDDD:HHMMSS]: 2022182:021500
       Which is Equivalent to (UTC): 2:15:00  Friday,  July 1, 2022
       Time-Step Length (HHMMSS): 000500
                 VDIFF completed...       5.0911 seconds
                COUPLE completed...       0.0044 seconds
                  HADV completed...       0.1307 seconds
                  ZADV completed...       0.0364 seconds
                 HDIFF completed...       0.0099 seconds
              DECOUPLE completed...       0.0046 seconds
                  PHOT completed...       0.0053 seconds
               CLDPROC completed...       0.0125 seconds
                  CHEM completed...       0.2385 seconds
                  AERO completed...       0.2718 seconds
            Master Time Step
            Processing completed...       5.8053 seconds

     Processing Day/Time [YYYYDDD:HHMMSS]: 2022182:022000
       Which is Equivalent to (UTC): 2:20:00  Friday,  July 1, 2022
       Time-Step Length (HHMMSS): 000500
                 VDIFF completed...       0.1889 seconds
                COUPLE completed...       0.0045 seconds
                  HADV completed...       6.8998 seconds
                  ZADV completed...       0.0374 seconds
                 HDIFF completed...       0.0460 seconds
              DECOUPLE completed...       0.0046 seconds
                  PHOT completed...       0.0141 seconds
               CLDPROC completed...       0.0241 seconds
                  CHEM completed...       0.2558 seconds
                  AERO completed...       0.3681 seconds
            Master Time Step
            Processing completed...       7.8437 seconds

     Processing Day/Time [YYYYDDD:HHMMSS]: 2022182:022500
       Which is Equivalent to (UTC): 2:25:00  Friday,  July 1, 2022
       Time-Step Length (HHMMSS): 000500
                 VDIFF completed...       2.0515 seconds
                COUPLE completed...       0.0046 seconds
                  HADV completed...       3.9810 seconds
                  ZADV completed...       0.0372 seconds
                 HDIFF completed...       0.0333 seconds
              DECOUPLE completed...       0.0046 seconds
                  PHOT completed...       0.0072 seconds
               CLDPROC completed...       0.1305 seconds
                  CHEM completed...       0.2405 seconds
                  AERO completed...       0.2866 seconds
            Master Time Step
            Processing completed...       6.7774 seconds

     Processing Day/Time [YYYYDDD:HHMMSS]: 2022182:023000
       Which is Equivalent to (UTC): 2:30:00  Friday,  July 1, 2022
       Time-Step Length (HHMMSS): 000500
                 VDIFF completed...       0.2020 seconds
                COUPLE completed...       0.0044 seconds
                  HADV completed...       4.7360 seconds
                  ZADV completed...       0.0375 seconds
                 HDIFF completed...       0.0100 seconds
              DECOUPLE completed...       0.0045 seconds
                  PHOT completed...       0.0064 seconds
               CLDPROC completed...       0.0145 seconds
                  CHEM completed...       0.2362 seconds
                  AERO completed...       0.2816 seconds
            Master Time Step
            Processing completed...       5.5333 seconds

     Processing Day/Time [YYYYDDD:HHMMSS]: 2022182:023500
       Which is Equivalent to (UTC): 2:35:00  Friday,  July 1, 2022
       Time-Step Length (HHMMSS): 000500
                 VDIFF completed...       3.0286 seconds
                COUPLE completed...       0.0074 seconds
                  HADV completed...       0.2552 seconds
                  ZADV completed...       0.0390 seconds
                 HDIFF completed...       0.0375 seconds
              DECOUPLE completed...       0.0045 seconds
                  PHOT completed...       0.0053 seconds
               CLDPROC completed...       0.0127 seconds
                  CHEM completed...       0.2359 seconds
                  AERO completed...       0.2699 seconds
            Master Time Step
            Processing completed...       3.8962 seconds

     Processing Day/Time [YYYYDDD:HHMMSS]: 2022182:024000
       Which is Equivalent to (UTC): 2:40:00  Friday,  July 1, 2022
       Time-Step Length (HHMMSS): 000500
                 VDIFF completed...       0.3137 seconds
                COUPLE completed...       0.0044 seconds
                  HADV completed...       5.2622 seconds
                  ZADV completed...       0.0376 seconds
                 HDIFF completed...       0.0223 seconds
              DECOUPLE completed...       0.0048 seconds
                  PHOT completed...       0.0051 seconds
               CLDPROC completed...       0.0146 seconds
                  CHEM completed...       0.2365 seconds
                  AERO completed...       0.2705 seconds
            Master Time Step
            Processing completed...       6.1719 seconds

     Processing Day/Time [YYYYDDD:HHMMSS]: 2022182:024500
       Which is Equivalent to (UTC): 2:45:00  Friday,  July 1, 2022
       Time-Step Length (HHMMSS): 000500
                 VDIFF completed...       1.7849 seconds
                COUPLE completed...       0.0044 seconds
                  HADV completed...       3.4087 seconds
                  ZADV completed...       0.0370 seconds
                 HDIFF completed...       0.0304 seconds
              DECOUPLE completed...       0.0049 seconds
                  PHOT completed...       0.0440 seconds
               CLDPROC completed...       0.1155 seconds
                  CHEM completed...       0.2380 seconds
                  AERO completed...       0.3698 seconds
            Master Time Step
            Processing completed...       6.0378 seconds

     Processing Day/Time [YYYYDDD:HHMMSS]: 2022182:025000
       Which is Equivalent to (UTC): 2:50:00  Friday,  July 1, 2022
       Time-Step Length (HHMMSS): 000500
                 VDIFF completed...       2.0477 seconds
                COUPLE completed...       0.0045 seconds
                  HADV completed...       1.1005 seconds
                  ZADV completed...       0.0390 seconds
                 HDIFF completed...       0.0614 seconds
              DECOUPLE completed...       0.0045 seconds
                  PHOT completed...       0.0362 seconds
               CLDPROC completed...       0.0453 seconds
                  CHEM completed...       0.2379 seconds
                  AERO completed...       0.2898 seconds
            Master Time Step
            Processing completed...       3.8671 seconds

     Processing Day/Time [YYYYDDD:HHMMSS]: 2022182:025500
       Which is Equivalent to (UTC): 2:55:00  Friday,  July 1, 2022
       Time-Step Length (HHMMSS): 000500
                 VDIFF completed...       4.2969 seconds
                COUPLE completed...       0.0047 seconds
                  HADV completed...       0.4803 seconds
                  ZADV completed...       0.0366 seconds
                 HDIFF completed...       0.0236 seconds
              DECOUPLE completed...       0.0047 seconds
                  PHOT completed...       0.0271 seconds
               CLDPROC completed...       0.2111 seconds
                  CHEM completed...       0.2396 seconds
                  AERO completed...       0.3649 seconds
            Master Time Step
            Processing completed...       5.6896 seconds

      =--> Data Output completed...       0.1341 seconds

     Processing Day/Time [YYYYDDD:HHMMSS]: 2022182:030000
       Which is Equivalent to (UTC): 3:00:00  Friday,  July 1, 2022
       Time-Step Length (HHMMSS): 000500
                 VDIFF completed...       3.5039 seconds
                COUPLE completed...       0.0046 seconds
                  HADV completed...       1.9302 seconds
                  ZADV completed...       0.0373 seconds
                 HDIFF completed...       0.0777 seconds
              DECOUPLE completed...       0.0045 seconds
                  PHOT completed...       0.0438 seconds
               CLDPROC completed...       0.0468 seconds
                  CHEM completed...       0.2404 seconds
                  AERO completed...       0.4123 seconds
            Master Time Step
            Processing completed...       6.3024 seconds

     Processing Day/Time [YYYYDDD:HHMMSS]: 2022182:030500
       Which is Equivalent to (UTC): 3:05:00  Friday,  July 1, 2022
       Time-Step Length (HHMMSS): 000500
                 VDIFF completed...       3.3538 seconds
                COUPLE completed...       0.0044 seconds
                  HADV completed...       3.9237 seconds
                  ZADV completed...       0.0384 seconds
                 HDIFF completed...       0.0452 seconds
              DECOUPLE completed...       0.0045 seconds
                  PHOT completed...       0.0133 seconds
               CLDPROC completed...       0.0366 seconds
                  CHEM completed...       0.2611 seconds
                  AERO completed...       0.3308 seconds
            Master Time Step
            Processing completed...       8.0120 seconds

     Processing Day/Time [YYYYDDD:HHMMSS]: 2022182:031000
       Which is Equivalent to (UTC): 3:10:00  Friday,  July 1, 2022
       Time-Step Length (HHMMSS): 000500
                 VDIFF completed...       0.4138 seconds
                COUPLE completed...       0.0044 seconds
                  HADV completed...       5.4775 seconds
                  ZADV completed...       0.0367 seconds
                 HDIFF completed...       0.0178 seconds
              DECOUPLE completed...       0.0045 seconds
                  PHOT completed...       0.0114 seconds
               CLDPROC completed...       0.0506 seconds
                  CHEM completed...       0.2370 seconds
                  AERO completed...       0.3904 seconds
            Master Time Step
            Processing completed...       6.6443 seconds

     Processing Day/Time [YYYYDDD:HHMMSS]: 2022182:031500
       Which is Equivalent to (UTC): 3:15:00  Friday,  July 1, 2022
       Time-Step Length (HHMMSS): 000500
                 VDIFF completed...       5.6673 seconds
                COUPLE completed...       0.0044 seconds
                  HADV completed...       0.9799 seconds
                  ZADV completed...       0.0384 seconds
                 HDIFF completed...       0.0563 seconds
              DECOUPLE completed...       0.0045 seconds
                  PHOT completed...       0.0205 seconds
               CLDPROC completed...       0.1347 seconds
                  CHEM completed...       0.2524 seconds
                  AERO completed...       0.3414 seconds
            Master Time Step
            Processing completed...       7.4999 seconds

     Processing Day/Time [YYYYDDD:HHMMSS]: 2022182:032000
       Which is Equivalent to (UTC): 3:20:00  Friday,  July 1, 2022
       Time-Step Length (HHMMSS): 000500
                 VDIFF completed...       0.2654 seconds
                COUPLE completed...       0.0044 seconds
                  HADV completed...       5.0830 seconds
                  ZADV completed...       0.0370 seconds
                 HDIFF completed...       0.0429 seconds
              DECOUPLE completed...       0.0046 seconds
                  PHOT completed...       0.0243 seconds
               CLDPROC completed...       0.0292 seconds
                  CHEM completed...       0.2577 seconds
                  AERO completed...       0.2748 seconds
            Master Time Step
            Processing completed...       6.0235 seconds

     Processing Day/Time [YYYYDDD:HHMMSS]: 2022182:032500
       Which is Equivalent to (UTC): 3:25:00  Friday,  July 1, 2022
       Time-Step Length (HHMMSS): 000500
                 VDIFF completed...       5.9190 seconds
                COUPLE completed...       0.0045 seconds
                  HADV completed...       0.4454 seconds
                  ZADV completed...       0.0380 seconds
                 HDIFF completed...       0.0117 seconds
              DECOUPLE completed...       0.0045 seconds
                  PHOT completed...       0.0050 seconds
               CLDPROC completed...       0.0119 seconds
                  CHEM completed...       0.2330 seconds
                  AERO completed...       0.3809 seconds
            Master Time Step
            Processing completed...       7.0541 seconds

     Processing Day/Time [YYYYDDD:HHMMSS]: 2022182:033000
       Which is Equivalent to (UTC): 3:30:00  Friday,  July 1, 2022
       Time-Step Length (HHMMSS): 000500
                 VDIFF completed...       0.3497 seconds
                COUPLE completed...       0.0045 seconds
                  HADV completed...       4.1090 seconds
                  ZADV completed...       0.0370 seconds
                 HDIFF completed...       0.0432 seconds
              DECOUPLE completed...       0.0048 seconds
                  PHOT completed...       0.0240 seconds
               CLDPROC completed...       0.1298 seconds
                  CHEM completed...       0.2507 seconds
                  AERO completed...       0.3253 seconds
            Master Time Step
            Processing completed...       5.2783 seconds

     Processing Day/Time [YYYYDDD:HHMMSS]: 2022182:033500
       Which is Equivalent to (UTC): 3:35:00  Friday,  July 1, 2022
       Time-Step Length (HHMMSS): 000500
                 VDIFF completed...       5.8480 seconds
                COUPLE completed...       0.0044 seconds
                  HADV completed...       0.7340 seconds
                  ZADV completed...       0.0379 seconds
                 HDIFF completed...       0.0273 seconds
              DECOUPLE completed...       0.0045 seconds
                  PHOT completed...       0.0120 seconds
               CLDPROC completed...       0.0301 seconds
                  CHEM completed...       0.2372 seconds
                  AERO completed...       0.3130 seconds
            Master Time Step
            Processing completed...       7.2488 seconds

     Processing Day/Time [YYYYDDD:HHMMSS]: 2022182:034000
       Which is Equivalent to (UTC): 3:40:00  Friday,  July 1, 2022
       Time-Step Length (HHMMSS): 000500
                 VDIFF completed...       0.4310 seconds
                COUPLE completed...       0.0044 seconds
                  HADV completed...       2.4372 seconds
                  ZADV completed...       0.0377 seconds
                 HDIFF completed...       0.0413 seconds
              DECOUPLE completed...       0.0046 seconds
                  PHOT completed...       0.0280 seconds
               CLDPROC completed...       0.1197 seconds
                  CHEM completed...       0.2554 seconds
                  AERO completed...       0.3101 seconds
            Master Time Step
            Processing completed...       3.6695 seconds

     Processing Day/Time [YYYYDDD:HHMMSS]: 2022182:034500
       Which is Equivalent to (UTC): 3:45:00  Friday,  July 1, 2022
       Time-Step Length (HHMMSS): 000500
                 VDIFF completed...       5.5736 seconds
                COUPLE completed...       0.0044 seconds
                  HADV completed...       0.3207 seconds
                  ZADV completed...       0.0368 seconds
                 HDIFF completed...       0.0281 seconds
              DECOUPLE completed...       0.0046 seconds
                  PHOT completed...       0.0135 seconds
               CLDPROC completed...       0.0206 seconds
                  CHEM completed...       0.2346 seconds
                  AERO completed...       0.3151 seconds
            Master Time Step
            Processing completed...       6.5520 seconds

     Processing Day/Time [YYYYDDD:HHMMSS]: 2022182:035000
       Which is Equivalent to (UTC): 3:50:00  Friday,  July 1, 2022
       Time-Step Length (HHMMSS): 000500
                 VDIFF completed...       0.8873 seconds
                COUPLE completed...       0.0044 seconds
                  HADV completed...       4.8523 seconds
                  ZADV completed...       0.0373 seconds
                 HDIFF completed...       0.0316 seconds
              DECOUPLE completed...       0.0046 seconds
                  PHOT completed...       0.0243 seconds
               CLDPROC completed...       0.1172 seconds
                  CHEM completed...       0.2525 seconds
                  AERO completed...       0.3391 seconds
            Master Time Step
            Processing completed...       6.5509 seconds

     Processing Day/Time [YYYYDDD:HHMMSS]: 2022182:035500
       Which is Equivalent to (UTC): 3:55:00  Friday,  July 1, 2022
       Time-Step Length (HHMMSS): 000500
                 VDIFF completed...       5.6461 seconds
                COUPLE completed...       0.0047 seconds
                  HADV completed...       0.5160 seconds
                  ZADV completed...       0.0370 seconds
                 HDIFF completed...       0.0290 seconds
              DECOUPLE completed...       0.0045 seconds
                  PHOT completed...       0.0094 seconds
               CLDPROC completed...       0.0909 seconds
                  CHEM completed...       0.2424 seconds
                  AERO completed...       0.3272 seconds
            Master Time Step
            Processing completed...       6.9076 seconds

      =--> Data Output completed...       0.1167 seconds

     Processing Day/Time [YYYYDDD:HHMMSS]: 2022182:040000
       Which is Equivalent to (UTC): 4:00:00  Friday,  July 1, 2022
       Time-Step Length (HHMMSS): 000500
                 VDIFF completed...       1.3338 seconds
                COUPLE completed...       0.0044 seconds
                  HADV completed...       5.1998 seconds
                  ZADV completed...       0.0374 seconds
                 HDIFF completed...       0.0498 seconds
              DECOUPLE completed...       0.0046 seconds
                  PHOT completed...       0.0430 seconds
               CLDPROC completed...       0.1763 seconds
                  CHEM completed...       0.2546 seconds
                  AERO completed...       0.3706 seconds
            Master Time Step
            Processing completed...       7.4745 seconds

     Processing Day/Time [YYYYDDD:HHMMSS]: 2022182:040500
       Which is Equivalent to (UTC): 4:05:00  Friday,  July 1, 2022
       Time-Step Length (HHMMSS): 000500
                 VDIFF completed...       6.0260 seconds
                COUPLE completed...       0.0045 seconds
                  HADV completed...       0.9053 seconds
                  ZADV completed...       0.0366 seconds
                 HDIFF completed...       0.0424 seconds
              DECOUPLE completed...       0.0045 seconds
                  PHOT completed...       0.0171 seconds
               CLDPROC completed...       0.0262 seconds
                  CHEM completed...       0.2334 seconds
                  AERO completed...       0.3420 seconds
            Master Time Step
            Processing completed...       7.6381 seconds

     Processing Day/Time [YYYYDDD:HHMMSS]: 2022182:041000
       Which is Equivalent to (UTC): 4:10:00  Friday,  July 1, 2022
       Time-Step Length (HHMMSS): 000500
                 VDIFF completed...       0.5672 seconds
                COUPLE completed...       0.0044 seconds
                  HADV completed...       5.6745 seconds
                  ZADV completed...       0.0364 seconds
                 HDIFF completed...       0.0122 seconds
              DECOUPLE completed...       0.0046 seconds
                  PHOT completed...       0.0182 seconds
               CLDPROC completed...       0.1311 seconds
                  CHEM completed...       0.2626 seconds
                  AERO completed...       0.3256 seconds
            Master Time Step
            Processing completed...       7.0370 seconds

     Processing Day/Time [YYYYDDD:HHMMSS]: 2022182:041500
       Which is Equivalent to (UTC): 4:15:00  Friday,  July 1, 2022
       Time-Step Length (HHMMSS): 000500
                 VDIFF completed...       0.9803 seconds
                COUPLE completed...       0.0044 seconds
                  HADV completed...       4.3087 seconds
                  ZADV completed...       0.0368 seconds
                 HDIFF completed...       0.0129 seconds
              DECOUPLE completed...       0.0045 seconds
                  PHOT completed...       0.0122 seconds
               CLDPROC completed...       0.0514 seconds
                  CHEM completed...       0.2541 seconds
                  AERO completed...       0.3150 seconds
            Master Time Step
            Processing completed...       5.9808 seconds

     Processing Day/Time [YYYYDDD:HHMMSS]: 2022182:042000
       Which is Equivalent to (UTC): 4:20:00  Friday,  July 1, 2022
       Time-Step Length (HHMMSS): 000500
                 VDIFF completed...       5.6184 seconds
                COUPLE completed...       0.0046 seconds
                  HADV completed...       0.5994 seconds
                  ZADV completed...       0.0370 seconds
                 HDIFF completed...       0.0326 seconds
              DECOUPLE completed...       0.0047 seconds
                  PHOT completed...       0.0375 seconds
               CLDPROC completed...       0.1162 seconds
                  CHEM completed...       0.2317 seconds
                  AERO completed...       0.2966 seconds
            Master Time Step
            Processing completed...       6.9789 seconds

     Processing Day/Time [YYYYDDD:HHMMSS]: 2022182:042500
       Which is Equivalent to (UTC): 4:25:00  Friday,  July 1, 2022
       Time-Step Length (HHMMSS): 000500
                 VDIFF completed...       0.2062 seconds
                COUPLE completed...       0.0044 seconds
                  HADV completed...       6.1716 seconds
                  ZADV completed...       0.0371 seconds
                 HDIFF completed...       0.0315 seconds
              DECOUPLE completed...       0.0046 seconds
                  PHOT completed...       0.0052 seconds
               CLDPROC completed...       0.0261 seconds
                  CHEM completed...       0.2314 seconds
                  AERO completed...       0.3183 seconds
            Master Time Step
            Processing completed...       7.0367 seconds

     Processing Day/Time [YYYYDDD:HHMMSS]: 2022182:043000
       Which is Equivalent to (UTC): 4:30:00  Friday,  July 1, 2022
       Time-Step Length (HHMMSS): 000500
                 VDIFF completed...       6.1797 seconds
                COUPLE completed...       0.0045 seconds
                  HADV completed...       1.0138 seconds
                  ZADV completed...       0.0364 seconds
                 HDIFF completed...       0.0133 seconds
              DECOUPLE completed...       0.0045 seconds
                  PHOT completed...       0.0675 seconds
               CLDPROC completed...       0.1220 seconds
                  CHEM completed...       0.2318 seconds
                  AERO completed...       0.3022 seconds
            Master Time Step
            Processing completed...       7.9765 seconds

     Processing Day/Time [YYYYDDD:HHMMSS]: 2022182:043500
       Which is Equivalent to (UTC): 4:35:00  Friday,  July 1, 2022
       Time-Step Length (HHMMSS): 000500
                 VDIFF completed...       0.1815 seconds
                COUPLE completed...       0.0044 seconds
                  HADV completed...       5.7365 seconds
                  ZADV completed...       0.0377 seconds
                 HDIFF completed...       0.0330 seconds
              DECOUPLE completed...       0.0045 seconds
                  PHOT completed...       0.0095 seconds
               CLDPROC completed...       0.0120 seconds
                  CHEM completed...       0.2325 seconds
                  AERO completed...       0.2920 seconds
            Master Time Step
            Processing completed...       6.5444 seconds

     Processing Day/Time [YYYYDDD:HHMMSS]: 2022182:044000
       Which is Equivalent to (UTC): 4:40:00  Friday,  July 1, 2022
       Time-Step Length (HHMMSS): 000500
                 VDIFF completed...       6.7411 seconds
                COUPLE completed...       0.0065 seconds
                  HADV completed...       0.4024 seconds
                  ZADV completed...       0.0370 seconds
                 HDIFF completed...       0.0409 seconds
              DECOUPLE completed...       0.0046 seconds
                  PHOT completed...       0.0250 seconds
               CLDPROC completed...       0.0160 seconds
                  CHEM completed...       0.2358 seconds
                  AERO completed...       0.2756 seconds
            Master Time Step
            Processing completed...       7.7849 seconds

     Processing Day/Time [YYYYDDD:HHMMSS]: 2022182:044500
       Which is Equivalent to (UTC): 4:45:00  Friday,  July 1, 2022
       Time-Step Length (HHMMSS): 000500
                 VDIFF completed...       0.1737 seconds
                COUPLE completed...       0.0044 seconds
                  HADV completed...       7.1179 seconds
                  ZADV completed...       0.0383 seconds
                 HDIFF completed...       0.0189 seconds
              DECOUPLE completed...       0.0047 seconds
                  PHOT completed...       0.0074 seconds
               CLDPROC completed...       0.1187 seconds
                  CHEM completed...       0.2325 seconds
                  AERO completed...       0.3191 seconds
            Master Time Step
            Processing completed...       8.0358 seconds

     Processing Day/Time [YYYYDDD:HHMMSS]: 2022182:045000
       Which is Equivalent to (UTC): 4:50:00  Friday,  July 1, 2022
       Time-Step Length (HHMMSS): 000500
                 VDIFF completed...       6.6357 seconds
                COUPLE completed...       0.0046 seconds
                  HADV completed...       0.4409 seconds
                  ZADV completed...       0.0371 seconds
                 HDIFF completed...       0.0364 seconds
              DECOUPLE completed...       0.0045 seconds
                  PHOT completed...       0.0119 seconds
               CLDPROC completed...       0.0262 seconds
                  CHEM completed...       0.2525 seconds
                  AERO completed...       0.3752 seconds
            Master Time Step
            Processing completed...       7.8253 seconds

     Processing Day/Time [YYYYDDD:HHMMSS]: 2022182:045500
       Which is Equivalent to (UTC): 4:55:00  Friday,  July 1, 2022
       Time-Step Length (HHMMSS): 000500
                 VDIFF completed...       6.5160 seconds
                COUPLE completed...       0.0069 seconds
                  HADV completed...       0.1775 seconds
                  ZADV completed...       0.0374 seconds
                 HDIFF completed...       0.0118 seconds
              DECOUPLE completed...       0.0046 seconds
                  PHOT completed...       0.0076 seconds
               CLDPROC completed...       0.1829 seconds
                  CHEM completed...       0.2475 seconds
                  AERO completed...       0.3583 seconds
            Master Time Step
            Processing completed...       7.5508 seconds

      =--> Data Output completed...       0.0775 seconds

     Processing Day/Time [YYYYDDD:HHMMSS]: 2022182:050000
       Which is Equivalent to (UTC): 5:00:00  Friday,  July 1, 2022
       Time-Step Length (HHMMSS): 000500
                 VDIFF completed...       5.4704 seconds
                COUPLE completed...       0.0045 seconds
                  HADV completed...       1.0261 seconds
                  ZADV completed...       0.0398 seconds
                 HDIFF completed...       0.1465 seconds
              DECOUPLE completed...       0.0046 seconds
                  PHOT completed...       0.0283 seconds
               CLDPROC completed...       0.0404 seconds
                  CHEM completed...       0.2549 seconds
                  AERO completed...       0.3841 seconds
            Master Time Step
            Processing completed...       7.3998 seconds

     Processing Day/Time [YYYYDDD:HHMMSS]: 2022182:050500
       Which is Equivalent to (UTC): 5:05:00  Friday,  July 1, 2022
       Time-Step Length (HHMMSS): 000500
                 VDIFF completed...       0.2481 seconds
                COUPLE completed...       0.0044 seconds
                  HADV completed...       6.3440 seconds
                  ZADV completed...       0.0381 seconds
                 HDIFF completed...       0.0370 seconds
              DECOUPLE completed...       0.0064 seconds
                  PHOT completed...       0.0049 seconds
               CLDPROC completed...       0.0122 seconds
                  CHEM completed...       0.2332 seconds
                  AERO completed...       0.2779 seconds
            Master Time Step
            Processing completed...       7.2070 seconds

     Processing Day/Time [YYYYDDD:HHMMSS]: 2022182:051000
       Which is Equivalent to (UTC): 5:10:00  Friday,  July 1, 2022
       Time-Step Length (HHMMSS): 000500
                 VDIFF completed...       6.5885 seconds
                COUPLE completed...       0.0048 seconds
                  HADV completed...       0.1116 seconds
                  ZADV completed...       0.0365 seconds
                 HDIFF completed...       0.0154 seconds
              DECOUPLE completed...       0.0046 seconds
                  PHOT completed...       0.0052 seconds
               CLDPROC completed...       0.1055 seconds
                  CHEM completed...       0.2321 seconds
                  AERO completed...       0.3777 seconds
            Master Time Step
            Processing completed...       7.4821 seconds

     Processing Day/Time [YYYYDDD:HHMMSS]: 2022182:051500
       Which is Equivalent to (UTC): 5:15:00  Friday,  July 1, 2022
       Time-Step Length (HHMMSS): 000500
                 VDIFF completed...       0.3592 seconds
                COUPLE completed...       0.0046 seconds
                  HADV completed...       5.7986 seconds
                  ZADV completed...       0.0387 seconds
                 HDIFF completed...       0.0662 seconds
              DECOUPLE completed...       0.0049 seconds
                  PHOT completed...       0.1139 seconds
               CLDPROC completed...       0.0831 seconds
                  CHEM completed...       0.2572 seconds
                  AERO completed...       0.3540 seconds
            Master Time Step
            Processing completed...       7.0810 seconds

     Processing Day/Time [YYYYDDD:HHMMSS]: 2022182:052000
       Which is Equivalent to (UTC): 5:20:00  Friday,  July 1, 2022
       Time-Step Length (HHMMSS): 000500
                 VDIFF completed...       6.6574 seconds
                COUPLE completed...       0.0044 seconds
                  HADV completed...       0.1045 seconds
                  ZADV completed...       0.0365 seconds
                 HDIFF completed...       0.0116 seconds
              DECOUPLE completed...       0.0045 seconds
                  PHOT completed...       0.0046 seconds
               CLDPROC completed...       0.0124 seconds
                  CHEM completed...       0.2331 seconds
                  AERO completed...       0.2743 seconds
            Master Time Step
            Processing completed...       7.3436 seconds

     Processing Day/Time [YYYYDDD:HHMMSS]: 2022182:052500
       Which is Equivalent to (UTC): 5:25:00  Friday,  July 1, 2022
       Time-Step Length (HHMMSS): 000500
                 VDIFF completed...       0.1580 seconds
                COUPLE completed...       0.0044 seconds
                  HADV completed...       2.7459 seconds
                  ZADV completed...       0.0369 seconds
                 HDIFF completed...       0.0107 seconds
              DECOUPLE completed...       0.0048 seconds
                  PHOT completed...       0.0051 seconds
               CLDPROC completed...       0.0125 seconds
                  CHEM completed...       0.2437 seconds
                  AERO completed...       0.2760 seconds
            Master Time Step
            Processing completed...       3.4982 seconds

     Processing Day/Time [YYYYDDD:HHMMSS]: 2022182:053000
       Which is Equivalent to (UTC): 5:30:00  Friday,  July 1, 2022
       Time-Step Length (HHMMSS): 000500
                 VDIFF completed...       0.2096 seconds
                COUPLE completed...       0.0044 seconds
                  HADV completed...       1.2028 seconds
                  ZADV completed...       0.0369 seconds
                 HDIFF completed...       0.0104 seconds
              DECOUPLE completed...       0.0045 seconds
                  PHOT completed...       0.0052 seconds
               CLDPROC completed...       0.0125 seconds
                  CHEM completed...       0.2316 seconds
                  AERO completed...       0.2748 seconds
            Master Time Step
            Processing completed...       1.9929 seconds

     Processing Day/Time [YYYYDDD:HHMMSS]: 2022182:053500
       Which is Equivalent to (UTC): 5:35:00  Friday,  July 1, 2022
       Time-Step Length (HHMMSS): 000500
                 VDIFF completed...       5.7705 seconds
                COUPLE completed...       0.0048 seconds
                  HADV completed...       0.1096 seconds
                  ZADV completed...       0.0373 seconds
                 HDIFF completed...       0.0118 seconds
              DECOUPLE completed...       0.0046 seconds
                  PHOT completed...       0.0051 seconds
               CLDPROC completed...       0.0140 seconds
                  CHEM completed...       0.2325 seconds
                  AERO completed...       0.2765 seconds
            Master Time Step
            Processing completed...       6.4669 seconds

     Processing Day/Time [YYYYDDD:HHMMSS]: 2022182:054000
       Which is Equivalent to (UTC): 5:40:00  Friday,  July 1, 2022
       Time-Step Length (HHMMSS): 000500
                 VDIFF completed...       0.1905 seconds
                COUPLE completed...       0.0044 seconds
                  HADV completed...       2.8055 seconds
                  ZADV completed...       0.0378 seconds
                 HDIFF completed...       0.0255 seconds
              DECOUPLE completed...       0.0046 seconds
                  PHOT completed...       0.0196 seconds
               CLDPROC completed...       0.0151 seconds
                  CHEM completed...       0.2347 seconds
                  AERO completed...       0.3284 seconds
            Master Time Step
            Processing completed...       3.6665 seconds

     Processing Day/Time [YYYYDDD:HHMMSS]: 2022182:054500
       Which is Equivalent to (UTC): 5:45:00  Friday,  July 1, 2022
       Time-Step Length (HHMMSS): 000500
                 VDIFF completed...       3.7875 seconds
                COUPLE completed...       0.0045 seconds
                  HADV completed...       0.6614 seconds
                  ZADV completed...       0.0385 seconds
                 HDIFF completed...       0.0577 seconds
              DECOUPLE completed...       0.0052 seconds
                  PHOT completed...       0.0187 seconds
               CLDPROC completed...       0.2021 seconds
                  CHEM completed...       0.2561 seconds
                  AERO completed...       0.3777 seconds
            Master Time Step
            Processing completed...       5.4096 seconds

     Processing Day/Time [YYYYDDD:HHMMSS]: 2022182:055000
       Which is Equivalent to (UTC): 5:50:00  Friday,  July 1, 2022
       Time-Step Length (HHMMSS): 000500
                 VDIFF completed...       0.3871 seconds
                COUPLE completed...       0.0044 seconds
                  HADV completed...       5.0599 seconds
                  ZADV completed...       0.0374 seconds
                 HDIFF completed...       0.0449 seconds
              DECOUPLE completed...       0.0045 seconds
                  PHOT completed...       0.0493 seconds
               CLDPROC completed...       0.0775 seconds
                  CHEM completed...       0.2582 seconds
                  AERO completed...       0.3257 seconds
            Master Time Step
            Processing completed...       6.2491 seconds

     Processing Day/Time [YYYYDDD:HHMMSS]: 2022182:055500
       Which is Equivalent to (UTC): 5:55:00  Friday,  July 1, 2022
       Time-Step Length (HHMMSS): 000500
                 VDIFF completed...       6.6432 seconds
                COUPLE completed...       0.0046 seconds
                  HADV completed...       0.4137 seconds
                  ZADV completed...       0.0371 seconds
                 HDIFF completed...       0.0450 seconds
              DECOUPLE completed...       0.0049 seconds
                  PHOT completed...       0.0101 seconds
               CLDPROC completed...       0.1785 seconds
                  CHEM completed...       0.2566 seconds
                  AERO completed...       0.3522 seconds
            Master Time Step
            Processing completed...       7.9463 seconds

      =--> Data Output completed...       0.1478 seconds

     Processing Day/Time [YYYYDDD:HHMMSS]: 2022182:060000
       Which is Equivalent to (UTC): 6:00:00  Friday,  July 1, 2022
       Time-Step Length (HHMMSS): 000500
                 VDIFF completed...       5.4792 seconds
                COUPLE completed...       0.0044 seconds
                  HADV completed...       1.0534 seconds
                  ZADV completed...       0.0377 seconds
                 HDIFF completed...       0.0576 seconds
              DECOUPLE completed...       0.0046 seconds
                  PHOT completed...       0.0552 seconds
               CLDPROC completed...       0.0751 seconds
                  CHEM completed...       0.2350 seconds
                  AERO completed...       0.3372 seconds
            Master Time Step
            Processing completed...       7.3397 seconds

     Processing Day/Time [YYYYDDD:HHMMSS]: 2022182:060500
       Which is Equivalent to (UTC): 6:05:00  Friday,  July 1, 2022
       Time-Step Length (HHMMSS): 000500
                 VDIFF completed...       0.3502 seconds
                COUPLE completed...       0.0044 seconds
                  HADV completed...       5.7113 seconds
                  ZADV completed...       0.0412 seconds
                 HDIFF completed...       0.0545 seconds
              DECOUPLE completed...       0.0048 seconds
                  PHOT completed...       0.0183 seconds
               CLDPROC completed...       0.0132 seconds
                  CHEM completed...       0.2318 seconds
                  AERO completed...       0.2757 seconds
            Master Time Step
            Processing completed...       6.7054 seconds

     Processing Day/Time [YYYYDDD:HHMMSS]: 2022182:061000
       Which is Equivalent to (UTC): 6:10:00  Friday,  July 1, 2022
       Time-Step Length (HHMMSS): 000500
                 VDIFF completed...       6.7902 seconds
                COUPLE completed...       0.0047 seconds
                  HADV completed...       0.2277 seconds
                  ZADV completed...       0.0378 seconds
                 HDIFF completed...       0.0351 seconds
              DECOUPLE completed...       0.0047 seconds
                  PHOT completed...       0.0053 seconds
               CLDPROC completed...       0.1052 seconds
                  CHEM completed...       0.2468 seconds
                  AERO completed...       0.3744 seconds
            Master Time Step
            Processing completed...       7.8324 seconds

     Processing Day/Time [YYYYDDD:HHMMSS]: 2022182:061500
       Which is Equivalent to (UTC): 6:15:00  Friday,  July 1, 2022
       Time-Step Length (HHMMSS): 000500
                 VDIFF completed...       0.5165 seconds
                COUPLE completed...       0.0044 seconds
                  HADV completed...       3.9249 seconds
                  ZADV completed...       0.0385 seconds
                 HDIFF completed...       0.0439 seconds
              DECOUPLE completed...       0.0046 seconds
                  PHOT completed...       0.0320 seconds
               CLDPROC completed...       0.0565 seconds
                  CHEM completed...       0.2430 seconds
                  AERO completed...       0.3453 seconds
            Master Time Step
            Processing completed...       5.2098 seconds

     Processing Day/Time [YYYYDDD:HHMMSS]: 2022182:062000
       Which is Equivalent to (UTC): 6:20:00  Friday,  July 1, 2022
       Time-Step Length (HHMMSS): 000500
                 VDIFF completed...       5.9981 seconds
                COUPLE completed...       0.0054 seconds
                  HADV completed...       0.4037 seconds
                  ZADV completed...       0.0365 seconds
                 HDIFF completed...       0.0145 seconds
              DECOUPLE completed...       0.0045 seconds
                  PHOT completed...       0.0046 seconds
               CLDPROC completed...       0.0131 seconds
                  CHEM completed...       0.2314 seconds
                  AERO completed...       0.2739 seconds
            Master Time Step
            Processing completed...       6.9859 seconds

     Processing Day/Time [YYYYDDD:HHMMSS]: 2022182:062500
       Which is Equivalent to (UTC): 6:25:00  Friday,  July 1, 2022
       Time-Step Length (HHMMSS): 000500
                 VDIFF completed...       0.4871 seconds
                COUPLE completed...       0.0044 seconds
                  HADV completed...       2.6093 seconds
                  ZADV completed...       0.0398 seconds
                 HDIFF completed...       0.0658 seconds
              DECOUPLE completed...       0.0046 seconds
                  PHOT completed...       0.0071 seconds
               CLDPROC completed...       0.1279 seconds
                  CHEM completed...       0.2373 seconds
                  AERO completed...       0.3146 seconds
            Master Time Step
            Processing completed...       3.8980 seconds

     Processing Day/Time [YYYYDDD:HHMMSS]: 2022182:063000
       Which is Equivalent to (UTC): 6:30:00  Friday,  July 1, 2022
       Time-Step Length (HHMMSS): 000500
                 VDIFF completed...       0.2328 seconds
                COUPLE completed...       0.0044 seconds
                  HADV completed...       5.1035 seconds
                  ZADV completed...       0.0379 seconds
                 HDIFF completed...       0.0283 seconds
              DECOUPLE completed...       0.0045 seconds
                  PHOT completed...       0.0492 seconds
               CLDPROC completed...       0.0646 seconds
                  CHEM completed...       0.2335 seconds
                  AERO completed...       0.3887 seconds
            Master Time Step
            Processing completed...       6.1477 seconds

     Processing Day/Time [YYYYDDD:HHMMSS]: 2022182:063500
       Which is Equivalent to (UTC): 6:35:00  Friday,  July 1, 2022
       Time-Step Length (HHMMSS): 000500
                 VDIFF completed...       2.8857 seconds
                COUPLE completed...       0.0045 seconds
                  HADV completed...       2.9589 seconds
                  ZADV completed...       0.0376 seconds
                 HDIFF completed...       0.0338 seconds
              DECOUPLE completed...       0.0046 seconds
                  PHOT completed...       0.0067 seconds
               CLDPROC completed...       0.0603 seconds
                  CHEM completed...       0.2320 seconds
                  AERO completed...       0.3332 seconds
            Master Time Step
            Processing completed...       6.5575 seconds

     Processing Day/Time [YYYYDDD:HHMMSS]: 2022182:064000
       Which is Equivalent to (UTC): 6:40:00  Friday,  July 1, 2022
       Time-Step Length (HHMMSS): 000500
                 VDIFF completed...       0.1826 seconds
                COUPLE completed...       0.0044 seconds
                  HADV completed...       3.7186 seconds
                  ZADV completed...       0.0373 seconds
                 HDIFF completed...       0.0113 seconds
              DECOUPLE completed...       0.0045 seconds
                  PHOT completed...       0.0050 seconds
               CLDPROC completed...       0.0124 seconds
                  CHEM completed...       0.2288 seconds
                  AERO completed...       0.2718 seconds
            Master Time Step
            Processing completed...       4.4768 seconds

     Processing Day/Time [YYYYDDD:HHMMSS]: 2022182:064500
       Which is Equivalent to (UTC): 6:45:00  Friday,  July 1, 2022
       Time-Step Length (HHMMSS): 000500
                 VDIFF completed...       3.1261 seconds
                COUPLE completed...       0.0044 seconds
                  HADV completed...       0.1043 seconds
                  ZADV completed...       0.0364 seconds
                 HDIFF completed...       0.0148 seconds
              DECOUPLE completed...       0.0045 seconds
                  PHOT completed...       0.0049 seconds
               CLDPROC completed...       0.0127 seconds
                  CHEM completed...       0.2293 seconds
                  AERO completed...       0.2725 seconds
            Master Time Step
            Processing completed...       3.8101 seconds

     Processing Day/Time [YYYYDDD:HHMMSS]: 2022182:065000
       Which is Equivalent to (UTC): 6:50:00  Friday,  July 1, 2022
       Time-Step Length (HHMMSS): 000500
                 VDIFF completed...       0.1826 seconds
                COUPLE completed...       0.0044 seconds
                  HADV completed...       5.7133 seconds
                  ZADV completed...       0.0367 seconds
                 HDIFF completed...       0.0272 seconds
              DECOUPLE completed...       0.0045 seconds
                  PHOT completed...       0.0051 seconds
               CLDPROC completed...       0.0126 seconds
                  CHEM completed...       0.2323 seconds
                  AERO completed...       0.2737 seconds
            Master Time Step
            Processing completed...       6.4926 seconds

     Processing Day/Time [YYYYDDD:HHMMSS]: 2022182:065500
       Which is Equivalent to (UTC): 6:55:00  Friday,  July 1, 2022
       Time-Step Length (HHMMSS): 000500
                 VDIFF completed...       5.1740 seconds
                COUPLE completed...       0.0044 seconds
                  HADV completed...       0.4238 seconds
                  ZADV completed...       0.0376 seconds
                 HDIFF completed...       0.0210 seconds
              DECOUPLE completed...       0.0048 seconds
                  PHOT completed...       0.0502 seconds
               CLDPROC completed...       0.2591 seconds
                  CHEM completed...       0.2604 seconds
                  AERO completed...       0.3631 seconds
            Master Time Step
            Processing completed...       6.5986 seconds

      =--> Data Output completed...       0.1607 seconds

     Processing Day/Time [YYYYDDD:HHMMSS]: 2022182:070000
       Which is Equivalent to (UTC): 7:00:00  Friday,  July 1, 2022
       Time-Step Length (HHMMSS): 000500
                 VDIFF completed...       0.9034 seconds
                COUPLE completed...       0.0044 seconds
                  HADV completed...       5.2523 seconds
                  ZADV completed...       0.0432 seconds
                 HDIFF completed...       0.0815 seconds
              DECOUPLE completed...       0.0046 seconds
                  PHOT completed...       0.0234 seconds
               CLDPROC completed...       0.0789 seconds
                  CHEM completed...       0.2594 seconds
                  AERO completed...       0.3547 seconds
            Master Time Step
            Processing completed...       7.0061 seconds

     Processing Day/Time [YYYYDDD:HHMMSS]: 2022182:070500
       Which is Equivalent to (UTC): 7:05:00  Friday,  July 1, 2022
       Time-Step Length (HHMMSS): 000500
                 VDIFF completed...       4.0962 seconds
                COUPLE completed...       0.0046 seconds
                  HADV completed...       1.7119 seconds
                  ZADV completed...       0.0384 seconds
                 HDIFF completed...       0.0397 seconds
              DECOUPLE completed...       0.0046 seconds
                  PHOT completed...       0.0125 seconds
               CLDPROC completed...       0.0166 seconds
                  CHEM completed...       0.2354 seconds
                  AERO completed...       0.2743 seconds
            Master Time Step
            Processing completed...       6.4348 seconds

     Processing Day/Time [YYYYDDD:HHMMSS]: 2022182:071000
       Which is Equivalent to (UTC): 7:10:00  Friday,  July 1, 2022
       Time-Step Length (HHMMSS): 000500
                 VDIFF completed...       0.9452 seconds
                COUPLE completed...       0.0045 seconds
                  HADV completed...       4.4879 seconds
                  ZADV completed...       0.0379 seconds
                 HDIFF completed...       0.0263 seconds
              DECOUPLE completed...       0.0045 seconds
                  PHOT completed...       0.0089 seconds
               CLDPROC completed...       0.0460 seconds
                  CHEM completed...       0.2540 seconds
                  AERO completed...       0.3514 seconds
            Master Time Step
            Processing completed...       6.1674 seconds

     Processing Day/Time [YYYYDDD:HHMMSS]: 2022182:071500
       Which is Equivalent to (UTC): 7:15:00  Friday,  July 1, 2022
       Time-Step Length (HHMMSS): 000500
                 VDIFF completed...       0.3098 seconds
                COUPLE completed...       0.0044 seconds
                  HADV completed...       2.2241 seconds
                  ZADV completed...       0.0387 seconds
                 HDIFF completed...       0.0241 seconds
              DECOUPLE completed...       0.0045 seconds
                  PHOT completed...       0.0091 seconds
               CLDPROC completed...       0.0167 seconds
                  CHEM completed...       0.2373 seconds
                  AERO completed...       0.2817 seconds
            Master Time Step
            Processing completed...       3.1507 seconds

     Processing Day/Time [YYYYDDD:HHMMSS]: 2022182:072000
       Which is Equivalent to (UTC): 7:20:00  Friday,  July 1, 2022
       Time-Step Length (HHMMSS): 000500
                 VDIFF completed...       3.9758 seconds
                COUPLE completed...       0.0044 seconds
                  HADV completed...       0.6354 seconds
                  ZADV completed...       0.0369 seconds
                 HDIFF completed...       0.0267 seconds
              DECOUPLE completed...       0.0045 seconds
                  PHOT completed...       0.0056 seconds
               CLDPROC completed...       0.0410 seconds
                  CHEM completed...       0.2579 seconds
                  AERO completed...       0.3392 seconds
            Master Time Step
            Processing completed...       5.3277 seconds

     Processing Day/Time [YYYYDDD:HHMMSS]: 2022182:072500
       Which is Equivalent to (UTC): 7:25:00  Friday,  July 1, 2022
       Time-Step Length (HHMMSS): 000500
                 VDIFF completed...       2.9028 seconds
                COUPLE completed...       0.0044 seconds
                  HADV completed...       0.7279 seconds
                  ZADV completed...       0.0377 seconds
                 HDIFF completed...       0.0323 seconds
              DECOUPLE completed...       0.0045 seconds
                  PHOT completed...       0.0136 seconds
               CLDPROC completed...       0.0242 seconds
                  CHEM completed...       0.2351 seconds
                  AERO completed...       0.2841 seconds
            Master Time Step
            Processing completed...       4.2673 seconds

     Processing Day/Time [YYYYDDD:HHMMSS]: 2022182:073000
       Which is Equivalent to (UTC): 7:30:00  Friday,  July 1, 2022
       Time-Step Length (HHMMSS): 000500
                 VDIFF completed...       0.4010 seconds
                COUPLE completed...       0.0047 seconds
                  HADV completed...       4.3842 seconds
                  ZADV completed...       0.0365 seconds
                 HDIFF completed...       0.0121 seconds
              DECOUPLE completed...       0.0045 seconds
                  PHOT completed...       0.0051 seconds
               CLDPROC completed...       0.0534 seconds
                  CHEM completed...       0.2685 seconds
                  AERO completed...       0.3316 seconds
            Master Time Step
            Processing completed...       5.5024 seconds

     Processing Day/Time [YYYYDDD:HHMMSS]: 2022182:073500
       Which is Equivalent to (UTC): 7:35:00  Friday,  July 1, 2022
       Time-Step Length (HHMMSS): 000500
                 VDIFF completed...       4.0224 seconds
                COUPLE completed...       0.0044 seconds
                  HADV completed...       0.1061 seconds
                  ZADV completed...       0.0370 seconds
                 HDIFF completed...       0.0130 seconds
              DECOUPLE completed...       0.0046 seconds
                  PHOT completed...       0.0051 seconds
               CLDPROC completed...       0.0131 seconds
                  CHEM completed...       0.2339 seconds
                  AERO completed...       0.2724 seconds
            Master Time Step
            Processing completed...       4.7123 seconds

     Processing Day/Time [YYYYDDD:HHMMSS]: 2022182:074000
       Which is Equivalent to (UTC): 7:40:00  Friday,  July 1, 2022
       Time-Step Length (HHMMSS): 000500
                 VDIFF completed...       0.1600 seconds
                COUPLE completed...       0.0044 seconds
                  HADV completed...       3.5214 seconds
                  ZADV completed...       0.0366 seconds
                 HDIFF completed...       0.0200 seconds
              DECOUPLE completed...       0.0045 seconds
                  PHOT completed...       0.0059 seconds
               CLDPROC completed...       0.0133 seconds
                  CHEM completed...       0.2350 seconds
                  AERO completed...       0.2737 seconds
            Master Time Step
            Processing completed...       4.2751 seconds

     Processing Day/Time [YYYYDDD:HHMMSS]: 2022182:074500
       Which is Equivalent to (UTC): 7:45:00  Friday,  July 1, 2022
       Time-Step Length (HHMMSS): 000500
                 VDIFF completed...       0.6412 seconds
                COUPLE completed...       0.0044 seconds
                  HADV completed...       2.1469 seconds
                  ZADV completed...       0.0370 seconds
                 HDIFF completed...       0.0121 seconds
              DECOUPLE completed...       0.0045 seconds
                  PHOT completed...       0.0052 seconds
               CLDPROC completed...       0.0152 seconds
                  CHEM completed...       0.2335 seconds
                  AERO completed...       0.2741 seconds
            Master Time Step
            Processing completed...       3.3743 seconds

     Processing Day/Time [YYYYDDD:HHMMSS]: 2022182:075000
       Which is Equivalent to (UTC): 7:50:00  Friday,  July 1, 2022
       Time-Step Length (HHMMSS): 000500
                 VDIFF completed...       4.5328 seconds
                COUPLE completed...       0.0056 seconds
                  HADV completed...       0.2725 seconds
                  ZADV completed...       0.0382 seconds
                 HDIFF completed...       0.0560 seconds
              DECOUPLE completed...       0.0047 seconds
                  PHOT completed...       0.0230 seconds
               CLDPROC completed...       0.0754 seconds
                  CHEM completed...       0.2587 seconds
                  AERO completed...       0.3326 seconds
            Master Time Step
            Processing completed...       5.5998 seconds

     Processing Day/Time [YYYYDDD:HHMMSS]: 2022182:075500
       Which is Equivalent to (UTC): 7:55:00  Friday,  July 1, 2022
       Time-Step Length (HHMMSS): 000500
                 VDIFF completed...       4.7036 seconds
                COUPLE completed...       0.0059 seconds
                  HADV completed...       0.7649 seconds
                  ZADV completed...       0.0364 seconds
                 HDIFF completed...       0.0219 seconds
              DECOUPLE completed...       0.0045 seconds
                  PHOT completed...       0.0056 seconds
               CLDPROC completed...       0.1309 seconds
                  CHEM completed...       0.2337 seconds
                  AERO completed...       0.2725 seconds
            Master Time Step
            Processing completed...       6.1799 seconds

      =--> Data Output completed...       0.2174 seconds

     Processing Day/Time [YYYYDDD:HHMMSS]: 2022182:080000
       Which is Equivalent to (UTC): 8:00:00  Friday,  July 1, 2022
       Time-Step Length (HHMMSS): 000500
                 VDIFF completed...       1.2509 seconds
                COUPLE completed...       0.0044 seconds
                  HADV completed...       3.7029 seconds
                  ZADV completed...       0.0364 seconds
                 HDIFF completed...       0.0477 seconds
              DECOUPLE completed...       0.0046 seconds
                  PHOT completed...       0.0143 seconds
               CLDPROC completed...       0.1004 seconds
                  CHEM completed...       0.2363 seconds
                  AERO completed...       0.5293 seconds
            Master Time Step
            Processing completed...       5.9273 seconds

     Processing Day/Time [YYYYDDD:HHMMSS]: 2022182:080500
       Which is Equivalent to (UTC): 8:05:00  Friday,  July 1, 2022
       Time-Step Length (HHMMSS): 000500
                 VDIFF completed...       6.7988 seconds
                COUPLE completed...       0.0082 seconds
                  HADV completed...       0.3545 seconds
                  ZADV completed...       0.0374 seconds
                 HDIFF completed...       0.0392 seconds
              DECOUPLE completed...       0.0046 seconds
                  PHOT completed...       0.0071 seconds
               CLDPROC completed...       0.0317 seconds
                  CHEM completed...       0.2351 seconds
                  AERO completed...       0.2696 seconds
            Master Time Step
            Processing completed...       7.7864 seconds

     Processing Day/Time [YYYYDDD:HHMMSS]: 2022182:081000
       Which is Equivalent to (UTC): 8:10:00  Friday,  July 1, 2022
       Time-Step Length (HHMMSS): 000500
                 VDIFF completed...       0.3907 seconds
                COUPLE completed...       0.0044 seconds
                  HADV completed...       5.3517 seconds
                  ZADV completed...       0.0379 seconds
                 HDIFF completed...       0.0218 seconds
              DECOUPLE completed...       0.0051 seconds
                  PHOT completed...       0.0063 seconds
               CLDPROC completed...       0.0669 seconds
                  CHEM completed...       0.2379 seconds
                  AERO completed...       0.4218 seconds
            Master Time Step
            Processing completed...       6.5479 seconds

     Processing Day/Time [YYYYDDD:HHMMSS]: 2022182:081500
       Which is Equivalent to (UTC): 8:15:00  Friday,  July 1, 2022
       Time-Step Length (HHMMSS): 000500
                 VDIFF completed...       1.6026 seconds
                COUPLE completed...       0.0046 seconds
                  HADV completed...       3.0317 seconds
                  ZADV completed...       0.0385 seconds
                 HDIFF completed...       0.0367 seconds
              DECOUPLE completed...       0.0048 seconds
                  PHOT completed...       0.0113 seconds
               CLDPROC completed...       0.0805 seconds
                  CHEM completed...       0.2528 seconds
                  AERO completed...       0.2769 seconds
            Master Time Step
            Processing completed...       5.3406 seconds

     Processing Day/Time [YYYYDDD:HHMMSS]: 2022182:082000
       Which is Equivalent to (UTC): 8:20:00  Friday,  July 1, 2022
       Time-Step Length (HHMMSS): 000500
                 VDIFF completed...       0.1830 seconds
                COUPLE completed...       0.0044 seconds
                  HADV completed...       4.7190 seconds
                  ZADV completed...       0.0366 seconds
                 HDIFF completed...       0.0118 seconds
              DECOUPLE completed...       0.0053 seconds
                  PHOT completed...       0.0065 seconds
               CLDPROC completed...       0.0501 seconds
                  CHEM completed...       0.2359 seconds
                  AERO completed...       0.2684 seconds
            Master Time Step
            Processing completed...       5.5211 seconds

     Processing Day/Time [YYYYDDD:HHMMSS]: 2022182:082500
       Which is Equivalent to (UTC): 8:25:00  Friday,  July 1, 2022
       Time-Step Length (HHMMSS): 000500
                 VDIFF completed...       1.9674 seconds
                COUPLE completed...       0.0044 seconds
                  HADV completed...       0.1002 seconds
                  ZADV completed...       0.0366 seconds
                 HDIFF completed...       0.0131 seconds
              DECOUPLE completed...       0.0046 seconds
                  PHOT completed...       0.0063 seconds
               CLDPROC completed...       0.0144 seconds
                  CHEM completed...       0.2327 seconds
                  AERO completed...       0.2684 seconds
            Master Time Step
            Processing completed...       2.6482 seconds

     Processing Day/Time [YYYYDDD:HHMMSS]: 2022182:083000
       Which is Equivalent to (UTC): 8:30:00  Friday,  July 1, 2022
       Time-Step Length (HHMMSS): 000500
                 VDIFF completed...       2.8584 seconds
                COUPLE completed...       0.0044 seconds
                  HADV completed...       0.2166 seconds
                  ZADV completed...       0.0364 seconds
                 HDIFF completed...       0.0131 seconds
              DECOUPLE completed...       0.0045 seconds
                  PHOT completed...       0.0050 seconds
               CLDPROC completed...       0.0157 seconds
                  CHEM completed...       0.2326 seconds
                  AERO completed...       0.2677 seconds
            Master Time Step
            Processing completed...       3.6547 seconds

     Processing Day/Time [YYYYDDD:HHMMSS]: 2022182:083500
       Which is Equivalent to (UTC): 8:35:00  Friday,  July 1, 2022
       Time-Step Length (HHMMSS): 000500
                 VDIFF completed...       0.4577 seconds
                COUPLE completed...       0.0044 seconds
                  HADV completed...       3.2838 seconds
                  ZADV completed...       0.0363 seconds
                 HDIFF completed...       0.0119 seconds
              DECOUPLE completed...       0.0045 seconds
                  PHOT completed...       0.0050 seconds
               CLDPROC completed...       0.0146 seconds
                  CHEM completed...       0.2325 seconds
                  AERO completed...       0.2658 seconds
            Master Time Step
            Processing completed...       4.3167 seconds

     Processing Day/Time [YYYYDDD:HHMMSS]: 2022182:084000
       Which is Equivalent to (UTC): 8:40:00  Friday,  July 1, 2022
       Time-Step Length (HHMMSS): 000500
                 VDIFF completed...       3.4356 seconds
                COUPLE completed...       0.0045 seconds
                  HADV completed...       0.5095 seconds
                  ZADV completed...       0.0372 seconds
                 HDIFF completed...       0.0271 seconds
              DECOUPLE completed...       0.0045 seconds
                  PHOT completed...       0.0078 seconds
               CLDPROC completed...       0.0149 seconds
                  CHEM completed...       0.2343 seconds
                  AERO completed...       0.3750 seconds
            Master Time Step
            Processing completed...       4.6506 seconds

     Processing Day/Time [YYYYDDD:HHMMSS]: 2022182:084500
       Which is Equivalent to (UTC): 8:45:00  Friday,  July 1, 2022
       Time-Step Length (HHMMSS): 000500
                 VDIFF completed...       2.4326 seconds
                COUPLE completed...       0.0044 seconds
                  HADV completed...       1.1839 seconds
                  ZADV completed...       0.0363 seconds
                 HDIFF completed...       0.0313 seconds
              DECOUPLE completed...       0.0045 seconds
                  PHOT completed...       0.0050 seconds
               CLDPROC completed...       0.0151 seconds
                  CHEM completed...       0.2319 seconds
                  AERO completed...       0.2639 seconds
            Master Time Step
            Processing completed...       4.2090 seconds

     Processing Day/Time [YYYYDDD:HHMMSS]: 2022182:085000
       Which is Equivalent to (UTC): 8:50:00  Friday,  July 1, 2022
       Time-Step Length (HHMMSS): 000500
                 VDIFF completed...       0.1525 seconds
                COUPLE completed...       0.0044 seconds
                  HADV completed...       2.4271 seconds
                  ZADV completed...       0.0363 seconds
                 HDIFF completed...       0.0371 seconds
              DECOUPLE completed...       0.0045 seconds
                  PHOT completed...       0.0051 seconds
               CLDPROC completed...       0.0160 seconds
                  CHEM completed...       0.2343 seconds
                  AERO completed...       0.2687 seconds
            Master Time Step
            Processing completed...       3.1862 seconds

     Processing Day/Time [YYYYDDD:HHMMSS]: 2022182:085500
       Which is Equivalent to (UTC): 8:55:00  Friday,  July 1, 2022
       Time-Step Length (HHMMSS): 000500
                 VDIFF completed...       3.8361 seconds
                COUPLE completed...       0.0061 seconds
                  HADV completed...       0.2308 seconds
                  ZADV completed...       0.0363 seconds
                 HDIFF completed...       0.0265 seconds
              DECOUPLE completed...       0.0045 seconds
                  PHOT completed...       0.0054 seconds
               CLDPROC completed...       0.0567 seconds
                  CHEM completed...       0.2327 seconds
                  AERO completed...       0.2655 seconds
            Master Time Step
            Processing completed...       4.7008 seconds

      =--> Data Output completed...       0.1244 seconds

     Processing Day/Time [YYYYDDD:HHMMSS]: 2022182:090000
       Which is Equivalent to (UTC): 9:00:00  Friday,  July 1, 2022
       Time-Step Length (HHMMSS): 000500
                 VDIFF completed...       1.7914 seconds
                COUPLE completed...       0.0044 seconds
                  HADV completed...       4.4127 seconds
                  ZADV completed...       0.0371 seconds
                 HDIFF completed...       0.0536 seconds
              DECOUPLE completed...       0.0045 seconds
                  PHOT completed...       0.0079 seconds
               CLDPROC completed...       0.0736 seconds
                  CHEM completed...       0.2534 seconds
                  AERO completed...       0.3428 seconds
            Master Time Step
            Processing completed...       6.9817 seconds

     Processing Day/Time [YYYYDDD:HHMMSS]: 2022182:090500
       Which is Equivalent to (UTC): 9:05:00  Friday,  July 1, 2022
       Time-Step Length (HHMMSS): 000500
                 VDIFF completed...       4.4636 seconds
                COUPLE completed...       0.0046 seconds
                  HADV completed...       0.4295 seconds
                  ZADV completed...       0.0373 seconds
                 HDIFF completed...       0.0337 seconds
              DECOUPLE completed...       0.0046 seconds
                  PHOT completed...       0.0116 seconds
               CLDPROC completed...       0.0269 seconds
                  CHEM completed...       0.2398 seconds
                  AERO completed...       0.2732 seconds
            Master Time Step
            Processing completed...       5.5251 seconds

     Processing Day/Time [YYYYDDD:HHMMSS]: 2022182:091000
       Which is Equivalent to (UTC): 9:10:00  Friday,  July 1, 2022
       Time-Step Length (HHMMSS): 000500
                 VDIFF completed...       1.0718 seconds
                COUPLE completed...       0.0044 seconds
                  HADV completed...       3.9409 seconds
                  ZADV completed...       0.0373 seconds
                 HDIFF completed...       0.0560 seconds
              DECOUPLE completed...       0.0045 seconds
                  PHOT completed...       0.0068 seconds
               CLDPROC completed...       0.0770 seconds
                  CHEM completed...       0.2553 seconds
                  AERO completed...       0.3219 seconds
            Master Time Step
            Processing completed...       5.7761 seconds

     Processing Day/Time [YYYYDDD:HHMMSS]: 2022182:091500
       Which is Equivalent to (UTC): 9:15:00  Friday,  July 1, 2022
       Time-Step Length (HHMMSS): 000500
                 VDIFF completed...       1.1860 seconds
                COUPLE completed...       0.0044 seconds
                  HADV completed...       3.3681 seconds
                  ZADV completed...       0.0373 seconds
                 HDIFF completed...       0.0364 seconds
              DECOUPLE completed...       0.0045 seconds
                  PHOT completed...       0.0283 seconds
               CLDPROC completed...       0.0331 seconds
                  CHEM completed...       0.2379 seconds
                  AERO completed...       0.2669 seconds
            Master Time Step
            Processing completed...       5.2031 seconds

     Processing Day/Time [YYYYDDD:HHMMSS]: 2022182:092000
       Which is Equivalent to (UTC): 9:20:00  Friday,  July 1, 2022
       Time-Step Length (HHMMSS): 000500
                 VDIFF completed...       0.3200 seconds
                COUPLE completed...       0.0044 seconds
                  HADV completed...       3.3710 seconds
                  ZADV completed...       0.0366 seconds
                 HDIFF completed...       0.0119 seconds
              DECOUPLE completed...       0.0045 seconds
                  PHOT completed...       0.0056 seconds
               CLDPROC completed...       0.0650 seconds
                  CHEM completed...       0.2646 seconds
                  AERO completed...       0.3282 seconds
            Master Time Step
            Processing completed...       4.4120 seconds

     Processing Day/Time [YYYYDDD:HHMMSS]: 2022182:092500
       Which is Equivalent to (UTC): 9:25:00  Friday,  July 1, 2022
       Time-Step Length (HHMMSS): 000500
                 VDIFF completed...       4.7293 seconds
                COUPLE completed...       0.0045 seconds
                  HADV completed...       0.1284 seconds
                  ZADV completed...       0.0368 seconds
                 HDIFF completed...       0.0129 seconds
              DECOUPLE completed...       0.0045 seconds
                  PHOT completed...       0.0050 seconds
               CLDPROC completed...       0.0178 seconds
                  CHEM completed...       0.2361 seconds
                  AERO completed...       0.2615 seconds
            Master Time Step
            Processing completed...       5.4373 seconds

     Processing Day/Time [YYYYDDD:HHMMSS]: 2022182:093000
       Which is Equivalent to (UTC): 9:30:00  Friday,  July 1, 2022
       Time-Step Length (HHMMSS): 000500
                 VDIFF completed...       0.1437 seconds
                COUPLE completed...       0.0044 seconds
                  HADV completed...       2.5000 seconds
                  ZADV completed...       0.0369 seconds
                 HDIFF completed...       0.0315 seconds
              DECOUPLE completed...       0.0047 seconds
                  PHOT completed...       0.0052 seconds
               CLDPROC completed...       0.0187 seconds
                  CHEM completed...       0.2349 seconds
                  AERO completed...       0.2696 seconds
            Master Time Step
            Processing completed...       3.2495 seconds

     Processing Day/Time [YYYYDDD:HHMMSS]: 2022182:093500
       Which is Equivalent to (UTC): 9:35:00  Friday,  July 1, 2022
       Time-Step Length (HHMMSS): 000500
                 VDIFF completed...       0.2533 seconds
                COUPLE completed...       0.0045 seconds
                  HADV completed...       4.0817 seconds
                  ZADV completed...       0.0370 seconds
                 HDIFF completed...       0.0115 seconds
              DECOUPLE completed...       0.0046 seconds
                  PHOT completed...       0.0059 seconds
               CLDPROC completed...       0.0181 seconds
                  CHEM completed...       0.2364 seconds
                  AERO completed...       0.2661 seconds
            Master Time Step
            Processing completed...       4.9192 seconds

     Processing Day/Time [YYYYDDD:HHMMSS]: 2022182:094000
       Which is Equivalent to (UTC): 9:40:00  Friday,  July 1, 2022
       Time-Step Length (HHMMSS): 000500
                 VDIFF completed...       0.3404 seconds
                COUPLE completed...       0.0044 seconds
                  HADV completed...       2.2832 seconds
                  ZADV completed...       0.0369 seconds
                 HDIFF completed...       0.0153 seconds
              DECOUPLE completed...       0.0045 seconds
                  PHOT completed...       0.0072 seconds
               CLDPROC completed...       0.0558 seconds
                  CHEM completed...       0.2503 seconds
                  AERO completed...       0.2625 seconds
            Master Time Step
            Processing completed...       3.2608 seconds

     Processing Day/Time [YYYYDDD:HHMMSS]: 2022182:094500
       Which is Equivalent to (UTC): 9:45:00  Friday,  July 1, 2022
       Time-Step Length (HHMMSS): 000500
                 VDIFF completed...       0.3074 seconds
                COUPLE completed...       0.0044 seconds
                  HADV completed...       1.9744 seconds
                  ZADV completed...       0.0377 seconds
                 HDIFF completed...       0.0373 seconds
              DECOUPLE completed...       0.0048 seconds
                  PHOT completed...       0.0054 seconds
               CLDPROC completed...       0.0195 seconds
                  CHEM completed...       0.2352 seconds
                  AERO completed...       0.2626 seconds
            Master Time Step
            Processing completed...       2.8889 seconds

     Processing Day/Time [YYYYDDD:HHMMSS]: 2022182:095000
       Which is Equivalent to (UTC): 9:50:00  Friday,  July 1, 2022
       Time-Step Length (HHMMSS): 000500
                 VDIFF completed...       1.6248 seconds
                COUPLE completed...       0.0045 seconds
                  HADV completed...       0.1094 seconds
                  ZADV completed...       0.0371 seconds
                 HDIFF completed...       0.0124 seconds
              DECOUPLE completed...       0.0045 seconds
                  PHOT completed...       0.0055 seconds
               CLDPROC completed...       0.0187 seconds
                  CHEM completed...       0.2356 seconds
                  AERO completed...       0.2611 seconds
            Master Time Step
            Processing completed...       2.3140 seconds

     Processing Day/Time [YYYYDDD:HHMMSS]: 2022182:095500
       Which is Equivalent to (UTC): 9:55:00  Friday,  July 1, 2022
       Time-Step Length (HHMMSS): 000500
                 VDIFF completed...       3.9946 seconds
                COUPLE completed...       0.0091 seconds
                  HADV completed...       0.1517 seconds
                  ZADV completed...       0.0372 seconds
                 HDIFF completed...       0.0157 seconds
              DECOUPLE completed...       0.0045 seconds
                  PHOT completed...       0.0059 seconds
               CLDPROC completed...       0.0740 seconds
                  CHEM completed...       0.2373 seconds
                  AERO completed...       0.2652 seconds
            Master Time Step
            Processing completed...       4.7955 seconds

      =--> Data Output completed...       0.1079 seconds

     Processing Day/Time [YYYYDDD:HHMMSS]: 2022182:100000
       Which is Equivalent to (UTC): 10:00:00 Friday,  July 1, 2022
       Time-Step Length (HHMMSS): 000500
                 VDIFF completed...       4.3188 seconds
                COUPLE completed...       0.0062 seconds
                  HADV completed...       0.7431 seconds
                  ZADV completed...       0.0391 seconds
                 HDIFF completed...       0.0122 seconds
              DECOUPLE completed...       0.0046 seconds
                  PHOT completed...       0.0072 seconds
               CLDPROC completed...       0.0730 seconds
                  CHEM completed...       0.2491 seconds
                  AERO completed...       0.4201 seconds
            Master Time Step
            Processing completed...       5.8737 seconds

     Processing Day/Time [YYYYDDD:HHMMSS]: 2022182:100500
       Which is Equivalent to (UTC): 10:05:00 Friday,  July 1, 2022
       Time-Step Length (HHMMSS): 000500
                 VDIFF completed...       1.2481 seconds
                COUPLE completed...       0.0044 seconds
                  HADV completed...       2.6693 seconds
                  ZADV completed...       0.0372 seconds
                 HDIFF completed...       0.0340 seconds
              DECOUPLE completed...       0.0047 seconds
                  PHOT completed...       0.0525 seconds
               CLDPROC completed...       0.2203 seconds
                  CHEM completed...       0.2646 seconds
                  AERO completed...       0.4874 seconds
            Master Time Step
            Processing completed...       5.0227 seconds

     Processing Day/Time [YYYYDDD:HHMMSS]: 2022182:101000
       Which is Equivalent to (UTC): 10:10:00 Friday,  July 1, 2022
       Time-Step Length (HHMMSS): 000500
                 VDIFF completed...       0.3402 seconds
                COUPLE completed...       0.0044 seconds
                  HADV completed...       4.0042 seconds
                  ZADV completed...       0.0382 seconds
                 HDIFF completed...       0.0486 seconds
              DECOUPLE completed...       0.0045 seconds
                  PHOT completed...       0.0208 seconds
               CLDPROC completed...       0.0818 seconds
                  CHEM completed...       0.2495 seconds
                  AERO completed...       0.2584 seconds
            Master Time Step
            Processing completed...       5.0517 seconds

     Processing Day/Time [YYYYDDD:HHMMSS]: 2022182:101500
       Which is Equivalent to (UTC): 10:15:00 Friday,  July 1, 2022
       Time-Step Length (HHMMSS): 000500
                 VDIFF completed...       2.0670 seconds
                COUPLE completed...       0.0062 seconds
                  HADV completed...       0.2312 seconds
                  ZADV completed...       0.0394 seconds
                 HDIFF completed...       0.0140 seconds
              DECOUPLE completed...       0.0045 seconds
                  PHOT completed...       0.0527 seconds
               CLDPROC completed...       0.0433 seconds
                  CHEM completed...       0.2502 seconds
                  AERO completed...       0.2668 seconds
            Master Time Step
            Processing completed...       2.9758 seconds

     Processing Day/Time [YYYYDDD:HHMMSS]: 2022182:102000
       Which is Equivalent to (UTC): 10:20:00 Friday,  July 1, 2022
       Time-Step Length (HHMMSS): 000500
                 VDIFF completed...       0.4972 seconds
                COUPLE completed...       0.0044 seconds
                  HADV completed...       1.7276 seconds
                  ZADV completed...       0.0382 seconds
                 HDIFF completed...       0.0161 seconds
              DECOUPLE completed...       0.0045 seconds
                  PHOT completed...       0.0142 seconds
               CLDPROC completed...       0.1115 seconds
                  CHEM completed...       0.2472 seconds
                  AERO completed...       0.2613 seconds
            Master Time Step
            Processing completed...       2.9225 seconds

     Processing Day/Time [YYYYDDD:HHMMSS]: 2022182:102500
       Which is Equivalent to (UTC): 10:25:00 Friday,  July 1, 2022
       Time-Step Length (HHMMSS): 000500
                 VDIFF completed...       1.9874 seconds
                COUPLE completed...       0.0044 seconds
                  HADV completed...       2.7932 seconds
                  ZADV completed...       0.0387 seconds
                 HDIFF completed...       0.0138 seconds
              DECOUPLE completed...       0.0045 seconds
                  PHOT completed...       0.0218 seconds
               CLDPROC completed...       0.0715 seconds
                  CHEM completed...       0.2694 seconds
                  AERO completed...       0.2929 seconds
            Master Time Step
            Processing completed...       5.4979 seconds

     Processing Day/Time [YYYYDDD:HHMMSS]: 2022182:103000
       Which is Equivalent to (UTC): 10:30:00 Friday,  July 1, 2022
       Time-Step Length (HHMMSS): 000500
                 VDIFF completed...       4.7734 seconds
                COUPLE completed...       0.0044 seconds
                  HADV completed...       0.7460 seconds
                  ZADV completed...       0.0392 seconds
                 HDIFF completed...       0.0656 seconds
              DECOUPLE completed...       0.0045 seconds
                  PHOT completed...       0.0406 seconds
               CLDPROC completed...       0.1758 seconds
                  CHEM completed...       0.2547 seconds
                  AERO completed...       0.3221 seconds
            Master Time Step
            Processing completed...       6.4264 seconds

     Processing Day/Time [YYYYDDD:HHMMSS]: 2022182:103500
       Which is Equivalent to (UTC): 10:35:00 Friday,  July 1, 2022
       Time-Step Length (HHMMSS): 000500
                 VDIFF completed...       0.2729 seconds
                COUPLE completed...       0.0044 seconds
                  HADV completed...       4.8936 seconds
                  ZADV completed...       0.0376 seconds
                 HDIFF completed...       0.0559 seconds
              DECOUPLE completed...       0.0046 seconds
                  PHOT completed...       0.0225 seconds
               CLDPROC completed...       0.0424 seconds
                  CHEM completed...       0.2469 seconds
                  AERO completed...       0.3124 seconds
            Master Time Step
            Processing completed...       5.8934 seconds

     Processing Day/Time [YYYYDDD:HHMMSS]: 2022182:104000
       Which is Equivalent to (UTC): 10:40:00 Friday,  July 1, 2022
       Time-Step Length (HHMMSS): 000500
                 VDIFF completed...       2.5196 seconds
                COUPLE completed...       0.0047 seconds
                  HADV completed...       2.1431 seconds
                  ZADV completed...       0.0368 seconds
                 HDIFF completed...       0.0277 seconds
              DECOUPLE completed...       0.0047 seconds
                  PHOT completed...       0.0288 seconds
               CLDPROC completed...       0.1818 seconds
                  CHEM completed...       0.2484 seconds
                  AERO completed...       0.2801 seconds
            Master Time Step
            Processing completed...       5.4761 seconds

     Processing Day/Time [YYYYDDD:HHMMSS]: 2022182:104500
       Which is Equivalent to (UTC): 10:45:00 Friday,  July 1, 2022
       Time-Step Length (HHMMSS): 000500
                 VDIFF completed...       0.2542 seconds
                COUPLE completed...       0.0044 seconds
                  HADV completed...       5.1111 seconds
                  ZADV completed...       0.0402 seconds
                 HDIFF completed...       0.0263 seconds
              DECOUPLE completed...       0.0047 seconds
                  PHOT completed...       0.0210 seconds
               CLDPROC completed...       0.0413 seconds
                  CHEM completed...       0.2481 seconds
                  AERO completed...       0.2582 seconds
            Master Time Step
            Processing completed...       6.0098 seconds

     Processing Day/Time [YYYYDDD:HHMMSS]: 2022182:105000
       Which is Equivalent to (UTC): 10:50:00 Friday,  July 1, 2022
       Time-Step Length (HHMMSS): 000500
                 VDIFF completed...       0.8020 seconds
                COUPLE completed...       0.0078 seconds
                  HADV completed...       3.4810 seconds
                  ZADV completed...       0.0382 seconds
                 HDIFF completed...       0.0184 seconds
              DECOUPLE completed...       0.0046 seconds
                  PHOT completed...       0.0304 seconds
               CLDPROC completed...       0.0719 seconds
                  CHEM completed...       0.2481 seconds
                  AERO completed...       0.2666 seconds
            Master Time Step
            Processing completed...       4.9693 seconds

     Processing Day/Time [YYYYDDD:HHMMSS]: 2022182:105500
       Which is Equivalent to (UTC): 10:55:00 Friday,  July 1, 2022
       Time-Step Length (HHMMSS): 000500
                 VDIFF completed...       6.2576 seconds
                COUPLE completed...       0.0045 seconds
                  HADV completed...       0.8123 seconds
                  ZADV completed...       0.0382 seconds
                 HDIFF completed...       0.0223 seconds
              DECOUPLE completed...       0.0045 seconds
                  PHOT completed...       0.0536 seconds
               CLDPROC completed...       0.2289 seconds
                  CHEM completed...       0.2484 seconds
                  AERO completed...       0.2654 seconds
            Master Time Step
            Processing completed...       7.9360 seconds

      =--> Data Output completed...       0.3613 seconds

     Processing Day/Time [YYYYDDD:HHMMSS]: 2022182:110000
       Which is Equivalent to (UTC): 11:00:00 Friday,  July 1, 2022
       Time-Step Length (HHMMSS): 000500
                 VDIFF completed...       1.6156 seconds
                COUPLE completed...       0.0044 seconds
                  HADV completed...       4.5183 seconds
                  ZADV completed...       0.0399 seconds
                 HDIFF completed...       0.0445 seconds
              DECOUPLE completed...       0.0046 seconds
                  PHOT completed...       0.1144 seconds
               CLDPROC completed...       0.1326 seconds
                  CHEM completed...       0.2881 seconds
                  AERO completed...       0.4309 seconds
            Master Time Step
            Processing completed...       7.1936 seconds

     Processing Day/Time [YYYYDDD:HHMMSS]: 2022182:110500
       Which is Equivalent to (UTC): 11:05:00 Friday,  July 1, 2022
       Time-Step Length (HHMMSS): 000500
                 VDIFF completed...       6.3040 seconds
                COUPLE completed...       0.0046 seconds
                  HADV completed...       0.3259 seconds
                  ZADV completed...       0.0378 seconds
                 HDIFF completed...       0.0309 seconds
              DECOUPLE completed...       0.0045 seconds
                  PHOT completed...       0.0585 seconds
               CLDPROC completed...       0.0259 seconds
                  CHEM completed...       0.2559 seconds
                  AERO completed...       0.2550 seconds
            Master Time Step
            Processing completed...       7.3033 seconds

     Processing Day/Time [YYYYDDD:HHMMSS]: 2022182:111000
       Which is Equivalent to (UTC): 11:10:00 Friday,  July 1, 2022
       Time-Step Length (HHMMSS): 000500
                 VDIFF completed...       0.6275 seconds
                COUPLE completed...       0.0044 seconds
                  HADV completed...       4.8386 seconds
                  ZADV completed...       0.0444 seconds
                 HDIFF completed...       0.0173 seconds
              DECOUPLE completed...       0.0045 seconds
                  PHOT completed...       0.0519 seconds
               CLDPROC completed...       0.0602 seconds
                  CHEM completed...       0.2667 seconds
                  AERO completed...       0.3129 seconds
            Master Time Step
            Processing completed...       6.2285 seconds

     Processing Day/Time [YYYYDDD:HHMMSS]: 2022182:111500
       Which is Equivalent to (UTC): 11:15:00 Friday,  July 1, 2022
       Time-Step Length (HHMMSS): 000500
                 VDIFF completed...       2.7882 seconds
                COUPLE completed...       0.0044 seconds
                  HADV completed...       1.1456 seconds
                  ZADV completed...       0.0373 seconds
                 HDIFF completed...       0.0790 seconds
              DECOUPLE completed...       0.0046 seconds
                  PHOT completed...       0.0694 seconds
               CLDPROC completed...       0.0996 seconds
                  CHEM completed...       0.2904 seconds
                  AERO completed...       0.3043 seconds
            Master Time Step
            Processing completed...       4.8231 seconds

     Processing Day/Time [YYYYDDD:HHMMSS]: 2022182:112000
       Which is Equivalent to (UTC): 11:20:00 Friday,  July 1, 2022
       Time-Step Length (HHMMSS): 000500
                 VDIFF completed...       0.2831 seconds
                COUPLE completed...       0.0044 seconds
                  HADV completed...       6.0648 seconds
                  ZADV completed...       0.0373 seconds
                 HDIFF completed...       0.0107 seconds
              DECOUPLE completed...       0.0045 seconds
                  PHOT completed...       0.0535 seconds
               CLDPROC completed...       0.0285 seconds
                  CHEM completed...       0.4363 seconds
                  AERO completed...       0.2542 seconds
            Master Time Step
            Processing completed...       7.1774 seconds

     Processing Day/Time [YYYYDDD:HHMMSS]: 2022182:112500
       Which is Equivalent to (UTC): 11:25:00 Friday,  July 1, 2022
       Time-Step Length (HHMMSS): 000500
                 VDIFF completed...       3.3282 seconds
                COUPLE completed...       0.0045 seconds
                  HADV completed...       0.1883 seconds
                  ZADV completed...       0.0367 seconds
                 HDIFF completed...       0.0108 seconds
              DECOUPLE completed...       0.0045 seconds
                  PHOT completed...       0.0627 seconds
               CLDPROC completed...       0.0284 seconds
                  CHEM completed...       0.5859 seconds
                  AERO completed...       0.2551 seconds
            Master Time Step
            Processing completed...       4.5054 seconds

     Processing Day/Time [YYYYDDD:HHMMSS]: 2022182:113000
       Which is Equivalent to (UTC): 11:30:00 Friday,  July 1, 2022
       Time-Step Length (HHMMSS): 000500
                 VDIFF completed...       0.1837 seconds
                COUPLE completed...       0.0045 seconds
                  HADV completed...       2.1703 seconds
                  ZADV completed...       0.0377 seconds
                 HDIFF completed...       0.0107 seconds
              DECOUPLE completed...       0.0045 seconds
                  PHOT completed...       0.0657 seconds
               CLDPROC completed...       0.0325 seconds
                  CHEM completed...       0.5698 seconds
                  AERO completed...       0.2661 seconds
            Master Time Step
            Processing completed...       3.3458 seconds

     Processing Day/Time [YYYYDDD:HHMMSS]: 2022182:113500
       Which is Equivalent to (UTC): 11:35:00 Friday,  July 1, 2022
       Time-Step Length (HHMMSS): 000500
                 VDIFF completed...       0.3553 seconds
                COUPLE completed...       0.0044 seconds
                  HADV completed...       5.1705 seconds
                  ZADV completed...       0.0365 seconds
                 HDIFF completed...       0.0140 seconds
              DECOUPLE completed...       0.0045 seconds
                  PHOT completed...       0.0653 seconds
               CLDPROC completed...       0.0300 seconds
                  CHEM completed...       0.5360 seconds
                  AERO completed...       0.2552 seconds
            Master Time Step
            Processing completed...       6.4718 seconds

     Processing Day/Time [YYYYDDD:HHMMSS]: 2022182:114000
       Which is Equivalent to (UTC): 11:40:00 Friday,  July 1, 2022
       Time-Step Length (HHMMSS): 000500
                 VDIFF completed...       1.1497 seconds
                COUPLE completed...       0.0044 seconds
                  HADV completed...       2.6729 seconds
                  ZADV completed...       0.0373 seconds
                 HDIFF completed...       0.0582 seconds
              DECOUPLE completed...       0.0046 seconds
                  PHOT completed...       0.0680 seconds
               CLDPROC completed...       0.0430 seconds
                  CHEM completed...       0.5107 seconds
                  AERO completed...       0.4308 seconds
            Master Time Step
            Processing completed...       4.9801 seconds

     Processing Day/Time [YYYYDDD:HHMMSS]: 2022182:114500
       Which is Equivalent to (UTC): 11:45:00 Friday,  July 1, 2022
       Time-Step Length (HHMMSS): 000500
                 VDIFF completed...       0.4204 seconds
                COUPLE completed...       0.0045 seconds
                  HADV completed...       4.7537 seconds
                  ZADV completed...       0.0384 seconds
                 HDIFF completed...       0.0685 seconds
              DECOUPLE completed...       0.0046 seconds
                  PHOT completed...       0.0835 seconds
               CLDPROC completed...       0.0717 seconds
                  CHEM completed...       0.5004 seconds
                  AERO completed...       0.2591 seconds
            Master Time Step
            Processing completed...       6.2052 seconds

     Processing Day/Time [YYYYDDD:HHMMSS]: 2022182:115000
       Which is Equivalent to (UTC): 11:50:00 Friday,  July 1, 2022
       Time-Step Length (HHMMSS): 000500
                 VDIFF completed...       0.2620 seconds
                COUPLE completed...       0.0044 seconds
                  HADV completed...       5.0245 seconds
                  ZADV completed...       0.0377 seconds
                 HDIFF completed...       0.0428 seconds
              DECOUPLE completed...       0.0045 seconds
                  PHOT completed...       0.1470 seconds
               CLDPROC completed...       0.1587 seconds
                  CHEM completed...       0.5013 seconds
                  AERO completed...       0.3963 seconds
            Master Time Step
            Processing completed...       6.5794 seconds

     Processing Day/Time [YYYYDDD:HHMMSS]: 2022182:115500
       Which is Equivalent to (UTC): 11:55:00 Friday,  July 1, 2022
       Time-Step Length (HHMMSS): 000500
                 VDIFF completed...       5.2229 seconds
                COUPLE completed...       0.0049 seconds
                  HADV completed...       0.5527 seconds
                  ZADV completed...       0.0376 seconds
                 HDIFF completed...       0.0421 seconds
              DECOUPLE completed...       0.0046 seconds
                  PHOT completed...       0.0891 seconds
               CLDPROC completed...       0.1825 seconds
                  CHEM completed...       0.5047 seconds
                  AERO completed...       0.2645 seconds
            Master Time Step
            Processing completed...       6.9058 seconds

      =--> Data Output completed...       0.2389 seconds

     Processing Day/Time [YYYYDDD:HHMMSS]: 2022182:120000
       Which is Equivalent to (UTC): 12:00:00 Friday,  July 1, 2022
       Time-Step Length (HHMMSS): 000500
                 VDIFF completed...       1.6587 seconds
                COUPLE completed...       0.0044 seconds
                  HADV completed...       5.0327 seconds
                  ZADV completed...       0.0409 seconds
                 HDIFF completed...       0.0437 seconds
              DECOUPLE completed...       0.0057 seconds
                  PHOT completed...       0.1642 seconds
               CLDPROC completed...       0.1617 seconds
                  CHEM completed...       0.5205 seconds
                  AERO completed...       0.4243 seconds
            Master Time Step
            Processing completed...       8.0571 seconds

     Processing Day/Time [YYYYDDD:HHMMSS]: 2022182:120500
       Which is Equivalent to (UTC): 12:05:00 Friday,  July 1, 2022
       Time-Step Length (HHMMSS): 000500
                 VDIFF completed...       6.9542 seconds
                COUPLE completed...       0.0062 seconds
                  HADV completed...       0.3129 seconds
                  ZADV completed...       0.0378 seconds
                 HDIFF completed...       0.0461 seconds
              DECOUPLE completed...       0.0046 seconds
                  PHOT completed...       0.0661 seconds
               CLDPROC completed...       0.0378 seconds
                  CHEM completed...       0.4996 seconds
                  AERO completed...       0.2507 seconds
            Master Time Step
            Processing completed...       8.2163 seconds

     Processing Day/Time [YYYYDDD:HHMMSS]: 2022182:121000
       Which is Equivalent to (UTC): 12:10:00 Friday,  July 1, 2022
       Time-Step Length (HHMMSS): 000500
                 VDIFF completed...       0.1961 seconds
                COUPLE completed...       0.0044 seconds
                  HADV completed...       5.0825 seconds
                  ZADV completed...       0.0379 seconds
                 HDIFF completed...       0.0399 seconds
              DECOUPLE completed...       0.0046 seconds
                  PHOT completed...       0.1493 seconds
               CLDPROC completed...       0.1341 seconds
                  CHEM completed...       0.5039 seconds
                  AERO completed...       0.4156 seconds
            Master Time Step
            Processing completed...       6.5685 seconds

     Processing Day/Time [YYYYDDD:HHMMSS]: 2022182:121500
       Which is Equivalent to (UTC): 12:15:00 Friday,  July 1, 2022
       Time-Step Length (HHMMSS): 000500
                 VDIFF completed...       0.3732 seconds
                COUPLE completed...       0.0044 seconds
                  HADV completed...       4.1175 seconds
                  ZADV completed...       0.0370 seconds
                 HDIFF completed...       0.0685 seconds
              DECOUPLE completed...       0.0048 seconds
                  PHOT completed...       0.0742 seconds
               CLDPROC completed...       0.0440 seconds
                  CHEM completed...       0.5060 seconds
                  AERO completed...       0.2529 seconds
            Master Time Step
            Processing completed...       5.4829 seconds

     Processing Day/Time [YYYYDDD:HHMMSS]: 2022182:122000
       Which is Equivalent to (UTC): 12:20:00 Friday,  July 1, 2022
       Time-Step Length (HHMMSS): 000500
                 VDIFF completed...       0.2094 seconds
                COUPLE completed...       0.0044 seconds
                  HADV completed...       4.7273 seconds
                  ZADV completed...       0.0361 seconds
                 HDIFF completed...       0.0105 seconds
              DECOUPLE completed...       0.0046 seconds
                  PHOT completed...       0.0636 seconds
               CLDPROC completed...       0.0394 seconds
                  CHEM completed...       0.5051 seconds
                  AERO completed...       0.2534 seconds
            Master Time Step
            Processing completed...       5.8540 seconds

     Processing Day/Time [YYYYDDD:HHMMSS]: 2022182:122500
       Which is Equivalent to (UTC): 12:25:00 Friday,  July 1, 2022
       Time-Step Length (HHMMSS): 000500
                 VDIFF completed...       2.8943 seconds
                COUPLE completed...       0.0044 seconds
                  HADV completed...       0.2202 seconds
                  ZADV completed...       0.0356 seconds
                 HDIFF completed...       0.0387 seconds
              DECOUPLE completed...       0.0047 seconds
                  PHOT completed...       0.0662 seconds
               CLDPROC completed...       0.0382 seconds
                  CHEM completed...       0.5126 seconds
                  AERO completed...       0.2563 seconds
            Master Time Step
            Processing completed...       4.0713 seconds

     Processing Day/Time [YYYYDDD:HHMMSS]: 2022182:123000
       Which is Equivalent to (UTC): 12:30:00 Friday,  July 1, 2022
       Time-Step Length (HHMMSS): 000500
                 VDIFF completed...       4.1260 seconds
                COUPLE completed...       0.0045 seconds
                  HADV completed...       0.1128 seconds
                  ZADV completed...       0.0373 seconds
                 HDIFF completed...       0.0099 seconds
              DECOUPLE completed...       0.0045 seconds
                  PHOT completed...       0.0636 seconds
               CLDPROC completed...       0.0420 seconds
                  CHEM completed...       0.5154 seconds
                  AERO completed...       0.2536 seconds
            Master Time Step
            Processing completed...       5.1699 seconds

     Processing Day/Time [YYYYDDD:HHMMSS]: 2022182:123500
       Which is Equivalent to (UTC): 12:35:00 Friday,  July 1, 2022
       Time-Step Length (HHMMSS): 000500
                 VDIFF completed...       0.1680 seconds
                COUPLE completed...       0.0044 seconds
                  HADV completed...       4.9682 seconds
                  ZADV completed...       0.0354 seconds
                 HDIFF completed...       0.0217 seconds
              DECOUPLE completed...       0.0045 seconds
                  PHOT completed...       0.0641 seconds
               CLDPROC completed...       0.0403 seconds
                  CHEM completed...       0.5199 seconds
                  AERO completed...       0.3126 seconds
            Master Time Step
            Processing completed...       6.1392 seconds

     Processing Day/Time [YYYYDDD:HHMMSS]: 2022182:124000
       Which is Equivalent to (UTC): 12:40:00 Friday,  July 1, 2022
       Time-Step Length (HHMMSS): 000500
                 VDIFF completed...       0.5196 seconds
                COUPLE completed...       0.0044 seconds
                  HADV completed...       4.1830 seconds
                  ZADV completed...       0.0358 seconds
                 HDIFF completed...       0.0355 seconds
              DECOUPLE completed...       0.0045 seconds
                  PHOT completed...       0.1091 seconds
               CLDPROC completed...       0.1594 seconds
                  CHEM completed...       0.5224 seconds
                  AERO completed...       0.2809 seconds
            Master Time Step
            Processing completed...       5.8548 seconds

     Processing Day/Time [YYYYDDD:HHMMSS]: 2022182:124500
       Which is Equivalent to (UTC): 12:45:00 Friday,  July 1, 2022
       Time-Step Length (HHMMSS): 000500
                 VDIFF completed...       3.7346 seconds
                COUPLE completed...       0.0046 seconds
                  HADV completed...       0.1116 seconds
                  ZADV completed...       0.0370 seconds
                 HDIFF completed...       0.0114 seconds
              DECOUPLE completed...       0.0045 seconds
                  PHOT completed...       0.0638 seconds
               CLDPROC completed...       0.0374 seconds
                  CHEM completed...       0.5298 seconds
                  AERO completed...       0.2531 seconds
            Master Time Step
            Processing completed...       4.7880 seconds

     Processing Day/Time [YYYYDDD:HHMMSS]: 2022182:125000
       Which is Equivalent to (UTC): 12:50:00 Friday,  July 1, 2022
       Time-Step Length (HHMMSS): 000500
                 VDIFF completed...       0.1902 seconds
                COUPLE completed...       0.0044 seconds
                  HADV completed...       1.6939 seconds
                  ZADV completed...       0.0373 seconds
                 HDIFF completed...       0.0105 seconds
              DECOUPLE completed...       0.0045 seconds
                  PHOT completed...       0.0636 seconds
               CLDPROC completed...       0.0430 seconds
                  CHEM completed...       0.5362 seconds
                  AERO completed...       0.4441 seconds
            Master Time Step
            Processing completed...       3.0281 seconds

     Processing Day/Time [YYYYDDD:HHMMSS]: 2022182:125500
       Which is Equivalent to (UTC): 12:55:00 Friday,  July 1, 2022
       Time-Step Length (HHMMSS): 000500
                 VDIFF completed...       1.5035 seconds
                COUPLE completed...       0.0047 seconds
                  HADV completed...       0.6781 seconds
                  ZADV completed...       0.0374 seconds
                 HDIFF completed...       0.0459 seconds
              DECOUPLE completed...       0.0045 seconds
                  PHOT completed...       0.2720 seconds
               CLDPROC completed...       0.1564 seconds
                  CHEM completed...       0.5652 seconds
                  AERO completed...       0.2909 seconds
            Master Time Step
            Processing completed...       3.5588 seconds

      =--> Data Output completed...       0.2190 seconds

     Processing Day/Time [YYYYDDD:HHMMSS]: 2022182:130000
       Which is Equivalent to (UTC): 13:00:00 Friday,  July 1, 2022
       Time-Step Length (HHMMSS): 000500
                 VDIFF completed...       3.9442 seconds
                COUPLE completed...       0.0044 seconds
                  HADV completed...       2.9563 seconds
                  ZADV completed...       0.0369 seconds
                 HDIFF completed...       0.0685 seconds
              DECOUPLE completed...       0.0048 seconds
                  PHOT completed...       0.1278 seconds
               CLDPROC completed...       0.0645 seconds
                  CHEM completed...       0.5861 seconds
                  AERO completed...       0.3372 seconds
            Master Time Step
            Processing completed...       8.1309 seconds

     Processing Day/Time [YYYYDDD:HHMMSS]: 2022182:130500
       Which is Equivalent to (UTC): 13:05:00 Friday,  July 1, 2022
       Time-Step Length (HHMMSS): 000500
                 VDIFF completed...       4.2139 seconds
                COUPLE completed...       0.0067 seconds
                  HADV completed...       1.1786 seconds
                  ZADV completed...       0.0391 seconds
                 HDIFF completed...       0.0849 seconds
              DECOUPLE completed...       0.0046 seconds
                  PHOT completed...       0.1067 seconds
               CLDPROC completed...       0.0635 seconds
                  CHEM completed...       0.5545 seconds
                  AERO completed...       0.2554 seconds
            Master Time Step
            Processing completed...       6.5080 seconds

     Processing Day/Time [YYYYDDD:HHMMSS]: 2022182:131000
       Which is Equivalent to (UTC): 13:10:00 Friday,  July 1, 2022
       Time-Step Length (HHMMSS): 000500
                 VDIFF completed...       0.1868 seconds
                COUPLE completed...       0.0047 seconds
                  HADV completed...       4.9021 seconds
                  ZADV completed...       0.0364 seconds
                 HDIFF completed...       0.0348 seconds
              DECOUPLE completed...       0.0047 seconds
                  PHOT completed...       0.1577 seconds
               CLDPROC completed...       0.1648 seconds
                  CHEM completed...       0.5607 seconds
                  AERO completed...       0.2554 seconds
            Master Time Step
            Processing completed...       6.3083 seconds

     Processing Day/Time [YYYYDDD:HHMMSS]: 2022182:131500
       Which is Equivalent to (UTC): 13:15:00 Friday,  July 1, 2022
       Time-Step Length (HHMMSS): 000500
                 VDIFF completed...       3.1941 seconds
                COUPLE completed...       0.0045 seconds
                  HADV completed...       2.5877 seconds
                  ZADV completed...       0.0366 seconds
                 HDIFF completed...       0.0455 seconds
              DECOUPLE completed...       0.0047 seconds
                  PHOT completed...       0.0884 seconds
               CLDPROC completed...       0.0413 seconds
                  CHEM completed...       0.5582 seconds
                  AERO completed...       0.2556 seconds
            Master Time Step
            Processing completed...       6.8169 seconds

     Processing Day/Time [YYYYDDD:HHMMSS]: 2022182:132000
       Which is Equivalent to (UTC): 13:20:00 Friday,  July 1, 2022
       Time-Step Length (HHMMSS): 000500
                 VDIFF completed...       0.3454 seconds
                COUPLE completed...       0.0044 seconds
                  HADV completed...       3.5469 seconds
                  ZADV completed...       0.0354 seconds
                 HDIFF completed...       0.0102 seconds
              DECOUPLE completed...       0.0045 seconds
                  PHOT completed...       0.0725 seconds
               CLDPROC completed...       0.0408 seconds
                  CHEM completed...       0.5619 seconds
                  AERO completed...       0.2530 seconds
            Master Time Step
            Processing completed...       4.8753 seconds

     Processing Day/Time [YYYYDDD:HHMMSS]: 2022182:132500
       Which is Equivalent to (UTC): 13:25:00 Friday,  July 1, 2022
       Time-Step Length (HHMMSS): 000500
                 VDIFF completed...       4.4096 seconds
                COUPLE completed...       0.0044 seconds
                  HADV completed...       0.1031 seconds
                  ZADV completed...       0.0348 seconds
                 HDIFF completed...       0.0133 seconds
              DECOUPLE completed...       0.0047 seconds
                  PHOT completed...       0.0633 seconds
               CLDPROC completed...       0.0380 seconds
                  CHEM completed...       0.5645 seconds
                  AERO completed...       0.2511 seconds
            Master Time Step
            Processing completed...       5.4870 seconds

     Processing Day/Time [YYYYDDD:HHMMSS]: 2022182:133000
       Which is Equivalent to (UTC): 13:30:00 Friday,  July 1, 2022
       Time-Step Length (HHMMSS): 000500
                 VDIFF completed...       0.1743 seconds
                COUPLE completed...       0.0044 seconds
                  HADV completed...       2.7922 seconds
                  ZADV completed...       0.0344 seconds
                 HDIFF completed...       0.0135 seconds
              DECOUPLE completed...       0.0045 seconds
                  PHOT completed...       0.0644 seconds
               CLDPROC completed...       0.0381 seconds
                  CHEM completed...       0.5710 seconds
                  AERO completed...       0.2520 seconds
            Master Time Step
            Processing completed...       3.9492 seconds

     Processing Day/Time [YYYYDDD:HHMMSS]: 2022182:133500
       Which is Equivalent to (UTC): 13:35:00 Friday,  July 1, 2022
       Time-Step Length (HHMMSS): 000500
                 VDIFF completed...       2.2517 seconds
                COUPLE completed...       0.0045 seconds
                  HADV completed...       1.9751 seconds
                  ZADV completed...       0.0344 seconds
                 HDIFF completed...       0.0228 seconds
              DECOUPLE completed...       0.0045 seconds
                  PHOT completed...       0.0652 seconds
               CLDPROC completed...       0.0461 seconds
                  CHEM completed...       0.5770 seconds
                  AERO completed...       0.2512 seconds
            Master Time Step
            Processing completed...       5.2327 seconds

     Processing Day/Time [YYYYDDD:HHMMSS]: 2022182:134000
       Which is Equivalent to (UTC): 13:40:00 Friday,  July 1, 2022
       Time-Step Length (HHMMSS): 000500
                 VDIFF completed...       0.6128 seconds
                COUPLE completed...       0.0044 seconds
                  HADV completed...       3.4504 seconds
                  ZADV completed...       0.0343 seconds
                 HDIFF completed...       0.0138 seconds
              DECOUPLE completed...       0.0045 seconds
                  PHOT completed...       0.0757 seconds
               CLDPROC completed...       0.0416 seconds
                  CHEM completed...       0.5816 seconds
                  AERO completed...       0.3978 seconds
            Master Time Step
            Processing completed...       5.2172 seconds

     Processing Day/Time [YYYYDDD:HHMMSS]: 2022182:134500
       Which is Equivalent to (UTC): 13:45:00 Friday,  July 1, 2022
       Time-Step Length (HHMMSS): 000500
                 VDIFF completed...       0.2978 seconds
                COUPLE completed...       0.0044 seconds
                  HADV completed...       2.6075 seconds
                  ZADV completed...       0.0343 seconds
                 HDIFF completed...       0.0269 seconds
              DECOUPLE completed...       0.0045 seconds
                  PHOT completed...       0.0846 seconds
               CLDPROC completed...       0.2157 seconds
                  CHEM completed...       0.5806 seconds
                  AERO completed...       0.2830 seconds
            Master Time Step
            Processing completed...       4.1396 seconds

     Processing Day/Time [YYYYDDD:HHMMSS]: 2022182:135000
       Which is Equivalent to (UTC): 13:50:00 Friday,  July 1, 2022
       Time-Step Length (HHMMSS): 000500
                 VDIFF completed...       4.9317 seconds
                COUPLE completed...       0.0044 seconds
                  HADV completed...       0.6752 seconds
                  ZADV completed...       0.0351 seconds
                 HDIFF completed...       0.0402 seconds
              DECOUPLE completed...       0.0046 seconds
                  PHOT completed...       0.1094 seconds
               CLDPROC completed...       0.0893 seconds
                  CHEM completed...       0.5861 seconds
                  AERO completed...       0.2927 seconds
            Master Time Step
            Processing completed...       6.7689 seconds

     Processing Day/Time [YYYYDDD:HHMMSS]: 2022182:135500
       Which is Equivalent to (UTC): 13:55:00 Friday,  July 1, 2022
       Time-Step Length (HHMMSS): 000500
                 VDIFF completed...       2.7700 seconds
                COUPLE completed...       0.0047 seconds
                  HADV completed...       0.6103 seconds
                  ZADV completed...       0.0353 seconds
                 HDIFF completed...       0.0100 seconds
              DECOUPLE completed...       0.0046 seconds
                  PHOT completed...       0.0740 seconds
               CLDPROC completed...       0.1983 seconds
                  CHEM completed...       0.5884 seconds
                  AERO completed...       0.2514 seconds
            Master Time Step
            Processing completed...       4.5472 seconds

      =--> Data Output completed...       0.1334 seconds

     Processing Day/Time [YYYYDDD:HHMMSS]: 2022182:140000
       Which is Equivalent to (UTC): 14:00:00 Friday,  July 1, 2022
       Time-Step Length (HHMMSS): 000500
                 VDIFF completed...       1.3090 seconds
                COUPLE completed...       0.0044 seconds
                  HADV completed...       4.6021 seconds
                  ZADV completed...       0.0369 seconds
                 HDIFF completed...       0.0614 seconds
              DECOUPLE completed...       0.0046 seconds
                  PHOT completed...       0.1740 seconds
               CLDPROC completed...       0.1537 seconds
                  CHEM completed...       0.6385 seconds
                  AERO completed...       0.3185 seconds
            Master Time Step
            Processing completed...       7.3034 seconds

     Processing Day/Time [YYYYDDD:HHMMSS]: 2022182:140500
       Which is Equivalent to (UTC): 14:05:00 Friday,  July 1, 2022
       Time-Step Length (HHMMSS): 000500
                 VDIFF completed...       6.6444 seconds
                COUPLE completed...       0.0044 seconds
                  HADV completed...       0.3901 seconds
                  ZADV completed...       0.0351 seconds
                 HDIFF completed...       0.0534 seconds
              DECOUPLE completed...       0.0045 seconds
                  PHOT completed...       0.0747 seconds
               CLDPROC completed...       0.0607 seconds
                  CHEM completed...       0.6001 seconds
                  AERO completed...       0.2525 seconds
            Master Time Step
            Processing completed...       8.1201 seconds

     Processing Day/Time [YYYYDDD:HHMMSS]: 2022182:141000
       Which is Equivalent to (UTC): 14:10:00 Friday,  July 1, 2022
       Time-Step Length (HHMMSS): 000500
                 VDIFF completed...       0.1546 seconds
                COUPLE completed...       0.0044 seconds
                  HADV completed...       4.7802 seconds
                  ZADV completed...       0.0382 seconds
                 HDIFF completed...       0.0415 seconds
              DECOUPLE completed...       0.0051 seconds
                  PHOT completed...       0.1727 seconds
               CLDPROC completed...       0.1744 seconds
                  CHEM completed...       0.6260 seconds
                  AERO completed...       0.3430 seconds
            Master Time Step
            Processing completed...       6.3404 seconds

     Processing Day/Time [YYYYDDD:HHMMSS]: 2022182:141500
       Which is Equivalent to (UTC): 14:15:00 Friday,  July 1, 2022
       Time-Step Length (HHMMSS): 000500
                 VDIFF completed...       3.3919 seconds
                COUPLE completed...       0.0044 seconds
                  HADV completed...       2.2068 seconds
                  ZADV completed...       0.0353 seconds
                 HDIFF completed...       0.0488 seconds
              DECOUPLE completed...       0.0045 seconds
                  PHOT completed...       0.0990 seconds
               CLDPROC completed...       0.0394 seconds
                  CHEM completed...       0.5978 seconds
                  AERO completed...       0.2530 seconds
            Master Time Step
            Processing completed...       6.6810 seconds

     Processing Day/Time [YYYYDDD:HHMMSS]: 2022182:142000
       Which is Equivalent to (UTC): 14:20:00 Friday,  July 1, 2022
       Time-Step Length (HHMMSS): 000500
                 VDIFF completed...       0.4401 seconds
                COUPLE completed...       0.0044 seconds
                  HADV completed...       4.6171 seconds
                  ZADV completed...       0.0358 seconds
                 HDIFF completed...       0.0313 seconds
              DECOUPLE completed...       0.0046 seconds
                  PHOT completed...       0.1027 seconds
               CLDPROC completed...       0.1316 seconds
                  CHEM completed...       0.6192 seconds
                  AERO completed...       0.3701 seconds
            Master Time Step
            Processing completed...       6.3572 seconds

     Processing Day/Time [YYYYDDD:HHMMSS]: 2022182:142500
       Which is Equivalent to (UTC): 14:25:00 Friday,  July 1, 2022
       Time-Step Length (HHMMSS): 000500
                 VDIFF completed...       4.5172 seconds
                COUPLE completed...       0.0047 seconds
                  HADV completed...       0.5850 seconds
                  ZADV completed...       0.0364 seconds
                 HDIFF completed...       0.0633 seconds
              DECOUPLE completed...       0.0046 seconds
                  PHOT completed...       0.0933 seconds
               CLDPROC completed...       0.0538 seconds
                  CHEM completed...       0.6209 seconds
                  AERO completed...       0.2520 seconds
            Master Time Step
            Processing completed...       6.2315 seconds

     Processing Day/Time [YYYYDDD:HHMMSS]: 2022182:143000
       Which is Equivalent to (UTC): 14:30:00 Friday,  July 1, 2022
       Time-Step Length (HHMMSS): 000500
                 VDIFF completed...       0.4458 seconds
                COUPLE completed...       0.0044 seconds
                  HADV completed...       4.6492 seconds
                  ZADV completed...       0.0355 seconds
                 HDIFF completed...       0.0421 seconds
              DECOUPLE completed...       0.0045 seconds
                  PHOT completed...       0.1280 seconds
               CLDPROC completed...       0.1515 seconds
                  CHEM completed...       0.6273 seconds
                  AERO completed...       0.3845 seconds
            Master Time Step
            Processing completed...       6.4731 seconds

     Processing Day/Time [YYYYDDD:HHMMSS]: 2022182:143500
       Which is Equivalent to (UTC): 14:35:00 Friday,  July 1, 2022
       Time-Step Length (HHMMSS): 000500
                 VDIFF completed...       0.2717 seconds
                COUPLE completed...       0.0044 seconds
                  HADV completed...       6.2257 seconds
                  ZADV completed...       0.0357 seconds
                 HDIFF completed...       0.0498 seconds
              DECOUPLE completed...       0.0047 seconds
                  PHOT completed...       0.0795 seconds
               CLDPROC completed...       0.0376 seconds
                  CHEM completed...       0.5986 seconds
                  AERO completed...       0.2517 seconds
            Master Time Step
            Processing completed...       7.5595 seconds

     Processing Day/Time [YYYYDDD:HHMMSS]: 2022182:144000
       Which is Equivalent to (UTC): 14:40:00 Friday,  July 1, 2022
       Time-Step Length (HHMMSS): 000500
                 VDIFF completed...       0.4251 seconds
                COUPLE completed...       0.0044 seconds
                  HADV completed...       3.9247 seconds
                  ZADV completed...       0.0348 seconds
                 HDIFF completed...       0.0104 seconds
              DECOUPLE completed...       0.0045 seconds
                  PHOT completed...       0.0634 seconds
               CLDPROC completed...       0.0352 seconds
                  CHEM completed...       0.6001 seconds
                  AERO completed...       0.2531 seconds
            Master Time Step
            Processing completed...       5.3561 seconds

     Processing Day/Time [YYYYDDD:HHMMSS]: 2022182:144500
       Which is Equivalent to (UTC): 14:45:00 Friday,  July 1, 2022
       Time-Step Length (HHMMSS): 000500
                 VDIFF completed...       3.8551 seconds
                COUPLE completed...       0.0044 seconds
                  HADV completed...       0.1076 seconds
                  ZADV completed...       0.0343 seconds
                 HDIFF completed...       0.0126 seconds
              DECOUPLE completed...       0.0045 seconds
                  PHOT completed...       0.0642 seconds
               CLDPROC completed...       0.0344 seconds
                  CHEM completed...       0.6015 seconds
                  AERO completed...       0.2547 seconds
            Master Time Step
            Processing completed...       4.9736 seconds

     Processing Day/Time [YYYYDDD:HHMMSS]: 2022182:145000
       Which is Equivalent to (UTC): 14:50:00 Friday,  July 1, 2022
       Time-Step Length (HHMMSS): 000500
                 VDIFF completed...       0.1642 seconds
                COUPLE completed...       0.0045 seconds
                  HADV completed...       5.7490 seconds
                  ZADV completed...       0.0346 seconds
                 HDIFF completed...       0.0104 seconds
              DECOUPLE completed...       0.0046 seconds
                  PHOT completed...       0.0630 seconds
               CLDPROC completed...       0.0343 seconds
                  CHEM completed...       0.6009 seconds
                  AERO completed...       0.2690 seconds
            Master Time Step
            Processing completed...       6.9347 seconds

     Processing Day/Time [YYYYDDD:HHMMSS]: 2022182:145500
       Which is Equivalent to (UTC): 14:55:00 Friday,  July 1, 2022
       Time-Step Length (HHMMSS): 000500
                 VDIFF completed...       5.2291 seconds
                COUPLE completed...       0.0045 seconds
                  HADV completed...       0.2127 seconds
                  ZADV completed...       0.0342 seconds
                 HDIFF completed...       0.0124 seconds
              DECOUPLE completed...       0.0046 seconds
                  PHOT completed...       0.0987 seconds
               CLDPROC completed...       0.1835 seconds
                  CHEM completed...       0.6336 seconds
                  AERO completed...       0.3522 seconds
            Master Time Step
            Processing completed...       6.7659 seconds

      =--> Data Output completed...       0.1468 seconds

     Processing Day/Time [YYYYDDD:HHMMSS]: 2022182:150000
       Which is Equivalent to (UTC): 15:00:00 Friday,  July 1, 2022
       Time-Step Length (HHMMSS): 000500
                 VDIFF completed...       5.8717 seconds
                COUPLE completed...       0.0050 seconds
                  HADV completed...       0.9600 seconds
                  ZADV completed...       0.0365 seconds
                 HDIFF completed...       0.0519 seconds
              DECOUPLE completed...       0.0045 seconds
                  PHOT completed...       0.1221 seconds
               CLDPROC completed...       0.0716 seconds
                  CHEM completed...       0.6213 seconds
                  AERO completed...       0.2872 seconds
            Master Time Step
            Processing completed...       8.0320 seconds

     Processing Day/Time [YYYYDDD:HHMMSS]: 2022182:150500
       Which is Equivalent to (UTC): 15:05:00 Friday,  July 1, 2022
       Time-Step Length (HHMMSS): 000500
                 VDIFF completed...       0.2528 seconds
                COUPLE completed...       0.0044 seconds
                  HADV completed...       6.2878 seconds
                  ZADV completed...       0.0359 seconds
                 HDIFF completed...       0.0512 seconds
              DECOUPLE completed...       0.0045 seconds
                  PHOT completed...       0.0997 seconds
               CLDPROC completed...       0.0352 seconds
                  CHEM completed...       0.6041 seconds
                  AERO completed...       0.2612 seconds
            Master Time Step
            Processing completed...       7.6376 seconds

     Processing Day/Time [YYYYDDD:HHMMSS]: 2022182:151000
       Which is Equivalent to (UTC): 15:10:00 Friday,  July 1, 2022
       Time-Step Length (HHMMSS): 000500
                 VDIFF completed...       6.9501 seconds
                COUPLE completed...       0.0047 seconds
                  HADV completed...       1.0065 seconds
                  ZADV completed...       0.0368 seconds
                 HDIFF completed...       0.0317 seconds
              DECOUPLE completed...       0.0045 seconds
                  PHOT completed...       0.0694 seconds
               CLDPROC completed...       0.0346 seconds
                  CHEM completed...       0.6011 seconds
                  AERO completed...       0.2737 seconds
            Master Time Step
            Processing completed...       9.0141 seconds

     Processing Day/Time [YYYYDDD:HHMMSS]: 2022182:151500
       Which is Equivalent to (UTC): 15:15:00 Friday,  July 1, 2022
       Time-Step Length (HHMMSS): 000500
                 VDIFF completed...       0.1600 seconds
                COUPLE completed...       0.0044 seconds
                  HADV completed...       5.8011 seconds
                  ZADV completed...       0.0342 seconds
                 HDIFF completed...       0.0417 seconds
              DECOUPLE completed...       0.0046 seconds
                  PHOT completed...       0.0786 seconds
               CLDPROC completed...       0.0688 seconds
                  CHEM completed...       0.6022 seconds
                  AERO completed...       0.2589 seconds
            Master Time Step
            Processing completed...       7.0550 seconds

     Processing Day/Time [YYYYDDD:HHMMSS]: 2022182:152000
       Which is Equivalent to (UTC): 15:20:00 Friday,  July 1, 2022
       Time-Step Length (HHMMSS): 000500
                 VDIFF completed...       6.5903 seconds
                COUPLE completed...       0.0047 seconds
                  HADV completed...       0.6584 seconds
                  ZADV completed...       0.0338 seconds
                 HDIFF completed...       0.0287 seconds
              DECOUPLE completed...       0.0045 seconds
                  PHOT completed...       0.0630 seconds
               CLDPROC completed...       0.0333 seconds
                  CHEM completed...       0.5996 seconds
                  AERO completed...       0.2779 seconds
            Master Time Step
            Processing completed...       8.2951 seconds

     Processing Day/Time [YYYYDDD:HHMMSS]: 2022182:152500
       Which is Equivalent to (UTC): 15:25:00 Friday,  July 1, 2022
       Time-Step Length (HHMMSS): 000500
                 VDIFF completed...       0.1686 seconds
                COUPLE completed...       0.0044 seconds
                  HADV completed...       5.2754 seconds
                  ZADV completed...       0.0338 seconds
                 HDIFF completed...       0.0311 seconds
              DECOUPLE completed...       0.0045 seconds
                  PHOT completed...       0.0795 seconds
               CLDPROC completed...       0.0568 seconds
                  CHEM completed...       0.5987 seconds
                  AERO completed...       0.2721 seconds
            Master Time Step
            Processing completed...       6.5255 seconds

     Processing Day/Time [YYYYDDD:HHMMSS]: 2022182:153000
       Which is Equivalent to (UTC): 15:30:00 Friday,  July 1, 2022
       Time-Step Length (HHMMSS): 000500
                 VDIFF completed...       6.7266 seconds
                COUPLE completed...       0.0046 seconds
                  HADV completed...       0.4315 seconds
                  ZADV completed...       0.0344 seconds
                 HDIFF completed...       0.0294 seconds
              DECOUPLE completed...       0.0045 seconds
                  PHOT completed...       0.0638 seconds
               CLDPROC completed...       0.0335 seconds
                  CHEM completed...       0.5969 seconds
                  AERO completed...       0.2682 seconds
            Master Time Step
            Processing completed...       8.1947 seconds

     Processing Day/Time [YYYYDDD:HHMMSS]: 2022182:153500
       Which is Equivalent to (UTC): 15:35:00 Friday,  July 1, 2022
       Time-Step Length (HHMMSS): 000500
                 VDIFF completed...       0.1733 seconds
                COUPLE completed...       0.0044 seconds
                  HADV completed...       5.7014 seconds
                  ZADV completed...       0.0348 seconds
                 HDIFF completed...       0.0248 seconds
              DECOUPLE completed...       0.0047 seconds
                  PHOT completed...       0.0881 seconds
               CLDPROC completed...       0.0502 seconds
                  CHEM completed...       0.5953 seconds
                  AERO completed...       0.2835 seconds
            Master Time Step
            Processing completed...       6.9612 seconds

     Processing Day/Time [YYYYDDD:HHMMSS]: 2022182:154000
       Which is Equivalent to (UTC): 15:40:00 Friday,  July 1, 2022
       Time-Step Length (HHMMSS): 000500
                 VDIFF completed...       6.8137 seconds
                COUPLE completed...       0.0056 seconds
                  HADV completed...       0.1562 seconds
                  ZADV completed...       0.0352 seconds
                 HDIFF completed...       0.0274 seconds
              DECOUPLE completed...       0.0045 seconds
                  PHOT completed...       0.0838 seconds
               CLDPROC completed...       0.0329 seconds
                  CHEM completed...       0.5930 seconds
                  AERO completed...       0.2703 seconds
            Master Time Step
            Processing completed...       8.0233 seconds

     Processing Day/Time [YYYYDDD:HHMMSS]: 2022182:154500
       Which is Equivalent to (UTC): 15:45:00 Friday,  July 1, 2022
       Time-Step Length (HHMMSS): 000500
                 VDIFF completed...       0.1980 seconds
                COUPLE completed...       0.0045 seconds
                  HADV completed...       5.5867 seconds
                  ZADV completed...       0.0348 seconds
                 HDIFF completed...       0.0206 seconds
              DECOUPLE completed...       0.0050 seconds
                  PHOT completed...       0.0846 seconds
               CLDPROC completed...       0.0491 seconds
                  CHEM completed...       0.5947 seconds
                  AERO completed...       0.2955 seconds
            Master Time Step
            Processing completed...       6.8740 seconds

     Processing Day/Time [YYYYDDD:HHMMSS]: 2022182:155000
       Which is Equivalent to (UTC): 15:50:00 Friday,  July 1, 2022
       Time-Step Length (HHMMSS): 000500
                 VDIFF completed...       6.7209 seconds
                COUPLE completed...       0.0045 seconds
                  HADV completed...       0.4207 seconds
                  ZADV completed...       0.0347 seconds
                 HDIFF completed...       0.0382 seconds
              DECOUPLE completed...       0.0045 seconds
                  PHOT completed...       0.0904 seconds
               CLDPROC completed...       0.0344 seconds
                  CHEM completed...       0.5946 seconds
                  AERO completed...       0.2719 seconds
            Master Time Step
            Processing completed...       8.2154 seconds

     Processing Day/Time [YYYYDDD:HHMMSS]: 2022182:155500
       Which is Equivalent to (UTC): 15:55:00 Friday,  July 1, 2022
       Time-Step Length (HHMMSS): 000500
                 VDIFF completed...       4.0224 seconds
                COUPLE completed...       0.0046 seconds
                  HADV completed...       0.5298 seconds
                  ZADV completed...       0.0353 seconds
                 HDIFF completed...       0.0350 seconds
              DECOUPLE completed...       0.0046 seconds
                  PHOT completed...       0.1100 seconds
               CLDPROC completed...       0.1374 seconds
                  CHEM completed...       0.5945 seconds
                  AERO completed...       0.2921 seconds
            Master Time Step
            Processing completed...       5.7663 seconds

      =--> Data Output completed...       0.0930 seconds

     Processing Day/Time [YYYYDDD:HHMMSS]: 2022182:160000
       Which is Equivalent to (UTC): 16:00:00 Friday,  July 1, 2022
       Time-Step Length (HHMMSS): 000500
                 VDIFF completed...       6.1762 seconds
                COUPLE completed...       0.0078 seconds
                  HADV completed...       1.0441 seconds
                  ZADV completed...       0.0364 seconds
                 HDIFF completed...       0.0749 seconds
              DECOUPLE completed...       0.0047 seconds
                  PHOT completed...       0.1485 seconds
               CLDPROC completed...       0.1430 seconds
                  CHEM completed...       0.6514 seconds
                  AERO completed...       0.3934 seconds
            Master Time Step
            Processing completed...       8.6809 seconds

     Processing Day/Time [YYYYDDD:HHMMSS]: 2022182:160500
       Which is Equivalent to (UTC): 16:05:00 Friday,  July 1, 2022
       Time-Step Length (HHMMSS): 000500
                 VDIFF completed...       0.5569 seconds
                COUPLE completed...       0.0044 seconds
                  HADV completed...       3.2401 seconds
                  ZADV completed...       0.0350 seconds
                 HDIFF completed...       0.0501 seconds
              DECOUPLE completed...       0.0045 seconds
                  PHOT completed...       0.0759 seconds
               CLDPROC completed...       0.0281 seconds
                  CHEM completed...       0.6015 seconds
                  AERO completed...       0.2823 seconds
            Master Time Step
            Processing completed...       4.8792 seconds

     Processing Day/Time [YYYYDDD:HHMMSS]: 2022182:161000
       Which is Equivalent to (UTC): 16:10:00 Friday,  July 1, 2022
       Time-Step Length (HHMMSS): 000500
                 VDIFF completed...       0.4316 seconds
                COUPLE completed...       0.0044 seconds
                  HADV completed...       3.9994 seconds
                  ZADV completed...       0.0340 seconds
                 HDIFF completed...       0.0436 seconds
              DECOUPLE completed...       0.0045 seconds
                  PHOT completed...       0.0682 seconds
               CLDPROC completed...       0.0265 seconds
                  CHEM completed...       0.5973 seconds
                  AERO completed...       0.2664 seconds
            Master Time Step
            Processing completed...       5.4767 seconds

     Processing Day/Time [YYYYDDD:HHMMSS]: 2022182:161500
       Which is Equivalent to (UTC): 16:15:00 Friday,  July 1, 2022
       Time-Step Length (HHMMSS): 000500
                 VDIFF completed...       0.2297 seconds
                COUPLE completed...       0.0044 seconds
                  HADV completed...       2.6646 seconds
                  ZADV completed...       0.0336 seconds
                 HDIFF completed...       0.0404 seconds
              DECOUPLE completed...       0.0045 seconds
                  PHOT completed...       0.0629 seconds
               CLDPROC completed...       0.0263 seconds
                  CHEM completed...       0.5953 seconds
                  AERO completed...       0.2672 seconds
            Master Time Step
            Processing completed...       3.9291 seconds

     Processing Day/Time [YYYYDDD:HHMMSS]: 2022182:162000
       Which is Equivalent to (UTC): 16:20:00 Friday,  July 1, 2022
       Time-Step Length (HHMMSS): 000500
                 VDIFF completed...       4.9184 seconds
                COUPLE completed...       0.0044 seconds
                  HADV completed...       0.1531 seconds
                  ZADV completed...       0.0333 seconds
                 HDIFF completed...       0.0127 seconds
              DECOUPLE completed...       0.0045 seconds
                  PHOT completed...       0.0987 seconds
               CLDPROC completed...       0.1291 seconds
                  CHEM completed...       0.6087 seconds
                  AERO completed...       0.2807 seconds
            Master Time Step
            Processing completed...       6.2437 seconds

     Processing Day/Time [YYYYDDD:HHMMSS]: 2022182:162500
       Which is Equivalent to (UTC): 16:25:00 Friday,  July 1, 2022
       Time-Step Length (HHMMSS): 000500
                 VDIFF completed...       1.4347 seconds
                COUPLE completed...       0.0044 seconds
                  HADV completed...       0.4319 seconds
                  ZADV completed...       0.0330 seconds
                 HDIFF completed...       0.0119 seconds
              DECOUPLE completed...       0.0045 seconds
                  PHOT completed...       0.0623 seconds
               CLDPROC completed...       0.0245 seconds
                  CHEM completed...       0.5921 seconds
                  AERO completed...       0.2683 seconds
            Master Time Step
            Processing completed...       2.8678 seconds

     Processing Day/Time [YYYYDDD:HHMMSS]: 2022182:163000
       Which is Equivalent to (UTC): 16:30:00 Friday,  July 1, 2022
       Time-Step Length (HHMMSS): 000500
                 VDIFF completed...       0.1745 seconds
                COUPLE completed...       0.0044 seconds
                  HADV completed...       2.3385 seconds
                  ZADV completed...       0.0336 seconds
                 HDIFF completed...       0.0147 seconds
              DECOUPLE completed...       0.0047 seconds
                  PHOT completed...       0.0634 seconds
               CLDPROC completed...       0.0254 seconds
                  CHEM completed...       0.5930 seconds
                  AERO completed...       0.2715 seconds
            Master Time Step
            Processing completed...       3.5240 seconds

     Processing Day/Time [YYYYDDD:HHMMSS]: 2022182:163500
       Which is Equivalent to (UTC): 16:35:00 Friday,  July 1, 2022
       Time-Step Length (HHMMSS): 000500
                 VDIFF completed...       4.5418 seconds
                COUPLE completed...       0.0046 seconds
                  HADV completed...       0.2391 seconds
                  ZADV completed...       0.0347 seconds
                 HDIFF completed...       0.0332 seconds
              DECOUPLE completed...       0.0046 seconds
                  PHOT completed...       0.0635 seconds
               CLDPROC completed...       0.0267 seconds
                  CHEM completed...       0.5920 seconds
                  AERO completed...       0.2701 seconds
            Master Time Step
            Processing completed...       5.8105 seconds

     Processing Day/Time [YYYYDDD:HHMMSS]: 2022182:164000
       Which is Equivalent to (UTC): 16:40:00 Friday,  July 1, 2022
       Time-Step Length (HHMMSS): 000500
                 VDIFF completed...       0.6761 seconds
                COUPLE completed...       0.0044 seconds
                  HADV completed...       2.4652 seconds
                  ZADV completed...       0.0344 seconds
                 HDIFF completed...       0.0183 seconds
              DECOUPLE completed...       0.0046 seconds
                  PHOT completed...       0.0620 seconds
               CLDPROC completed...       0.0254 seconds
                  CHEM completed...       0.5947 seconds
                  AERO completed...       0.3499 seconds
            Master Time Step
            Processing completed...       4.2352 seconds

     Processing Day/Time [YYYYDDD:HHMMSS]: 2022182:164500
       Which is Equivalent to (UTC): 16:45:00 Friday,  July 1, 2022
       Time-Step Length (HHMMSS): 000500
                 VDIFF completed...       3.1196 seconds
                COUPLE completed...       0.0076 seconds
                  HADV completed...       0.1574 seconds
                  ZADV completed...       0.0352 seconds
                 HDIFF completed...       0.0134 seconds
              DECOUPLE completed...       0.0045 seconds
                  PHOT completed...       0.0650 seconds
               CLDPROC completed...       0.0307 seconds
                  CHEM completed...       0.5852 seconds
                  AERO completed...       0.2679 seconds
            Master Time Step
            Processing completed...       4.2871 seconds

     Processing Day/Time [YYYYDDD:HHMMSS]: 2022182:165000
       Which is Equivalent to (UTC): 16:50:00 Friday,  July 1, 2022
       Time-Step Length (HHMMSS): 000500
                 VDIFF completed...       0.5257 seconds
                COUPLE completed...       0.0046 seconds
                  HADV completed...       3.1509 seconds
                  ZADV completed...       0.0329 seconds
                 HDIFF completed...       0.0336 seconds
              DECOUPLE completed...       0.0045 seconds
                  PHOT completed...       0.0681 seconds
               CLDPROC completed...       0.0257 seconds
                  CHEM completed...       0.5897 seconds
                  AERO completed...       0.2793 seconds
            Master Time Step
            Processing completed...       4.7152 seconds

     Processing Day/Time [YYYYDDD:HHMMSS]: 2022182:165500
       Which is Equivalent to (UTC): 16:55:00 Friday,  July 1, 2022
       Time-Step Length (HHMMSS): 000500
                 VDIFF completed...       3.9333 seconds
                COUPLE completed...       0.0045 seconds
                  HADV completed...       0.4983 seconds
                  ZADV completed...       0.0335 seconds
                 HDIFF completed...       0.0246 seconds
              DECOUPLE completed...       0.0045 seconds
                  PHOT completed...       0.0638 seconds
               CLDPROC completed...       0.0724 seconds
                  CHEM completed...       0.5844 seconds
                  AERO completed...       0.2896 seconds
            Master Time Step
            Processing completed...       5.5091 seconds

      =--> Data Output completed...       0.1486 seconds

     Processing Day/Time [YYYYDDD:HHMMSS]: 2022182:170000
       Which is Equivalent to (UTC): 17:00:00 Friday,  July 1, 2022
       Time-Step Length (HHMMSS): 000500
                 VDIFF completed...       1.3030 seconds
                COUPLE completed...       0.0044 seconds
                  HADV completed...       5.5241 seconds
                  ZADV completed...       0.0350 seconds
                 HDIFF completed...       0.0671 seconds
              DECOUPLE completed...       0.0045 seconds
                  PHOT completed...       0.0928 seconds
               CLDPROC completed...       0.0477 seconds
                  CHEM completed...       0.6099 seconds
                  AERO completed...       0.3204 seconds
            Master Time Step
            Processing completed...       8.0092 seconds

     Processing Day/Time [YYYYDDD:HHMMSS]: 2022182:170500
       Which is Equivalent to (UTC): 17:05:00 Friday,  July 1, 2022
       Time-Step Length (HHMMSS): 000500
                 VDIFF completed...       6.7566 seconds
                COUPLE completed...       0.0045 seconds
                  HADV completed...       0.3706 seconds
                  ZADV completed...       0.0345 seconds
                 HDIFF completed...       0.0535 seconds
              DECOUPLE completed...       0.0046 seconds
                  PHOT completed...       0.0761 seconds
               CLDPROC completed...       0.0260 seconds
                  CHEM completed...       0.5891 seconds
                  AERO completed...       0.2746 seconds
            Master Time Step
            Processing completed...       8.1911 seconds

     Processing Day/Time [YYYYDDD:HHMMSS]: 2022182:171000
       Which is Equivalent to (UTC): 17:10:00 Friday,  July 1, 2022
       Time-Step Length (HHMMSS): 000500
                 VDIFF completed...       0.2119 seconds
                COUPLE completed...       0.0045 seconds
                  HADV completed...       3.2601 seconds
                  ZADV completed...       0.0339 seconds
                 HDIFF completed...       0.0210 seconds
              DECOUPLE completed...       0.0049 seconds
                  PHOT completed...       0.0631 seconds
               CLDPROC completed...       0.0238 seconds
                  CHEM completed...       0.5889 seconds
                  AERO completed...       0.2745 seconds
            Master Time Step
            Processing completed...       4.4869 seconds

     Processing Day/Time [YYYYDDD:HHMMSS]: 2022182:171500
       Which is Equivalent to (UTC): 17:15:00 Friday,  July 1, 2022
       Time-Step Length (HHMMSS): 000500
                 VDIFF completed...       4.7834 seconds
                COUPLE completed...       0.0046 seconds
                  HADV completed...       0.6506 seconds
                  ZADV completed...       0.0347 seconds
                 HDIFF completed...       0.0481 seconds
              DECOUPLE completed...       0.0045 seconds
                  PHOT completed...       0.0778 seconds
               CLDPROC completed...       0.0470 seconds
                  CHEM completed...       0.5918 seconds
                  AERO completed...       0.2992 seconds
            Master Time Step
            Processing completed...       6.5419 seconds

     Processing Day/Time [YYYYDDD:HHMMSS]: 2022182:172000
       Which is Equivalent to (UTC): 17:20:00 Friday,  July 1, 2022
       Time-Step Length (HHMMSS): 000500
                 VDIFF completed...       0.3244 seconds
                COUPLE completed...       0.0044 seconds
                  HADV completed...       4.8016 seconds
                  ZADV completed...       0.0345 seconds
                 HDIFF completed...       0.0368 seconds
              DECOUPLE completed...       0.0047 seconds
                  PHOT completed...       0.0949 seconds
               CLDPROC completed...       0.0664 seconds
                  CHEM completed...       0.6067 seconds
                  AERO completed...       0.3089 seconds
            Master Time Step
            Processing completed...       6.2840 seconds

     Processing Day/Time [YYYYDDD:HHMMSS]: 2022182:172500
       Which is Equivalent to (UTC): 17:25:00 Friday,  July 1, 2022
       Time-Step Length (HHMMSS): 000500
                 VDIFF completed...       1.6847 seconds
                COUPLE completed...       0.0044 seconds
                  HADV completed...       3.2997 seconds
                  ZADV completed...       0.0336 seconds
                 HDIFF completed...       0.0135 seconds
              DECOUPLE completed...       0.0045 seconds
                  PHOT completed...       0.0623 seconds
               CLDPROC completed...       0.0238 seconds
                  CHEM completed...       0.5878 seconds
                  AERO completed...       0.2763 seconds
            Master Time Step
            Processing completed...       5.9908 seconds

     Processing Day/Time [YYYYDDD:HHMMSS]: 2022182:173000
       Which is Equivalent to (UTC): 17:30:00 Friday,  July 1, 2022
       Time-Step Length (HHMMSS): 000500
                 VDIFF completed...       0.2464 seconds
                COUPLE completed...       0.0045 seconds
                  HADV completed...       2.9857 seconds
                  ZADV completed...       0.0349 seconds
                 HDIFF completed...       0.0532 seconds
              DECOUPLE completed...       0.0050 seconds
                  PHOT completed...       0.1002 seconds
               CLDPROC completed...       0.0240 seconds
                  CHEM completed...       0.5926 seconds
                  AERO completed...       0.3014 seconds
            Master Time Step
            Processing completed...       4.3481 seconds

     Processing Day/Time [YYYYDDD:HHMMSS]: 2022182:173500
       Which is Equivalent to (UTC): 17:35:00 Friday,  July 1, 2022
       Time-Step Length (HHMMSS): 000500
                 VDIFF completed...       2.3325 seconds
                COUPLE completed...       0.0045 seconds
                  HADV completed...       3.6839 seconds
                  ZADV completed...       0.0349 seconds
                 HDIFF completed...       0.0407 seconds
              DECOUPLE completed...       0.0045 seconds
                  PHOT completed...       0.1059 seconds
               CLDPROC completed...       0.1082 seconds
                  CHEM completed...       0.6155 seconds
                  AERO completed...       0.2756 seconds
            Master Time Step
            Processing completed...       7.2064 seconds

     Processing Day/Time [YYYYDDD:HHMMSS]: 2022182:174000
       Which is Equivalent to (UTC): 17:40:00 Friday,  July 1, 2022
       Time-Step Length (HHMMSS): 000500
                 VDIFF completed...       0.4717 seconds
                COUPLE completed...       0.0046 seconds
                  HADV completed...       5.1497 seconds
                  ZADV completed...       0.0346 seconds
                 HDIFF completed...       0.0329 seconds
              DECOUPLE completed...       0.0045 seconds
                  PHOT completed...       0.0619 seconds
               CLDPROC completed...       0.0230 seconds
                  CHEM completed...       0.5934 seconds
                  AERO completed...       0.3090 seconds
            Master Time Step
            Processing completed...       6.6857 seconds

     Processing Day/Time [YYYYDDD:HHMMSS]: 2022182:174500
       Which is Equivalent to (UTC): 17:45:00 Friday,  July 1, 2022
       Time-Step Length (HHMMSS): 000500
                 VDIFF completed...       0.2380 seconds
                COUPLE completed...       0.0046 seconds
                  HADV completed...       5.0938 seconds
                  ZADV completed...       0.0342 seconds
                 HDIFF completed...       0.0320 seconds
              DECOUPLE completed...       0.0046 seconds
                  PHOT completed...       0.0964 seconds
               CLDPROC completed...       0.1547 seconds
                  CHEM completed...       0.6106 seconds
                  AERO completed...       0.3111 seconds
            Master Time Step
            Processing completed...       6.5806 seconds

     Processing Day/Time [YYYYDDD:HHMMSS]: 2022182:175000
       Which is Equivalent to (UTC): 17:50:00 Friday,  July 1, 2022
       Time-Step Length (HHMMSS): 000500
                 VDIFF completed...       6.5954 seconds
                COUPLE completed...       0.0045 seconds
                  HADV completed...       0.4523 seconds
                  ZADV completed...       0.0343 seconds
                 HDIFF completed...       0.0658 seconds
              DECOUPLE completed...       0.0045 seconds
                  PHOT completed...       0.0726 seconds
               CLDPROC completed...       0.0257 seconds
                  CHEM completed...       0.5961 seconds
                  AERO completed...       0.3161 seconds
            Master Time Step
            Processing completed...       8.1681 seconds

     Processing Day/Time [YYYYDDD:HHMMSS]: 2022182:175500
       Which is Equivalent to (UTC): 17:55:00 Friday,  July 1, 2022
       Time-Step Length (HHMMSS): 000500
                 VDIFF completed...       3.8488 seconds
                COUPLE completed...       0.0048 seconds
                  HADV completed...       0.1173 seconds
                  ZADV completed...       0.0337 seconds
                 HDIFF completed...       0.0128 seconds
              DECOUPLE completed...       0.0046 seconds
                  PHOT completed...       0.0616 seconds
               CLDPROC completed...       0.0707 seconds
                  CHEM completed...       0.5899 seconds
                  AERO completed...       0.2755 seconds
            Master Time Step
            Processing completed...       5.0205 seconds

      =--> Data Output completed...       0.1389 seconds

     Processing Day/Time [YYYYDDD:HHMMSS]: 2022182:180000
       Which is Equivalent to (UTC): 18:00:00 Friday,  July 1, 2022
       Time-Step Length (HHMMSS): 000500
                 VDIFF completed...       1.2866 seconds
                COUPLE completed...       0.0044 seconds
                  HADV completed...       5.0238 seconds
                  ZADV completed...       0.0349 seconds
                 HDIFF completed...       0.0577 seconds
              DECOUPLE completed...       0.0047 seconds
                  PHOT completed...       0.1794 seconds
               CLDPROC completed...       0.2024 seconds
                  CHEM completed...       0.6478 seconds
                  AERO completed...       0.4496 seconds
            Master Time Step
            Processing completed...       7.8917 seconds

     Processing Day/Time [YYYYDDD:HHMMSS]: 2022182:180500
       Which is Equivalent to (UTC): 18:05:00 Friday,  July 1, 2022
       Time-Step Length (HHMMSS): 000500
                 VDIFF completed...       7.0437 seconds
                COUPLE completed...       0.0045 seconds
                  HADV completed...       0.9847 seconds
                  ZADV completed...       0.0342 seconds
                 HDIFF completed...       0.0625 seconds
              DECOUPLE completed...       0.0046 seconds
                  PHOT completed...       0.0913 seconds
               CLDPROC completed...       0.0400 seconds
                  CHEM completed...       0.6123 seconds
                  AERO completed...       0.2805 seconds
            Master Time Step
            Processing completed...       9.1585 seconds

     Processing Day/Time [YYYYDDD:HHMMSS]: 2022182:181000
       Which is Equivalent to (UTC): 18:10:00 Friday,  July 1, 2022
       Time-Step Length (HHMMSS): 000500
                 VDIFF completed...       0.2390 seconds
                COUPLE completed...       0.0046 seconds
                  HADV completed...       5.3155 seconds
                  ZADV completed...       0.0342 seconds
                 HDIFF completed...       0.0100 seconds
              DECOUPLE completed...       0.0045 seconds
                  PHOT completed...       0.0650 seconds
               CLDPROC completed...       0.0984 seconds
                  CHEM completed...       0.6356 seconds
                  AERO completed...       0.3924 seconds
            Master Time Step
            Processing completed...       6.7997 seconds

     Processing Day/Time [YYYYDDD:HHMMSS]: 2022182:181500
       Which is Equivalent to (UTC): 18:15:00 Friday,  July 1, 2022
       Time-Step Length (HHMMSS): 000500
                 VDIFF completed...       0.2390 seconds
                COUPLE completed...       0.0044 seconds
                  HADV completed...       5.2623 seconds
                  ZADV completed...       0.0334 seconds
                 HDIFF completed...       0.0242 seconds
              DECOUPLE completed...       0.0046 seconds
                  PHOT completed...       0.0624 seconds
               CLDPROC completed...       0.0241 seconds
                  CHEM completed...       0.6136 seconds
                  AERO completed...       0.2864 seconds
            Master Time Step
            Processing completed...       6.5546 seconds

     Processing Day/Time [YYYYDDD:HHMMSS]: 2022182:182000
       Which is Equivalent to (UTC): 18:20:00 Friday,  July 1, 2022
       Time-Step Length (HHMMSS): 000500
                 VDIFF completed...       4.7443 seconds
                COUPLE completed...       0.0045 seconds
                  HADV completed...       0.5256 seconds
                  ZADV completed...       0.0412 seconds
                 HDIFF completed...       0.0364 seconds
              DECOUPLE completed...       0.0045 seconds
                  PHOT completed...       0.1538 seconds
               CLDPROC completed...       0.0983 seconds
                  CHEM completed...       0.6371 seconds
                  AERO completed...       0.4231 seconds
            Master Time Step
            Processing completed...       6.6853 seconds

     Processing Day/Time [YYYYDDD:HHMMSS]: 2022182:182500
       Which is Equivalent to (UTC): 18:25:00 Friday,  July 1, 2022
       Time-Step Length (HHMMSS): 000500
                 VDIFF completed...       0.2245 seconds
                COUPLE completed...       0.0044 seconds
                  HADV completed...       4.7141 seconds
                  ZADV completed...       0.0334 seconds
                 HDIFF completed...       0.0370 seconds
              DECOUPLE completed...       0.0045 seconds
                  PHOT completed...       0.0871 seconds
               CLDPROC completed...       0.0907 seconds
                  CHEM completed...       0.6179 seconds
                  AERO completed...       0.2777 seconds
            Master Time Step
            Processing completed...       6.0916 seconds

     Processing Day/Time [YYYYDDD:HHMMSS]: 2022182:183000
       Which is Equivalent to (UTC): 18:30:00 Friday,  July 1, 2022
       Time-Step Length (HHMMSS): 000500
                 VDIFF completed...       6.6924 seconds
                COUPLE completed...       0.0044 seconds
                  HADV completed...       0.1194 seconds
                  ZADV completed...       0.0371 seconds
                 HDIFF completed...       0.0101 seconds
              DECOUPLE completed...       0.0045 seconds
                  PHOT completed...       0.1234 seconds
               CLDPROC completed...       0.1132 seconds
                  CHEM completed...       0.6084 seconds
                  AERO completed...       0.2758 seconds
            Master Time Step
            Processing completed...       7.9894 seconds

     Processing Day/Time [YYYYDDD:HHMMSS]: 2022182:183500
       Which is Equivalent to (UTC): 18:35:00 Friday,  July 1, 2022
       Time-Step Length (HHMMSS): 000500
                 VDIFF completed...       0.1929 seconds
                COUPLE completed...       0.0044 seconds
                  HADV completed...       3.0786 seconds
                  ZADV completed...       0.0332 seconds
                 HDIFF completed...       0.0169 seconds
              DECOUPLE completed...       0.0045 seconds
                  PHOT completed...       0.0617 seconds
               CLDPROC completed...       0.0841 seconds
                  CHEM completed...       0.6114 seconds
                  AERO completed...       0.3741 seconds
            Master Time Step
            Processing completed...       4.4620 seconds

     Processing Day/Time [YYYYDDD:HHMMSS]: 2022182:184000
       Which is Equivalent to (UTC): 18:40:00 Friday,  July 1, 2022
       Time-Step Length (HHMMSS): 000500
                 VDIFF completed...       0.6347 seconds
                COUPLE completed...       0.0044 seconds
                  HADV completed...       3.1898 seconds
                  ZADV completed...       0.0337 seconds
                 HDIFF completed...       0.0207 seconds
              DECOUPLE completed...       0.0046 seconds
                  PHOT completed...       0.1222 seconds
               CLDPROC completed...       0.2272 seconds
                  CHEM completed...       0.6110 seconds
                  AERO completed...       0.2823 seconds
            Master Time Step
            Processing completed...       5.1310 seconds

     Processing Day/Time [YYYYDDD:HHMMSS]: 2022182:184500
       Which is Equivalent to (UTC): 18:45:00 Friday,  July 1, 2022
       Time-Step Length (HHMMSS): 000500
                 VDIFF completed...       0.4046 seconds
                COUPLE completed...       0.0044 seconds
                  HADV completed...       5.5128 seconds
                  ZADV completed...       0.0494 seconds
                 HDIFF completed...       0.0521 seconds
              DECOUPLE completed...       0.0045 seconds
                  PHOT completed...       0.0874 seconds
               CLDPROC completed...       0.0366 seconds
                  CHEM completed...       0.6171 seconds
                  AERO completed...       0.3954 seconds
            Master Time Step
            Processing completed...       7.1650 seconds

     Processing Day/Time [YYYYDDD:HHMMSS]: 2022182:185000
       Which is Equivalent to (UTC): 18:50:00 Friday,  July 1, 2022
       Time-Step Length (HHMMSS): 000500
                 VDIFF completed...       3.8268 seconds
                COUPLE completed...       0.0044 seconds
                  HADV completed...       0.7562 seconds
                  ZADV completed...       0.0331 seconds
                 HDIFF completed...       0.0494 seconds
              DECOUPLE completed...       0.0047 seconds
                  PHOT completed...       0.1705 seconds
               CLDPROC completed...       0.1098 seconds
                  CHEM completed...       0.6138 seconds
                  AERO completed...       0.3087 seconds
            Master Time Step
            Processing completed...       5.8777 seconds

     Processing Day/Time [YYYYDDD:HHMMSS]: 2022182:185500
       Which is Equivalent to (UTC): 18:55:00 Friday,  July 1, 2022
       Time-Step Length (HHMMSS): 000500
                 VDIFF completed...       5.3833 seconds
                COUPLE completed...       0.0044 seconds
                  HADV completed...       1.0770 seconds
                  ZADV completed...       0.0393 seconds
                 HDIFF completed...       0.0407 seconds
              DECOUPLE completed...       0.0045 seconds
                  PHOT completed...       0.0774 seconds
               CLDPROC completed...       0.0744 seconds
                  CHEM completed...       0.6342 seconds
                  AERO completed...       0.3054 seconds
            Master Time Step
            Processing completed...       7.6409 seconds

      =--> Data Output completed...       0.0886 seconds

     Processing Day/Time [YYYYDDD:HHMMSS]: 2022182:190000
       Which is Equivalent to (UTC): 19:00:00 Friday,  July 1, 2022
       Time-Step Length (HHMMSS): 000500
                 VDIFF completed...       6.2389 seconds
                COUPLE completed...       0.0061 seconds
                  HADV completed...       0.9783 seconds
                  ZADV completed...       0.0365 seconds
                 HDIFF completed...       0.0464 seconds
              DECOUPLE completed...       0.0047 seconds
                  PHOT completed...       0.2001 seconds
               CLDPROC completed...       0.1802 seconds
                  CHEM completed...       0.6601 seconds
                  AERO completed...       0.3621 seconds
            Master Time Step
            Processing completed...       8.7141 seconds

     Processing Day/Time [YYYYDDD:HHMMSS]: 2022182:190500
       Which is Equivalent to (UTC): 19:05:00 Friday,  July 1, 2022
       Time-Step Length (HHMMSS): 000500
                 VDIFF completed...       0.2521 seconds
                COUPLE completed...       0.0044 seconds
                  HADV completed...       5.5767 seconds
                  ZADV completed...       0.0343 seconds
                 HDIFF completed...       0.0371 seconds
              DECOUPLE completed...       0.0046 seconds
                  PHOT completed...       0.1281 seconds
               CLDPROC completed...       0.0909 seconds
                  CHEM completed...       0.7305 seconds
                  AERO completed...       0.3658 seconds
            Master Time Step
            Processing completed...       7.2419 seconds

     Processing Day/Time [YYYYDDD:HHMMSS]: 2022182:191000
       Which is Equivalent to (UTC): 19:10:00 Friday,  July 1, 2022
       Time-Step Length (HHMMSS): 000500
                 VDIFF completed...       6.4295 seconds
                COUPLE completed...       0.0046 seconds
                  HADV completed...       0.6339 seconds
                  ZADV completed...       0.0339 seconds
                 HDIFF completed...       0.0272 seconds
              DECOUPLE completed...       0.0047 seconds
                  PHOT completed...       0.1920 seconds
               CLDPROC completed...       0.1772 seconds
                  CHEM completed...       0.6255 seconds
                  AERO completed...       0.2865 seconds
            Master Time Step
            Processing completed...       8.4153 seconds

     Processing Day/Time [YYYYDDD:HHMMSS]: 2022182:191500
       Which is Equivalent to (UTC): 19:15:00 Friday,  July 1, 2022
       Time-Step Length (HHMMSS): 000500
                 VDIFF completed...       0.3134 seconds
                COUPLE completed...       0.0044 seconds
                  HADV completed...       3.6880 seconds
                  ZADV completed...       0.0332 seconds
                 HDIFF completed...       0.0355 seconds
              DECOUPLE completed...       0.0047 seconds
                  PHOT completed...       0.0702 seconds
               CLDPROC completed...       0.0392 seconds
                  CHEM completed...       0.6234 seconds
                  AERO completed...       0.2838 seconds
            Master Time Step
            Processing completed...       5.0962 seconds

     Processing Day/Time [YYYYDDD:HHMMSS]: 2022182:192000
       Which is Equivalent to (UTC): 19:20:00 Friday,  July 1, 2022
       Time-Step Length (HHMMSS): 000500
                 VDIFF completed...       3.8637 seconds
                COUPLE completed...       0.0044 seconds
                  HADV completed...       0.9389 seconds
                  ZADV completed...       0.0336 seconds
                 HDIFF completed...       0.0228 seconds
              DECOUPLE completed...       0.0045 seconds
                  PHOT completed...       0.1323 seconds
               CLDPROC completed...       0.0260 seconds
                  CHEM completed...       0.6288 seconds
                  AERO completed...       0.3285 seconds
            Master Time Step
            Processing completed...       5.9837 seconds

     Processing Day/Time [YYYYDDD:HHMMSS]: 2022182:192500
       Which is Equivalent to (UTC): 19:25:00 Friday,  July 1, 2022
       Time-Step Length (HHMMSS): 000500
                 VDIFF completed...       0.4816 seconds
                COUPLE completed...       0.0044 seconds
                  HADV completed...       5.1799 seconds
                  ZADV completed...       0.0347 seconds
                 HDIFF completed...       0.0273 seconds
              DECOUPLE completed...       0.0048 seconds
                  PHOT completed...       0.1480 seconds
               CLDPROC completed...       0.1566 seconds
                  CHEM completed...       0.6291 seconds
                  AERO completed...       0.3025 seconds
            Master Time Step
            Processing completed...       6.9693 seconds

     Processing Day/Time [YYYYDDD:HHMMSS]: 2022182:193000
       Which is Equivalent to (UTC): 19:30:00 Friday,  July 1, 2022
       Time-Step Length (HHMMSS): 000500
                 VDIFF completed...       6.7009 seconds
                COUPLE completed...       0.0046 seconds
                  HADV completed...       0.1459 seconds
                  ZADV completed...       0.0342 seconds
                 HDIFF completed...       0.0106 seconds
              DECOUPLE completed...       0.0045 seconds
                  PHOT completed...       0.0637 seconds
               CLDPROC completed...       0.0235 seconds
                  CHEM completed...       0.6274 seconds
                  AERO completed...       0.2748 seconds
            Master Time Step
            Processing completed...       7.8906 seconds

     Processing Day/Time [YYYYDDD:HHMMSS]: 2022182:193500
       Which is Equivalent to (UTC): 19:35:00 Friday,  July 1, 2022
       Time-Step Length (HHMMSS): 000500
                 VDIFF completed...       0.1941 seconds
                COUPLE completed...       0.0044 seconds
                  HADV completed...       3.1266 seconds
                  ZADV completed...       0.0332 seconds
                 HDIFF completed...       0.0117 seconds
              DECOUPLE completed...       0.0045 seconds
                  PHOT completed...       0.0621 seconds
               CLDPROC completed...       0.0238 seconds
                  CHEM completed...       0.6275 seconds
                  AERO completed...       0.2739 seconds
            Master Time Step
            Processing completed...       4.3621 seconds

     Processing Day/Time [YYYYDDD:HHMMSS]: 2022182:194000
       Which is Equivalent to (UTC): 19:40:00 Friday,  July 1, 2022
       Time-Step Length (HHMMSS): 000500
                 VDIFF completed...       0.2053 seconds
                COUPLE completed...       0.0044 seconds
                  HADV completed...       4.2400 seconds
                  ZADV completed...       0.0334 seconds
                 HDIFF completed...       0.0309 seconds
              DECOUPLE completed...       0.0045 seconds
                  PHOT completed...       0.0619 seconds
               CLDPROC completed...       0.0237 seconds
                  CHEM completed...       0.6255 seconds
                  AERO completed...       0.2926 seconds
            Master Time Step
            Processing completed...       5.5223 seconds

     Processing Day/Time [YYYYDDD:HHMMSS]: 2022182:194500
       Which is Equivalent to (UTC): 19:45:00 Friday,  July 1, 2022
       Time-Step Length (HHMMSS): 000500
                 VDIFF completed...       6.3411 seconds
                COUPLE completed...       0.0046 seconds
                  HADV completed...       0.1376 seconds
                  ZADV completed...       0.0335 seconds
                 HDIFF completed...       0.0115 seconds
              DECOUPLE completed...       0.0045 seconds
                  PHOT completed...       0.0688 seconds
               CLDPROC completed...       0.0236 seconds
                  CHEM completed...       0.6226 seconds
                  AERO completed...       0.2819 seconds
            Master Time Step
            Processing completed...       7.5303 seconds

     Processing Day/Time [YYYYDDD:HHMMSS]: 2022182:195000
       Which is Equivalent to (UTC): 19:50:00 Friday,  July 1, 2022
       Time-Step Length (HHMMSS): 000500
                 VDIFF completed...       0.3346 seconds
                COUPLE completed...       0.0044 seconds
                  HADV completed...       3.5830 seconds
                  ZADV completed...       0.0343 seconds
                 HDIFF completed...       0.0323 seconds
              DECOUPLE completed...       0.0047 seconds
                  PHOT completed...       0.0861 seconds
               CLDPROC completed...       0.0237 seconds
                  CHEM completed...       0.6247 seconds
                  AERO completed...       0.2772 seconds
            Master Time Step
            Processing completed...       5.0050 seconds

     Processing Day/Time [YYYYDDD:HHMMSS]: 2022182:195500
       Which is Equivalent to (UTC): 19:55:00 Friday,  July 1, 2022
       Time-Step Length (HHMMSS): 000500
                 VDIFF completed...       2.8020 seconds
                COUPLE completed...       0.0047 seconds
                  HADV completed...       0.1659 seconds
                  ZADV completed...       0.0343 seconds
                 HDIFF completed...       0.0125 seconds
              DECOUPLE completed...       0.0046 seconds
                  PHOT completed...       0.0633 seconds
               CLDPROC completed...       0.0953 seconds
                  CHEM completed...       0.6260 seconds
                  AERO completed...       0.2731 seconds
            Master Time Step
            Processing completed...       4.0819 seconds

      =--> Data Output completed...       0.1436 seconds

     Processing Day/Time [YYYYDDD:HHMMSS]: 2022182:200000
       Which is Equivalent to (UTC): 20:00:00 Friday,  July 1, 2022
       Time-Step Length (HHMMSS): 000500
                 VDIFF completed...       1.3686 seconds
                COUPLE completed...       0.0044 seconds
                  HADV completed...       4.8081 seconds
                  ZADV completed...       0.0374 seconds
                 HDIFF completed...       0.0615 seconds
              DECOUPLE completed...       0.0047 seconds
                  PHOT completed...       0.1568 seconds
               CLDPROC completed...       0.2000 seconds
                  CHEM completed...       0.6637 seconds
                  AERO completed...       0.4421 seconds
            Master Time Step
            Processing completed...       7.7474 seconds

     Processing Day/Time [YYYYDDD:HHMMSS]: 2022182:200500
       Which is Equivalent to (UTC): 20:05:00 Friday,  July 1, 2022
       Time-Step Length (HHMMSS): 000500
                 VDIFF completed...       7.2305 seconds
                COUPLE completed...       0.0047 seconds
                  HADV completed...       0.5911 seconds
                  ZADV completed...       0.0352 seconds
                 HDIFF completed...       0.0426 seconds
              DECOUPLE completed...       0.0047 seconds
                  PHOT completed...       0.0883 seconds
               CLDPROC completed...       0.0304 seconds
                  CHEM completed...       0.6310 seconds
                  AERO completed...       0.2903 seconds
            Master Time Step
            Processing completed...       8.9497 seconds

     Processing Day/Time [YYYYDDD:HHMMSS]: 2022182:201000
       Which is Equivalent to (UTC): 20:10:00 Friday,  July 1, 2022
       Time-Step Length (HHMMSS): 000500
                 VDIFF completed...       0.1796 seconds
                COUPLE completed...       0.0044 seconds
                  HADV completed...       5.7711 seconds
                  ZADV completed...       0.0335 seconds
                 HDIFF completed...       0.0154 seconds
              DECOUPLE completed...       0.0045 seconds
                  PHOT completed...       0.0625 seconds
               CLDPROC completed...       0.0237 seconds
                  CHEM completed...       0.6295 seconds
                  AERO completed...       0.3741 seconds
            Master Time Step
            Processing completed...       7.0985 seconds

     Processing Day/Time [YYYYDDD:HHMMSS]: 2022182:201500
       Which is Equivalent to (UTC): 20:15:00 Friday,  July 1, 2022
       Time-Step Length (HHMMSS): 000500
                 VDIFF completed...       0.6250 seconds
                COUPLE completed...       0.0044 seconds
                  HADV completed...       3.0901 seconds
                  ZADV completed...       0.0346 seconds
                 HDIFF completed...       0.0271 seconds
              DECOUPLE completed...       0.0045 seconds
                  PHOT completed...       0.2285 seconds
               CLDPROC completed...       0.1521 seconds
                  CHEM completed...       0.6336 seconds
                  AERO completed...       0.3167 seconds
            Master Time Step
            Processing completed...       5.1168 seconds

     Processing Day/Time [YYYYDDD:HHMMSS]: 2022182:202000
       Which is Equivalent to (UTC): 20:20:00 Friday,  July 1, 2022
       Time-Step Length (HHMMSS): 000500
                 VDIFF completed...       0.3081 seconds
                COUPLE completed...       0.0044 seconds
                  HADV completed...       4.8261 seconds
                  ZADV completed...       0.0354 seconds
                 HDIFF completed...       0.0131 seconds
              DECOUPLE completed...       0.0045 seconds
                  PHOT completed...       0.0809 seconds
               CLDPROC completed...       0.0232 seconds
                  CHEM completed...       0.6254 seconds
                  AERO completed...       0.2710 seconds
            Master Time Step
            Processing completed...       6.1929 seconds

     Processing Day/Time [YYYYDDD:HHMMSS]: 2022182:202500
       Which is Equivalent to (UTC): 20:25:00 Friday,  July 1, 2022
       Time-Step Length (HHMMSS): 000500
                 VDIFF completed...       3.3985 seconds
                COUPLE completed...       0.0046 seconds
                  HADV completed...       0.1470 seconds
                  ZADV completed...       0.0342 seconds
                 HDIFF completed...       0.0123 seconds
              DECOUPLE completed...       0.0045 seconds
                  PHOT completed...       0.0631 seconds
               CLDPROC completed...       0.0240 seconds
                  CHEM completed...       0.6269 seconds
                  AERO completed...       0.2716 seconds
            Master Time Step
            Processing completed...       4.5869 seconds

     Processing Day/Time [YYYYDDD:HHMMSS]: 2022182:203000
       Which is Equivalent to (UTC): 20:30:00 Friday,  July 1, 2022
       Time-Step Length (HHMMSS): 000500
                 VDIFF completed...       0.3223 seconds
                COUPLE completed...       0.0044 seconds
                  HADV completed...       3.7560 seconds
                  ZADV completed...       0.0336 seconds
                 HDIFF completed...       0.0129 seconds
              DECOUPLE completed...       0.0045 seconds
                  PHOT completed...       0.0622 seconds
               CLDPROC completed...       0.0241 seconds
                  CHEM completed...       0.6285 seconds
                  AERO completed...       0.2711 seconds
            Master Time Step
            Processing completed...       5.1198 seconds

     Processing Day/Time [YYYYDDD:HHMMSS]: 2022182:203500
       Which is Equivalent to (UTC): 20:35:00 Friday,  July 1, 2022
       Time-Step Length (HHMMSS): 000500
                 VDIFF completed...       4.6401 seconds
                COUPLE completed...       0.0044 seconds
                  HADV completed...       0.3886 seconds
                  ZADV completed...       0.0407 seconds
                 HDIFF completed...       0.0386 seconds
              DECOUPLE completed...       0.0045 seconds
                  PHOT completed...       0.0653 seconds
               CLDPROC completed...       0.0248 seconds
                  CHEM completed...       0.6356 seconds
                  AERO completed...       0.3522 seconds
            Master Time Step
            Processing completed...       6.1951 seconds

     Processing Day/Time [YYYYDDD:HHMMSS]: 2022182:204000
       Which is Equivalent to (UTC): 20:40:00 Friday,  July 1, 2022
       Time-Step Length (HHMMSS): 000500
                 VDIFF completed...       0.9268 seconds
                COUPLE completed...       0.0044 seconds
                  HADV completed...       1.8980 seconds
                  ZADV completed...       0.0355 seconds
                 HDIFF completed...       0.0220 seconds
              DECOUPLE completed...       0.0045 seconds
                  PHOT completed...       0.1364 seconds
               CLDPROC completed...       0.1698 seconds
                  CHEM completed...       0.6300 seconds
                  AERO completed...       0.2689 seconds
            Master Time Step
            Processing completed...       4.0965 seconds

     Processing Day/Time [YYYYDDD:HHMMSS]: 2022182:204500
       Which is Equivalent to (UTC): 20:45:00 Friday,  July 1, 2022
       Time-Step Length (HHMMSS): 000500
                 VDIFF completed...       0.3548 seconds
                COUPLE completed...       0.0044 seconds
                  HADV completed...       1.7347 seconds
                  ZADV completed...       0.0343 seconds
                 HDIFF completed...       0.0299 seconds
              DECOUPLE completed...       0.0047 seconds
                  PHOT completed...       0.0622 seconds
               CLDPROC completed...       0.0232 seconds
                  CHEM completed...       0.6270 seconds
                  AERO completed...       0.2720 seconds
            Master Time Step
            Processing completed...       3.1474 seconds

     Processing Day/Time [YYYYDDD:HHMMSS]: 2022182:205000
       Which is Equivalent to (UTC): 20:50:00 Friday,  July 1, 2022
       Time-Step Length (HHMMSS): 000500
                 VDIFF completed...       0.1961 seconds
                COUPLE completed...       0.0044 seconds
                  HADV completed...       3.8162 seconds
                  ZADV completed...       0.0339 seconds
                 HDIFF completed...       0.0116 seconds
              DECOUPLE completed...       0.0046 seconds
                  PHOT completed...       0.0727 seconds
               CLDPROC completed...       0.0238 seconds
                  CHEM completed...       0.6436 seconds
                  AERO completed...       0.2945 seconds
            Master Time Step
            Processing completed...       5.1014 seconds

     Processing Day/Time [YYYYDDD:HHMMSS]: 2022182:205500
       Which is Equivalent to (UTC): 20:55:00 Friday,  July 1, 2022
       Time-Step Length (HHMMSS): 000500
                 VDIFF completed...       1.9028 seconds
                COUPLE completed...       0.0078 seconds
                  HADV completed...       0.3455 seconds
                  ZADV completed...       0.0340 seconds
                 HDIFF completed...       0.0147 seconds
              DECOUPLE completed...       0.0045 seconds
                  PHOT completed...       0.0623 seconds
               CLDPROC completed...       0.0905 seconds
                  CHEM completed...       0.6292 seconds
                  AERO completed...       0.2714 seconds
            Master Time Step
            Processing completed...       3.3630 seconds

      =--> Data Output completed...       0.1755 seconds

     Processing Day/Time [YYYYDDD:HHMMSS]: 2022182:210000
       Which is Equivalent to (UTC): 21:00:00 Friday,  July 1, 2022
       Time-Step Length (HHMMSS): 000500
                 VDIFF completed...       1.7239 seconds
                COUPLE completed...       0.0044 seconds
                  HADV completed...       3.8812 seconds
                  ZADV completed...       0.0365 seconds
                 HDIFF completed...       0.0666 seconds
              DECOUPLE completed...       0.0047 seconds
                  PHOT completed...       0.0940 seconds
               CLDPROC completed...       0.0257 seconds
                  CHEM completed...       0.6902 seconds
                  AERO completed...       0.4409 seconds
            Master Time Step
            Processing completed...       6.9683 seconds

     Processing Day/Time [YYYYDDD:HHMMSS]: 2022182:210500
       Which is Equivalent to (UTC): 21:05:00 Friday,  July 1, 2022
       Time-Step Length (HHMMSS): 000500
                 VDIFF completed...       5.9287 seconds
                COUPLE completed...       0.0046 seconds
                  HADV completed...       0.6645 seconds
                  ZADV completed...       0.0355 seconds
                 HDIFF completed...       0.0488 seconds
              DECOUPLE completed...       0.0047 seconds
                  PHOT completed...       0.0687 seconds
               CLDPROC completed...       0.0243 seconds
                  CHEM completed...       0.6417 seconds
                  AERO completed...       0.2685 seconds
            Master Time Step
            Processing completed...       7.6910 seconds

     Processing Day/Time [YYYYDDD:HHMMSS]: 2022182:211000
       Which is Equivalent to (UTC): 21:10:00 Friday,  July 1, 2022
       Time-Step Length (HHMMSS): 000500
                 VDIFF completed...       0.1695 seconds
                COUPLE completed...       0.0044 seconds
                  HADV completed...       4.6118 seconds
                  ZADV completed...       0.0391 seconds
                 HDIFF completed...       0.0416 seconds
              DECOUPLE completed...       0.0059 seconds
                  PHOT completed...       0.0639 seconds
               CLDPROC completed...       0.0224 seconds
                  CHEM completed...       0.6431 seconds
                  AERO completed...       0.2842 seconds
            Master Time Step
            Processing completed...       5.8874 seconds

     Processing Day/Time [YYYYDDD:HHMMSS]: 2022182:211500
       Which is Equivalent to (UTC): 21:15:00 Friday,  July 1, 2022
       Time-Step Length (HHMMSS): 000500
                 VDIFF completed...       1.2788 seconds
                COUPLE completed...       0.0044 seconds
                  HADV completed...       1.6686 seconds
                  ZADV completed...       0.0348 seconds
                 HDIFF completed...       0.0614 seconds
              DECOUPLE completed...       0.0045 seconds
                  PHOT completed...       0.0669 seconds
               CLDPROC completed...       0.0215 seconds
                  CHEM completed...       0.6462 seconds
                  AERO completed...       0.3045 seconds
            Master Time Step
            Processing completed...       4.0920 seconds

     Processing Day/Time [YYYYDDD:HHMMSS]: 2022182:212000
       Which is Equivalent to (UTC): 21:20:00 Friday,  July 1, 2022
       Time-Step Length (HHMMSS): 000500
                 VDIFF completed...       0.2561 seconds
                COUPLE completed...       0.0044 seconds
                  HADV completed...       4.9091 seconds
                  ZADV completed...       0.0344 seconds
                 HDIFF completed...       0.0689 seconds
              DECOUPLE completed...       0.0045 seconds
                  PHOT completed...       0.0655 seconds
               CLDPROC completed...       0.0217 seconds
                  CHEM completed...       0.6429 seconds
                  AERO completed...       0.2718 seconds
            Master Time Step
            Processing completed...       6.2796 seconds

     Processing Day/Time [YYYYDDD:HHMMSS]: 2022182:212500
       Which is Equivalent to (UTC): 21:25:00 Friday,  July 1, 2022
       Time-Step Length (HHMMSS): 000500
                 VDIFF completed...       3.0837 seconds
                COUPLE completed...       0.0044 seconds
                  HADV completed...       0.1130 seconds
                  ZADV completed...       0.0358 seconds
                 HDIFF completed...       0.0104 seconds
              DECOUPLE completed...       0.0045 seconds
                  PHOT completed...       0.0634 seconds
               CLDPROC completed...       0.0219 seconds
                  CHEM completed...       0.6438 seconds
                  AERO completed...       0.2750 seconds
            Master Time Step
            Processing completed...       4.2566 seconds

     Processing Day/Time [YYYYDDD:HHMMSS]: 2022182:213000
       Which is Equivalent to (UTC): 21:30:00 Friday,  July 1, 2022
       Time-Step Length (HHMMSS): 000500
                 VDIFF completed...       1.7572 seconds
                COUPLE completed...       0.0046 seconds
                  HADV completed...       0.1170 seconds
                  ZADV completed...       0.0339 seconds
                 HDIFF completed...       0.0128 seconds
              DECOUPLE completed...       0.0045 seconds
                  PHOT completed...       0.0634 seconds
               CLDPROC completed...       0.0218 seconds
                  CHEM completed...       0.6416 seconds
                  AERO completed...       0.2733 seconds
            Master Time Step
            Processing completed...       2.9303 seconds

     Processing Day/Time [YYYYDDD:HHMMSS]: 2022182:213500
       Which is Equivalent to (UTC): 21:35:00 Friday,  July 1, 2022
       Time-Step Length (HHMMSS): 000500
                 VDIFF completed...       0.3710 seconds
                COUPLE completed...       0.0044 seconds
                  HADV completed...       2.2411 seconds
                  ZADV completed...       0.0343 seconds
                 HDIFF completed...       0.0106 seconds
              DECOUPLE completed...       0.0045 seconds
                  PHOT completed...       0.0625 seconds
               CLDPROC completed...       0.0211 seconds
                  CHEM completed...       0.6443 seconds
                  AERO completed...       0.2736 seconds
            Master Time Step
            Processing completed...       3.6677 seconds

     Processing Day/Time [YYYYDDD:HHMMSS]: 2022182:214000
       Which is Equivalent to (UTC): 21:40:00 Friday,  July 1, 2022
       Time-Step Length (HHMMSS): 000500
                 VDIFF completed...       3.6123 seconds
                COUPLE completed...       0.0044 seconds
                  HADV completed...       0.1752 seconds
                  ZADV completed...       0.0357 seconds
                 HDIFF completed...       0.0226 seconds
              DECOUPLE completed...       0.0045 seconds
                  PHOT completed...       0.0628 seconds
               CLDPROC completed...       0.0243 seconds
                  CHEM completed...       0.6481 seconds
                  AERO completed...       0.3652 seconds
            Master Time Step
            Processing completed...       4.9553 seconds

     Processing Day/Time [YYYYDDD:HHMMSS]: 2022182:214500
       Which is Equivalent to (UTC): 21:45:00 Friday,  July 1, 2022
       Time-Step Length (HHMMSS): 000500
                 VDIFF completed...       0.2951 seconds
                COUPLE completed...       0.0044 seconds
                  HADV completed...       3.7848 seconds
                  ZADV completed...       0.0376 seconds
                 HDIFF completed...       0.0264 seconds
              DECOUPLE completed...       0.0057 seconds
                  PHOT completed...       0.0638 seconds
               CLDPROC completed...       0.0240 seconds
                  CHEM completed...       0.6616 seconds
                  AERO completed...       0.2768 seconds
            Master Time Step
            Processing completed...       5.1804 seconds

     Processing Day/Time [YYYYDDD:HHMMSS]: 2022182:215000
       Which is Equivalent to (UTC): 21:50:00 Friday,  July 1, 2022
       Time-Step Length (HHMMSS): 000500
                 VDIFF completed...       3.5840 seconds
                COUPLE completed...       0.0048 seconds
                  HADV completed...       0.3846 seconds
                  ZADV completed...       0.0355 seconds
                 HDIFF completed...       0.0454 seconds
              DECOUPLE completed...       0.0045 seconds
                  PHOT completed...       0.0679 seconds
               CLDPROC completed...       0.0234 seconds
                  CHEM completed...       0.6431 seconds
                  AERO completed...       0.2761 seconds
            Master Time Step
            Processing completed...       5.0697 seconds

     Processing Day/Time [YYYYDDD:HHMMSS]: 2022182:215500
       Which is Equivalent to (UTC): 21:55:00 Friday,  July 1, 2022
       Time-Step Length (HHMMSS): 000500
                 VDIFF completed...       2.1791 seconds
                COUPLE completed...       0.0047 seconds
                  HADV completed...       0.5101 seconds
                  ZADV completed...       0.0354 seconds
                 HDIFF completed...       0.0165 seconds
              DECOUPLE completed...       0.0046 seconds
                  PHOT completed...       0.0640 seconds
               CLDPROC completed...       0.1158 seconds
                  CHEM completed...       0.6464 seconds
                  AERO completed...       0.2713 seconds
            Master Time Step
            Processing completed...       3.8480 seconds

      =--> Data Output completed...       0.0858 seconds

     Processing Day/Time [YYYYDDD:HHMMSS]: 2022182:220000
       Which is Equivalent to (UTC): 22:00:00 Friday,  July 1, 2022
       Time-Step Length (HHMMSS): 000500
                 VDIFF completed...       1.2580 seconds
                COUPLE completed...       0.0044 seconds
                  HADV completed...       4.2209 seconds
                  ZADV completed...       0.0368 seconds
                 HDIFF completed...       0.0751 seconds
              DECOUPLE completed...       0.0049 seconds
                  PHOT completed...       0.1722 seconds
               CLDPROC completed...       0.1648 seconds
                  CHEM completed...       0.6678 seconds
                  AERO completed...       0.4332 seconds
            Master Time Step
            Processing completed...       7.0385 seconds

     Processing Day/Time [YYYYDDD:HHMMSS]: 2022182:220500
       Which is Equivalent to (UTC): 22:05:00 Friday,  July 1, 2022
       Time-Step Length (HHMMSS): 000500
                 VDIFF completed...       6.8068 seconds
                COUPLE completed...       0.0044 seconds
                  HADV completed...       0.5434 seconds
                  ZADV completed...       0.0348 seconds
                 HDIFF completed...       0.0407 seconds
              DECOUPLE completed...       0.0048 seconds
                  PHOT completed...       0.0733 seconds
               CLDPROC completed...       0.0423 seconds
                  CHEM completed...       0.6390 seconds
                  AERO completed...       0.2714 seconds
            Master Time Step
            Processing completed...       8.4611 seconds

     Processing Day/Time [YYYYDDD:HHMMSS]: 2022182:221000
       Which is Equivalent to (UTC): 22:10:00 Friday,  July 1, 2022
       Time-Step Length (HHMMSS): 000500
                 VDIFF completed...       0.1599 seconds
                COUPLE completed...       0.0044 seconds
                  HADV completed...       5.5531 seconds
                  ZADV completed...       0.0369 seconds
                 HDIFF completed...       0.0615 seconds
              DECOUPLE completed...       0.0049 seconds
                  PHOT completed...       0.0705 seconds
               CLDPROC completed...       0.0332 seconds
                  CHEM completed...       0.6365 seconds
                  AERO completed...       0.2685 seconds
            Master Time Step
            Processing completed...       6.8296 seconds

     Processing Day/Time [YYYYDDD:HHMMSS]: 2022182:221500
       Which is Equivalent to (UTC): 22:15:00 Friday,  July 1, 2022
       Time-Step Length (HHMMSS): 000500
                 VDIFF completed...       4.7406 seconds
                COUPLE completed...       0.0044 seconds
                  HADV completed...       0.1178 seconds
                  ZADV completed...       0.0343 seconds
                 HDIFF completed...       0.0165 seconds
              DECOUPLE completed...       0.0045 seconds
                  PHOT completed...       0.0620 seconds
               CLDPROC completed...       0.0205 seconds
                  CHEM completed...       0.6325 seconds
                  AERO completed...       0.2663 seconds
            Master Time Step
            Processing completed...       5.8997 seconds

     Processing Day/Time [YYYYDDD:HHMMSS]: 2022182:222000
       Which is Equivalent to (UTC): 22:20:00 Friday,  July 1, 2022
       Time-Step Length (HHMMSS): 000500
                 VDIFF completed...       0.6506 seconds
                COUPLE completed...       0.0047 seconds
                  HADV completed...       0.8446 seconds
                  ZADV completed...       0.0366 seconds
                 HDIFF completed...       0.0142 seconds
              DECOUPLE completed...       0.0047 seconds
                  PHOT completed...       0.0705 seconds
               CLDPROC completed...       0.0224 seconds
                  CHEM completed...       0.6309 seconds
                  AERO completed...       0.2664 seconds
            Master Time Step
            Processing completed...       2.5459 seconds

     Processing Day/Time [YYYYDDD:HHMMSS]: 2022182:222500
       Which is Equivalent to (UTC): 22:25:00 Friday,  July 1, 2022
       Time-Step Length (HHMMSS): 000500
                 VDIFF completed...       0.1740 seconds
                COUPLE completed...       0.0044 seconds
                  HADV completed...       2.2526 seconds
                  ZADV completed...       0.0363 seconds
                 HDIFF completed...       0.0116 seconds
              DECOUPLE completed...       0.0045 seconds
                  PHOT completed...       0.0632 seconds
               CLDPROC completed...       0.0229 seconds
                  CHEM completed...       0.6249 seconds
                  AERO completed...       0.2677 seconds
            Master Time Step
            Processing completed...       3.4624 seconds

     Processing Day/Time [YYYYDDD:HHMMSS]: 2022182:223000
       Which is Equivalent to (UTC): 22:30:00 Friday,  July 1, 2022
       Time-Step Length (HHMMSS): 000500
                 VDIFF completed...       6.1029 seconds
                COUPLE completed...       0.0044 seconds
                  HADV completed...       0.1764 seconds
                  ZADV completed...       0.0351 seconds
                 HDIFF completed...       0.0211 seconds
              DECOUPLE completed...       0.0045 seconds
                  PHOT completed...       0.0624 seconds
               CLDPROC completed...       0.0336 seconds
                  CHEM completed...       0.6320 seconds
                  AERO completed...       0.2708 seconds
            Master Time Step
            Processing completed...       7.3436 seconds

     Processing Day/Time [YYYYDDD:HHMMSS]: 2022182:223500
       Which is Equivalent to (UTC): 22:35:00 Friday,  July 1, 2022
       Time-Step Length (HHMMSS): 000500
                 VDIFF completed...       0.1505 seconds
                COUPLE completed...       0.0044 seconds
                  HADV completed...       3.3212 seconds
                  ZADV completed...       0.0343 seconds
                 HDIFF completed...       0.0131 seconds
              DECOUPLE completed...       0.0046 seconds
                  PHOT completed...       0.1361 seconds
               CLDPROC completed...       0.1411 seconds
                  CHEM completed...       0.6218 seconds
                  AERO completed...       0.4082 seconds
            Master Time Step
            Processing completed...       4.8354 seconds

     Processing Day/Time [YYYYDDD:HHMMSS]: 2022182:224000
       Which is Equivalent to (UTC): 22:40:00 Friday,  July 1, 2022
       Time-Step Length (HHMMSS): 000500
                 VDIFF completed...       0.6111 seconds
                COUPLE completed...       0.0044 seconds
                  HADV completed...       3.7053 seconds
                  ZADV completed...       0.0373 seconds
                 HDIFF completed...       0.0337 seconds
              DECOUPLE completed...       0.0045 seconds
                  PHOT completed...       0.0656 seconds
               CLDPROC completed...       0.0214 seconds
                  CHEM completed...       0.6152 seconds
                  AERO completed...       0.2792 seconds
            Master Time Step
            Processing completed...       5.3779 seconds

     Processing Day/Time [YYYYDDD:HHMMSS]: 2022182:224500
       Which is Equivalent to (UTC): 22:45:00 Friday,  July 1, 2022
       Time-Step Length (HHMMSS): 000500
                 VDIFF completed...       0.1732 seconds
                COUPLE completed...       0.0044 seconds
                  HADV completed...       4.4277 seconds
                  ZADV completed...       0.0364 seconds
                 HDIFF completed...       0.0575 seconds
              DECOUPLE completed...       0.0046 seconds
                  PHOT completed...       0.0781 seconds
               CLDPROC completed...       0.0262 seconds
                  CHEM completed...       0.6151 seconds
                  AERO completed...       0.2632 seconds
            Master Time Step
            Processing completed...       5.6865 seconds

     Processing Day/Time [YYYYDDD:HHMMSS]: 2022182:225000
       Which is Equivalent to (UTC): 22:50:00 Friday,  July 1, 2022
       Time-Step Length (HHMMSS): 000500
                 VDIFF completed...       5.5774 seconds
                COUPLE completed...       0.0046 seconds
                  HADV completed...       0.1962 seconds
                  ZADV completed...       0.0360 seconds
                 HDIFF completed...       0.0416 seconds
              DECOUPLE completed...       0.0045 seconds
                  PHOT completed...       0.0634 seconds
               CLDPROC completed...       0.0220 seconds
                  CHEM completed...       0.6086 seconds
                  AERO completed...       0.2629 seconds
            Master Time Step
            Processing completed...       6.8175 seconds

     Processing Day/Time [YYYYDDD:HHMMSS]: 2022182:225500
       Which is Equivalent to (UTC): 22:55:00 Friday,  July 1, 2022
       Time-Step Length (HHMMSS): 000500
                 VDIFF completed...       3.7974 seconds
                COUPLE completed...       0.0044 seconds
                  HADV completed...       0.3178 seconds
                  ZADV completed...       0.0359 seconds
                 HDIFF completed...       0.0107 seconds
              DECOUPLE completed...       0.0045 seconds
                  PHOT completed...       0.0619 seconds
               CLDPROC completed...       0.0940 seconds
                  CHEM completed...       0.6092 seconds
                  AERO completed...       0.3521 seconds
            Master Time Step
            Processing completed...       5.2882 seconds

      =--> Data Output completed...       0.1142 seconds

     Processing Day/Time [YYYYDDD:HHMMSS]: 2022182:230000
       Which is Equivalent to (UTC): 23:00:00 Friday,  July 1, 2022
       Time-Step Length (HHMMSS): 000500
                 VDIFF completed...       1.2033 seconds
                COUPLE completed...       0.0045 seconds
                  HADV completed...       4.3518 seconds
                  ZADV completed...       0.0353 seconds
                 HDIFF completed...       0.0425 seconds
              DECOUPLE completed...       0.0048 seconds
                  PHOT completed...       0.1906 seconds
               CLDPROC completed...       0.1814 seconds
                  CHEM completed...       0.6349 seconds
                  AERO completed...       0.2677 seconds
            Master Time Step
            Processing completed...       6.9171 seconds

     Processing Day/Time [YYYYDDD:HHMMSS]: 2022182:230500
       Which is Equivalent to (UTC): 23:05:00 Friday,  July 1, 2022
       Time-Step Length (HHMMSS): 000500
                 VDIFF completed...       6.8210 seconds
                COUPLE completed...       0.0048 seconds
                  HADV completed...       0.7778 seconds
                  ZADV completed...       0.0387 seconds
                 HDIFF completed...       0.0713 seconds
              DECOUPLE completed...       0.0047 seconds
                  PHOT completed...       0.0849 seconds
               CLDPROC completed...       0.0217 seconds
                  CHEM completed...       0.5980 seconds
                  AERO completed...       0.2801 seconds
            Master Time Step
            Processing completed...       8.7032 seconds

     Processing Day/Time [YYYYDDD:HHMMSS]: 2022182:231000
       Which is Equivalent to (UTC): 23:10:00 Friday,  July 1, 2022
       Time-Step Length (HHMMSS): 000500
                 VDIFF completed...       0.1827 seconds
                COUPLE completed...       0.0045 seconds
                  HADV completed...       5.8313 seconds
                  ZADV completed...       0.0358 seconds
                 HDIFF completed...       0.0146 seconds
              DECOUPLE completed...       0.0045 seconds
                  PHOT completed...       0.0615 seconds
               CLDPROC completed...       0.0611 seconds
                  CHEM completed...       0.5875 seconds
                  AERO completed...       0.2629 seconds
            Master Time Step
            Processing completed...       7.0465 seconds

     Processing Day/Time [YYYYDDD:HHMMSS]: 2022182:231500
       Which is Equivalent to (UTC): 23:15:00 Friday,  July 1, 2022
       Time-Step Length (HHMMSS): 000500
                 VDIFF completed...       0.5935 seconds
                COUPLE completed...       0.0044 seconds
                  HADV completed...       2.2121 seconds
                  ZADV completed...       0.0351 seconds
                 HDIFF completed...       0.0123 seconds
              DECOUPLE completed...       0.0046 seconds
                  PHOT completed...       0.1111 seconds
               CLDPROC completed...       0.0211 seconds
                  CHEM completed...       0.5810 seconds
                  AERO completed...       0.2579 seconds
            Master Time Step
            Processing completed...       3.8333 seconds

     Processing Day/Time [YYYYDDD:HHMMSS]: 2022182:232000
       Which is Equivalent to (UTC): 23:20:00 Friday,  July 1, 2022
       Time-Step Length (HHMMSS): 000500
                 VDIFF completed...       0.1585 seconds
                COUPLE completed...       0.0044 seconds
                  HADV completed...       2.3671 seconds
                  ZADV completed...       0.0355 seconds
                 HDIFF completed...       0.0492 seconds
              DECOUPLE completed...       0.0045 seconds
                  PHOT completed...       0.0624 seconds
               CLDPROC completed...       0.0188 seconds
                  CHEM completed...       0.5730 seconds
                  AERO completed...       0.2608 seconds
            Master Time Step
            Processing completed...       3.5344 seconds

     Processing Day/Time [YYYYDDD:HHMMSS]: 2022182:232500
       Which is Equivalent to (UTC): 23:25:00 Friday,  July 1, 2022
       Time-Step Length (HHMMSS): 000500
                 VDIFF completed...       1.1213 seconds
                COUPLE completed...       0.0044 seconds
                  HADV completed...       4.5249 seconds
                  ZADV completed...       0.0341 seconds
                 HDIFF completed...       0.0135 seconds
              DECOUPLE completed...       0.0045 seconds
                  PHOT completed...       0.0735 seconds
               CLDPROC completed...       0.0234 seconds
                  CHEM completed...       0.5703 seconds
                  AERO completed...       0.2599 seconds
            Master Time Step
            Processing completed...       6.6299 seconds

     Processing Day/Time [YYYYDDD:HHMMSS]: 2022182:233000
       Which is Equivalent to (UTC): 23:30:00 Friday,  July 1, 2022
       Time-Step Length (HHMMSS): 000500
                 VDIFF completed...       1.3579 seconds
                COUPLE completed...       0.0044 seconds
                  HADV completed...       3.1097 seconds
                  ZADV completed...       0.0365 seconds
                 HDIFF completed...       0.0190 seconds
              DECOUPLE completed...       0.0046 seconds
                  PHOT completed...       0.0627 seconds
               CLDPROC completed...       0.0423 seconds
                  CHEM completed...       0.5815 seconds
                  AERO completed...       0.2602 seconds
            Master Time Step
            Processing completed...       5.4790 seconds

     Processing Day/Time [YYYYDDD:HHMMSS]: 2022182:233500
       Which is Equivalent to (UTC): 23:35:00 Friday,  July 1, 2022
       Time-Step Length (HHMMSS): 000500
                 VDIFF completed...       0.1923 seconds
                COUPLE completed...       0.0044 seconds
                  HADV completed...       3.8039 seconds
                  ZADV completed...       0.0347 seconds
                 HDIFF completed...       0.0116 seconds
              DECOUPLE completed...       0.0046 seconds
                  PHOT completed...       0.0626 seconds
               CLDPROC completed...       0.0227 seconds
                  CHEM completed...       0.5601 seconds
                  AERO completed...       0.3753 seconds
            Master Time Step
            Processing completed...       5.0722 seconds

     Processing Day/Time [YYYYDDD:HHMMSS]: 2022182:234000
       Which is Equivalent to (UTC): 23:40:00 Friday,  July 1, 2022
       Time-Step Length (HHMMSS): 000500
                 VDIFF completed...       4.0748 seconds
                COUPLE completed...       0.0044 seconds
                  HADV completed...       0.2784 seconds
                  ZADV completed...       0.0350 seconds
                 HDIFF completed...       0.0420 seconds
              DECOUPLE completed...       0.0047 seconds
                  PHOT completed...       0.0623 seconds
               CLDPROC completed...       0.0210 seconds
                  CHEM completed...       0.5496 seconds
                  AERO completed...       0.2554 seconds
            Master Time Step
            Processing completed...       5.3278 seconds

     Processing Day/Time [YYYYDDD:HHMMSS]: 2022182:234500
       Which is Equivalent to (UTC): 23:45:00 Friday,  July 1, 2022
       Time-Step Length (HHMMSS): 000500
                 VDIFF completed...       0.4965 seconds
                COUPLE completed...       0.0044 seconds
                  HADV completed...       6.0444 seconds
                  ZADV completed...       0.0354 seconds
                 HDIFF completed...       0.0429 seconds
              DECOUPLE completed...       0.0045 seconds
                  PHOT completed...       0.0725 seconds
               CLDPROC completed...       0.0335 seconds
                  CHEM completed...       0.5416 seconds
                  AERO completed...       0.2572 seconds
            Master Time Step
            Processing completed...       7.5330 seconds

     Processing Day/Time [YYYYDDD:HHMMSS]: 2022182:235000
       Which is Equivalent to (UTC): 23:50:00 Friday,  July 1, 2022
       Time-Step Length (HHMMSS): 000500
                 VDIFF completed...       5.1868 seconds
                COUPLE completed...       0.0044 seconds
                  HADV completed...       0.2024 seconds
                  ZADV completed...       0.0356 seconds
                 HDIFF completed...       0.0123 seconds
              DECOUPLE completed...       0.0047 seconds
                  PHOT completed...       0.0658 seconds
               CLDPROC completed...       0.0229 seconds
                  CHEM completed...       0.5409 seconds
                  AERO completed...       0.2773 seconds
            Master Time Step
            Processing completed...       6.3535 seconds

     Processing Day/Time [YYYYDDD:HHMMSS]: 2022182:235500
       Which is Equivalent to (UTC): 23:55:00 Friday,  July 1, 2022
       Time-Step Length (HHMMSS): 000500
                 VDIFF completed...       2.4422 seconds
                COUPLE completed...       0.0050 seconds
                  HADV completed...       0.3002 seconds
                  ZADV completed...       0.0375 seconds
                 HDIFF completed...       0.0287 seconds
              DECOUPLE completed...       0.0046 seconds
                  PHOT completed...       0.0654 seconds
               CLDPROC completed...       0.2744 seconds
                  CHEM completed...       0.5525 seconds
                  AERO completed...       0.2600 seconds
            Master Time Step
            Processing completed...       3.9708 seconds

      =--> Data Output completed...       0.2377 seconds



     ==============================================
     |>---   PROGRAM COMPLETED SUCCESSFULLY   ---<|
     ==============================================
     Date and time 0:00:00   July 2, 2022   (2022183:000000)

     The elapsed time for this simulation was    1843.3 seconds.

27654.975u 1333.491s 30:46.59 1569.8%	0+0k 678029432+2816688io 29803704pf+0w

CMAQ Processing of Day 20220701 Finished at Thu Aug  6 10:13:11 AM EDT 2026

\\\\\=====\\\\\=====\\\\\=====\\\\\=====/////=====/////=====/////=====/////


Set up input and output files for Day 2022-07-02.

Existing Logs and Output Files for Day 2022-07-02 Will Be Deleted
rm: No match.

CMAQ Processing of Day 20220702 Began at Thu Aug  6 10:13:19 AM EDT 2026

                  CTM_APPL  |  v6_gcc_Bench_2022_12SE1_20220702
#================================================================================#        
#|                                                                              |#        
#|               The Community Multiscale Air Quality (CMAQ) Model              |#        
#|                                  Version 6.0_alpha1                          |#        
#|                                                                              |#        
#|                          Built and Maintained by the                         |#        
#|                        Office of Research and Development                    |#        
#|                   United States Environmental Protection Agency              |#        
#|                                                                              |#        
#|                            https://www.epa.gov/cmaq                          |#        
#|                                                                              |#        
#|       Source Code:   https://www.github.com/USEPA/cmaq/tree/master           |#        
#|       Documentation: https://www.github.com/USEPA/cmaq/tree/master/DOCS      |#        
#|                                                                              |#        
#|         The CMAQ Model is tested and released with cooperation from          |#        
#|         the Community Modeling and Analysis System (CMAS) Center via         |#        
#|         contract support. CMAS is managed by the Institute for the           |#        
#|         Environment, University of North Carolina at Chapel Hill.            |#        
#|         CMAS URL: (https://www.cmascenter.org)                               |#        
#|                                                                              |#        
#================================================================================#        


     ==================================
     |>---   INITIALIZE I/O-API   ---<|
     ==================================
                                                                     
     This program uses the EPA-AREAL/MCNC-EnvPgms/BAMS/ UNC IE       
     Models-3 I/O Applications Programming Interface, [I/O API]      
     which is built on top of the netCDF I/O library (Copyright      
     993, 1996 University Corporation for Atmospheric Research       
     Unidata Program) and the PVM parallel-programming library       
     (from Oak Ridge National Laboratory).                           
     Copyright (C) 1992-2002 MCNC,                                   
     (C) 1992-2018 Carlie J. Coats, Jr.,                             
     (C) 2003-2012 Baron Advanced Meteorological Systems, LLC, and   
     (C) 2014-2023 UNC Institute for the Environment.                
     Released under the GNU LGPL  License, version 2.1.  See URL     
                                                                     
         https://www.gnu.org/licenses/old-licenses/lgpl-2.1.html     
                                                                     
     for conditions of use.                                          
                                                                     
     ioapi-3.2: $Id: init3.F90 247 2023-03-22 15:59:19Z coats $
     netCDF version 4.9.3 of Jul 30 2026 17:08:34 $
      


     ===========================================
     |>---   ENVIRONMENT VARIABLE REPORT   ---<|
     ===========================================

     |> Grid and High-Level Model Parameters:
     +=========================================
        ---Env Variable---  |  ---Value---
      --------------------------------------------------------------------------------
                       BLD  |             (default)
                    OUTDIR  |  /work/users/l/i/lizadams/CMAQv6.0_2022_12SE1_Benchmark_2day//output_CCTM_v6_gcc_Bench_2022_12SE1
                 NEW_START  |          F
            IGNORE_SOILINP  |          F (default)
              EXECUTION_ID  |  CMAQ_CCTMv6_lizadams_20260806_134224_280368741
                 GRID_NAME  |  SE60BENCH
                 CTM_TSTEP  |       10000
                CTM_RUNLEN  |      240000
              CTM_PROGNAME  |  DRIVER (default)
                CTM_STDATE  |     2022183
                CTM_STTIME  |           0
               NPCOL_NPROW  |  8 4
               CTM_MAXSYNC  |         300
               CTM_MINSYNC  |          60

     |> Multiprocess control, output and error checking:
     +====================================================
        ---Env Variable---  |  ---Value---
      --------------------------------------------------------------------------------
           PRINT_PROC_TIME  |          T
               FL_ERR_STOP  |          F
              CTM_MIO_FILE  |          F (default)
                 CTM_CKSUM  |          T
          AVG_FILE_ENDTIME  |          F
             AVG_CONC_SPCS  |  ALL
                 CONC_SPCS  |  O3 NO ANO3I ANO3J NO2 NH3 ANH4I ANH4J ASO4I ASO4J
           ACONC_BLEV_ELEV  |   1 1
            CONC_BLEV_ELEV  |   1 1
           IOAPI_LOG_WRITE  |          F
                   VERTEXT  |          F
        VERTEXT_COORD_PATH  |  /proj/ie/proj/CMAS/CMAQ/CMAQ_CMAS_6/openmpi_5.0.9_gcc_15.2.0/CCTM/scripts/lonlat.csv
             gc_matrix_nml  |  /proj/ie/proj/CMAS/CMAQ/CMAQ_CMAS_6/openmpi_5.0.9_gcc_15.2.0/CCTM/scripts/BLD_CCTM_v6_gcc/GC_cracmm3.nml
             ae_matrix_nml  |  /proj/ie/proj/CMAS/CMAQ/CMAQ_CMAS_6/openmpi_5.0.9_gcc_15.2.0/CCTM/scripts/BLD_CCTM_v6_gcc/AE_cracmm3.nml
             nr_matrix_nml  |  /proj/ie/proj/CMAS/CMAQ/CMAQ_CMAS_6/openmpi_5.0.9_gcc_15.2.0/CCTM/scripts/BLD_CCTM_v6_gcc/NR_cracmm3.nml
             tr_matrix_nml  |  /proj/ie/proj/CMAS/CMAQ/CMAQ_CMAS_6/openmpi_5.0.9_gcc_15.2.0/CCTM/scripts/BLD_CCTM_v6_gcc/Species_Table_TR_0.nml

     |> Chemistry and Photolysis:
     +=============================
        ---Env Variable---  |  ---Value---
      --------------------------------------------------------------------------------
                      MECH  |  cracmm3
              CTM_PHOTDIAG  |          F
            AEROSOL_OPTICS  |           3

      --ATOL settings are in ppmV.--

             GEAR_MAX_ATOL  |   0.100E-06 (default)
             GEAR_MIN_ATOL  |   0.100E-08 (default)
           GEAR_CONC_FLOOR  |   0.100E-11 (default)
                 GEAR_RTOL  |   0.100E-02 (default)
                   RB_RTOL  |   0.100E-02 (default)
                   RB_ATOL  |   0.100E-06 (default)
                  CTM_PVO3  |          F

     |> Aerosols:
     +=============
        ---Env Variable---  |  ---Value---
      --------------------------------------------------------------------------------
                   AERO_MT  |  HYB
            AERO_DYN_TSTEP  |          90
             BC_AERO_M2WET  |          F
             BC_AERO_M2USE  |          T
              STM_SO4TRACK  |          F

     |> Cloud Processes:
     +====================
        ---Env Variable---  |  ---Value---
      --------------------------------------------------------------------------------
                  CLD_DIAG  |          F

     |> Air-Surface Exchange Processes:
     +===================================
        ---Env Variable---  |  ---Value---
      --------------------------------------------------------------------------------
                PX_VERSION  |          T
                CTM_ABFLUX  |          T
                CTM_MOSAIC  |          F
              CTM_SFC_HONO  |          T
               CLM_VERSION  |          F
              NOAH_VERSION  |          F
             CTM_DEPV_FILE  |          F
                CTM_HGBIDI  |          F
         CTM_BIDI_FERT_NH3  |          T
             CTM_USE_STAGE  |          T
           CTM_WBDUST_BELD  |  UNKNOWN (default)
             STAGECTRL_NML  |  /proj/ie/proj/CMAS/CMAQ/CMAQ_CMAS_6/openmpi_5.0.9_gcc_15.2.0/CCTM/scripts/BLD_CCTM_v6_gcc/CMAQ_Control_STAGE.nml
             CTM_STAGE_P22  |          F
             CTM_STAGE_E20  |          T
             CTM_STAGE_S22  |          F

     |> Transport Processes:
     +========================
        ---Env Variable---  |  ---Value---
      --------------------------------------------------------------------------------
           VDIFF_DIAG_FILE  |          F
            SIGMA_SYNC_TOP  |   0.700E+00
              ADV_HDIV_LIM  |   0.900E+00 (default)
               CTM_ADV_CFL  |   0.950E+00
                     KZMIN  |          T
                KZU_CUSTOM  |   0.100E+01 (default)
                  CTM_WVEL  |          T
             CTM_GRAV_SETL  |          T

     |> Emissions Parameters:
     +=========================
        ---Env Variable---  |  ---Value---
      --------------------------------------------------------------------------------
             CMAQ_CTRL_NML  |  /proj/ie/proj/CMAS/CMAQ/CMAQ_CMAS_6/openmpi_5.0.9_gcc_15.2.0/CCTM/scripts/BLD_CCTM_v6_gcc/CMAQ_Control.nml
          CMAQ_CH_CTRL_NML  |  /proj/ie/proj/CMAS/CMAQ/CMAQ_CMAS_6/openmpi_5.0.9_gcc_15.2.0/CCTM/scripts/BLD_CCTM_v6_gcc/CMAQ_Chem_Control_cracmm3.nml
                 N_EMIS_GR  |           2
                 N_EMIS_TR  |           0 (default)
               CTM_EMISCHK  |          F
           CTM_BIOGEMIS_BE  |          T
           CTM_BIOGEMIS_MG  |          F
             USE_MEGAN_LAI  |          F (default)
              MGN_ONLN_DEP  |          F (default)
               BDSNP_MEGAN  |          F
                USE_SEGA_N  |          F
             USE_SEGA_N_EF  |          F
                 BIOG_SPRO  |  DEFAULT (default)
                B3GTS_DIAG  |          F
              CTM_MGEMDIAG  |          F (default)
            CTM_OCEAN_CHEM  |          T
               CTM_WB_DUST  |          T
             CTM_BROWN_VEG  |          T
           CTM_DUSTEM_DIAG  |          F
              CTM_SSEMDIAG  |          F
              CTM_MET_EMIS  |          F (default)
         CTM_MET_EMIS_DIAG  |          F (default)
          CTM_MET_EMIS_HUM  |          F (default)
            CTM_LNO_ONLINE  |          T
             LTNG_ASSIM_DT  |           0 (default)
             USE_LTNG_DATA  |          T
                  LTNGDIAG  |          F
                   MOLSNCG  |   0.350E+03 (default)
                   MOLSNIC  |   0.350E+03 (default)
                LNO_OPTION  |           1
                 N_EMIS_PT  |          11
                    IPVERT  |           0 (default)
             EMIS_SYM_DATE  |          F (default)

     |> Process Analysis Parameters:
     +================================
        ---Env Variable---  |  ---Value---
      --------------------------------------------------------------------------------
                CTM_PROCAN  |          F
                CTM_BUDGET  |  /work/users/l/i/lizadams/CMAQv6.0_2022_12SE1_Benchmark_2day//output_CCTM_v6_gcc_Bench_2022_12SE1/CCTM_BUDGET_v6_gcc_Bench_2022_12SE1_20220702.txt -v
                 MET_TSTEP  |       10000 (default)

     MET data determined based on WRF ARW version 4.4.2


          -=-  MPP Processor-to-Subdomain Map  -=-
                 Number of Processors =  32
    ____________________________________________________
    |                                                  |
    |  PE    #Cols    Col_Range     #Rows    Row_Range |
    |__________________________________________________|
    |                                                  |
    |  0       13      1:  13         20      1:  20   |
    |  1       13     14:  26         20      1:  20   |
    |  2       13     27:  39         20      1:  20   |
    |  3       13     40:  52         20      1:  20   |
    |  4       12     53:  64         20      1:  20   |
    |  5       12     65:  76         20      1:  20   |
    |  6       12     77:  88         20      1:  20   |
    |  7       12     89: 100         20      1:  20   |
    |  8       13      1:  13         20     21:  40   |
    |  9       13     14:  26         20     21:  40   |
    | 10       13     27:  39         20     21:  40   |
    | 11       13     40:  52         20     21:  40   |
    | 12       12     53:  64         20     21:  40   |
    | 13       12     65:  76         20     21:  40   |
    | 14       12     77:  88         20     21:  40   |
    | 15       12     89: 100         20     21:  40   |
    | 16       13      1:  13         20     41:  60   |
    | 17       13     14:  26         20     41:  60   |
    | 18       13     27:  39         20     41:  60   |
    | 19       13     40:  52         20     41:  60   |
    | 20       12     53:  64         20     41:  60   |
    | 21       12     65:  76         20     41:  60   |
    | 22       12     77:  88         20     41:  60   |
    | 23       12     89: 100         20     41:  60   |
    | 24       13      1:  13         20     61:  80   |
    | 25       13     14:  26         20     61:  80   |
    | 26       13     27:  39         20     61:  80   |
    | 27       13     40:  52         20     61:  80   |
    | 28       12     53:  64         20     61:  80   |
    | 29       12     65:  76         20     61:  80   |
    | 30       12     77:  88         20     61:  80   |
    | 31       12     89: 100         20     61:  80   |
    |__________________________________________________|



     ================================
     |>---   TIME INTEGRATION   ---<|
     ================================

     Processing Day/Time [YYYYDDD:HHMMSS]: 2022183:000000
       Which is Equivalent to (UTC): 0:00:00  Saturday,  July 2, 2022
       Time-Step Length (HHMMSS): 000500
                 VDIFF completed...      15.8646 seconds
                COUPLE completed...       0.0044 seconds
                  HADV completed...      33.8972 seconds
                  ZADV completed...       0.0344 seconds
                 HDIFF completed...       0.0643 seconds
              DECOUPLE completed...       0.0045 seconds
                  PHOT completed...       1.5541 seconds
               CLDPROC completed...       0.3029 seconds
                  CHEM completed...       0.5397 seconds
                  AERO completed...       0.2608 seconds
            Master Time Step
            Processing completed...      52.5271 seconds

     Processing Day/Time [YYYYDDD:HHMMSS]: 2022183:000500
       Which is Equivalent to (UTC): 0:05:00  Saturday,  July 2, 2022
       Time-Step Length (HHMMSS): 000500
                 VDIFF completed...       5.4247 seconds
                COUPLE completed...       0.0046 seconds
                  HADV completed...       0.2948 seconds
                  ZADV completed...       0.0357 seconds
                 HDIFF completed...       0.0535 seconds
              DECOUPLE completed...       0.0046 seconds
                  PHOT completed...       0.1550 seconds
               CLDPROC completed...       0.0576 seconds
                  CHEM completed...       0.5178 seconds
                  AERO completed...       0.2439 seconds
            Master Time Step
            Processing completed...       6.7925 seconds

     Processing Day/Time [YYYYDDD:HHMMSS]: 2022183:001000
       Which is Equivalent to (UTC): 0:10:00  Saturday,  July 2, 2022
       Time-Step Length (HHMMSS): 000500
                 VDIFF completed...       0.2485 seconds
                COUPLE completed...       0.0044 seconds
                  HADV completed...       6.3199 seconds
                  ZADV completed...       0.0342 seconds
                 HDIFF completed...       0.0201 seconds
              DECOUPLE completed...       0.0045 seconds
                  PHOT completed...       0.0695 seconds
               CLDPROC completed...       0.1257 seconds
                  CHEM completed...       0.5106 seconds
                  AERO completed...       0.2469 seconds
            Master Time Step
            Processing completed...       7.5850 seconds

     Processing Day/Time [YYYYDDD:HHMMSS]: 2022183:001500
       Which is Equivalent to (UTC): 0:15:00  Saturday,  July 2, 2022
       Time-Step Length (HHMMSS): 000500
                 VDIFF completed...       4.0574 seconds
                COUPLE completed...       0.0044 seconds
                  HADV completed...       0.1190 seconds
                  ZADV completed...       0.0345 seconds
                 HDIFF completed...       0.0131 seconds
              DECOUPLE completed...       0.0045 seconds
                  PHOT completed...       0.0631 seconds
               CLDPROC completed...       0.0215 seconds
                  CHEM completed...       0.5051 seconds
                  AERO completed...       0.2460 seconds
            Master Time Step
            Processing completed...       5.0688 seconds

     Processing Day/Time [YYYYDDD:HHMMSS]: 2022183:002000
       Which is Equivalent to (UTC): 0:20:00  Saturday,  July 2, 2022
       Time-Step Length (HHMMSS): 000500
                 VDIFF completed...       2.3597 seconds
                COUPLE completed...       0.0067 seconds
                  HADV completed...       0.8020 seconds
                  ZADV completed...       0.0350 seconds
                 HDIFF completed...       0.0514 seconds
              DECOUPLE completed...       0.0046 seconds
                  PHOT completed...       0.0723 seconds
               CLDPROC completed...       0.0233 seconds
                  CHEM completed...       0.5029 seconds
                  AERO completed...       0.2432 seconds
            Master Time Step
            Processing completed...       4.1016 seconds

     Processing Day/Time [YYYYDDD:HHMMSS]: 2022183:002500
       Which is Equivalent to (UTC): 0:25:00  Saturday,  July 2, 2022
       Time-Step Length (HHMMSS): 000500
                 VDIFF completed...       0.5856 seconds
                COUPLE completed...       0.0044 seconds
                  HADV completed...       4.9719 seconds
                  ZADV completed...       0.0344 seconds
                 HDIFF completed...       0.0339 seconds
              DECOUPLE completed...       0.0046 seconds
                  PHOT completed...       0.0690 seconds
               CLDPROC completed...       0.0269 seconds
                  CHEM completed...       0.5137 seconds
                  AERO completed...       0.4796 seconds
            Master Time Step
            Processing completed...       6.7243 seconds

     Processing Day/Time [YYYYDDD:HHMMSS]: 2022183:003000
       Which is Equivalent to (UTC): 0:30:00  Saturday,  July 2, 2022
       Time-Step Length (HHMMSS): 000500
                 VDIFF completed...       6.1218 seconds
                COUPLE completed...       0.0044 seconds
                  HADV completed...       0.4171 seconds
                  ZADV completed...       0.0342 seconds
                 HDIFF completed...       0.0493 seconds
              DECOUPLE completed...       0.0045 seconds
                  PHOT completed...       0.0965 seconds
               CLDPROC completed...       0.0468 seconds
                  CHEM completed...       0.4906 seconds
                  AERO completed...       0.2461 seconds
            Master Time Step
            Processing completed...       7.5115 seconds

     Processing Day/Time [YYYYDDD:HHMMSS]: 2022183:003500
       Which is Equivalent to (UTC): 0:35:00  Saturday,  July 2, 2022
       Time-Step Length (HHMMSS): 000500
                 VDIFF completed...       0.6397 seconds
                COUPLE completed...       0.0044 seconds
                  HADV completed...       5.7903 seconds
                  ZADV completed...       0.0355 seconds
                 HDIFF completed...       0.0548 seconds
              DECOUPLE completed...       0.0046 seconds
                  PHOT completed...       0.0548 seconds
               CLDPROC completed...       0.0259 seconds
                  CHEM completed...       0.4137 seconds
                  AERO completed...       0.4251 seconds
            Master Time Step
            Processing completed...       7.4489 seconds

     Processing Day/Time [YYYYDDD:HHMMSS]: 2022183:004000
       Which is Equivalent to (UTC): 0:40:00  Saturday,  July 2, 2022
       Time-Step Length (HHMMSS): 000500
                 VDIFF completed...       6.5359 seconds
                COUPLE completed...       0.0045 seconds
                  HADV completed...       0.5283 seconds
                  ZADV completed...       0.0349 seconds
                 HDIFF completed...       0.0289 seconds
              DECOUPLE completed...       0.0046 seconds
                  PHOT completed...       0.0834 seconds
               CLDPROC completed...       0.1755 seconds
                  CHEM completed...       0.3680 seconds
                  AERO completed...       0.3585 seconds
            Master Time Step
            Processing completed...       8.1227 seconds

     Processing Day/Time [YYYYDDD:HHMMSS]: 2022183:004500
       Which is Equivalent to (UTC): 0:45:00  Saturday,  July 2, 2022
       Time-Step Length (HHMMSS): 000500
                 VDIFF completed...       0.7319 seconds
                COUPLE completed...       0.0044 seconds
                  HADV completed...       5.5797 seconds
                  ZADV completed...       0.0345 seconds
                 HDIFF completed...       0.0481 seconds
              DECOUPLE completed...       0.0047 seconds
                  PHOT completed...       0.0480 seconds
               CLDPROC completed...       0.0258 seconds
                  CHEM completed...       0.3361 seconds
                  AERO completed...       0.2660 seconds
            Master Time Step
            Processing completed...       7.0794 seconds

     Processing Day/Time [YYYYDDD:HHMMSS]: 2022183:005000
       Which is Equivalent to (UTC): 0:50:00  Saturday,  July 2, 2022
       Time-Step Length (HHMMSS): 000500
                 VDIFF completed...       7.3106 seconds
                COUPLE completed...       0.0044 seconds
                  HADV completed...       0.7836 seconds
                  ZADV completed...       0.0347 seconds
                 HDIFF completed...       0.0293 seconds
              DECOUPLE completed...       0.0046 seconds
                  PHOT completed...       0.0658 seconds
               CLDPROC completed...       0.1675 seconds
                  CHEM completed...       0.3177 seconds
                  AERO completed...       0.2602 seconds
            Master Time Step
            Processing completed...       8.9786 seconds

     Processing Day/Time [YYYYDDD:HHMMSS]: 2022183:005500
       Which is Equivalent to (UTC): 0:55:00  Saturday,  July 2, 2022
       Time-Step Length (HHMMSS): 000500
                 VDIFF completed...       5.6397 seconds
                COUPLE completed...       0.0046 seconds
                  HADV completed...       0.7218 seconds
                  ZADV completed...       0.0353 seconds
                 HDIFF completed...       0.0358 seconds
              DECOUPLE completed...       0.0045 seconds
                  PHOT completed...       0.0200 seconds
               CLDPROC completed...       0.0812 seconds
                  CHEM completed...       0.3145 seconds
                  AERO completed...       0.2879 seconds
            Master Time Step
            Processing completed...       7.1456 seconds

      =--> Data Output completed...       0.2967 seconds

     Processing Day/Time [YYYYDDD:HHMMSS]: 2022183:010000
       Which is Equivalent to (UTC): 1:00:00  Saturday,  July 2, 2022
       Time-Step Length (HHMMSS): 000500
                 VDIFF completed...       6.1103 seconds
                COUPLE completed...       0.0044 seconds
                  HADV completed...       0.8326 seconds
                  ZADV completed...       0.0359 seconds
                 HDIFF completed...       0.0574 seconds
              DECOUPLE completed...       0.0045 seconds
                  PHOT completed...       0.0407 seconds
               CLDPROC completed...       0.2079 seconds
                  CHEM completed...       0.3112 seconds
                  AERO completed...       0.4493 seconds
            Master Time Step
            Processing completed...       8.0544 seconds

     Processing Day/Time [YYYYDDD:HHMMSS]: 2022183:010500
       Which is Equivalent to (UTC): 1:05:00  Saturday,  July 2, 2022
       Time-Step Length (HHMMSS): 000500
                 VDIFF completed...       0.7027 seconds
                COUPLE completed...       0.0044 seconds
                  HADV completed...       4.4567 seconds
                  ZADV completed...       0.0357 seconds
                 HDIFF completed...       0.0434 seconds
              DECOUPLE completed...       0.0045 seconds
                  PHOT completed...       0.0087 seconds
               CLDPROC completed...       0.0431 seconds
                  CHEM completed...       0.3112 seconds
                  AERO completed...       0.2882 seconds
            Master Time Step
            Processing completed...       5.8988 seconds

     Processing Day/Time [YYYYDDD:HHMMSS]: 2022183:011000
       Which is Equivalent to (UTC): 1:10:00  Saturday,  July 2, 2022
       Time-Step Length (HHMMSS): 000500
                 VDIFF completed...       6.3978 seconds
                COUPLE completed...       0.0067 seconds
                  HADV completed...       0.5581 seconds
                  ZADV completed...       0.0361 seconds
                 HDIFF completed...       0.0254 seconds
              DECOUPLE completed...       0.0046 seconds
                  PHOT completed...       0.0126 seconds
               CLDPROC completed...       0.1921 seconds
                  CHEM completed...       0.3101 seconds
                  AERO completed...       0.3903 seconds
            Master Time Step
            Processing completed...       7.9343 seconds

     Processing Day/Time [YYYYDDD:HHMMSS]: 2022183:011500
       Which is Equivalent to (UTC): 1:15:00  Saturday,  July 2, 2022
       Time-Step Length (HHMMSS): 000500
                 VDIFF completed...       0.7026 seconds
                COUPLE completed...       0.0044 seconds
                  HADV completed...       2.5134 seconds
                  ZADV completed...       0.0358 seconds
                 HDIFF completed...       0.0237 seconds
              DECOUPLE completed...       0.0045 seconds
                  PHOT completed...       0.0090 seconds
               CLDPROC completed...       0.0700 seconds
                  CHEM completed...       0.3070 seconds
                  AERO completed...       0.2670 seconds
            Master Time Step
            Processing completed...       3.9376 seconds

     Processing Day/Time [YYYYDDD:HHMMSS]: 2022183:012000
       Which is Equivalent to (UTC): 1:20:00  Saturday,  July 2, 2022
       Time-Step Length (HHMMSS): 000500
                 VDIFF completed...       6.6968 seconds
                COUPLE completed...       0.0066 seconds
                  HADV completed...       0.5019 seconds
                  ZADV completed...       0.0368 seconds
                 HDIFF completed...       0.0254 seconds
              DECOUPLE completed...       0.0046 seconds
                  PHOT completed...       0.0268 seconds
               CLDPROC completed...       0.1383 seconds
                  CHEM completed...       0.3066 seconds
                  AERO completed...       0.3601 seconds
            Master Time Step
            Processing completed...       8.1042 seconds

     Processing Day/Time [YYYYDDD:HHMMSS]: 2022183:012500
       Which is Equivalent to (UTC): 1:25:00  Saturday,  July 2, 2022
       Time-Step Length (HHMMSS): 000500
                 VDIFF completed...       0.9405 seconds
                COUPLE completed...       0.0044 seconds
                  HADV completed...       5.6704 seconds
                  ZADV completed...       0.0363 seconds
                 HDIFF completed...       0.0320 seconds
              DECOUPLE completed...       0.0045 seconds
                  PHOT completed...       0.0149 seconds
               CLDPROC completed...       0.0842 seconds
                  CHEM completed...       0.2993 seconds
                  AERO completed...       0.2680 seconds
            Master Time Step
            Processing completed...       7.3548 seconds

     Processing Day/Time [YYYYDDD:HHMMSS]: 2022183:013000
       Which is Equivalent to (UTC): 1:30:00  Saturday,  July 2, 2022
       Time-Step Length (HHMMSS): 000500
                 VDIFF completed...       0.3702 seconds
                COUPLE completed...       0.0044 seconds
                  HADV completed...       5.8579 seconds
                  ZADV completed...       0.0436 seconds
                 HDIFF completed...       0.0275 seconds
              DECOUPLE completed...       0.0045 seconds
                  PHOT completed...       0.0149 seconds
               CLDPROC completed...       0.1669 seconds
                  CHEM completed...       0.3031 seconds
                  AERO completed...       0.3351 seconds
            Master Time Step
            Processing completed...       7.1284 seconds

     Processing Day/Time [YYYYDDD:HHMMSS]: 2022183:013500
       Which is Equivalent to (UTC): 1:35:00  Saturday,  July 2, 2022
       Time-Step Length (HHMMSS): 000500
                 VDIFF completed...       4.0444 seconds
                COUPLE completed...       0.0046 seconds
                  HADV completed...       1.7471 seconds
                  ZADV completed...       0.0365 seconds
                 HDIFF completed...       0.0513 seconds
              DECOUPLE completed...       0.0047 seconds
                  PHOT completed...       0.0128 seconds
               CLDPROC completed...       0.0877 seconds
                  CHEM completed...       0.2932 seconds
                  AERO completed...       0.2522 seconds
            Master Time Step
            Processing completed...       6.5349 seconds

     Processing Day/Time [YYYYDDD:HHMMSS]: 2022183:014000
       Which is Equivalent to (UTC): 1:40:00  Saturday,  July 2, 2022
       Time-Step Length (HHMMSS): 000500
                 VDIFF completed...       0.2880 seconds
                COUPLE completed...       0.0045 seconds
                  HADV completed...       6.3916 seconds
                  ZADV completed...       0.0370 seconds
                 HDIFF completed...       0.0279 seconds
              DECOUPLE completed...       0.0047 seconds
                  PHOT completed...       0.0129 seconds
               CLDPROC completed...       0.1501 seconds
                  CHEM completed...       0.2910 seconds
                  AERO completed...       0.2511 seconds
            Master Time Step
            Processing completed...       7.4589 seconds

     Processing Day/Time [YYYYDDD:HHMMSS]: 2022183:014500
       Which is Equivalent to (UTC): 1:45:00  Saturday,  July 2, 2022
       Time-Step Length (HHMMSS): 000500
                 VDIFF completed...       7.2670 seconds
                COUPLE completed...       0.0066 seconds
                  HADV completed...       0.6484 seconds
                  ZADV completed...       0.0360 seconds
                 HDIFF completed...       0.0323 seconds
              DECOUPLE completed...       0.0045 seconds
                  PHOT completed...       0.0142 seconds
               CLDPROC completed...       0.0523 seconds
                  CHEM completed...       0.2873 seconds
                  AERO completed...       0.3910 seconds
            Master Time Step
            Processing completed...       8.7402 seconds

     Processing Day/Time [YYYYDDD:HHMMSS]: 2022183:015000
       Which is Equivalent to (UTC): 1:50:00  Saturday,  July 2, 2022
       Time-Step Length (HHMMSS): 000500
                 VDIFF completed...       0.2137 seconds
                COUPLE completed...       0.0044 seconds
                  HADV completed...       7.2087 seconds
                  ZADV completed...       0.0368 seconds
                 HDIFF completed...       0.0335 seconds
              DECOUPLE completed...       0.0047 seconds
                  PHOT completed...       0.0151 seconds
               CLDPROC completed...       0.1888 seconds
                  CHEM completed...       0.2928 seconds
                  AERO completed...       0.2717 seconds
            Master Time Step
            Processing completed...       8.2706 seconds

     Processing Day/Time [YYYYDDD:HHMMSS]: 2022183:015500
       Which is Equivalent to (UTC): 1:55:00  Saturday,  July 2, 2022
       Time-Step Length (HHMMSS): 000500
                 VDIFF completed...       7.4132 seconds
                COUPLE completed...       0.0067 seconds
                  HADV completed...       0.5097 seconds
                  ZADV completed...       0.0386 seconds
                 HDIFF completed...       0.0314 seconds
              DECOUPLE completed...       0.0045 seconds
                  PHOT completed...       0.0215 seconds
               CLDPROC completed...       0.1338 seconds
                  CHEM completed...       0.2854 seconds
                  AERO completed...       0.3647 seconds
            Master Time Step
            Processing completed...       8.8097 seconds

      =--> Data Output completed...       0.1453 seconds

     Processing Day/Time [YYYYDDD:HHMMSS]: 2022183:020000
       Which is Equivalent to (UTC): 2:00:00  Saturday,  July 2, 2022
       Time-Step Length (HHMMSS): 000500
                 VDIFF completed...       1.3375 seconds
                COUPLE completed...       0.0044 seconds
                  HADV completed...       5.5943 seconds
                  ZADV completed...       0.0375 seconds
                 HDIFF completed...       0.1588 seconds
              DECOUPLE completed...       0.0045 seconds
                  PHOT completed...       0.0445 seconds
               CLDPROC completed...       0.1987 seconds
                  CHEM completed...       0.2774 seconds
                  AERO completed...       0.2953 seconds
            Master Time Step
            Processing completed...       7.9532 seconds

     Processing Day/Time [YYYYDDD:HHMMSS]: 2022183:020500
       Which is Equivalent to (UTC): 2:05:00  Saturday,  July 2, 2022
       Time-Step Length (HHMMSS): 000500
                 VDIFF completed...       7.1407 seconds
                COUPLE completed...       0.0044 seconds
                  HADV completed...       0.9597 seconds
                  ZADV completed...       0.0362 seconds
                 HDIFF completed...       0.0793 seconds
              DECOUPLE completed...       0.0047 seconds
                  PHOT completed...       0.0242 seconds
               CLDPROC completed...       0.0366 seconds
                  CHEM completed...       0.2707 seconds
                  AERO completed...       0.2430 seconds
            Master Time Step
            Processing completed...       8.8058 seconds

     Processing Day/Time [YYYYDDD:HHMMSS]: 2022183:021000
       Which is Equivalent to (UTC): 2:10:00  Saturday,  July 2, 2022
       Time-Step Length (HHMMSS): 000500
                 VDIFF completed...       0.2079 seconds
                COUPLE completed...       0.0044 seconds
                  HADV completed...       6.7621 seconds
                  ZADV completed...       0.0366 seconds
                 HDIFF completed...       0.0263 seconds
              DECOUPLE completed...       0.0046 seconds
                  PHOT completed...       0.0094 seconds
               CLDPROC completed...       0.0357 seconds
                  CHEM completed...       0.2697 seconds
                  AERO completed...       0.2487 seconds
            Master Time Step
            Processing completed...       7.6061 seconds

     Processing Day/Time [YYYYDDD:HHMMSS]: 2022183:021500
       Which is Equivalent to (UTC): 2:15:00  Saturday,  July 2, 2022
       Time-Step Length (HHMMSS): 000500
                 VDIFF completed...       6.6544 seconds
                COUPLE completed...       0.0045 seconds
                  HADV completed...       0.5182 seconds
                  ZADV completed...       0.0374 seconds
                 HDIFF completed...       0.0251 seconds
              DECOUPLE completed...       0.0049 seconds
                  PHOT completed...       0.0208 seconds
               CLDPROC completed...       0.0341 seconds
                  CHEM completed...       0.2679 seconds
                  AERO completed...       0.2412 seconds
            Master Time Step
            Processing completed...       7.8091 seconds

     Processing Day/Time [YYYYDDD:HHMMSS]: 2022183:022000
       Which is Equivalent to (UTC): 2:20:00  Saturday,  July 2, 2022
       Time-Step Length (HHMMSS): 000500
                 VDIFF completed...       0.1553 seconds
                COUPLE completed...       0.0044 seconds
                  HADV completed...       5.3651 seconds
                  ZADV completed...       0.0359 seconds
                 HDIFF completed...       0.0123 seconds
              DECOUPLE completed...       0.0045 seconds
                  PHOT completed...       0.0184 seconds
               CLDPROC completed...       0.1610 seconds
                  CHEM completed...       0.2689 seconds
                  AERO completed...       0.2722 seconds
            Master Time Step
            Processing completed...       6.2982 seconds

     Processing Day/Time [YYYYDDD:HHMMSS]: 2022183:022500
       Which is Equivalent to (UTC): 2:25:00  Saturday,  July 2, 2022
       Time-Step Length (HHMMSS): 000500
                 VDIFF completed...       6.9793 seconds
                COUPLE completed...       0.0049 seconds
                  HADV completed...       0.7071 seconds
                  ZADV completed...       0.0369 seconds
                 HDIFF completed...       0.0379 seconds
              DECOUPLE completed...       0.0045 seconds
                  PHOT completed...       0.0246 seconds
               CLDPROC completed...       0.0440 seconds
                  CHEM completed...       0.2640 seconds
                  AERO completed...       0.2407 seconds
            Master Time Step
            Processing completed...       8.3441 seconds

     Processing Day/Time [YYYYDDD:HHMMSS]: 2022183:023000
       Which is Equivalent to (UTC): 2:30:00  Saturday,  July 2, 2022
       Time-Step Length (HHMMSS): 000500
                 VDIFF completed...       0.1478 seconds
                COUPLE completed...       0.0044 seconds
                  HADV completed...       5.6699 seconds
                  ZADV completed...       0.0360 seconds
                 HDIFF completed...       0.0112 seconds
              DECOUPLE completed...       0.0045 seconds
                  PHOT completed...       0.0056 seconds
               CLDPROC completed...       0.0596 seconds
                  CHEM completed...       0.2654 seconds
                  AERO completed...       0.3029 seconds
            Master Time Step
            Processing completed...       6.5079 seconds

     Processing Day/Time [YYYYDDD:HHMMSS]: 2022183:023500
       Which is Equivalent to (UTC): 2:35:00  Saturday,  July 2, 2022
       Time-Step Length (HHMMSS): 000500
                 VDIFF completed...       5.7213 seconds
                COUPLE completed...       0.0044 seconds
                  HADV completed...       0.1171 seconds
                  ZADV completed...       0.0361 seconds
                 HDIFF completed...       0.0124 seconds
              DECOUPLE completed...       0.0045 seconds
                  PHOT completed...       0.0217 seconds
               CLDPROC completed...       0.4046 seconds
                  CHEM completed...       0.2653 seconds
                  AERO completed...       0.2585 seconds
            Master Time Step
            Processing completed...       6.8460 seconds

     Processing Day/Time [YYYYDDD:HHMMSS]: 2022183:024000
       Which is Equivalent to (UTC): 2:40:00  Saturday,  July 2, 2022
       Time-Step Length (HHMMSS): 000500
                 VDIFF completed...       0.1758 seconds
                COUPLE completed...       0.0044 seconds
                  HADV completed...       4.9699 seconds
                  ZADV completed...       0.0387 seconds
                 HDIFF completed...       0.0532 seconds
              DECOUPLE completed...       0.0045 seconds
                  PHOT completed...       0.0264 seconds
               CLDPROC completed...       0.0416 seconds
                  CHEM completed...       0.2670 seconds
                  AERO completed...       0.2501 seconds
            Master Time Step
            Processing completed...       5.8322 seconds

     Processing Day/Time [YYYYDDD:HHMMSS]: 2022183:024500
       Which is Equivalent to (UTC): 2:45:00  Saturday,  July 2, 2022
       Time-Step Length (HHMMSS): 000500
                 VDIFF completed...       1.9643 seconds
                COUPLE completed...       0.0044 seconds
                  HADV completed...       2.1812 seconds
                  ZADV completed...       0.0368 seconds
                 HDIFF completed...       0.0340 seconds
              DECOUPLE completed...       0.0045 seconds
                  PHOT completed...       0.0077 seconds
               CLDPROC completed...       0.0291 seconds
                  CHEM completed...       0.2692 seconds
                  AERO completed...       0.2842 seconds
            Master Time Step
            Processing completed...       4.8156 seconds

     Processing Day/Time [YYYYDDD:HHMMSS]: 2022183:025000
       Which is Equivalent to (UTC): 2:50:00  Saturday,  July 2, 2022
       Time-Step Length (HHMMSS): 000500
                 VDIFF completed...       0.2685 seconds
                COUPLE completed...       0.0044 seconds
                  HADV completed...       4.1508 seconds
                  ZADV completed...       0.0370 seconds
                 HDIFF completed...       0.0267 seconds
              DECOUPLE completed...       0.0045 seconds
                  PHOT completed...       0.0057 seconds
               CLDPROC completed...       0.0294 seconds
                  CHEM completed...       0.2647 seconds
                  AERO completed...       0.2443 seconds
            Master Time Step
            Processing completed...       5.0361 seconds

     Processing Day/Time [YYYYDDD:HHMMSS]: 2022183:025500
       Which is Equivalent to (UTC): 2:55:00  Saturday,  July 2, 2022
       Time-Step Length (HHMMSS): 000500
                 VDIFF completed...       4.4081 seconds
                COUPLE completed...       0.0045 seconds
                  HADV completed...       0.1157 seconds
                  ZADV completed...       0.0376 seconds
                 HDIFF completed...       0.0127 seconds
              DECOUPLE completed...       0.0045 seconds
                  PHOT completed...       0.0055 seconds
               CLDPROC completed...       0.0983 seconds
                  CHEM completed...       0.2630 seconds
                  AERO completed...       0.2433 seconds
            Master Time Step
            Processing completed...       5.1934 seconds

      =--> Data Output completed...       0.1315 seconds

     Processing Day/Time [YYYYDDD:HHMMSS]: 2022183:030000
       Which is Equivalent to (UTC): 3:00:00  Saturday,  July 2, 2022
       Time-Step Length (HHMMSS): 000500
                 VDIFF completed...       2.3045 seconds
                COUPLE completed...       0.0044 seconds
                  HADV completed...       3.7520 seconds
                  ZADV completed...       0.0394 seconds
                 HDIFF completed...       0.0242 seconds
              DECOUPLE completed...       0.0045 seconds
                  PHOT completed...       0.0450 seconds
               CLDPROC completed...       0.0640 seconds
                  CHEM completed...       0.2597 seconds
                  AERO completed...       0.3863 seconds
            Master Time Step
            Processing completed...       6.8842 seconds

     Processing Day/Time [YYYYDDD:HHMMSS]: 2022183:030500
       Which is Equivalent to (UTC): 3:05:00  Saturday,  July 2, 2022
       Time-Step Length (HHMMSS): 000500
                 VDIFF completed...       6.0106 seconds
                COUPLE completed...       0.0044 seconds
                  HADV completed...       0.5103 seconds
                  ZADV completed...       0.0376 seconds
                 HDIFF completed...       0.0686 seconds
              DECOUPLE completed...       0.0048 seconds
                  PHOT completed...       0.0151 seconds
               CLDPROC completed...       0.0211 seconds
                  CHEM completed...       0.2572 seconds
                  AERO completed...       0.3271 seconds
            Master Time Step
            Processing completed...       7.2575 seconds

     Processing Day/Time [YYYYDDD:HHMMSS]: 2022183:031000
       Which is Equivalent to (UTC): 3:10:00  Saturday,  July 2, 2022
       Time-Step Length (HHMMSS): 000500
                 VDIFF completed...       0.2819 seconds
                COUPLE completed...       0.0044 seconds
                  HADV completed...       5.1998 seconds
                  ZADV completed...       0.0380 seconds
                 HDIFF completed...       0.0212 seconds
              DECOUPLE completed...       0.0049 seconds
                  PHOT completed...       0.0076 seconds
               CLDPROC completed...       0.0664 seconds
                  CHEM completed...       0.2573 seconds
                  AERO completed...       0.2394 seconds
            Master Time Step
            Processing completed...       6.1212 seconds

     Processing Day/Time [YYYYDDD:HHMMSS]: 2022183:031500
       Which is Equivalent to (UTC): 3:15:00  Saturday,  July 2, 2022
       Time-Step Length (HHMMSS): 000500
                 VDIFF completed...       4.1135 seconds
                COUPLE completed...       0.0045 seconds
                  HADV completed...       0.1769 seconds
                  ZADV completed...       0.0378 seconds
                 HDIFF completed...       0.0383 seconds
              DECOUPLE completed...       0.0045 seconds
                  PHOT completed...       0.0052 seconds
               CLDPROC completed...       0.0186 seconds
                  CHEM completed...       0.2580 seconds
                  AERO completed...       0.3112 seconds
            Master Time Step
            Processing completed...       4.9688 seconds

     Processing Day/Time [YYYYDDD:HHMMSS]: 2022183:032000
       Which is Equivalent to (UTC): 3:20:00  Saturday,  July 2, 2022
       Time-Step Length (HHMMSS): 000500
                 VDIFF completed...       0.9431 seconds
                COUPLE completed...       0.0044 seconds
                  HADV completed...       3.9792 seconds
                  ZADV completed...       0.0366 seconds
                 HDIFF completed...       0.0446 seconds
              DECOUPLE completed...       0.0045 seconds
                  PHOT completed...       0.0155 seconds
               CLDPROC completed...       0.0661 seconds
                  CHEM completed...       0.2578 seconds
                  AERO completed...       0.3498 seconds
            Master Time Step
            Processing completed...       5.7017 seconds

     Processing Day/Time [YYYYDDD:HHMMSS]: 2022183:032500
       Which is Equivalent to (UTC): 3:25:00  Saturday,  July 2, 2022
       Time-Step Length (HHMMSS): 000500
                 VDIFF completed...       0.2510 seconds
                COUPLE completed...       0.0044 seconds
                  HADV completed...       6.9384 seconds
                  ZADV completed...       0.0370 seconds
                 HDIFF completed...       0.0406 seconds
              DECOUPLE completed...       0.0045 seconds
                  PHOT completed...       0.0133 seconds
               CLDPROC completed...       0.0297 seconds
                  CHEM completed...       0.2568 seconds
                  AERO completed...       0.2478 seconds
            Master Time Step
            Processing completed...       7.8236 seconds

     Processing Day/Time [YYYYDDD:HHMMSS]: 2022183:033000
       Which is Equivalent to (UTC): 3:30:00  Saturday,  July 2, 2022
       Time-Step Length (HHMMSS): 000500
                 VDIFF completed...       6.0575 seconds
                COUPLE completed...       0.0045 seconds
                  HADV completed...       0.7691 seconds
                  ZADV completed...       0.0371 seconds
                 HDIFF completed...       0.0523 seconds
              DECOUPLE completed...       0.0046 seconds
                  PHOT completed...       0.0199 seconds
               CLDPROC completed...       0.1198 seconds
                  CHEM completed...       0.2572 seconds
                  AERO completed...       0.2910 seconds
            Master Time Step
            Processing completed...       7.6137 seconds

     Processing Day/Time [YYYYDDD:HHMMSS]: 2022183:033500
       Which is Equivalent to (UTC): 3:35:00  Saturday,  July 2, 2022
       Time-Step Length (HHMMSS): 000500
                 VDIFF completed...       0.1899 seconds
                COUPLE completed...       0.0044 seconds
                  HADV completed...       4.4633 seconds
                  ZADV completed...       0.0381 seconds
                 HDIFF completed...       0.0102 seconds
              DECOUPLE completed...       0.0045 seconds
                  PHOT completed...       0.0054 seconds
               CLDPROC completed...       0.0171 seconds
                  CHEM completed...       0.2537 seconds
                  AERO completed...       0.3158 seconds
            Master Time Step
            Processing completed...       5.3025 seconds

     Processing Day/Time [YYYYDDD:HHMMSS]: 2022183:034000
       Which is Equivalent to (UTC): 3:40:00  Saturday,  July 2, 2022
       Time-Step Length (HHMMSS): 000500
                 VDIFF completed...       0.7798 seconds
                COUPLE completed...       0.0044 seconds
                  HADV completed...       3.1800 seconds
                  ZADV completed...       0.0386 seconds
                 HDIFF completed...       0.0472 seconds
              DECOUPLE completed...       0.0045 seconds
                  PHOT completed...       0.1883 seconds
               CLDPROC completed...       0.1468 seconds
                  CHEM completed...       0.2594 seconds
                  AERO completed...       0.2823 seconds
            Master Time Step
            Processing completed...       4.9314 seconds

     Processing Day/Time [YYYYDDD:HHMMSS]: 2022183:034500
       Which is Equivalent to (UTC): 3:45:00  Saturday,  July 2, 2022
       Time-Step Length (HHMMSS): 000500
                 VDIFF completed...       1.0412 seconds
                COUPLE completed...       0.0044 seconds
                  HADV completed...       4.1885 seconds
                  ZADV completed...       0.0386 seconds
                 HDIFF completed...       0.0648 seconds
              DECOUPLE completed...       0.0045 seconds
                  PHOT completed...       0.0327 seconds
               CLDPROC completed...       0.0720 seconds
                  CHEM completed...       0.2586 seconds
                  AERO completed...       0.2648 seconds
            Master Time Step
            Processing completed...       5.9707 seconds

     Processing Day/Time [YYYYDDD:HHMMSS]: 2022183:035000
       Which is Equivalent to (UTC): 3:50:00  Saturday,  July 2, 2022
       Time-Step Length (HHMMSS): 000500
                 VDIFF completed...       1.9684 seconds
                COUPLE completed...       0.0044 seconds
                  HADV completed...       0.5697 seconds
                  ZADV completed...       0.0377 seconds
                 HDIFF completed...       0.0119 seconds
              DECOUPLE completed...       0.0046 seconds
                  PHOT completed...       0.0052 seconds
               CLDPROC completed...       0.0157 seconds
                  CHEM completed...       0.2525 seconds
                  AERO completed...       0.4856 seconds
            Master Time Step
            Processing completed...       3.3561 seconds

     Processing Day/Time [YYYYDDD:HHMMSS]: 2022183:035500
       Which is Equivalent to (UTC): 3:55:00  Saturday,  July 2, 2022
       Time-Step Length (HHMMSS): 000500
                 VDIFF completed...       5.3228 seconds
                COUPLE completed...       0.0046 seconds
                  HADV completed...       0.5998 seconds
                  ZADV completed...       0.0380 seconds
                 HDIFF completed...       0.0668 seconds
              DECOUPLE completed...       0.0045 seconds
                  PHOT completed...       0.0372 seconds
               CLDPROC completed...       0.2039 seconds
                  CHEM completed...       0.3321 seconds
                  AERO completed...       0.2878 seconds
            Master Time Step
            Processing completed...       6.8979 seconds

      =--> Data Output completed...       0.1653 seconds

     Processing Day/Time [YYYYDDD:HHMMSS]: 2022183:040000
       Which is Equivalent to (UTC): 4:00:00  Saturday,  July 2, 2022
       Time-Step Length (HHMMSS): 000500
                 VDIFF completed...       5.6972 seconds
                COUPLE completed...       0.0059 seconds
                  HADV completed...       0.8272 seconds
                  ZADV completed...       0.0408 seconds
                 HDIFF completed...       0.0714 seconds
              DECOUPLE completed...       0.0045 seconds
                  PHOT completed...       0.0569 seconds
               CLDPROC completed...       0.1158 seconds
                  CHEM completed...       0.2539 seconds
                  AERO completed...       0.4598 seconds
            Master Time Step
            Processing completed...       7.5342 seconds

     Processing Day/Time [YYYYDDD:HHMMSS]: 2022183:040500
       Which is Equivalent to (UTC): 4:05:00  Saturday,  July 2, 2022
       Time-Step Length (HHMMSS): 000500
                 VDIFF completed...       0.9658 seconds
                COUPLE completed...       0.0044 seconds
                  HADV completed...       5.1268 seconds
                  ZADV completed...       0.0384 seconds
                 HDIFF completed...       0.0235 seconds
              DECOUPLE completed...       0.0045 seconds
                  PHOT completed...       0.0113 seconds
               CLDPROC completed...       0.0172 seconds
                  CHEM completed...       0.2515 seconds
                  AERO completed...       0.2480 seconds
            Master Time Step
            Processing completed...       6.6917 seconds

     Processing Day/Time [YYYYDDD:HHMMSS]: 2022183:041000
       Which is Equivalent to (UTC): 4:10:00  Saturday,  July 2, 2022
       Time-Step Length (HHMMSS): 000500
                 VDIFF completed...       0.1862 seconds
                COUPLE completed...       0.0044 seconds
                  HADV completed...       3.8426 seconds
                  ZADV completed...       0.0375 seconds
                 HDIFF completed...       0.0126 seconds
              DECOUPLE completed...       0.0045 seconds
                  PHOT completed...       0.0055 seconds
               CLDPROC completed...       0.0146 seconds
                  CHEM completed...       0.2500 seconds
                  AERO completed...       0.2382 seconds
            Master Time Step
            Processing completed...       4.5965 seconds

     Processing Day/Time [YYYYDDD:HHMMSS]: 2022183:041500
       Which is Equivalent to (UTC): 4:15:00  Saturday,  July 2, 2022
       Time-Step Length (HHMMSS): 000500
                 VDIFF completed...       3.7303 seconds
                COUPLE completed...       0.0045 seconds
                  HADV completed...       0.6338 seconds
                  ZADV completed...       0.0376 seconds
                 HDIFF completed...       0.0602 seconds
              DECOUPLE completed...       0.0047 seconds
                  PHOT completed...       0.0498 seconds
               CLDPROC completed...       0.1107 seconds
                  CHEM completed...       0.2497 seconds
                  AERO completed...       0.2417 seconds
            Master Time Step
            Processing completed...       5.1231 seconds

     Processing Day/Time [YYYYDDD:HHMMSS]: 2022183:042000
       Which is Equivalent to (UTC): 4:20:00  Saturday,  July 2, 2022
       Time-Step Length (HHMMSS): 000500
                 VDIFF completed...       0.1654 seconds
                COUPLE completed...       0.0044 seconds
                  HADV completed...       4.2317 seconds
                  ZADV completed...       0.0371 seconds
                 HDIFF completed...       0.0199 seconds
              DECOUPLE completed...       0.0045 seconds
                  PHOT completed...       0.0052 seconds
               CLDPROC completed...       0.0142 seconds
                  CHEM completed...       0.2475 seconds
                  AERO completed...       0.2410 seconds
            Master Time Step
            Processing completed...       4.9711 seconds

     Processing Day/Time [YYYYDDD:HHMMSS]: 2022183:042500
       Which is Equivalent to (UTC): 4:25:00  Saturday,  July 2, 2022
       Time-Step Length (HHMMSS): 000500
                 VDIFF completed...       0.6347 seconds
                COUPLE completed...       0.0044 seconds
                  HADV completed...       1.4330 seconds
                  ZADV completed...       0.0373 seconds
                 HDIFF completed...       0.0102 seconds
              DECOUPLE completed...       0.0046 seconds
                  PHOT completed...       0.0052 seconds
               CLDPROC completed...       0.0142 seconds
                  CHEM completed...       0.2464 seconds
                  AERO completed...       0.3342 seconds
            Master Time Step
            Processing completed...       2.7243 seconds

     Processing Day/Time [YYYYDDD:HHMMSS]: 2022183:043000
       Which is Equivalent to (UTC): 4:30:00  Saturday,  July 2, 2022
       Time-Step Length (HHMMSS): 000500
                 VDIFF completed...       5.8608 seconds
                COUPLE completed...       0.0051 seconds
                  HADV completed...       0.2793 seconds
                  ZADV completed...       0.0381 seconds
                 HDIFF completed...       0.0122 seconds
              DECOUPLE completed...       0.0046 seconds
                  PHOT completed...       0.0183 seconds
               CLDPROC completed...       0.0878 seconds
                  CHEM completed...       0.2478 seconds
                  AERO completed...       0.2378 seconds
            Master Time Step
            Processing completed...       6.7923 seconds

     Processing Day/Time [YYYYDDD:HHMMSS]: 2022183:043500
       Which is Equivalent to (UTC): 4:35:00  Saturday,  July 2, 2022
       Time-Step Length (HHMMSS): 000500
                 VDIFF completed...       0.2060 seconds
                COUPLE completed...       0.0044 seconds
                  HADV completed...       1.8768 seconds
                  ZADV completed...       0.0373 seconds
                 HDIFF completed...       0.0276 seconds
              DECOUPLE completed...       0.0045 seconds
                  PHOT completed...       0.0056 seconds
               CLDPROC completed...       0.0507 seconds
                  CHEM completed...       0.2469 seconds
                  AERO completed...       0.2500 seconds
            Master Time Step
            Processing completed...       2.7100 seconds

     Processing Day/Time [YYYYDDD:HHMMSS]: 2022183:044000
       Which is Equivalent to (UTC): 4:40:00  Saturday,  July 2, 2022
       Time-Step Length (HHMMSS): 000500
                 VDIFF completed...       0.5090 seconds
                COUPLE completed...       0.0045 seconds
                  HADV completed...       3.7407 seconds
                  ZADV completed...       0.0392 seconds
                 HDIFF completed...       0.0322 seconds
              DECOUPLE completed...       0.0045 seconds
                  PHOT completed...       0.0218 seconds
               CLDPROC completed...       0.0834 seconds
                  CHEM completed...       0.2505 seconds
                  AERO completed...       0.2552 seconds
            Master Time Step
            Processing completed...       4.9412 seconds

     Processing Day/Time [YYYYDDD:HHMMSS]: 2022183:044500
       Which is Equivalent to (UTC): 4:45:00  Saturday,  July 2, 2022
       Time-Step Length (HHMMSS): 000500
                 VDIFF completed...       1.5750 seconds
                COUPLE completed...       0.0044 seconds
                  HADV completed...       0.3540 seconds
                  ZADV completed...       0.0373 seconds
                 HDIFF completed...       0.0135 seconds
              DECOUPLE completed...       0.0045 seconds
                  PHOT completed...       0.0047 seconds
               CLDPROC completed...       0.0123 seconds
                  CHEM completed...       0.2453 seconds
                  AERO completed...       0.2416 seconds
            Master Time Step
            Processing completed...       2.4929 seconds

     Processing Day/Time [YYYYDDD:HHMMSS]: 2022183:045000
       Which is Equivalent to (UTC): 4:50:00  Saturday,  July 2, 2022
       Time-Step Length (HHMMSS): 000500
                 VDIFF completed...       3.9134 seconds
                COUPLE completed...       0.0044 seconds
                  HADV completed...       0.1622 seconds
                  ZADV completed...       0.0385 seconds
                 HDIFF completed...       0.0156 seconds
              DECOUPLE completed...       0.0045 seconds
                  PHOT completed...       0.0062 seconds
               CLDPROC completed...       0.0133 seconds
                  CHEM completed...       0.2446 seconds
                  AERO completed...       0.2513 seconds
            Master Time Step
            Processing completed...       4.6541 seconds

     Processing Day/Time [YYYYDDD:HHMMSS]: 2022183:045500
       Which is Equivalent to (UTC): 4:55:00  Saturday,  July 2, 2022
       Time-Step Length (HHMMSS): 000500
                 VDIFF completed...       3.5140 seconds
                COUPLE completed...       0.0067 seconds
                  HADV completed...       0.1326 seconds
                  ZADV completed...       0.0394 seconds
                 HDIFF completed...       0.0125 seconds
              DECOUPLE completed...       0.0046 seconds
                  PHOT completed...       0.0054 seconds
               CLDPROC completed...       0.1058 seconds
                  CHEM completed...       0.2437 seconds
                  AERO completed...       0.2872 seconds
            Master Time Step
            Processing completed...       4.3520 seconds

      =--> Data Output completed...       0.1094 seconds

     Processing Day/Time [YYYYDDD:HHMMSS]: 2022183:050000
       Which is Equivalent to (UTC): 5:00:00  Saturday,  July 2, 2022
       Time-Step Length (HHMMSS): 000500
                 VDIFF completed...       2.0884 seconds
                COUPLE completed...       0.0048 seconds
                  HADV completed...       3.0921 seconds
                  ZADV completed...       0.0389 seconds
                 HDIFF completed...       0.0508 seconds
              DECOUPLE completed...       0.0045 seconds
                  PHOT completed...       0.0313 seconds
               CLDPROC completed...       0.1241 seconds
                  CHEM completed...       0.2460 seconds
                  AERO completed...       0.5094 seconds
            Master Time Step
            Processing completed...       6.1906 seconds

     Processing Day/Time [YYYYDDD:HHMMSS]: 2022183:050500
       Which is Equivalent to (UTC): 5:05:00  Saturday,  July 2, 2022
       Time-Step Length (HHMMSS): 000500
                 VDIFF completed...       4.8134 seconds
                COUPLE completed...       0.0044 seconds
                  HADV completed...       1.7487 seconds
                  ZADV completed...       0.0377 seconds
                 HDIFF completed...       0.0310 seconds
              DECOUPLE completed...       0.0045 seconds
                  PHOT completed...       0.0064 seconds
               CLDPROC completed...       0.0132 seconds
                  CHEM completed...       0.2433 seconds
                  AERO completed...       0.2517 seconds
            Master Time Step
            Processing completed...       7.1549 seconds

     Processing Day/Time [YYYYDDD:HHMMSS]: 2022183:051000
       Which is Equivalent to (UTC): 5:10:00  Saturday,  July 2, 2022
       Time-Step Length (HHMMSS): 000500
                 VDIFF completed...       0.3739 seconds
                COUPLE completed...       0.0044 seconds
                  HADV completed...       5.1602 seconds
                  ZADV completed...       0.0373 seconds
                 HDIFF completed...       0.0191 seconds
              DECOUPLE completed...       0.0045 seconds
                  PHOT completed...       0.0147 seconds
               CLDPROC completed...       0.0844 seconds
                  CHEM completed...       0.2446 seconds
                  AERO completed...       0.4477 seconds
            Master Time Step
            Processing completed...       6.3909 seconds

     Processing Day/Time [YYYYDDD:HHMMSS]: 2022183:051500
       Which is Equivalent to (UTC): 5:15:00  Saturday,  July 2, 2022
       Time-Step Length (HHMMSS): 000500
                 VDIFF completed...       2.2754 seconds
                COUPLE completed...       0.0044 seconds
                  HADV completed...       1.6357 seconds
                  ZADV completed...       0.0383 seconds
                 HDIFF completed...       0.0442 seconds
              DECOUPLE completed...       0.0045 seconds
                  PHOT completed...       0.0189 seconds
               CLDPROC completed...       0.0460 seconds
                  CHEM completed...       0.2449 seconds
                  AERO completed...       0.2456 seconds
            Master Time Step
            Processing completed...       4.5580 seconds

     Processing Day/Time [YYYYDDD:HHMMSS]: 2022183:052000
       Which is Equivalent to (UTC): 5:20:00  Saturday,  July 2, 2022
       Time-Step Length (HHMMSS): 000500
                 VDIFF completed...       0.4994 seconds
                COUPLE completed...       0.0044 seconds
                  HADV completed...       3.7124 seconds
                  ZADV completed...       0.0374 seconds
                 HDIFF completed...       0.0138 seconds
              DECOUPLE completed...       0.0045 seconds
                  PHOT completed...       0.0138 seconds
               CLDPROC completed...       0.0216 seconds
                  CHEM completed...       0.2413 seconds
                  AERO completed...       0.2402 seconds
            Master Time Step
            Processing completed...       4.7889 seconds

     Processing Day/Time [YYYYDDD:HHMMSS]: 2022183:052500
       Which is Equivalent to (UTC): 5:25:00  Saturday,  July 2, 2022
       Time-Step Length (HHMMSS): 000500
                 VDIFF completed...       2.2159 seconds
                COUPLE completed...       0.0044 seconds
                  HADV completed...       0.1029 seconds
                  ZADV completed...       0.0372 seconds
                 HDIFF completed...       0.0108 seconds
              DECOUPLE completed...       0.0046 seconds
                  PHOT completed...       0.0048 seconds
               CLDPROC completed...       0.0127 seconds
                  CHEM completed...       0.2413 seconds
                  AERO completed...       0.2403 seconds
            Master Time Step
            Processing completed...       2.8750 seconds

     Processing Day/Time [YYYYDDD:HHMMSS]: 2022183:053000
       Which is Equivalent to (UTC): 5:30:00  Saturday,  July 2, 2022
       Time-Step Length (HHMMSS): 000500
                 VDIFF completed...       2.2349 seconds
                COUPLE completed...       0.0062 seconds
                  HADV completed...       0.1570 seconds
                  ZADV completed...       0.0379 seconds
                 HDIFF completed...       0.0109 seconds
              DECOUPLE completed...       0.0045 seconds
                  PHOT completed...       0.0060 seconds
               CLDPROC completed...       0.0137 seconds
                  CHEM completed...       0.2412 seconds
                  AERO completed...       0.2416 seconds
            Master Time Step
            Processing completed...       2.9542 seconds

     Processing Day/Time [YYYYDDD:HHMMSS]: 2022183:053500
       Which is Equivalent to (UTC): 5:35:00  Saturday,  July 2, 2022
       Time-Step Length (HHMMSS): 000500
                 VDIFF completed...       0.2136 seconds
                COUPLE completed...       0.0044 seconds
                  HADV completed...       1.8018 seconds
                  ZADV completed...       0.0383 seconds
                 HDIFF completed...       0.0275 seconds
              DECOUPLE completed...       0.0046 seconds
                  PHOT completed...       0.0126 seconds
               CLDPROC completed...       0.0562 seconds
                  CHEM completed...       0.2431 seconds
                  AERO completed...       0.2492 seconds
            Master Time Step
            Processing completed...       2.6517 seconds

     Processing Day/Time [YYYYDDD:HHMMSS]: 2022183:054000
       Which is Equivalent to (UTC): 5:40:00  Saturday,  July 2, 2022
       Time-Step Length (HHMMSS): 000500
                 VDIFF completed...       4.0299 seconds
                COUPLE completed...       0.0044 seconds
                  HADV completed...       0.1442 seconds
                  ZADV completed...       0.0378 seconds
                 HDIFF completed...       0.0121 seconds
              DECOUPLE completed...       0.0046 seconds
                  PHOT completed...       0.0216 seconds
               CLDPROC completed...       0.0955 seconds
                  CHEM completed...       0.2422 seconds
                  AERO completed...       0.3253 seconds
            Master Time Step
            Processing completed...       4.9179 seconds

     Processing Day/Time [YYYYDDD:HHMMSS]: 2022183:054500
       Which is Equivalent to (UTC): 5:45:00  Saturday,  July 2, 2022
       Time-Step Length (HHMMSS): 000500
                 VDIFF completed...       1.3890 seconds
                COUPLE completed...       0.0044 seconds
                  HADV completed...       1.4730 seconds
                  ZADV completed...       0.0381 seconds
                 HDIFF completed...       0.0281 seconds
              DECOUPLE completed...       0.0045 seconds
                  PHOT completed...       0.0334 seconds
               CLDPROC completed...       0.0601 seconds
                  CHEM completed...       0.2429 seconds
                  AERO completed...       0.4422 seconds
            Master Time Step
            Processing completed...       3.7161 seconds

     Processing Day/Time [YYYYDDD:HHMMSS]: 2022183:055000
       Which is Equivalent to (UTC): 5:50:00  Saturday,  July 2, 2022
       Time-Step Length (HHMMSS): 000500
                 VDIFF completed...       0.2232 seconds
                COUPLE completed...       0.0044 seconds
                  HADV completed...       4.3211 seconds
                  ZADV completed...       0.0378 seconds
                 HDIFF completed...       0.0292 seconds
              DECOUPLE completed...       0.0045 seconds
                  PHOT completed...       0.0185 seconds
               CLDPROC completed...       0.0845 seconds
                  CHEM completed...       0.2425 seconds
                  AERO completed...       0.3833 seconds
            Master Time Step
            Processing completed...       5.3493 seconds

     Processing Day/Time [YYYYDDD:HHMMSS]: 2022183:055500
       Which is Equivalent to (UTC): 5:55:00  Saturday,  July 2, 2022
       Time-Step Length (HHMMSS): 000500
                 VDIFF completed...       5.6411 seconds
                COUPLE completed...       0.0044 seconds
                  HADV completed...       0.6693 seconds
                  ZADV completed...       0.0380 seconds
                 HDIFF completed...       0.0375 seconds
              DECOUPLE completed...       0.0045 seconds
                  PHOT completed...       0.0124 seconds
               CLDPROC completed...       0.1616 seconds
                  CHEM completed...       0.2440 seconds
                  AERO completed...       0.3846 seconds
            Master Time Step
            Processing completed...       7.1976 seconds

      =--> Data Output completed...       0.1113 seconds

     Processing Day/Time [YYYYDDD:HHMMSS]: 2022183:060000
       Which is Equivalent to (UTC): 6:00:00  Saturday,  July 2, 2022
       Time-Step Length (HHMMSS): 000500
                 VDIFF completed...       1.1508 seconds
                COUPLE completed...       0.0045 seconds
                  HADV completed...       5.2170 seconds
                  ZADV completed...       0.0396 seconds
                 HDIFF completed...       0.0518 seconds
              DECOUPLE completed...       0.0046 seconds
                  PHOT completed...       0.0364 seconds
               CLDPROC completed...       0.2007 seconds
                  CHEM completed...       0.2434 seconds
                  AERO completed...       0.3678 seconds
            Master Time Step
            Processing completed...       7.3170 seconds

     Processing Day/Time [YYYYDDD:HHMMSS]: 2022183:060500
       Which is Equivalent to (UTC): 6:05:00  Saturday,  July 2, 2022
       Time-Step Length (HHMMSS): 000500
                 VDIFF completed...       7.0324 seconds
                COUPLE completed...       0.0069 seconds
                  HADV completed...       0.4007 seconds
                  ZADV completed...       0.0396 seconds
                 HDIFF completed...       0.0547 seconds
              DECOUPLE completed...       0.0047 seconds
                  PHOT completed...       0.0126 seconds
               CLDPROC completed...       0.0308 seconds
                  CHEM completed...       0.2448 seconds
                  AERO completed...       0.2477 seconds
            Master Time Step
            Processing completed...       8.0755 seconds

     Processing Day/Time [YYYYDDD:HHMMSS]: 2022183:061000
       Which is Equivalent to (UTC): 6:10:00  Saturday,  July 2, 2022
       Time-Step Length (HHMMSS): 000500
                 VDIFF completed...       0.1527 seconds
                COUPLE completed...       0.0044 seconds
                  HADV completed...       4.5157 seconds
                  ZADV completed...       0.0385 seconds
                 HDIFF completed...       0.0198 seconds
              DECOUPLE completed...       0.0045 seconds
                  PHOT completed...       0.0055 seconds
               CLDPROC completed...       0.0156 seconds
                  CHEM completed...       0.2435 seconds
                  AERO completed...       0.4777 seconds
            Master Time Step
            Processing completed...       5.4782 seconds

     Processing Day/Time [YYYYDDD:HHMMSS]: 2022183:061500
       Which is Equivalent to (UTC): 6:15:00  Saturday,  July 2, 2022
       Time-Step Length (HHMMSS): 000500
                 VDIFF completed...       3.9201 seconds
                COUPLE completed...       0.0044 seconds
                  HADV completed...       0.7339 seconds
                  ZADV completed...       0.0382 seconds
                 HDIFF completed...       0.0357 seconds
              DECOUPLE completed...       0.0045 seconds
                  PHOT completed...       0.0695 seconds
               CLDPROC completed...       0.1806 seconds
                  CHEM completed...       0.2433 seconds
                  AERO completed...       0.3153 seconds
            Master Time Step
            Processing completed...       5.5457 seconds

     Processing Day/Time [YYYYDDD:HHMMSS]: 2022183:062000
       Which is Equivalent to (UTC): 6:20:00  Saturday,  July 2, 2022
       Time-Step Length (HHMMSS): 000500
                 VDIFF completed...       0.1879 seconds
                COUPLE completed...       0.0044 seconds
                  HADV completed...       5.0452 seconds
                  ZADV completed...       0.0386 seconds
                 HDIFF completed...       0.0104 seconds
              DECOUPLE completed...       0.0045 seconds
                  PHOT completed...       0.0053 seconds
               CLDPROC completed...       0.0184 seconds
                  CHEM completed...       0.2397 seconds
                  AERO completed...       0.2503 seconds
            Master Time Step
            Processing completed...       5.8050 seconds

     Processing Day/Time [YYYYDDD:HHMMSS]: 2022183:062500
       Which is Equivalent to (UTC): 6:25:00  Saturday,  July 2, 2022
       Time-Step Length (HHMMSS): 000500
                 VDIFF completed...       3.6891 seconds
                COUPLE completed...       0.0044 seconds
                  HADV completed...       0.1026 seconds
                  ZADV completed...       0.0376 seconds
                 HDIFF completed...       0.0115 seconds
              DECOUPLE completed...       0.0045 seconds
                  PHOT completed...       0.0050 seconds
               CLDPROC completed...       0.0130 seconds
                  CHEM completed...       0.2380 seconds
                  AERO completed...       0.2499 seconds
            Master Time Step
            Processing completed...       4.3557 seconds

     Processing Day/Time [YYYYDDD:HHMMSS]: 2022183:063000
       Which is Equivalent to (UTC): 6:30:00  Saturday,  July 2, 2022
       Time-Step Length (HHMMSS): 000500
                 VDIFF completed...       1.0499 seconds
                COUPLE completed...       0.0044 seconds
                  HADV completed...       1.9279 seconds
                  ZADV completed...       0.0376 seconds
                 HDIFF completed...       0.0103 seconds
              DECOUPLE completed...       0.0045 seconds
                  PHOT completed...       0.0051 seconds
               CLDPROC completed...       0.0156 seconds
                  CHEM completed...       0.2384 seconds
                  AERO completed...       0.2451 seconds
            Master Time Step
            Processing completed...       3.5389 seconds

     Processing Day/Time [YYYYDDD:HHMMSS]: 2022183:063500
       Which is Equivalent to (UTC): 6:35:00  Saturday,  July 2, 2022
       Time-Step Length (HHMMSS): 000500
                 VDIFF completed...       0.2212 seconds
                COUPLE completed...       0.0044 seconds
                  HADV completed...       4.6648 seconds
                  ZADV completed...       0.0376 seconds
                 HDIFF completed...       0.0116 seconds
              DECOUPLE completed...       0.0045 seconds
                  PHOT completed...       0.0055 seconds
               CLDPROC completed...       0.0137 seconds
                  CHEM completed...       0.2374 seconds
                  AERO completed...       0.2580 seconds
            Master Time Step
            Processing completed...       5.4589 seconds

     Processing Day/Time [YYYYDDD:HHMMSS]: 2022183:064000
       Which is Equivalent to (UTC): 6:40:00  Saturday,  July 2, 2022
       Time-Step Length (HHMMSS): 000500
                 VDIFF completed...       0.2332 seconds
                COUPLE completed...       0.0045 seconds
                  HADV completed...       2.8998 seconds
                  ZADV completed...       0.0377 seconds
                 HDIFF completed...       0.0160 seconds
              DECOUPLE completed...       0.0047 seconds
                  PHOT completed...       0.0245 seconds
               CLDPROC completed...       0.0260 seconds
                  CHEM completed...       0.2391 seconds
                  AERO completed...       0.2522 seconds
            Master Time Step
            Processing completed...       3.7380 seconds

     Processing Day/Time [YYYYDDD:HHMMSS]: 2022183:064500
       Which is Equivalent to (UTC): 6:45:00  Saturday,  July 2, 2022
       Time-Step Length (HHMMSS): 000500
                 VDIFF completed...       3.7246 seconds
                COUPLE completed...       0.0044 seconds
                  HADV completed...       0.1819 seconds
                  ZADV completed...       0.0377 seconds
                 HDIFF completed...       0.0116 seconds
              DECOUPLE completed...       0.0045 seconds
                  PHOT completed...       0.0050 seconds
               CLDPROC completed...       0.0133 seconds
                  CHEM completed...       0.2392 seconds
                  AERO completed...       0.2585 seconds
            Master Time Step
            Processing completed...       4.4810 seconds

     Processing Day/Time [YYYYDDD:HHMMSS]: 2022183:065000
       Which is Equivalent to (UTC): 6:50:00  Saturday,  July 2, 2022
       Time-Step Length (HHMMSS): 000500
                 VDIFF completed...       0.1679 seconds
                COUPLE completed...       0.0044 seconds
                  HADV completed...       2.4390 seconds
                  ZADV completed...       0.0406 seconds
                 HDIFF completed...       0.0126 seconds
              DECOUPLE completed...       0.0057 seconds
                  PHOT completed...       0.0110 seconds
               CLDPROC completed...       0.0149 seconds
                  CHEM completed...       0.2384 seconds
                  AERO completed...       0.2505 seconds
            Master Time Step
            Processing completed...       3.1853 seconds

     Processing Day/Time [YYYYDDD:HHMMSS]: 2022183:065500
       Which is Equivalent to (UTC): 6:55:00  Saturday,  July 2, 2022
       Time-Step Length (HHMMSS): 000500
                 VDIFF completed...       4.8508 seconds
                COUPLE completed...       0.0044 seconds
                  HADV completed...       0.1064 seconds
                  ZADV completed...       0.0380 seconds
                 HDIFF completed...       0.0115 seconds
              DECOUPLE completed...       0.0045 seconds
                  PHOT completed...       0.0051 seconds
               CLDPROC completed...       0.0809 seconds
                  CHEM completed...       0.2385 seconds
                  AERO completed...       0.2518 seconds
            Master Time Step
            Processing completed...       5.5922 seconds

      =--> Data Output completed...       0.1414 seconds

     Processing Day/Time [YYYYDDD:HHMMSS]: 2022183:070000
       Which is Equivalent to (UTC): 7:00:00  Saturday,  July 2, 2022
       Time-Step Length (HHMMSS): 000500
                 VDIFF completed...       6.1910 seconds
                COUPLE completed...       0.0193 seconds
                  HADV completed...       0.5764 seconds
                  ZADV completed...       0.0389 seconds
                 HDIFF completed...       0.0519 seconds
              DECOUPLE completed...       0.0045 seconds
                  PHOT completed...       0.0229 seconds
               CLDPROC completed...       0.0742 seconds
                  CHEM completed...       0.2677 seconds
                  AERO completed...       0.4043 seconds
            Master Time Step
            Processing completed...       7.6520 seconds

     Processing Day/Time [YYYYDDD:HHMMSS]: 2022183:070500
       Which is Equivalent to (UTC): 7:05:00  Saturday,  July 2, 2022
       Time-Step Length (HHMMSS): 000500
                 VDIFF completed...       0.6844 seconds
                COUPLE completed...       0.0044 seconds
                  HADV completed...       4.8615 seconds
                  ZADV completed...       0.0376 seconds
                 HDIFF completed...       0.0109 seconds
              DECOUPLE completed...       0.0045 seconds
                  PHOT completed...       0.0055 seconds
               CLDPROC completed...       0.0142 seconds
                  CHEM completed...       0.2414 seconds
                  AERO completed...       0.2486 seconds
            Master Time Step
            Processing completed...       6.1132 seconds

     Processing Day/Time [YYYYDDD:HHMMSS]: 2022183:071000
       Which is Equivalent to (UTC): 7:10:00  Saturday,  July 2, 2022
       Time-Step Length (HHMMSS): 000500
                 VDIFF completed...       6.6657 seconds
                COUPLE completed...       0.0045 seconds
                  HADV completed...       0.5479 seconds
                  ZADV completed...       0.0404 seconds
                 HDIFF completed...       0.0616 seconds
              DECOUPLE completed...       0.0045 seconds
                  PHOT completed...       0.0072 seconds
               CLDPROC completed...       0.0174 seconds
                  CHEM completed...       0.2398 seconds
                  AERO completed...       0.2462 seconds
            Master Time Step
            Processing completed...       7.8357 seconds

     Processing Day/Time [YYYYDDD:HHMMSS]: 2022183:071500
       Which is Equivalent to (UTC): 7:15:00  Saturday,  July 2, 2022
       Time-Step Length (HHMMSS): 000500
                 VDIFF completed...       0.1724 seconds
                COUPLE completed...       0.0044 seconds
                  HADV completed...       4.5965 seconds
                  ZADV completed...       0.0383 seconds
                 HDIFF completed...       0.0523 seconds
              DECOUPLE completed...       0.0045 seconds
                  PHOT completed...       0.0260 seconds
               CLDPROC completed...       0.1121 seconds
                  CHEM completed...       0.2585 seconds
                  AERO completed...       0.3266 seconds
            Master Time Step
            Processing completed...       5.5918 seconds

     Processing Day/Time [YYYYDDD:HHMMSS]: 2022183:072000
       Which is Equivalent to (UTC): 7:20:00  Saturday,  July 2, 2022
       Time-Step Length (HHMMSS): 000500
                 VDIFF completed...       6.1403 seconds
                COUPLE completed...       0.0047 seconds
                  HADV completed...       0.4834 seconds
                  ZADV completed...       0.0395 seconds
                 HDIFF completed...       0.0369 seconds
              DECOUPLE completed...       0.0047 seconds
                  PHOT completed...       0.0341 seconds
               CLDPROC completed...       0.0548 seconds
                  CHEM completed...       0.2576 seconds
                  AERO completed...       0.2792 seconds
            Master Time Step
            Processing completed...       7.3359 seconds

     Processing Day/Time [YYYYDDD:HHMMSS]: 2022183:072500
       Which is Equivalent to (UTC): 7:25:00  Saturday,  July 2, 2022
       Time-Step Length (HHMMSS): 000500
                 VDIFF completed...       0.2898 seconds
                COUPLE completed...       0.0046 seconds
                  HADV completed...       3.2773 seconds
                  ZADV completed...       0.0390 seconds
                 HDIFF completed...       0.0352 seconds
              DECOUPLE completed...       0.0046 seconds
                  PHOT completed...       0.0223 seconds
               CLDPROC completed...       0.1029 seconds
                  CHEM completed...       0.2385 seconds
                  AERO completed...       0.3515 seconds
            Master Time Step
            Processing completed...       4.3661 seconds

     Processing Day/Time [YYYYDDD:HHMMSS]: 2022183:073000
       Which is Equivalent to (UTC): 7:30:00  Saturday,  July 2, 2022
       Time-Step Length (HHMMSS): 000500
                 VDIFF completed...       6.7611 seconds
                COUPLE completed...       0.0046 seconds
                  HADV completed...       0.4450 seconds
                  ZADV completed...       0.0394 seconds
                 HDIFF completed...       0.0386 seconds
              DECOUPLE completed...       0.0046 seconds
                  PHOT completed...       0.0511 seconds
               CLDPROC completed...       0.1697 seconds
                  CHEM completed...       0.2358 seconds
                  AERO completed...       0.2534 seconds
            Master Time Step
            Processing completed...       8.0036 seconds

     Processing Day/Time [YYYYDDD:HHMMSS]: 2022183:073500
       Which is Equivalent to (UTC): 7:35:00  Saturday,  July 2, 2022
       Time-Step Length (HHMMSS): 000500
                 VDIFF completed...       0.3215 seconds
                COUPLE completed...       0.0044 seconds
                  HADV completed...       5.0481 seconds
                  ZADV completed...       0.0373 seconds
                 HDIFF completed...       0.0174 seconds
              DECOUPLE completed...       0.0045 seconds
                  PHOT completed...       0.0052 seconds
               CLDPROC completed...       0.0129 seconds
                  CHEM completed...       0.2356 seconds
                  AERO completed...       0.2498 seconds
            Master Time Step
            Processing completed...       5.9369 seconds

     Processing Day/Time [YYYYDDD:HHMMSS]: 2022183:074000
       Which is Equivalent to (UTC): 7:40:00  Saturday,  July 2, 2022
       Time-Step Length (HHMMSS): 000500
                 VDIFF completed...       0.3053 seconds
                COUPLE completed...       0.0045 seconds
                  HADV completed...       2.1618 seconds
                  ZADV completed...       0.0381 seconds
                 HDIFF completed...       0.0360 seconds
              DECOUPLE completed...       0.0047 seconds
                  PHOT completed...       0.0051 seconds
               CLDPROC completed...       0.0138 seconds
                  CHEM completed...       0.2373 seconds
                  AERO completed...       0.2491 seconds
            Master Time Step
            Processing completed...       3.0559 seconds

     Processing Day/Time [YYYYDDD:HHMMSS]: 2022183:074500
       Which is Equivalent to (UTC): 7:45:00  Saturday,  July 2, 2022
       Time-Step Length (HHMMSS): 000500
                 VDIFF completed...       5.3239 seconds
                COUPLE completed...       0.0049 seconds
                  HADV completed...       0.2548 seconds
                  ZADV completed...       0.0385 seconds
                 HDIFF completed...       0.0438 seconds
              DECOUPLE completed...       0.0046 seconds
                  PHOT completed...       0.0053 seconds
               CLDPROC completed...       0.0139 seconds
                  CHEM completed...       0.2366 seconds
                  AERO completed...       0.2522 seconds
            Master Time Step
            Processing completed...       6.1788 seconds

     Processing Day/Time [YYYYDDD:HHMMSS]: 2022183:075000
       Which is Equivalent to (UTC): 7:50:00  Saturday,  July 2, 2022
       Time-Step Length (HHMMSS): 000500
                 VDIFF completed...       1.2752 seconds
                COUPLE completed...       0.0046 seconds
                  HADV completed...       1.5035 seconds
                  ZADV completed...       0.0374 seconds
                 HDIFF completed...       0.0138 seconds
              DECOUPLE completed...       0.0045 seconds
                  PHOT completed...       0.0050 seconds
               CLDPROC completed...       0.0330 seconds
                  CHEM completed...       0.2473 seconds
                  AERO completed...       0.2906 seconds
            Master Time Step
            Processing completed...       3.4152 seconds

     Processing Day/Time [YYYYDDD:HHMMSS]: 2022183:075500
       Which is Equivalent to (UTC): 7:55:00  Saturday,  July 2, 2022
       Time-Step Length (HHMMSS): 000500
                 VDIFF completed...       2.7605 seconds
                COUPLE completed...       0.0050 seconds
                  HADV completed...       0.1084 seconds
                  ZADV completed...       0.0381 seconds
                 HDIFF completed...       0.0119 seconds
              DECOUPLE completed...       0.0045 seconds
                  PHOT completed...       0.0050 seconds
               CLDPROC completed...       0.0965 seconds
                  CHEM completed...       0.2364 seconds
                  AERO completed...       0.2476 seconds
            Master Time Step
            Processing completed...       3.5141 seconds

      =--> Data Output completed...       0.1339 seconds

     Processing Day/Time [YYYYDDD:HHMMSS]: 2022183:080000
       Which is Equivalent to (UTC): 8:00:00  Saturday,  July 2, 2022
       Time-Step Length (HHMMSS): 000500
                 VDIFF completed...       4.8108 seconds
                COUPLE completed...       0.0072 seconds
                  HADV completed...       0.8089 seconds
                  ZADV completed...       0.0394 seconds
                 HDIFF completed...       0.0482 seconds
              DECOUPLE completed...       0.0045 seconds
                  PHOT completed...       0.0296 seconds
               CLDPROC completed...       0.2028 seconds
                  CHEM completed...       0.2671 seconds
                  AERO completed...       0.4022 seconds
            Master Time Step
            Processing completed...       6.6210 seconds

     Processing Day/Time [YYYYDDD:HHMMSS]: 2022183:080500
       Which is Equivalent to (UTC): 8:05:00  Saturday,  July 2, 2022
       Time-Step Length (HHMMSS): 000500
                 VDIFF completed...       2.3459 seconds
                COUPLE completed...       0.0044 seconds
                  HADV completed...       3.7840 seconds
                  ZADV completed...       0.0383 seconds
                 HDIFF completed...       0.0581 seconds
              DECOUPLE completed...       0.0045 seconds
                  PHOT completed...       0.0115 seconds
               CLDPROC completed...       0.0292 seconds
                  CHEM completed...       0.2377 seconds
                  AERO completed...       0.2629 seconds
            Master Time Step
            Processing completed...       6.7766 seconds

     Processing Day/Time [YYYYDDD:HHMMSS]: 2022183:081000
       Which is Equivalent to (UTC): 8:10:00  Saturday,  July 2, 2022
       Time-Step Length (HHMMSS): 000500
                 VDIFF completed...       0.6689 seconds
                COUPLE completed...       0.0044 seconds
                  HADV completed...       4.9931 seconds
                  ZADV completed...       0.0401 seconds
                 HDIFF completed...       0.0257 seconds
              DECOUPLE completed...       0.0045 seconds
                  PHOT completed...       0.0553 seconds
               CLDPROC completed...       0.1549 seconds
                  CHEM completed...       0.2591 seconds
                  AERO completed...       0.4815 seconds
            Master Time Step
            Processing completed...       6.6877 seconds

     Processing Day/Time [YYYYDDD:HHMMSS]: 2022183:081500
       Which is Equivalent to (UTC): 8:15:00  Saturday,  July 2, 2022
       Time-Step Length (HHMMSS): 000500
                 VDIFF completed...       5.2925 seconds
                COUPLE completed...       0.0044 seconds
                  HADV completed...       0.5212 seconds
                  ZADV completed...       0.0379 seconds
                 HDIFF completed...       0.0121 seconds
              DECOUPLE completed...       0.0045 seconds
                  PHOT completed...       0.0078 seconds
               CLDPROC completed...       0.0175 seconds
                  CHEM completed...       0.2360 seconds
                  AERO completed...       0.2493 seconds
            Master Time Step
            Processing completed...       6.3834 seconds

     Processing Day/Time [YYYYDDD:HHMMSS]: 2022183:082000
       Which is Equivalent to (UTC): 8:20:00  Saturday,  July 2, 2022
       Time-Step Length (HHMMSS): 000500
                 VDIFF completed...       0.1610 seconds
                COUPLE completed...       0.0044 seconds
                  HADV completed...       2.5984 seconds
                  ZADV completed...       0.0371 seconds
                 HDIFF completed...       0.0114 seconds
              DECOUPLE completed...       0.0045 seconds
                  PHOT completed...       0.0052 seconds
               CLDPROC completed...       0.0143 seconds
                  CHEM completed...       0.2351 seconds
                  AERO completed...       0.2500 seconds
            Master Time Step
            Processing completed...       3.3215 seconds

     Processing Day/Time [YYYYDDD:HHMMSS]: 2022183:082500
       Which is Equivalent to (UTC): 8:25:00  Saturday,  July 2, 2022
       Time-Step Length (HHMMSS): 000500
                 VDIFF completed...       0.2900 seconds
                COUPLE completed...       0.0044 seconds
                  HADV completed...       4.3778 seconds
                  ZADV completed...       0.0396 seconds
                 HDIFF completed...       0.0231 seconds
              DECOUPLE completed...       0.0054 seconds
                  PHOT completed...       0.0052 seconds
               CLDPROC completed...       0.0150 seconds
                  CHEM completed...       0.2362 seconds
                  AERO completed...       0.2544 seconds
            Master Time Step
            Processing completed...       5.2514 seconds

     Processing Day/Time [YYYYDDD:HHMMSS]: 2022183:083000
       Which is Equivalent to (UTC): 8:30:00  Saturday,  July 2, 2022
       Time-Step Length (HHMMSS): 000500
                 VDIFF completed...       5.2554 seconds
                COUPLE completed...       0.0044 seconds
                  HADV completed...       0.1748 seconds
                  ZADV completed...       0.0379 seconds
                 HDIFF completed...       0.0333 seconds
              DECOUPLE completed...       0.0048 seconds
                  PHOT completed...       0.0084 seconds
               CLDPROC completed...       0.0266 seconds
                  CHEM completed...       0.2353 seconds
                  AERO completed...       0.2528 seconds
            Master Time Step
            Processing completed...       6.0339 seconds

     Processing Day/Time [YYYYDDD:HHMMSS]: 2022183:083500
       Which is Equivalent to (UTC): 8:35:00  Saturday,  July 2, 2022
       Time-Step Length (HHMMSS): 000500
                 VDIFF completed...       0.8534 seconds
                COUPLE completed...       0.0044 seconds
                  HADV completed...       2.6516 seconds
                  ZADV completed...       0.0373 seconds
                 HDIFF completed...       0.0145 seconds
              DECOUPLE completed...       0.0045 seconds
                  PHOT completed...       0.0065 seconds
               CLDPROC completed...       0.0281 seconds
                  CHEM completed...       0.2340 seconds
                  AERO completed...       0.2508 seconds
            Master Time Step
            Processing completed...       4.0853 seconds

     Processing Day/Time [YYYYDDD:HHMMSS]: 2022183:084000
       Which is Equivalent to (UTC): 8:40:00  Saturday,  July 2, 2022
       Time-Step Length (HHMMSS): 000500
                 VDIFF completed...       0.5150 seconds
                COUPLE completed...       0.0044 seconds
                  HADV completed...       2.6749 seconds
                  ZADV completed...       0.0378 seconds
                 HDIFF completed...       0.0215 seconds
              DECOUPLE completed...       0.0045 seconds
                  PHOT completed...       0.0054 seconds
               CLDPROC completed...       0.0175 seconds
                  CHEM completed...       0.2358 seconds
                  AERO completed...       0.2490 seconds
            Master Time Step
            Processing completed...       3.7658 seconds

     Processing Day/Time [YYYYDDD:HHMMSS]: 2022183:084500
       Which is Equivalent to (UTC): 8:45:00  Saturday,  July 2, 2022
       Time-Step Length (HHMMSS): 000500
                 VDIFF completed...       0.1931 seconds
                COUPLE completed...       0.0044 seconds
                  HADV completed...       2.2205 seconds
                  ZADV completed...       0.0377 seconds
                 HDIFF completed...       0.0177 seconds
              DECOUPLE completed...       0.0045 seconds
                  PHOT completed...       0.0062 seconds
               CLDPROC completed...       0.0165 seconds
                  CHEM completed...       0.2341 seconds
                  AERO completed...       0.2514 seconds
            Master Time Step
            Processing completed...       2.9864 seconds

     Processing Day/Time [YYYYDDD:HHMMSS]: 2022183:085000
       Which is Equivalent to (UTC): 8:50:00  Saturday,  July 2, 2022
       Time-Step Length (HHMMSS): 000500
                 VDIFF completed...       4.9822 seconds
                COUPLE completed...       0.0044 seconds
                  HADV completed...       0.1382 seconds
                  ZADV completed...       0.0372 seconds
                 HDIFF completed...       0.0276 seconds
              DECOUPLE completed...       0.0045 seconds
                  PHOT completed...       0.0049 seconds
               CLDPROC completed...       0.0151 seconds
                  CHEM completed...       0.2349 seconds
                  AERO completed...       0.2648 seconds
            Master Time Step
            Processing completed...       5.7139 seconds

     Processing Day/Time [YYYYDDD:HHMMSS]: 2022183:085500
       Which is Equivalent to (UTC): 8:55:00  Saturday,  July 2, 2022
       Time-Step Length (HHMMSS): 000500
                 VDIFF completed...       3.7899 seconds
                COUPLE completed...       0.0045 seconds
                  HADV completed...       0.1028 seconds
                  ZADV completed...       0.0378 seconds
                 HDIFF completed...       0.0188 seconds
              DECOUPLE completed...       0.0047 seconds
                  PHOT completed...       0.0212 seconds
               CLDPROC completed...       0.2368 seconds
                  CHEM completed...       0.2360 seconds
                  AERO completed...       0.2529 seconds
            Master Time Step
            Processing completed...       4.7055 seconds

      =--> Data Output completed...       0.1436 seconds

     Processing Day/Time [YYYYDDD:HHMMSS]: 2022183:090000
       Which is Equivalent to (UTC): 9:00:00  Saturday,  July 2, 2022
       Time-Step Length (HHMMSS): 000500
                 VDIFF completed...       2.3218 seconds
                COUPLE completed...       0.0044 seconds
                  HADV completed...       3.1192 seconds
                  ZADV completed...       0.0399 seconds
                 HDIFF completed...       0.0582 seconds
              DECOUPLE completed...       0.0045 seconds
                  PHOT completed...       0.0276 seconds
               CLDPROC completed...       0.0298 seconds
                  CHEM completed...       0.2537 seconds
                  AERO completed...       0.5265 seconds
            Master Time Step
            Processing completed...       6.3861 seconds

     Processing Day/Time [YYYYDDD:HHMMSS]: 2022183:090500
       Which is Equivalent to (UTC): 9:05:00  Saturday,  July 2, 2022
       Time-Step Length (HHMMSS): 000500
                 VDIFF completed...       1.0975 seconds
                COUPLE completed...       0.0045 seconds
                  HADV completed...       6.0370 seconds
                  ZADV completed...       0.0399 seconds
                 HDIFF completed...       0.0529 seconds
              DECOUPLE completed...       0.0045 seconds
                  PHOT completed...       0.0192 seconds
               CLDPROC completed...       0.0194 seconds
                  CHEM completed...       0.2527 seconds
                  AERO completed...       0.2518 seconds
            Master Time Step
            Processing completed...       7.7797 seconds

     Processing Day/Time [YYYYDDD:HHMMSS]: 2022183:091000
       Which is Equivalent to (UTC): 9:10:00  Saturday,  July 2, 2022
       Time-Step Length (HHMMSS): 000500
                 VDIFF completed...       0.4670 seconds
                COUPLE completed...       0.0045 seconds
                  HADV completed...       3.9929 seconds
                  ZADV completed...       0.0372 seconds
                 HDIFF completed...       0.0151 seconds
              DECOUPLE completed...       0.0045 seconds
                  PHOT completed...       0.0261 seconds
               CLDPROC completed...       0.0161 seconds
                  CHEM completed...       0.2384 seconds
                  AERO completed...       0.4854 seconds
            Master Time Step
            Processing completed...       5.2874 seconds

     Processing Day/Time [YYYYDDD:HHMMSS]: 2022183:091500
       Which is Equivalent to (UTC): 9:15:00  Saturday,  July 2, 2022
       Time-Step Length (HHMMSS): 000500
                 VDIFF completed...       6.1303 seconds
                COUPLE completed...       0.0083 seconds
                  HADV completed...       0.1066 seconds
                  ZADV completed...       0.0372 seconds
                 HDIFF completed...       0.0126 seconds
              DECOUPLE completed...       0.0045 seconds
                  PHOT completed...       0.0053 seconds
               CLDPROC completed...       0.0180 seconds
                  CHEM completed...       0.2777 seconds
                  AERO completed...       0.2546 seconds
            Master Time Step
            Processing completed...       6.8555 seconds

     Processing Day/Time [YYYYDDD:HHMMSS]: 2022183:092000
       Which is Equivalent to (UTC): 9:20:00  Saturday,  July 2, 2022
       Time-Step Length (HHMMSS): 000500
                 VDIFF completed...       0.1504 seconds
                COUPLE completed...       0.0044 seconds
                  HADV completed...       4.9350 seconds
                  ZADV completed...       0.0387 seconds
                 HDIFF completed...       0.0217 seconds
              DECOUPLE completed...       0.0046 seconds
                  PHOT completed...       0.0090 seconds
               CLDPROC completed...       0.0170 seconds
                  CHEM completed...       0.2338 seconds
                  AERO completed...       0.2528 seconds
            Master Time Step
            Processing completed...       5.6675 seconds

     Processing Day/Time [YYYYDDD:HHMMSS]: 2022183:092500
       Which is Equivalent to (UTC): 9:25:00  Saturday,  July 2, 2022
       Time-Step Length (HHMMSS): 000500
                 VDIFF completed...       0.2570 seconds
                COUPLE completed...       0.0045 seconds
                  HADV completed...       2.1393 seconds
                  ZADV completed...       0.0387 seconds
                 HDIFF completed...       0.0514 seconds
              DECOUPLE completed...       0.0046 seconds
                  PHOT completed...       0.0058 seconds
               CLDPROC completed...       0.0163 seconds
                  CHEM completed...       0.2336 seconds
                  AERO completed...       0.2483 seconds
            Master Time Step
            Processing completed...       2.9997 seconds

     Processing Day/Time [YYYYDDD:HHMMSS]: 2022183:093000
       Which is Equivalent to (UTC): 9:30:00  Saturday,  July 2, 2022
       Time-Step Length (HHMMSS): 000500
                 VDIFF completed...       3.9161 seconds
                COUPLE completed...       0.0044 seconds
                  HADV completed...       0.1091 seconds
                  ZADV completed...       0.0372 seconds
                 HDIFF completed...       0.0488 seconds
              DECOUPLE completed...       0.0045 seconds
                  PHOT completed...       0.0059 seconds
               CLDPROC completed...       0.0163 seconds
                  CHEM completed...       0.2345 seconds
                  AERO completed...       0.2514 seconds
            Master Time Step
            Processing completed...       4.6284 seconds

     Processing Day/Time [YYYYDDD:HHMMSS]: 2022183:093500
       Which is Equivalent to (UTC): 9:35:00  Saturday,  July 2, 2022
       Time-Step Length (HHMMSS): 000500
                 VDIFF completed...       3.4128 seconds
                COUPLE completed...       0.0044 seconds
                  HADV completed...       0.1069 seconds
                  ZADV completed...       0.0372 seconds
                 HDIFF completed...       0.0125 seconds
              DECOUPLE completed...       0.0046 seconds
                  PHOT completed...       0.0070 seconds
               CLDPROC completed...       0.0171 seconds
                  CHEM completed...       0.2348 seconds
                  AERO completed...       0.3878 seconds
            Master Time Step
            Processing completed...       4.2253 seconds

     Processing Day/Time [YYYYDDD:HHMMSS]: 2022183:094000
       Which is Equivalent to (UTC): 9:40:00  Saturday,  July 2, 2022
       Time-Step Length (HHMMSS): 000500
                 VDIFF completed...       0.1591 seconds
                COUPLE completed...       0.0044 seconds
                  HADV completed...       3.2279 seconds
                  ZADV completed...       0.0372 seconds
                 HDIFF completed...       0.0171 seconds
              DECOUPLE completed...       0.0045 seconds
                  PHOT completed...       0.0089 seconds
               CLDPROC completed...       0.0171 seconds
                  CHEM completed...       0.2370 seconds
                  AERO completed...       0.2521 seconds
            Master Time Step
            Processing completed...       3.9663 seconds

     Processing Day/Time [YYYYDDD:HHMMSS]: 2022183:094500
       Which is Equivalent to (UTC): 9:45:00  Saturday,  July 2, 2022
       Time-Step Length (HHMMSS): 000500
                 VDIFF completed...       3.0052 seconds
                COUPLE completed...       0.0056 seconds
                  HADV completed...       0.1221 seconds
                  ZADV completed...       0.0394 seconds
                 HDIFF completed...       0.0128 seconds
              DECOUPLE completed...       0.0045 seconds
                  PHOT completed...       0.0056 seconds
               CLDPROC completed...       0.0171 seconds
                  CHEM completed...       0.2322 seconds
                  AERO completed...       0.2530 seconds
            Master Time Step
            Processing completed...       3.6981 seconds

     Processing Day/Time [YYYYDDD:HHMMSS]: 2022183:095000
       Which is Equivalent to (UTC): 9:50:00  Saturday,  July 2, 2022
       Time-Step Length (HHMMSS): 000500
                 VDIFF completed...       1.8763 seconds
                COUPLE completed...       0.0044 seconds
                  HADV completed...       0.7182 seconds
                  ZADV completed...       0.0372 seconds
                 HDIFF completed...       0.0280 seconds
              DECOUPLE completed...       0.0045 seconds
                  PHOT completed...       0.0054 seconds
               CLDPROC completed...       0.0163 seconds
                  CHEM completed...       0.2326 seconds
                  AERO completed...       0.2508 seconds
            Master Time Step
            Processing completed...       3.1749 seconds

     Processing Day/Time [YYYYDDD:HHMMSS]: 2022183:095500
       Which is Equivalent to (UTC): 9:55:00  Saturday,  July 2, 2022
       Time-Step Length (HHMMSS): 000500
                 VDIFF completed...       2.6841 seconds
                COUPLE completed...       0.0044 seconds
                  HADV completed...       0.1312 seconds
                  ZADV completed...       0.0370 seconds
                 HDIFF completed...       0.0156 seconds
              DECOUPLE completed...       0.0045 seconds
                  PHOT completed...       0.0051 seconds
               CLDPROC completed...       0.0873 seconds
                  CHEM completed...       0.2337 seconds
                  AERO completed...       0.3507 seconds
            Master Time Step
            Processing completed...       3.5539 seconds

      =--> Data Output completed...       0.1355 seconds

     Processing Day/Time [YYYYDDD:HHMMSS]: 2022183:100000
       Which is Equivalent to (UTC): 10:00:00 Saturday,  July 2, 2022
       Time-Step Length (HHMMSS): 000500
                 VDIFF completed...       1.5228 seconds
                COUPLE completed...       0.0045 seconds
                  HADV completed...       4.9772 seconds
                  ZADV completed...       0.0392 seconds
                 HDIFF completed...       0.0601 seconds
              DECOUPLE completed...       0.0045 seconds
                  PHOT completed...       0.0700 seconds
               CLDPROC completed...       0.1129 seconds
                  CHEM completed...       0.2870 seconds
                  AERO completed...       0.4880 seconds
            Master Time Step
            Processing completed...       7.5665 seconds

     Processing Day/Time [YYYYDDD:HHMMSS]: 2022183:100500
       Which is Equivalent to (UTC): 10:05:00 Saturday,  July 2, 2022
       Time-Step Length (HHMMSS): 000500
                 VDIFF completed...       6.5943 seconds
                COUPLE completed...       0.0045 seconds
                  HADV completed...       1.0087 seconds
                  ZADV completed...       0.0378 seconds
                 HDIFF completed...       0.0359 seconds
              DECOUPLE completed...       0.0045 seconds
                  PHOT completed...       0.0079 seconds
               CLDPROC completed...       0.0176 seconds
                  CHEM completed...       0.2346 seconds
                  AERO completed...       0.2568 seconds
            Master Time Step
            Processing completed...       8.2029 seconds

     Processing Day/Time [YYYYDDD:HHMMSS]: 2022183:101000
       Which is Equivalent to (UTC): 10:10:00 Saturday,  July 2, 2022
       Time-Step Length (HHMMSS): 000500
                 VDIFF completed...       0.3638 seconds
                COUPLE completed...       0.0044 seconds
                  HADV completed...       4.4748 seconds
                  ZADV completed...       0.0370 seconds
                 HDIFF completed...       0.0110 seconds
              DECOUPLE completed...       0.0045 seconds
                  PHOT completed...       0.0055 seconds
               CLDPROC completed...       0.0184 seconds
                  CHEM completed...       0.2345 seconds
                  AERO completed...       0.3581 seconds
            Master Time Step
            Processing completed...       5.5122 seconds

     Processing Day/Time [YYYYDDD:HHMMSS]: 2022183:101500
       Which is Equivalent to (UTC): 10:15:00 Saturday,  July 2, 2022
       Time-Step Length (HHMMSS): 000500
                 VDIFF completed...       4.4559 seconds
                COUPLE completed...       0.0044 seconds
                  HADV completed...       0.1121 seconds
                  ZADV completed...       0.0371 seconds
                 HDIFF completed...       0.0131 seconds
              DECOUPLE completed...       0.0046 seconds
                  PHOT completed...       0.2979 seconds
               CLDPROC completed...       0.1190 seconds
                  CHEM completed...       0.2337 seconds
                  AERO completed...       0.2556 seconds
            Master Time Step
            Processing completed...       5.5336 seconds

     Processing Day/Time [YYYYDDD:HHMMSS]: 2022183:102000
       Which is Equivalent to (UTC): 10:20:00 Saturday,  July 2, 2022
       Time-Step Length (HHMMSS): 000500
                 VDIFF completed...       0.1786 seconds
                COUPLE completed...       0.0044 seconds
                  HADV completed...       4.6617 seconds
                  ZADV completed...       0.0377 seconds
                 HDIFF completed...       0.0477 seconds
              DECOUPLE completed...       0.0045 seconds
                  PHOT completed...       0.0150 seconds
               CLDPROC completed...       0.0179 seconds
                  CHEM completed...       0.2340 seconds
                  AERO completed...       0.2615 seconds
            Master Time Step
            Processing completed...       5.4632 seconds

     Processing Day/Time [YYYYDDD:HHMMSS]: 2022183:102500
       Which is Equivalent to (UTC): 10:25:00 Saturday,  July 2, 2022
       Time-Step Length (HHMMSS): 000500
                 VDIFF completed...       0.9963 seconds
                COUPLE completed...       0.0045 seconds
                  HADV completed...       5.0530 seconds
                  ZADV completed...       0.0371 seconds
                 HDIFF completed...       0.0333 seconds
              DECOUPLE completed...       0.0046 seconds
                  PHOT completed...       0.0051 seconds
               CLDPROC completed...       0.0172 seconds
                  CHEM completed...       0.2328 seconds
                  AERO completed...       0.2657 seconds
            Master Time Step
            Processing completed...       6.6499 seconds

     Processing Day/Time [YYYYDDD:HHMMSS]: 2022183:103000
       Which is Equivalent to (UTC): 10:30:00 Saturday,  July 2, 2022
       Time-Step Length (HHMMSS): 000500
                 VDIFF completed...       0.2007 seconds
                COUPLE completed...       0.0045 seconds
                  HADV completed...       5.5248 seconds
                  ZADV completed...       0.0379 seconds
                 HDIFF completed...       0.0521 seconds
              DECOUPLE completed...       0.0045 seconds
                  PHOT completed...       0.0065 seconds
               CLDPROC completed...       0.1385 seconds
                  CHEM completed...       0.2328 seconds
                  AERO completed...       0.2633 seconds
            Master Time Step
            Processing completed...       6.4657 seconds

     Processing Day/Time [YYYYDDD:HHMMSS]: 2022183:103500
       Which is Equivalent to (UTC): 10:35:00 Saturday,  July 2, 2022
       Time-Step Length (HHMMSS): 000500
                 VDIFF completed...       1.5553 seconds
                COUPLE completed...       0.0044 seconds
                  HADV completed...       4.7871 seconds
                  ZADV completed...       0.0394 seconds
                 HDIFF completed...       0.0273 seconds
              DECOUPLE completed...       0.0046 seconds
                  PHOT completed...       0.0107 seconds
               CLDPROC completed...       0.0383 seconds
                  CHEM completed...       0.2593 seconds
                  AERO completed...       0.2514 seconds
            Master Time Step
            Processing completed...       6.9781 seconds

     Processing Day/Time [YYYYDDD:HHMMSS]: 2022183:104000
       Which is Equivalent to (UTC): 10:40:00 Saturday,  July 2, 2022
       Time-Step Length (HHMMSS): 000500
                 VDIFF completed...       0.1993 seconds
                COUPLE completed...       0.0045 seconds
                  HADV completed...       3.7924 seconds
                  ZADV completed...       0.0391 seconds
                 HDIFF completed...       0.0196 seconds
              DECOUPLE completed...       0.0045 seconds
                  PHOT completed...       0.0056 seconds
               CLDPROC completed...       0.1170 seconds
                  CHEM completed...       0.2521 seconds
                  AERO completed...       0.2668 seconds
            Master Time Step
            Processing completed...       4.7012 seconds

     Processing Day/Time [YYYYDDD:HHMMSS]: 2022183:104500
       Which is Equivalent to (UTC): 10:45:00 Saturday,  July 2, 2022
       Time-Step Length (HHMMSS): 000500
                 VDIFF completed...       1.4092 seconds
                COUPLE completed...       0.0044 seconds
                  HADV completed...       4.4977 seconds
                  ZADV completed...       0.0391 seconds
                 HDIFF completed...       0.0413 seconds
              DECOUPLE completed...       0.0047 seconds
                  PHOT completed...       0.0172 seconds
               CLDPROC completed...       0.0459 seconds
                  CHEM completed...       0.2332 seconds
                  AERO completed...       0.2515 seconds
            Master Time Step
            Processing completed...       6.5445 seconds

     Processing Day/Time [YYYYDDD:HHMMSS]: 2022183:105000
       Which is Equivalent to (UTC): 10:50:00 Saturday,  July 2, 2022
       Time-Step Length (HHMMSS): 000500
                 VDIFF completed...       0.2551 seconds
                COUPLE completed...       0.0045 seconds
                  HADV completed...       1.9716 seconds
                  ZADV completed...       0.0373 seconds
                 HDIFF completed...       0.0111 seconds
              DECOUPLE completed...       0.0045 seconds
                  PHOT completed...       0.0103 seconds
               CLDPROC completed...       0.0173 seconds
                  CHEM completed...       0.2326 seconds
                  AERO completed...       0.2502 seconds
            Master Time Step
            Processing completed...       2.7948 seconds

     Processing Day/Time [YYYYDDD:HHMMSS]: 2022183:105500
       Which is Equivalent to (UTC): 10:55:00 Saturday,  July 2, 2022
       Time-Step Length (HHMMSS): 000500
                 VDIFF completed...       2.5707 seconds
                COUPLE completed...       0.0051 seconds
                  HADV completed...       0.2208 seconds
                  ZADV completed...       0.0377 seconds
                 HDIFF completed...       0.0160 seconds
              DECOUPLE completed...       0.0045 seconds
                  PHOT completed...       0.0299 seconds
               CLDPROC completed...       0.1297 seconds
                  CHEM completed...       0.2325 seconds
                  AERO completed...       0.2636 seconds
            Master Time Step
            Processing completed...       3.5108 seconds

      =--> Data Output completed...       0.3772 seconds

     Processing Day/Time [YYYYDDD:HHMMSS]: 2022183:110000
       Which is Equivalent to (UTC): 11:00:00 Saturday,  July 2, 2022
       Time-Step Length (HHMMSS): 000500
                 VDIFF completed...       1.6789 seconds
                COUPLE completed...       0.0044 seconds
                  HADV completed...       4.0838 seconds
                  ZADV completed...       0.0387 seconds
                 HDIFF completed...       0.0183 seconds
              DECOUPLE completed...       0.0045 seconds
                  PHOT completed...       0.0659 seconds
               CLDPROC completed...       0.0446 seconds
                  CHEM completed...       0.2458 seconds
                  AERO completed...       0.3873 seconds
            Master Time Step
            Processing completed...       6.5729 seconds

     Processing Day/Time [YYYYDDD:HHMMSS]: 2022183:110500
       Which is Equivalent to (UTC): 11:05:00 Saturday,  July 2, 2022
       Time-Step Length (HHMMSS): 000500
                 VDIFF completed...       3.7694 seconds
                COUPLE completed...       0.0046 seconds
                  HADV completed...       1.6119 seconds
                  ZADV completed...       0.0403 seconds
                 HDIFF completed...       0.0565 seconds
              DECOUPLE completed...       0.0045 seconds
                  PHOT completed...       0.0833 seconds
               CLDPROC completed...       0.1595 seconds
                  CHEM completed...       0.2419 seconds
                  AERO completed...       0.3093 seconds
            Master Time Step
            Processing completed...       6.2814 seconds

     Processing Day/Time [YYYYDDD:HHMMSS]: 2022183:111000
       Which is Equivalent to (UTC): 11:10:00 Saturday,  July 2, 2022
       Time-Step Length (HHMMSS): 000500
                 VDIFF completed...       0.8020 seconds
                COUPLE completed...       0.0045 seconds
                  HADV completed...       5.1773 seconds
                  ZADV completed...       0.0444 seconds
                 HDIFF completed...       0.0174 seconds
              DECOUPLE completed...       0.0057 seconds
                  PHOT completed...       0.0467 seconds
               CLDPROC completed...       0.0227 seconds
                  CHEM completed...       0.2386 seconds
                  AERO completed...       0.2550 seconds
            Master Time Step
            Processing completed...       6.6145 seconds

     Processing Day/Time [YYYYDDD:HHMMSS]: 2022183:111500
       Which is Equivalent to (UTC): 11:15:00 Saturday,  July 2, 2022
       Time-Step Length (HHMMSS): 000500
                 VDIFF completed...       4.0047 seconds
                COUPLE completed...       0.0044 seconds
                  HADV completed...       0.1063 seconds
                  ZADV completed...       0.0374 seconds
                 HDIFF completed...       0.0113 seconds
              DECOUPLE completed...       0.0045 seconds
                  PHOT completed...       0.0435 seconds
               CLDPROC completed...       0.0175 seconds
                  CHEM completed...       0.2430 seconds
                  AERO completed...       0.2542 seconds
            Master Time Step
            Processing completed...       4.7271 seconds

     Processing Day/Time [YYYYDDD:HHMMSS]: 2022183:112000
       Which is Equivalent to (UTC): 11:20:00 Saturday,  July 2, 2022
       Time-Step Length (HHMMSS): 000500
                 VDIFF completed...       0.2870 seconds
                COUPLE completed...       0.0045 seconds
                  HADV completed...       3.4758 seconds
                  ZADV completed...       0.0377 seconds
                 HDIFF completed...       0.0215 seconds
              DECOUPLE completed...       0.0046 seconds
                  PHOT completed...       0.0534 seconds
               CLDPROC completed...       0.0218 seconds
                  CHEM completed...       0.4129 seconds
                  AERO completed...       0.2813 seconds
            Master Time Step
            Processing completed...       4.6007 seconds

     Processing Day/Time [YYYYDDD:HHMMSS]: 2022183:112500
       Which is Equivalent to (UTC): 11:25:00 Saturday,  July 2, 2022
       Time-Step Length (HHMMSS): 000500
                 VDIFF completed...       2.2718 seconds
                COUPLE completed...       0.0045 seconds
                  HADV completed...       0.6655 seconds
                  ZADV completed...       0.0380 seconds
                 HDIFF completed...       0.0867 seconds
              DECOUPLE completed...       0.0046 seconds
                  PHOT completed...       0.1258 seconds
               CLDPROC completed...       0.0214 seconds
                  CHEM completed...       0.6080 seconds
                  AERO completed...       0.2737 seconds
            Master Time Step
            Processing completed...       4.1004 seconds

     Processing Day/Time [YYYYDDD:HHMMSS]: 2022183:113000
       Which is Equivalent to (UTC): 11:30:00 Saturday,  July 2, 2022
       Time-Step Length (HHMMSS): 000500
                 VDIFF completed...       0.2104 seconds
                COUPLE completed...       0.0045 seconds
                  HADV completed...       2.4107 seconds
                  ZADV completed...       0.0413 seconds
                 HDIFF completed...       0.0242 seconds
              DECOUPLE completed...       0.0053 seconds
                  PHOT completed...       0.0938 seconds
               CLDPROC completed...       0.1690 seconds
                  CHEM completed...       0.5940 seconds
                  AERO completed...       0.3670 seconds
            Master Time Step
            Processing completed...       3.9205 seconds

     Processing Day/Time [YYYYDDD:HHMMSS]: 2022183:113500
       Which is Equivalent to (UTC): 11:35:00 Saturday,  July 2, 2022
       Time-Step Length (HHMMSS): 000500
                 VDIFF completed...       5.9143 seconds
                COUPLE completed...       0.0046 seconds
                  HADV completed...       0.3801 seconds
                  ZADV completed...       0.0370 seconds
                 HDIFF completed...       0.0482 seconds
              DECOUPLE completed...       0.0049 seconds
                  PHOT completed...       0.1218 seconds
               CLDPROC completed...       0.0414 seconds
                  CHEM completed...       0.5459 seconds
                  AERO completed...       0.2569 seconds
            Master Time Step
            Processing completed...       7.3553 seconds

     Processing Day/Time [YYYYDDD:HHMMSS]: 2022183:114000
       Which is Equivalent to (UTC): 11:40:00 Saturday,  July 2, 2022
       Time-Step Length (HHMMSS): 000500
                 VDIFF completed...       0.3374 seconds
                COUPLE completed...       0.0044 seconds
                  HADV completed...       4.3736 seconds
                  ZADV completed...       0.0368 seconds
                 HDIFF completed...       0.0308 seconds
              DECOUPLE completed...       0.0047 seconds
                  PHOT completed...       0.0806 seconds
               CLDPROC completed...       0.1704 seconds
                  CHEM completed...       0.5462 seconds
                  AERO completed...       0.2651 seconds
            Master Time Step
            Processing completed...       5.8502 seconds

     Processing Day/Time [YYYYDDD:HHMMSS]: 2022183:114500
       Which is Equivalent to (UTC): 11:45:00 Saturday,  July 2, 2022
       Time-Step Length (HHMMSS): 000500
                 VDIFF completed...       5.5817 seconds
                COUPLE completed...       0.0045 seconds
                  HADV completed...       0.1105 seconds
                  ZADV completed...       0.0370 seconds
                 HDIFF completed...       0.0126 seconds
              DECOUPLE completed...       0.0046 seconds
                  PHOT completed...       0.0611 seconds
               CLDPROC completed...       0.0181 seconds
                  CHEM completed...       0.5067 seconds
                  AERO completed...       0.2619 seconds
            Master Time Step
            Processing completed...       6.5992 seconds

     Processing Day/Time [YYYYDDD:HHMMSS]: 2022183:115000
       Which is Equivalent to (UTC): 11:50:00 Saturday,  July 2, 2022
       Time-Step Length (HHMMSS): 000500
                 VDIFF completed...       0.1609 seconds
                COUPLE completed...       0.0045 seconds
                  HADV completed...       2.5124 seconds
                  ZADV completed...       0.0376 seconds
                 HDIFF completed...       0.0114 seconds
              DECOUPLE completed...       0.0045 seconds
                  PHOT completed...       0.0637 seconds
               CLDPROC completed...       0.0186 seconds
                  CHEM completed...       0.4985 seconds
                  AERO completed...       0.2489 seconds
            Master Time Step
            Processing completed...       3.5613 seconds

     Processing Day/Time [YYYYDDD:HHMMSS]: 2022183:115500
       Which is Equivalent to (UTC): 11:55:00 Saturday,  July 2, 2022
       Time-Step Length (HHMMSS): 000500
                 VDIFF completed...       3.0504 seconds
                COUPLE completed...       0.0050 seconds
                  HADV completed...       0.1483 seconds
                  ZADV completed...       0.0372 seconds
                 HDIFF completed...       0.0109 seconds
              DECOUPLE completed...       0.0045 seconds
                  PHOT completed...       0.0620 seconds
               CLDPROC completed...       0.0875 seconds
                  CHEM completed...       0.4965 seconds
                  AERO completed...       0.2578 seconds
            Master Time Step
            Processing completed...       4.1606 seconds

      =--> Data Output completed...       0.1151 seconds

     Processing Day/Time [YYYYDDD:HHMMSS]: 2022183:120000
       Which is Equivalent to (UTC): 12:00:00 Saturday,  July 2, 2022
       Time-Step Length (HHMMSS): 000500
                 VDIFF completed...       5.6924 seconds
                COUPLE completed...       0.0062 seconds
                  HADV completed...       0.8974 seconds
                  ZADV completed...       0.0458 seconds
                 HDIFF completed...       0.0417 seconds
              DECOUPLE completed...       0.0045 seconds
                  PHOT completed...       0.0969 seconds
               CLDPROC completed...       0.0990 seconds
                  CHEM completed...       0.5224 seconds
                  AERO completed...       0.2862 seconds
            Master Time Step
            Processing completed...       7.6930 seconds

     Processing Day/Time [YYYYDDD:HHMMSS]: 2022183:120500
       Which is Equivalent to (UTC): 12:05:00 Saturday,  July 2, 2022
       Time-Step Length (HHMMSS): 000500
                 VDIFF completed...       2.2241 seconds
                COUPLE completed...       0.0045 seconds
                  HADV completed...       3.1369 seconds
                  ZADV completed...       0.0375 seconds
                 HDIFF completed...       0.0363 seconds
              DECOUPLE completed...       0.0049 seconds
                  PHOT completed...       0.0797 seconds
               CLDPROC completed...       0.0229 seconds
                  CHEM completed...       0.5009 seconds
                  AERO completed...       0.2602 seconds
            Master Time Step
            Processing completed...       6.3082 seconds

     Processing Day/Time [YYYYDDD:HHMMSS]: 2022183:121000
       Which is Equivalent to (UTC): 12:10:00 Saturday,  July 2, 2022
       Time-Step Length (HHMMSS): 000500
                 VDIFF completed...       0.2003 seconds
                COUPLE completed...       0.0045 seconds
                  HADV completed...       6.1913 seconds
                  ZADV completed...       0.0368 seconds
                 HDIFF completed...       0.0353 seconds
              DECOUPLE completed...       0.0046 seconds
                  PHOT completed...       0.0615 seconds
               CLDPROC completed...       0.0745 seconds
                  CHEM completed...       0.5038 seconds
                  AERO completed...       0.2776 seconds
            Master Time Step
            Processing completed...       7.3906 seconds

     Processing Day/Time [YYYYDDD:HHMMSS]: 2022183:121500
       Which is Equivalent to (UTC): 12:15:00 Saturday,  July 2, 2022
       Time-Step Length (HHMMSS): 000500
                 VDIFF completed...       5.4202 seconds
                COUPLE completed...       0.0050 seconds
                  HADV completed...       0.2493 seconds
                  ZADV completed...       0.0374 seconds
                 HDIFF completed...       0.0210 seconds
              DECOUPLE completed...       0.0046 seconds
                  PHOT completed...       0.0748 seconds
               CLDPROC completed...       0.0229 seconds
                  CHEM completed...       0.5018 seconds
                  AERO completed...       0.2586 seconds
            Master Time Step
            Processing completed...       6.5957 seconds

     Processing Day/Time [YYYYDDD:HHMMSS]: 2022183:122000
       Which is Equivalent to (UTC): 12:20:00 Saturday,  July 2, 2022
       Time-Step Length (HHMMSS): 000500
                 VDIFF completed...       0.1605 seconds
                COUPLE completed...       0.0044 seconds
                  HADV completed...       4.7372 seconds
                  ZADV completed...       0.0383 seconds
                 HDIFF completed...       0.0100 seconds
              DECOUPLE completed...       0.0047 seconds
                  PHOT completed...       0.0634 seconds
               CLDPROC completed...       0.0254 seconds
                  CHEM completed...       0.5039 seconds
                  AERO completed...       0.2551 seconds
            Master Time Step
            Processing completed...       5.8031 seconds

     Processing Day/Time [YYYYDDD:HHMMSS]: 2022183:122500
       Which is Equivalent to (UTC): 12:25:00 Saturday,  July 2, 2022
       Time-Step Length (HHMMSS): 000500
                 VDIFF completed...       0.2184 seconds
                COUPLE completed...       0.0045 seconds
                  HADV completed...       2.2130 seconds
                  ZADV completed...       0.0392 seconds
                 HDIFF completed...       0.0414 seconds
              DECOUPLE completed...       0.0055 seconds
                  PHOT completed...       0.0668 seconds
               CLDPROC completed...       0.0317 seconds
                  CHEM completed...       0.5095 seconds
                  AERO completed...       0.2519 seconds
            Master Time Step
            Processing completed...       3.3824 seconds

     Processing Day/Time [YYYYDDD:HHMMSS]: 2022183:123000
       Which is Equivalent to (UTC): 12:30:00 Saturday,  July 2, 2022
       Time-Step Length (HHMMSS): 000500
                 VDIFF completed...       4.5483 seconds
                COUPLE completed...       0.0046 seconds
                  HADV completed...       0.2993 seconds
                  ZADV completed...       0.0365 seconds
                 HDIFF completed...       0.0546 seconds
              DECOUPLE completed...       0.0045 seconds
                  PHOT completed...       0.0620 seconds
               CLDPROC completed...       0.0255 seconds
                  CHEM completed...       0.5309 seconds
                  AERO completed...       0.2577 seconds
            Master Time Step
            Processing completed...       5.8242 seconds

     Processing Day/Time [YYYYDDD:HHMMSS]: 2022183:123500
       Which is Equivalent to (UTC): 12:35:00 Saturday,  July 2, 2022
       Time-Step Length (HHMMSS): 000500
                 VDIFF completed...       0.9555 seconds
                COUPLE completed...       0.0045 seconds
                  HADV completed...       4.1125 seconds
                  ZADV completed...       0.0361 seconds
                 HDIFF completed...       0.0370 seconds
              DECOUPLE completed...       0.0045 seconds
                  PHOT completed...       0.0646 seconds
               CLDPROC completed...       0.0608 seconds
                  CHEM completed...       0.5172 seconds
                  AERO completed...       0.2592 seconds
            Master Time Step
            Processing completed...       6.0522 seconds

     Processing Day/Time [YYYYDDD:HHMMSS]: 2022183:124000
       Which is Equivalent to (UTC): 12:40:00 Saturday,  July 2, 2022
       Time-Step Length (HHMMSS): 000500
                 VDIFF completed...       0.9329 seconds
                COUPLE completed...       0.0044 seconds
                  HADV completed...       1.4159 seconds
                  ZADV completed...       0.0388 seconds
                 HDIFF completed...       0.0228 seconds
              DECOUPLE completed...       0.0045 seconds
                  PHOT completed...       0.0623 seconds
               CLDPROC completed...       0.0273 seconds
                  CHEM completed...       0.5238 seconds
                  AERO completed...       0.2666 seconds
            Master Time Step
            Processing completed...       3.2995 seconds

     Processing Day/Time [YYYYDDD:HHMMSS]: 2022183:124500
       Which is Equivalent to (UTC): 12:45:00 Saturday,  July 2, 2022
       Time-Step Length (HHMMSS): 000500
                 VDIFF completed...       0.4050 seconds
                COUPLE completed...       0.0045 seconds
                  HADV completed...       1.4253 seconds
                  ZADV completed...       0.0368 seconds
                 HDIFF completed...       0.0293 seconds
              DECOUPLE completed...       0.0045 seconds
                  PHOT completed...       0.0683 seconds
               CLDPROC completed...       0.0398 seconds
                  CHEM completed...       0.5304 seconds
                  AERO completed...       0.2560 seconds
            Master Time Step
            Processing completed...       2.8002 seconds

     Processing Day/Time [YYYYDDD:HHMMSS]: 2022183:125000
       Which is Equivalent to (UTC): 12:50:00 Saturday,  July 2, 2022
       Time-Step Length (HHMMSS): 000500
                 VDIFF completed...       0.2013 seconds
                COUPLE completed...       0.0044 seconds
                  HADV completed...       3.2500 seconds
                  ZADV completed...       0.0369 seconds
                 HDIFF completed...       0.0398 seconds
              DECOUPLE completed...       0.0047 seconds
                  PHOT completed...       0.0720 seconds
               CLDPROC completed...       0.0282 seconds
                  CHEM completed...       0.5390 seconds
                  AERO completed...       0.2653 seconds
            Master Time Step
            Processing completed...       4.4425 seconds

     Processing Day/Time [YYYYDDD:HHMMSS]: 2022183:125500
       Which is Equivalent to (UTC): 12:55:00 Saturday,  July 2, 2022
       Time-Step Length (HHMMSS): 000500
                 VDIFF completed...       4.3078 seconds
                COUPLE completed...       0.0055 seconds
                  HADV completed...       0.1401 seconds
                  ZADV completed...       0.0360 seconds
                 HDIFF completed...       0.0145 seconds
              DECOUPLE completed...       0.0045 seconds
                  PHOT completed...       0.0662 seconds
               CLDPROC completed...       0.0912 seconds
                  CHEM completed...       0.5459 seconds
                  AERO completed...       0.2555 seconds
            Master Time Step
            Processing completed...       5.4675 seconds

      =--> Data Output completed...       0.1108 seconds

     Processing Day/Time [YYYYDDD:HHMMSS]: 2022183:130000
       Which is Equivalent to (UTC): 13:00:00 Saturday,  July 2, 2022
       Time-Step Length (HHMMSS): 000500
                 VDIFF completed...       1.3324 seconds
                COUPLE completed...       0.0044 seconds
                  HADV completed...       4.5242 seconds
                  ZADV completed...       0.0394 seconds
                 HDIFF completed...       0.0623 seconds
              DECOUPLE completed...       0.0049 seconds
                  PHOT completed...       0.1560 seconds
               CLDPROC completed...       0.1525 seconds
                  CHEM completed...       0.5898 seconds
                  AERO completed...       0.4425 seconds
            Master Time Step
            Processing completed...       7.3086 seconds

     Processing Day/Time [YYYYDDD:HHMMSS]: 2022183:130500
       Which is Equivalent to (UTC): 13:05:00 Saturday,  July 2, 2022
       Time-Step Length (HHMMSS): 000500
                 VDIFF completed...       6.3071 seconds
                COUPLE completed...       0.0044 seconds
                  HADV completed...       0.7008 seconds
                  ZADV completed...       0.0362 seconds
                 HDIFF completed...       0.0608 seconds
              DECOUPLE completed...       0.0045 seconds
                  PHOT completed...       0.0716 seconds
               CLDPROC completed...       0.0597 seconds
                  CHEM completed...       0.5712 seconds
                  AERO completed...       0.2573 seconds
            Master Time Step
            Processing completed...       8.0740 seconds

     Processing Day/Time [YYYYDDD:HHMMSS]: 2022183:131000
       Which is Equivalent to (UTC): 13:10:00 Saturday,  July 2, 2022
       Time-Step Length (HHMMSS): 000500
                 VDIFF completed...       0.2643 seconds
                COUPLE completed...       0.0044 seconds
                  HADV completed...       4.0803 seconds
                  ZADV completed...       0.0384 seconds
                 HDIFF completed...       0.0401 seconds
              DECOUPLE completed...       0.0045 seconds
                  PHOT completed...       0.1090 seconds
               CLDPROC completed...       0.1318 seconds
                  CHEM completed...       0.6140 seconds
                  AERO completed...       0.3902 seconds
            Master Time Step
            Processing completed...       5.6772 seconds

     Processing Day/Time [YYYYDDD:HHMMSS]: 2022183:131500
       Which is Equivalent to (UTC): 13:15:00 Saturday,  July 2, 2022
       Time-Step Length (HHMMSS): 000500
                 VDIFF completed...       6.3861 seconds
                COUPLE completed...       0.0045 seconds
                  HADV completed...       0.6479 seconds
                  ZADV completed...       0.0361 seconds
                 HDIFF completed...       0.0239 seconds
              DECOUPLE completed...       0.0046 seconds
                  PHOT completed...       0.0956 seconds
               CLDPROC completed...       0.0565 seconds
                  CHEM completed...       0.5839 seconds
                  AERO completed...       0.2684 seconds
            Master Time Step
            Processing completed...       8.1076 seconds

     Processing Day/Time [YYYYDDD:HHMMSS]: 2022183:132000
       Which is Equivalent to (UTC): 13:20:00 Saturday,  July 2, 2022
       Time-Step Length (HHMMSS): 000500
                 VDIFF completed...       0.1837 seconds
                COUPLE completed...       0.0045 seconds
                  HADV completed...       4.2735 seconds
                  ZADV completed...       0.0376 seconds
                 HDIFF completed...       0.0102 seconds
              DECOUPLE completed...       0.0046 seconds
                  PHOT completed...       0.0948 seconds
               CLDPROC completed...       0.1309 seconds
                  CHEM completed...       0.6050 seconds
                  AERO completed...       0.4288 seconds
            Master Time Step
            Processing completed...       5.7741 seconds

     Processing Day/Time [YYYYDDD:HHMMSS]: 2022183:132500
       Which is Equivalent to (UTC): 13:25:00 Saturday,  July 2, 2022
       Time-Step Length (HHMMSS): 000500
                 VDIFF completed...       4.0134 seconds
                COUPLE completed...       0.0044 seconds
                  HADV completed...       1.5126 seconds
                  ZADV completed...       0.0354 seconds
                 HDIFF completed...       0.0478 seconds
              DECOUPLE completed...       0.0048 seconds
                  PHOT completed...       0.0967 seconds
               CLDPROC completed...       0.0867 seconds
                  CHEM completed...       0.6033 seconds
                  AERO completed...       0.2537 seconds
            Master Time Step
            Processing completed...       6.6591 seconds

     Processing Day/Time [YYYYDDD:HHMMSS]: 2022183:133000
       Which is Equivalent to (UTC): 13:30:00 Saturday,  July 2, 2022
       Time-Step Length (HHMMSS): 000500
                 VDIFF completed...       0.1996 seconds
                COUPLE completed...       0.0044 seconds
                  HADV completed...       7.2833 seconds
                  ZADV completed...       0.0378 seconds
                 HDIFF completed...       0.1593 seconds
              DECOUPLE completed...       0.0046 seconds
                  PHOT completed...       0.0953 seconds
               CLDPROC completed...       0.1176 seconds
                  CHEM completed...       0.6050 seconds
                  AERO completed...       0.3289 seconds
            Master Time Step
            Processing completed...       8.8361 seconds

     Processing Day/Time [YYYYDDD:HHMMSS]: 2022183:133500
       Which is Equivalent to (UTC): 13:35:00 Saturday,  July 2, 2022
       Time-Step Length (HHMMSS): 000500
                 VDIFF completed...       6.5829 seconds
                COUPLE completed...       0.0062 seconds
                  HADV completed...       0.4715 seconds
                  ZADV completed...       0.0348 seconds
                 HDIFF completed...       0.0130 seconds
              DECOUPLE completed...       0.0046 seconds
                  PHOT completed...       0.0894 seconds
               CLDPROC completed...       0.0719 seconds
                  CHEM completed...       0.6272 seconds
                  AERO completed...       0.2722 seconds
            Master Time Step
            Processing completed...       8.1741 seconds

     Processing Day/Time [YYYYDDD:HHMMSS]: 2022183:134000
       Which is Equivalent to (UTC): 13:40:00 Saturday,  July 2, 2022
       Time-Step Length (HHMMSS): 000500
                 VDIFF completed...       0.1772 seconds
                COUPLE completed...       0.0044 seconds
                  HADV completed...       7.0912 seconds
                  ZADV completed...       0.0359 seconds
                 HDIFF completed...       0.0515 seconds
              DECOUPLE completed...       0.0045 seconds
                  PHOT completed...       0.1186 seconds
               CLDPROC completed...       0.1761 seconds
                  CHEM completed...       0.6406 seconds
                  AERO completed...       0.3463 seconds
            Master Time Step
            Processing completed...       8.6466 seconds

     Processing Day/Time [YYYYDDD:HHMMSS]: 2022183:134500
       Which is Equivalent to (UTC): 13:45:00 Saturday,  July 2, 2022
       Time-Step Length (HHMMSS): 000500
                 VDIFF completed...       6.7405 seconds
                COUPLE completed...       0.0044 seconds
                  HADV completed...       0.6808 seconds
                  ZADV completed...       0.0357 seconds
                 HDIFF completed...       0.0420 seconds
              DECOUPLE completed...       0.0045 seconds
                  PHOT completed...       0.0825 seconds
               CLDPROC completed...       0.0589 seconds
                  CHEM completed...       0.6529 seconds
                  AERO completed...       0.2759 seconds
            Master Time Step
            Processing completed...       8.5784 seconds

     Processing Day/Time [YYYYDDD:HHMMSS]: 2022183:135000
       Which is Equivalent to (UTC): 13:50:00 Saturday,  July 2, 2022
       Time-Step Length (HHMMSS): 000500
                 VDIFF completed...       0.3318 seconds
                COUPLE completed...       0.0044 seconds
                  HADV completed...       6.9947 seconds
                  ZADV completed...       0.0354 seconds
                 HDIFF completed...       0.0314 seconds
              DECOUPLE completed...       0.0045 seconds
                  PHOT completed...       0.0878 seconds
               CLDPROC completed...       0.1674 seconds
                  CHEM completed...       0.6657 seconds
                  AERO completed...       0.3440 seconds
            Master Time Step
            Processing completed...       8.6673 seconds

     Processing Day/Time [YYYYDDD:HHMMSS]: 2022183:135500
       Which is Equivalent to (UTC): 13:55:00 Saturday,  July 2, 2022
       Time-Step Length (HHMMSS): 000500
                 VDIFF completed...       5.1227 seconds
                COUPLE completed...       0.0062 seconds
                  HADV completed...       0.3271 seconds
                  ZADV completed...       0.0375 seconds
                 HDIFF completed...       0.0488 seconds
              DECOUPLE completed...       0.0046 seconds
                  PHOT completed...       0.0896 seconds
               CLDPROC completed...       0.1251 seconds
                  CHEM completed...       0.6688 seconds
                  AERO completed...       0.2763 seconds
            Master Time Step
            Processing completed...       6.7072 seconds

      =--> Data Output completed...       0.1505 seconds

     Processing Day/Time [YYYYDDD:HHMMSS]: 2022183:140000
       Which is Equivalent to (UTC): 14:00:00 Saturday,  July 2, 2022
       Time-Step Length (HHMMSS): 000500
                 VDIFF completed...       1.3150 seconds
                COUPLE completed...       0.0044 seconds
                  HADV completed...       6.0474 seconds
                  ZADV completed...       0.0383 seconds
                 HDIFF completed...       0.0502 seconds
              DECOUPLE completed...       0.0045 seconds
                  PHOT completed...       0.1633 seconds
               CLDPROC completed...       0.1645 seconds
                  CHEM completed...       0.7175 seconds
                  AERO completed...       0.3832 seconds
            Master Time Step
            Processing completed...       8.8886 seconds

     Processing Day/Time [YYYYDDD:HHMMSS]: 2022183:140500
       Which is Equivalent to (UTC): 14:05:00 Saturday,  July 2, 2022
       Time-Step Length (HHMMSS): 000500
                 VDIFF completed...       6.9635 seconds
                COUPLE completed...       0.0046 seconds
                  HADV completed...       0.5018 seconds
                  ZADV completed...       0.0351 seconds
                 HDIFF completed...       0.0428 seconds
              DECOUPLE completed...       0.0046 seconds
                  PHOT completed...       0.0744 seconds
               CLDPROC completed...       0.0474 seconds
                  CHEM completed...       0.6615 seconds
                  AERO completed...       0.2659 seconds
            Master Time Step
            Processing completed...       8.6018 seconds

     Processing Day/Time [YYYYDDD:HHMMSS]: 2022183:141000
       Which is Equivalent to (UTC): 14:10:00 Saturday,  July 2, 2022
       Time-Step Length (HHMMSS): 000500
                 VDIFF completed...       0.1756 seconds
                COUPLE completed...       0.0044 seconds
                  HADV completed...       6.4580 seconds
                  ZADV completed...       0.0359 seconds
                 HDIFF completed...       0.0106 seconds
              DECOUPLE completed...       0.0045 seconds
                  PHOT completed...       0.1370 seconds
               CLDPROC completed...       0.1521 seconds
                  CHEM completed...       0.6684 seconds
                  AERO completed...       0.2523 seconds
            Master Time Step
            Processing completed...       7.8989 seconds

     Processing Day/Time [YYYYDDD:HHMMSS]: 2022183:141500
       Which is Equivalent to (UTC): 14:15:00 Saturday,  July 2, 2022
       Time-Step Length (HHMMSS): 000500
                 VDIFF completed...       0.5008 seconds
                COUPLE completed...       0.0044 seconds
                  HADV completed...       0.9834 seconds
                  ZADV completed...       0.0341 seconds
                 HDIFF completed...       0.0173 seconds
              DECOUPLE completed...       0.0045 seconds
                  PHOT completed...       0.0659 seconds
               CLDPROC completed...       0.0755 seconds
                  CHEM completed...       0.6644 seconds
                  AERO completed...       0.2715 seconds
            Master Time Step
            Processing completed...       2.6220 seconds

     Processing Day/Time [YYYYDDD:HHMMSS]: 2022183:142000
       Which is Equivalent to (UTC): 14:20:00 Saturday,  July 2, 2022
       Time-Step Length (HHMMSS): 000500
                 VDIFF completed...       0.9020 seconds
                COUPLE completed...       0.0044 seconds
                  HADV completed...       4.5574 seconds
                  ZADV completed...       0.0347 seconds
                 HDIFF completed...       0.0376 seconds
              DECOUPLE completed...       0.0045 seconds
                  PHOT completed...       0.1812 seconds
               CLDPROC completed...       0.1346 seconds
                  CHEM completed...       0.6655 seconds
                  AERO completed...       0.2646 seconds
            Master Time Step
            Processing completed...       6.7868 seconds

     Processing Day/Time [YYYYDDD:HHMMSS]: 2022183:142500
       Which is Equivalent to (UTC): 14:25:00 Saturday,  July 2, 2022
       Time-Step Length (HHMMSS): 000500
                 VDIFF completed...       0.2154 seconds
                COUPLE completed...       0.0044 seconds
                  HADV completed...       2.0613 seconds
                  ZADV completed...       0.0356 seconds
                 HDIFF completed...       0.0232 seconds
              DECOUPLE completed...       0.0046 seconds
                  PHOT completed...       0.0849 seconds
               CLDPROC completed...       0.0578 seconds
                  CHEM completed...       0.6681 seconds
                  AERO completed...       0.2527 seconds
            Master Time Step
            Processing completed...       3.4081 seconds

     Processing Day/Time [YYYYDDD:HHMMSS]: 2022183:143000
       Which is Equivalent to (UTC): 14:30:00 Saturday,  July 2, 2022
       Time-Step Length (HHMMSS): 000500
                 VDIFF completed...       3.3586 seconds
                COUPLE completed...       0.0044 seconds
                  HADV completed...       0.0986 seconds
                  ZADV completed...       0.0340 seconds
                 HDIFF completed...       0.0116 seconds
              DECOUPLE completed...       0.0045 seconds
                  PHOT completed...       0.0650 seconds
               CLDPROC completed...       0.0444 seconds
                  CHEM completed...       0.6644 seconds
                  AERO completed...       0.2553 seconds
            Master Time Step
            Processing completed...       4.5409 seconds

     Processing Day/Time [YYYYDDD:HHMMSS]: 2022183:143500
       Which is Equivalent to (UTC): 14:35:00 Saturday,  July 2, 2022
       Time-Step Length (HHMMSS): 000500
                 VDIFF completed...       0.1794 seconds
                COUPLE completed...       0.0044 seconds
                  HADV completed...       4.9587 seconds
                  ZADV completed...       0.0339 seconds
                 HDIFF completed...       0.0212 seconds
              DECOUPLE completed...       0.0045 seconds
                  PHOT completed...       0.0658 seconds
               CLDPROC completed...       0.0439 seconds
                  CHEM completed...       0.6666 seconds
                  AERO completed...       0.2550 seconds
            Master Time Step
            Processing completed...       6.2336 seconds

     Processing Day/Time [YYYYDDD:HHMMSS]: 2022183:144000
       Which is Equivalent to (UTC): 14:40:00 Saturday,  July 2, 2022
       Time-Step Length (HHMMSS): 000500
                 VDIFF completed...       0.4030 seconds
                COUPLE completed...       0.0044 seconds
                  HADV completed...       2.9188 seconds
                  ZADV completed...       0.0339 seconds
                 HDIFF completed...       0.0104 seconds
              DECOUPLE completed...       0.0045 seconds
                  PHOT completed...       0.0650 seconds
               CLDPROC completed...       0.0440 seconds
                  CHEM completed...       0.6713 seconds
                  AERO completed...       0.2525 seconds
            Master Time Step
            Processing completed...       4.4081 seconds

     Processing Day/Time [YYYYDDD:HHMMSS]: 2022183:144500
       Which is Equivalent to (UTC): 14:45:00 Saturday,  July 2, 2022
       Time-Step Length (HHMMSS): 000500
                 VDIFF completed...       4.4913 seconds
                COUPLE completed...       0.0056 seconds
                  HADV completed...       0.2176 seconds
                  ZADV completed...       0.0343 seconds
                 HDIFF completed...       0.0294 seconds
              DECOUPLE completed...       0.0045 seconds
                  PHOT completed...       0.1414 seconds
               CLDPROC completed...       0.1124 seconds
                  CHEM completed...       0.6772 seconds
                  AERO completed...       0.2647 seconds
            Master Time Step
            Processing completed...       5.9788 seconds

     Processing Day/Time [YYYYDDD:HHMMSS]: 2022183:145000
       Which is Equivalent to (UTC): 14:50:00 Saturday,  July 2, 2022
       Time-Step Length (HHMMSS): 000500
                 VDIFF completed...       0.1791 seconds
                COUPLE completed...       0.0044 seconds
                  HADV completed...       3.5837 seconds
                  ZADV completed...       0.0348 seconds
                 HDIFF completed...       0.0118 seconds
              DECOUPLE completed...       0.0048 seconds
                  PHOT completed...       0.0645 seconds
               CLDPROC completed...       0.0415 seconds
                  CHEM completed...       0.6735 seconds
                  AERO completed...       0.2598 seconds
            Master Time Step
            Processing completed...       4.8580 seconds

     Processing Day/Time [YYYYDDD:HHMMSS]: 2022183:145500
       Which is Equivalent to (UTC): 14:55:00 Saturday,  July 2, 2022
       Time-Step Length (HHMMSS): 000500
                 VDIFF completed...       3.3546 seconds
                COUPLE completed...       0.0044 seconds
                  HADV completed...       0.1438 seconds
                  ZADV completed...       0.0344 seconds
                 HDIFF completed...       0.0117 seconds
              DECOUPLE completed...       0.0045 seconds
                  PHOT completed...       0.0639 seconds
               CLDPROC completed...       0.0824 seconds
                  CHEM completed...       0.6715 seconds
                  AERO completed...       0.2519 seconds
            Master Time Step
            Processing completed...       4.6234 seconds

      =--> Data Output completed...       0.1143 seconds

     Processing Day/Time [YYYYDDD:HHMMSS]: 2022183:150000
       Which is Equivalent to (UTC): 15:00:00 Saturday,  July 2, 2022
       Time-Step Length (HHMMSS): 000500
                 VDIFF completed...       1.3981 seconds
                COUPLE completed...       0.0044 seconds
                  HADV completed...       4.6839 seconds
                  ZADV completed...       0.0363 seconds
                 HDIFF completed...       0.0627 seconds
              DECOUPLE completed...       0.0046 seconds
                  PHOT completed...       0.0890 seconds
               CLDPROC completed...       0.1492 seconds
                  CHEM completed...       0.7313 seconds
                  AERO completed...       0.3261 seconds
            Master Time Step
            Processing completed...       7.4859 seconds

     Processing Day/Time [YYYYDDD:HHMMSS]: 2022183:150500
       Which is Equivalent to (UTC): 15:05:00 Saturday,  July 2, 2022
       Time-Step Length (HHMMSS): 000500
                 VDIFF completed...       6.8688 seconds
                COUPLE completed...       0.0062 seconds
                  HADV completed...       0.6480 seconds
                  ZADV completed...       0.0357 seconds
                 HDIFF completed...       0.0455 seconds
              DECOUPLE completed...       0.0045 seconds
                  PHOT completed...       0.1440 seconds
               CLDPROC completed...       0.1366 seconds
                  CHEM completed...       0.6903 seconds
                  AERO completed...       0.2679 seconds
            Master Time Step
            Processing completed...       8.8480 seconds

     Processing Day/Time [YYYYDDD:HHMMSS]: 2022183:151000
       Which is Equivalent to (UTC): 15:10:00 Saturday,  July 2, 2022
       Time-Step Length (HHMMSS): 000500
                 VDIFF completed...       0.1995 seconds
                COUPLE completed...       0.0045 seconds
                  HADV completed...       3.6466 seconds
                  ZADV completed...       0.0350 seconds
                 HDIFF completed...       0.0338 seconds
              DECOUPLE completed...       0.0045 seconds
                  PHOT completed...       0.0805 seconds
               CLDPROC completed...       0.1148 seconds
                  CHEM completed...       0.6874 seconds
                  AERO completed...       0.2696 seconds
            Master Time Step
            Processing completed...       5.0763 seconds

     Processing Day/Time [YYYYDDD:HHMMSS]: 2022183:151500
       Which is Equivalent to (UTC): 15:15:00 Saturday,  July 2, 2022
       Time-Step Length (HHMMSS): 000500
                 VDIFF completed...       0.5637 seconds
                COUPLE completed...       0.0045 seconds
                  HADV completed...       5.4425 seconds
                  ZADV completed...       0.0345 seconds
                 HDIFF completed...       0.0374 seconds
              DECOUPLE completed...       0.0045 seconds
                  PHOT completed...       0.1312 seconds
               CLDPROC completed...       0.0657 seconds
                  CHEM completed...       0.6925 seconds
                  AERO completed...       0.3715 seconds
            Master Time Step
            Processing completed...       7.3482 seconds

     Processing Day/Time [YYYYDDD:HHMMSS]: 2022183:152000
       Which is Equivalent to (UTC): 15:20:00 Saturday,  July 2, 2022
       Time-Step Length (HHMMSS): 000500
                 VDIFF completed...       0.2234 seconds
                COUPLE completed...       0.0044 seconds
                  HADV completed...       3.7753 seconds
                  ZADV completed...       0.0358 seconds
                 HDIFF completed...       0.0126 seconds
              DECOUPLE completed...       0.0045 seconds
                  PHOT completed...       0.0636 seconds
               CLDPROC completed...       0.0450 seconds
                  CHEM completed...       0.6838 seconds
                  AERO completed...       0.2559 seconds
            Master Time Step
            Processing completed...       5.1045 seconds

     Processing Day/Time [YYYYDDD:HHMMSS]: 2022183:152500
       Which is Equivalent to (UTC): 15:25:00 Saturday,  July 2, 2022
       Time-Step Length (HHMMSS): 000500
                 VDIFF completed...       2.8592 seconds
                COUPLE completed...       0.0045 seconds
                  HADV completed...       0.1086 seconds
                  ZADV completed...       0.0348 seconds
                 HDIFF completed...       0.0126 seconds
              DECOUPLE completed...       0.0045 seconds
                  PHOT completed...       0.0646 seconds
               CLDPROC completed...       0.0427 seconds
                  CHEM completed...       0.6821 seconds
                  AERO completed...       0.2711 seconds
            Master Time Step
            Processing completed...       4.0850 seconds

     Processing Day/Time [YYYYDDD:HHMMSS]: 2022183:153000
       Which is Equivalent to (UTC): 15:30:00 Saturday,  July 2, 2022
       Time-Step Length (HHMMSS): 000500
                 VDIFF completed...       2.4640 seconds
                COUPLE completed...       0.0045 seconds
                  HADV completed...       0.2857 seconds
                  ZADV completed...       0.0343 seconds
                 HDIFF completed...       0.0475 seconds
              DECOUPLE completed...       0.0045 seconds
                  PHOT completed...       0.0771 seconds
               CLDPROC completed...       0.0457 seconds
                  CHEM completed...       0.6883 seconds
                  AERO completed...       0.2670 seconds
            Master Time Step
            Processing completed...       3.9189 seconds

     Processing Day/Time [YYYYDDD:HHMMSS]: 2022183:153500
       Which is Equivalent to (UTC): 15:35:00 Saturday,  July 2, 2022
       Time-Step Length (HHMMSS): 000500
                 VDIFF completed...       1.4122 seconds
                COUPLE completed...       0.0044 seconds
                  HADV completed...       2.4612 seconds
                  ZADV completed...       0.0347 seconds
                 HDIFF completed...       0.0135 seconds
              DECOUPLE completed...       0.0045 seconds
                  PHOT completed...       0.0654 seconds
               CLDPROC completed...       0.0433 seconds
                  CHEM completed...       0.6813 seconds
                  AERO completed...       0.2622 seconds
            Master Time Step
            Processing completed...       4.9829 seconds

     Processing Day/Time [YYYYDDD:HHMMSS]: 2022183:154000
       Which is Equivalent to (UTC): 15:40:00 Saturday,  July 2, 2022
       Time-Step Length (HHMMSS): 000500
                 VDIFF completed...       0.6799 seconds
                COUPLE completed...       0.0044 seconds
                  HADV completed...       1.8243 seconds
                  ZADV completed...       0.0352 seconds
                 HDIFF completed...       0.0294 seconds
              DECOUPLE completed...       0.0049 seconds
                  PHOT completed...       0.1262 seconds
               CLDPROC completed...       0.0916 seconds
                  CHEM completed...       0.6877 seconds
                  AERO completed...       0.2647 seconds
            Master Time Step
            Processing completed...       3.7485 seconds

     Processing Day/Time [YYYYDDD:HHMMSS]: 2022183:154500
       Which is Equivalent to (UTC): 15:45:00 Saturday,  July 2, 2022
       Time-Step Length (HHMMSS): 000500
                 VDIFF completed...       1.3929 seconds
                COUPLE completed...       0.0044 seconds
                  HADV completed...       1.2566 seconds
                  ZADV completed...       0.0355 seconds
                 HDIFF completed...       0.0114 seconds
              DECOUPLE completed...       0.0045 seconds
                  PHOT completed...       0.0647 seconds
               CLDPROC completed...       0.0415 seconds
                  CHEM completed...       0.6801 seconds
                  AERO completed...       0.2656 seconds
            Master Time Step
            Processing completed...       3.7576 seconds

     Processing Day/Time [YYYYDDD:HHMMSS]: 2022183:155000
       Which is Equivalent to (UTC): 15:50:00 Saturday,  July 2, 2022
       Time-Step Length (HHMMSS): 000500
                 VDIFF completed...       0.8581 seconds
                COUPLE completed...       0.0044 seconds
                  HADV completed...       1.4196 seconds
                  ZADV completed...       0.0347 seconds
                 HDIFF completed...       0.0108 seconds
              DECOUPLE completed...       0.0045 seconds
                  PHOT completed...       0.0635 seconds
               CLDPROC completed...       0.0434 seconds
                  CHEM completed...       0.6771 seconds
                  AERO completed...       0.2639 seconds
            Master Time Step
            Processing completed...       3.3800 seconds

     Processing Day/Time [YYYYDDD:HHMMSS]: 2022183:155500
       Which is Equivalent to (UTC): 15:55:00 Saturday,  July 2, 2022
       Time-Step Length (HHMMSS): 000500
                 VDIFF completed...       1.8809 seconds
                COUPLE completed...       0.0046 seconds
                  HADV completed...       0.1136 seconds
                  ZADV completed...       0.0350 seconds
                 HDIFF completed...       0.0106 seconds
              DECOUPLE completed...       0.0045 seconds
                  PHOT completed...       0.0649 seconds
               CLDPROC completed...       0.0693 seconds
                  CHEM completed...       0.6785 seconds
                  AERO completed...       0.2593 seconds
            Master Time Step
            Processing completed...       3.1214 seconds

      =--> Data Output completed...       0.1005 seconds

     Processing Day/Time [YYYYDDD:HHMMSS]: 2022183:160000
       Which is Equivalent to (UTC): 16:00:00 Saturday,  July 2, 2022
       Time-Step Length (HHMMSS): 000500
                 VDIFF completed...       1.5370 seconds
                COUPLE completed...       0.0067 seconds
                  HADV completed...       3.5539 seconds
                  ZADV completed...       0.0362 seconds
                 HDIFF completed...       0.0493 seconds
              DECOUPLE completed...       0.0046 seconds
                  PHOT completed...       0.1177 seconds
               CLDPROC completed...       0.1152 seconds
                  CHEM completed...       0.7472 seconds
                  AERO completed...       0.3725 seconds
            Master Time Step
            Processing completed...       6.5408 seconds

     Processing Day/Time [YYYYDDD:HHMMSS]: 2022183:160500
       Which is Equivalent to (UTC): 16:05:00 Saturday,  July 2, 2022
       Time-Step Length (HHMMSS): 000500
                 VDIFF completed...       6.4760 seconds
                COUPLE completed...       0.0061 seconds
                  HADV completed...       0.5822 seconds
                  ZADV completed...       0.0364 seconds
                 HDIFF completed...       0.0452 seconds
              DECOUPLE completed...       0.0046 seconds
                  PHOT completed...       0.1511 seconds
               CLDPROC completed...       0.1111 seconds
                  CHEM completed...       0.7209 seconds
                  AERO completed...       0.2661 seconds
            Master Time Step
            Processing completed...       8.3999 seconds

     Processing Day/Time [YYYYDDD:HHMMSS]: 2022183:161000
       Which is Equivalent to (UTC): 16:10:00 Saturday,  July 2, 2022
       Time-Step Length (HHMMSS): 000500
                 VDIFF completed...       0.2124 seconds
                COUPLE completed...       0.0044 seconds
                  HADV completed...       4.4493 seconds
                  ZADV completed...       0.0364 seconds
                 HDIFF completed...       0.0308 seconds
              DECOUPLE completed...       0.0046 seconds
                  PHOT completed...       0.0765 seconds
               CLDPROC completed...       0.0474 seconds
                  CHEM completed...       0.7102 seconds
                  AERO completed...       0.2679 seconds
            Master Time Step
            Processing completed...       5.8409 seconds

     Processing Day/Time [YYYYDDD:HHMMSS]: 2022183:161500
       Which is Equivalent to (UTC): 16:15:00 Saturday,  July 2, 2022
       Time-Step Length (HHMMSS): 000500
                 VDIFF completed...       1.2738 seconds
                COUPLE completed...       0.0045 seconds
                  HADV completed...       1.4280 seconds
                  ZADV completed...       0.0357 seconds
                 HDIFF completed...       0.0173 seconds
              DECOUPLE completed...       0.0046 seconds
                  PHOT completed...       0.0666 seconds
               CLDPROC completed...       0.1163 seconds
                  CHEM completed...       0.7106 seconds
                  AERO completed...       0.5421 seconds
            Master Time Step
            Processing completed...       4.1999 seconds

     Processing Day/Time [YYYYDDD:HHMMSS]: 2022183:162000
       Which is Equivalent to (UTC): 16:20:00 Saturday,  July 2, 2022
       Time-Step Length (HHMMSS): 000500
                 VDIFF completed...       5.3966 seconds
                COUPLE completed...       0.0047 seconds
                  HADV completed...       0.7302 seconds
                  ZADV completed...       0.0357 seconds
                 HDIFF completed...       0.0430 seconds
              DECOUPLE completed...       0.0049 seconds
                  PHOT completed...       0.1310 seconds
               CLDPROC completed...       0.0950 seconds
                  CHEM completed...       0.7111 seconds
                  AERO completed...       0.2645 seconds
            Master Time Step
            Processing completed...       7.4171 seconds

     Processing Day/Time [YYYYDDD:HHMMSS]: 2022183:162500
       Which is Equivalent to (UTC): 16:25:00 Saturday,  July 2, 2022
       Time-Step Length (HHMMSS): 000500
                 VDIFF completed...       0.6102 seconds
                COUPLE completed...       0.0045 seconds
                  HADV completed...       4.6871 seconds
                  ZADV completed...       0.0364 seconds
                 HDIFF completed...       0.0486 seconds
              DECOUPLE completed...       0.0047 seconds
                  PHOT completed...       0.0684 seconds
               CLDPROC completed...       0.0457 seconds
                  CHEM completed...       0.7106 seconds
                  AERO completed...       0.2762 seconds
            Master Time Step
            Processing completed...       6.4927 seconds

     Processing Day/Time [YYYYDDD:HHMMSS]: 2022183:163000
       Which is Equivalent to (UTC): 16:30:00 Saturday,  July 2, 2022
       Time-Step Length (HHMMSS): 000500
                 VDIFF completed...       6.3304 seconds
                COUPLE completed...       0.0044 seconds
                  HADV completed...       0.4871 seconds
                  ZADV completed...       0.0338 seconds
                 HDIFF completed...       0.0343 seconds
              DECOUPLE completed...       0.0045 seconds
                  PHOT completed...       0.0755 seconds
               CLDPROC completed...       0.0478 seconds
                  CHEM completed...       0.7153 seconds
                  AERO completed...       0.2933 seconds
            Master Time Step
            Processing completed...       8.0266 seconds

     Processing Day/Time [YYYYDDD:HHMMSS]: 2022183:163500
       Which is Equivalent to (UTC): 16:35:00 Saturday,  July 2, 2022
       Time-Step Length (HHMMSS): 000500
                 VDIFF completed...       0.2391 seconds
                COUPLE completed...       0.0044 seconds
                  HADV completed...       5.0172 seconds
                  ZADV completed...       0.0344 seconds
                 HDIFF completed...       0.0105 seconds
              DECOUPLE completed...       0.0045 seconds
                  PHOT completed...       0.0643 seconds
               CLDPROC completed...       0.1901 seconds
                  CHEM completed...       0.7125 seconds
                  AERO completed...       0.2692 seconds
            Master Time Step
            Processing completed...       6.5463 seconds

     Processing Day/Time [YYYYDDD:HHMMSS]: 2022183:164000
       Which is Equivalent to (UTC): 16:40:00 Saturday,  July 2, 2022
       Time-Step Length (HHMMSS): 000500
                 VDIFF completed...       0.7276 seconds
                COUPLE completed...       0.0044 seconds
                  HADV completed...       4.3841 seconds
                  ZADV completed...       0.0339 seconds
                 HDIFF completed...       0.0308 seconds
              DECOUPLE completed...       0.0047 seconds
                  PHOT completed...       0.1026 seconds
               CLDPROC completed...       0.1189 seconds
                  CHEM completed...       0.7128 seconds
                  AERO completed...       0.2761 seconds
            Master Time Step
            Processing completed...       6.3964 seconds

     Processing Day/Time [YYYYDDD:HHMMSS]: 2022183:164500
       Which is Equivalent to (UTC): 16:45:00 Saturday,  July 2, 2022
       Time-Step Length (HHMMSS): 000500
                 VDIFF completed...       0.2149 seconds
                COUPLE completed...       0.0044 seconds
                  HADV completed...       3.2352 seconds
                  ZADV completed...       0.0361 seconds
                 HDIFF completed...       0.0306 seconds
              DECOUPLE completed...       0.0045 seconds
                  PHOT completed...       0.0888 seconds
               CLDPROC completed...       0.0804 seconds
                  CHEM completed...       0.7118 seconds
                  AERO completed...       0.2770 seconds
            Master Time Step
            Processing completed...       4.6840 seconds

     Processing Day/Time [YYYYDDD:HHMMSS]: 2022183:165000
       Which is Equivalent to (UTC): 16:50:00 Saturday,  July 2, 2022
       Time-Step Length (HHMMSS): 000500
                 VDIFF completed...       0.9080 seconds
                COUPLE completed...       0.0044 seconds
                  HADV completed...       4.9767 seconds
                  ZADV completed...       0.0343 seconds
                 HDIFF completed...       0.0251 seconds
              DECOUPLE completed...       0.0046 seconds
                  PHOT completed...       0.1834 seconds
               CLDPROC completed...       0.1003 seconds
                  CHEM completed...       0.7157 seconds
                  AERO completed...       0.2681 seconds
            Master Time Step
            Processing completed...       7.2207 seconds

     Processing Day/Time [YYYYDDD:HHMMSS]: 2022183:165500
       Which is Equivalent to (UTC): 16:55:00 Saturday,  July 2, 2022
       Time-Step Length (HHMMSS): 000500
                 VDIFF completed...       3.4700 seconds
                COUPLE completed...       0.0044 seconds
                  HADV completed...       0.1691 seconds
                  ZADV completed...       0.0345 seconds
                 HDIFF completed...       0.0118 seconds
              DECOUPLE completed...       0.0046 seconds
                  PHOT completed...       0.0656 seconds
               CLDPROC completed...       0.1116 seconds
                  CHEM completed...       0.7177 seconds
                  AERO completed...       0.2595 seconds
            Master Time Step
            Processing completed...       4.8491 seconds

      =--> Data Output completed...       0.1740 seconds

     Processing Day/Time [YYYYDDD:HHMMSS]: 2022183:170000
       Which is Equivalent to (UTC): 17:00:00 Saturday,  July 2, 2022
       Time-Step Length (HHMMSS): 000500
                 VDIFF completed...       2.9747 seconds
                COUPLE completed...       0.0045 seconds
                  HADV completed...       3.3917 seconds
                  ZADV completed...       0.0357 seconds
                 HDIFF completed...       0.0532 seconds
              DECOUPLE completed...       0.0046 seconds
                  PHOT completed...       0.1643 seconds
               CLDPROC completed...       0.2049 seconds
                  CHEM completed...       0.7900 seconds
                  AERO completed...       0.3918 seconds
            Master Time Step
            Processing completed...       8.0162 seconds

     Processing Day/Time [YYYYDDD:HHMMSS]: 2022183:170500
       Which is Equivalent to (UTC): 17:05:00 Saturday,  July 2, 2022
       Time-Step Length (HHMMSS): 000500
                 VDIFF completed...       5.0038 seconds
                COUPLE completed...       0.0049 seconds
                  HADV completed...       0.4254 seconds
                  ZADV completed...       0.0361 seconds
                 HDIFF completed...       0.0392 seconds
              DECOUPLE completed...       0.0046 seconds
                  PHOT completed...       0.0949 seconds
               CLDPROC completed...       0.0581 seconds
                  CHEM completed...       0.7478 seconds
                  AERO completed...       0.2654 seconds
            Master Time Step
            Processing completed...       6.6805 seconds

     Processing Day/Time [YYYYDDD:HHMMSS]: 2022183:171000
       Which is Equivalent to (UTC): 17:10:00 Saturday,  July 2, 2022
       Time-Step Length (HHMMSS): 000500
                 VDIFF completed...       0.2778 seconds
                COUPLE completed...       0.0044 seconds
                  HADV completed...       7.0317 seconds
                  ZADV completed...       0.0358 seconds
                 HDIFF completed...       0.1568 seconds
              DECOUPLE completed...       0.0045 seconds
                  PHOT completed...       0.1066 seconds
               CLDPROC completed...       0.0537 seconds
                  CHEM completed...       0.7600 seconds
                  AERO completed...       0.4380 seconds
            Master Time Step
            Processing completed...       8.8695 seconds

     Processing Day/Time [YYYYDDD:HHMMSS]: 2022183:171500
       Which is Equivalent to (UTC): 17:15:00 Saturday,  July 2, 2022
       Time-Step Length (HHMMSS): 000500
                 VDIFF completed...       3.6725 seconds
                COUPLE completed...       0.0044 seconds
                  HADV completed...       0.7843 seconds
                  ZADV completed...       0.0345 seconds
                 HDIFF completed...       0.0269 seconds
              DECOUPLE completed...       0.0045 seconds
                  PHOT completed...       0.0817 seconds
               CLDPROC completed...       0.0521 seconds
                  CHEM completed...       0.7239 seconds
                  AERO completed...       0.2613 seconds
            Master Time Step
            Processing completed...       5.6463 seconds

     Processing Day/Time [YYYYDDD:HHMMSS]: 2022183:172000
       Which is Equivalent to (UTC): 17:20:00 Saturday,  July 2, 2022
       Time-Step Length (HHMMSS): 000500
                 VDIFF completed...       0.1879 seconds
                COUPLE completed...       0.0044 seconds
                  HADV completed...       4.8399 seconds
                  ZADV completed...       0.0338 seconds
                 HDIFF completed...       0.0133 seconds
              DECOUPLE completed...       0.0045 seconds
                  PHOT completed...       0.0667 seconds
               CLDPROC completed...       0.0509 seconds
                  CHEM completed...       0.7178 seconds
                  AERO completed...       0.2725 seconds
            Master Time Step
            Processing completed...       6.1920 seconds

     Processing Day/Time [YYYYDDD:HHMMSS]: 2022183:172500
       Which is Equivalent to (UTC): 17:25:00 Saturday,  July 2, 2022
       Time-Step Length (HHMMSS): 000500
                 VDIFF completed...       3.2955 seconds
                COUPLE completed...       0.0044 seconds
                  HADV completed...       0.2535 seconds
                  ZADV completed...       0.0344 seconds
                 HDIFF completed...       0.0415 seconds
              DECOUPLE completed...       0.0049 seconds
                  PHOT completed...       0.0659 seconds
               CLDPROC completed...       0.0482 seconds
                  CHEM completed...       0.7190 seconds
                  AERO completed...       0.2678 seconds
            Master Time Step
            Processing completed...       4.7353 seconds

     Processing Day/Time [YYYYDDD:HHMMSS]: 2022183:173000
       Which is Equivalent to (UTC): 17:30:00 Saturday,  July 2, 2022
       Time-Step Length (HHMMSS): 000500
                 VDIFF completed...       0.8309 seconds
                COUPLE completed...       0.0044 seconds
                  HADV completed...       4.7672 seconds
                  ZADV completed...       0.0346 seconds
                 HDIFF completed...       0.0223 seconds
              DECOUPLE completed...       0.0047 seconds
                  PHOT completed...       0.0652 seconds
               CLDPROC completed...       0.0470 seconds
                  CHEM completed...       0.7157 seconds
                  AERO completed...       0.2685 seconds
            Master Time Step
            Processing completed...       6.7606 seconds

     Processing Day/Time [YYYYDDD:HHMMSS]: 2022183:173500
       Which is Equivalent to (UTC): 17:35:00 Saturday,  July 2, 2022
       Time-Step Length (HHMMSS): 000500
                 VDIFF completed...       3.0018 seconds
                COUPLE completed...       0.0045 seconds
                  HADV completed...       0.3303 seconds
                  ZADV completed...       0.0351 seconds
                 HDIFF completed...       0.0276 seconds
              DECOUPLE completed...       0.0047 seconds
                  PHOT completed...       0.0654 seconds
               CLDPROC completed...       0.0611 seconds
                  CHEM completed...       0.7264 seconds
                  AERO completed...       0.3879 seconds
            Master Time Step
            Processing completed...       4.6452 seconds

     Processing Day/Time [YYYYDDD:HHMMSS]: 2022183:174000
       Which is Equivalent to (UTC): 17:40:00 Saturday,  July 2, 2022
       Time-Step Length (HHMMSS): 000500
                 VDIFF completed...       0.3726 seconds
                COUPLE completed...       0.0044 seconds
                  HADV completed...       4.3055 seconds
                  ZADV completed...       0.0342 seconds
                 HDIFF completed...       0.0324 seconds
              DECOUPLE completed...       0.0045 seconds
                  PHOT completed...       0.0697 seconds
               CLDPROC completed...       0.0471 seconds
                  CHEM completed...       0.7073 seconds
                  AERO completed...       0.2572 seconds
            Master Time Step
            Processing completed...       5.8351 seconds

     Processing Day/Time [YYYYDDD:HHMMSS]: 2022183:174500
       Which is Equivalent to (UTC): 17:45:00 Saturday,  July 2, 2022
       Time-Step Length (HHMMSS): 000500
                 VDIFF completed...       0.2438 seconds
                COUPLE completed...       0.0044 seconds
                  HADV completed...       3.6361 seconds
                  ZADV completed...       0.0361 seconds
                 HDIFF completed...       0.0135 seconds
              DECOUPLE completed...       0.0046 seconds
                  PHOT completed...       0.0650 seconds
               CLDPROC completed...       0.0483 seconds
                  CHEM completed...       0.7079 seconds
                  AERO completed...       0.2631 seconds
            Master Time Step
            Processing completed...       5.0230 seconds

     Processing Day/Time [YYYYDDD:HHMMSS]: 2022183:175000
       Which is Equivalent to (UTC): 17:50:00 Saturday,  July 2, 2022
       Time-Step Length (HHMMSS): 000500
                 VDIFF completed...       1.8392 seconds
                COUPLE completed...       0.0044 seconds
                  HADV completed...       0.1044 seconds
                  ZADV completed...       0.0347 seconds
                 HDIFF completed...       0.0105 seconds
              DECOUPLE completed...       0.0045 seconds
                  PHOT completed...       0.0642 seconds
               CLDPROC completed...       0.0476 seconds
                  CHEM completed...       0.7127 seconds
                  AERO completed...       0.2661 seconds
            Master Time Step
            Processing completed...       3.0884 seconds

     Processing Day/Time [YYYYDDD:HHMMSS]: 2022183:175500
       Which is Equivalent to (UTC): 17:55:00 Saturday,  July 2, 2022
       Time-Step Length (HHMMSS): 000500
                 VDIFF completed...       3.3316 seconds
                COUPLE completed...       0.0044 seconds
                  HADV completed...       0.2638 seconds
                  ZADV completed...       0.0361 seconds
                 HDIFF completed...       0.0107 seconds
              DECOUPLE completed...       0.0045 seconds
                  PHOT completed...       0.0863 seconds
               CLDPROC completed...       0.1276 seconds
                  CHEM completed...       0.7143 seconds
                  AERO completed...       0.2600 seconds
            Master Time Step
            Processing completed...       4.8399 seconds

      =--> Data Output completed...       0.1540 seconds

     Processing Day/Time [YYYYDDD:HHMMSS]: 2022183:180000
       Which is Equivalent to (UTC): 18:00:00 Saturday,  July 2, 2022
       Time-Step Length (HHMMSS): 000500
                 VDIFF completed...       3.3404 seconds
                COUPLE completed...       0.0045 seconds
                  HADV completed...       2.5538 seconds
                  ZADV completed...       0.0369 seconds
                 HDIFF completed...       0.0419 seconds
              DECOUPLE completed...       0.0047 seconds
                  PHOT completed...       0.1159 seconds
               CLDPROC completed...       0.1510 seconds
                  CHEM completed...       0.7990 seconds
                  AERO completed...       0.4211 seconds
            Master Time Step
            Processing completed...       7.4697 seconds

     Processing Day/Time [YYYYDDD:HHMMSS]: 2022183:180500
       Which is Equivalent to (UTC): 18:05:00 Saturday,  July 2, 2022
       Time-Step Length (HHMMSS): 000500
                 VDIFF completed...       3.7551 seconds
                COUPLE completed...       0.0045 seconds
                  HADV completed...       0.7007 seconds
                  ZADV completed...       0.0366 seconds
                 HDIFF completed...       0.0626 seconds
              DECOUPLE completed...       0.0046 seconds
                  PHOT completed...       0.0847 seconds
               CLDPROC completed...       0.0383 seconds
                  CHEM completed...       0.7406 seconds
                  AERO completed...       0.2673 seconds
            Master Time Step
            Processing completed...       5.6954 seconds

     Processing Day/Time [YYYYDDD:HHMMSS]: 2022183:181000
       Which is Equivalent to (UTC): 18:10:00 Saturday,  July 2, 2022
       Time-Step Length (HHMMSS): 000500
                 VDIFF completed...       0.3810 seconds
                COUPLE completed...       0.0044 seconds
                  HADV completed...       4.4417 seconds
                  ZADV completed...       0.0361 seconds
                 HDIFF completed...       0.0110 seconds
              DECOUPLE completed...       0.0046 seconds
                  PHOT completed...       0.1464 seconds
               CLDPROC completed...       0.2484 seconds
                  CHEM completed...       0.7218 seconds
                  AERO completed...       0.2699 seconds
            Master Time Step
            Processing completed...       6.2662 seconds

     Processing Day/Time [YYYYDDD:HHMMSS]: 2022183:181500
       Which is Equivalent to (UTC): 18:15:00 Saturday,  July 2, 2022
       Time-Step Length (HHMMSS): 000500
                 VDIFF completed...       3.1141 seconds
                COUPLE completed...       0.0045 seconds
                  HADV completed...       0.6530 seconds
                  ZADV completed...       0.0360 seconds
                 HDIFF completed...       0.0262 seconds
              DECOUPLE completed...       0.0048 seconds
                  PHOT completed...       0.1326 seconds
               CLDPROC completed...       0.0351 seconds
                  CHEM completed...       0.7277 seconds
                  AERO completed...       0.3863 seconds
            Master Time Step
            Processing completed...       5.1206 seconds

     Processing Day/Time [YYYYDDD:HHMMSS]: 2022183:182000
       Which is Equivalent to (UTC): 18:20:00 Saturday,  July 2, 2022
       Time-Step Length (HHMMSS): 000500
                 VDIFF completed...       0.2333 seconds
                COUPLE completed...       0.0045 seconds
                  HADV completed...       4.4458 seconds
                  ZADV completed...       0.0351 seconds
                 HDIFF completed...       0.0103 seconds
              DECOUPLE completed...       0.0047 seconds
                  PHOT completed...       0.0670 seconds
               CLDPROC completed...       0.0358 seconds
                  CHEM completed...       0.7160 seconds
                  AERO completed...       0.2642 seconds
            Master Time Step
            Processing completed...       5.8170 seconds

     Processing Day/Time [YYYYDDD:HHMMSS]: 2022183:182500
       Which is Equivalent to (UTC): 18:25:00 Saturday,  July 2, 2022
       Time-Step Length (HHMMSS): 000500
                 VDIFF completed...       3.9564 seconds
                COUPLE completed...       0.0044 seconds
                  HADV completed...       0.7050 seconds
                  ZADV completed...       0.0353 seconds
                 HDIFF completed...       0.0464 seconds
              DECOUPLE completed...       0.0045 seconds
                  PHOT completed...       0.1676 seconds
               CLDPROC completed...       0.1355 seconds
                  CHEM completed...       0.7194 seconds
                  AERO completed...       0.3849 seconds
            Master Time Step
            Processing completed...       6.1597 seconds

     Processing Day/Time [YYYYDDD:HHMMSS]: 2022183:183000
       Which is Equivalent to (UTC): 18:30:00 Saturday,  July 2, 2022
       Time-Step Length (HHMMSS): 000500
                 VDIFF completed...       0.2099 seconds
                COUPLE completed...       0.0044 seconds
                  HADV completed...       5.0797 seconds
                  ZADV completed...       0.0352 seconds
                 HDIFF completed...       0.0421 seconds
              DECOUPLE completed...       0.0045 seconds
                  PHOT completed...       0.0676 seconds
               CLDPROC completed...       0.0413 seconds
                  CHEM completed...       0.7337 seconds
                  AERO completed...       0.2748 seconds
            Master Time Step
            Processing completed...       6.4934 seconds

     Processing Day/Time [YYYYDDD:HHMMSS]: 2022183:183500
       Which is Equivalent to (UTC): 18:35:00 Saturday,  July 2, 2022
       Time-Step Length (HHMMSS): 000500
                 VDIFF completed...       5.8962 seconds
                COUPLE completed...       0.0047 seconds
                  HADV completed...       0.6510 seconds
                  ZADV completed...       0.0355 seconds
                 HDIFF completed...       0.0348 seconds
              DECOUPLE completed...       0.0046 seconds
                  PHOT completed...       0.1157 seconds
               CLDPROC completed...       0.1182 seconds
                  CHEM completed...       0.7229 seconds
                  AERO completed...       0.3806 seconds
            Master Time Step
            Processing completed...       7.9644 seconds

     Processing Day/Time [YYYYDDD:HHMMSS]: 2022183:184000
       Which is Equivalent to (UTC): 18:40:00 Saturday,  July 2, 2022
       Time-Step Length (HHMMSS): 000500
                 VDIFF completed...       0.1798 seconds
                COUPLE completed...       0.0044 seconds
                  HADV completed...       4.5481 seconds
                  ZADV completed...       0.0360 seconds
                 HDIFF completed...       0.0443 seconds
              DECOUPLE completed...       0.0045 seconds
                  PHOT completed...       0.0799 seconds
               CLDPROC completed...       0.1908 seconds
                  CHEM completed...       0.7100 seconds
                  AERO completed...       0.3191 seconds
            Master Time Step
            Processing completed...       6.1173 seconds

     Processing Day/Time [YYYYDDD:HHMMSS]: 2022183:184500
       Which is Equivalent to (UTC): 18:45:00 Saturday,  July 2, 2022
       Time-Step Length (HHMMSS): 000500
                 VDIFF completed...       1.5334 seconds
                COUPLE completed...       0.0044 seconds
                  HADV completed...       3.0751 seconds
                  ZADV completed...       0.0352 seconds
                 HDIFF completed...       0.0367 seconds
              DECOUPLE completed...       0.0046 seconds
                  PHOT completed...       0.0991 seconds
               CLDPROC completed...       0.0381 seconds
                  CHEM completed...       0.7096 seconds
                  AERO completed...       0.2714 seconds
            Master Time Step
            Processing completed...       5.8080 seconds

     Processing Day/Time [YYYYDDD:HHMMSS]: 2022183:185000
       Which is Equivalent to (UTC): 18:50:00 Saturday,  July 2, 2022
       Time-Step Length (HHMMSS): 000500
                 VDIFF completed...       0.2107 seconds
                COUPLE completed...       0.0044 seconds
                  HADV completed...       3.3413 seconds
                  ZADV completed...       0.0344 seconds
                 HDIFF completed...       0.0129 seconds
              DECOUPLE completed...       0.0045 seconds
                  PHOT completed...       0.0633 seconds
               CLDPROC completed...       0.0317 seconds
                  CHEM completed...       0.7100 seconds
                  AERO completed...       0.2654 seconds
            Master Time Step
            Processing completed...       4.6788 seconds

     Processing Day/Time [YYYYDDD:HHMMSS]: 2022183:185500
       Which is Equivalent to (UTC): 18:55:00 Saturday,  July 2, 2022
       Time-Step Length (HHMMSS): 000500
                 VDIFF completed...       3.4913 seconds
                COUPLE completed...       0.0044 seconds
                  HADV completed...       0.1039 seconds
                  ZADV completed...       0.0344 seconds
                 HDIFF completed...       0.0116 seconds
              DECOUPLE completed...       0.0045 seconds
                  PHOT completed...       0.0633 seconds
               CLDPROC completed...       0.1142 seconds
                  CHEM completed...       0.7108 seconds
                  AERO completed...       0.2703 seconds
            Master Time Step
            Processing completed...       4.8089 seconds

      =--> Data Output completed...       0.1023 seconds

     Processing Day/Time [YYYYDDD:HHMMSS]: 2022183:190000
       Which is Equivalent to (UTC): 19:00:00 Saturday,  July 2, 2022
       Time-Step Length (HHMMSS): 000500
                 VDIFF completed...       2.6879 seconds
                COUPLE completed...       0.0045 seconds
                  HADV completed...       2.6709 seconds
                  ZADV completed...       0.0347 seconds
                 HDIFF completed...       0.0334 seconds
              DECOUPLE completed...       0.0045 seconds
                  PHOT completed...       0.0850 seconds
               CLDPROC completed...       0.0278 seconds
                  CHEM completed...       0.7262 seconds
                  AERO completed...       0.2783 seconds
            Master Time Step
            Processing completed...       6.5533 seconds

     Processing Day/Time [YYYYDDD:HHMMSS]: 2022183:190500
       Which is Equivalent to (UTC): 19:05:00 Saturday,  July 2, 2022
       Time-Step Length (HHMMSS): 000500
                 VDIFF completed...       2.1853 seconds
                COUPLE completed...       0.0044 seconds
                  HADV completed...       2.6629 seconds
                  ZADV completed...       0.0346 seconds
                 HDIFF completed...       0.0176 seconds
              DECOUPLE completed...       0.0046 seconds
                  PHOT completed...       0.0741 seconds
               CLDPROC completed...       0.0602 seconds
                  CHEM completed...       0.6993 seconds
                  AERO completed...       0.4429 seconds
            Master Time Step
            Processing completed...       6.1860 seconds

     Processing Day/Time [YYYYDDD:HHMMSS]: 2022183:191000
       Which is Equivalent to (UTC): 19:10:00 Saturday,  July 2, 2022
       Time-Step Length (HHMMSS): 000500
                 VDIFF completed...       0.8813 seconds
                COUPLE completed...       0.0044 seconds
                  HADV completed...       1.5329 seconds
                  ZADV completed...       0.0350 seconds
                 HDIFF completed...       0.0604 seconds
              DECOUPLE completed...       0.0045 seconds
                  PHOT completed...       0.2474 seconds
               CLDPROC completed...       0.1430 seconds
                  CHEM completed...       0.6910 seconds
                  AERO completed...       0.2762 seconds
            Master Time Step
            Processing completed...       3.8763 seconds

     Processing Day/Time [YYYYDDD:HHMMSS]: 2022183:191500
       Which is Equivalent to (UTC): 19:15:00 Saturday,  July 2, 2022
       Time-Step Length (HHMMSS): 000500
                 VDIFF completed...       0.9722 seconds
                COUPLE completed...       0.0044 seconds
                  HADV completed...       4.2311 seconds
                  ZADV completed...       0.0347 seconds
                 HDIFF completed...       0.0380 seconds
              DECOUPLE completed...       0.0046 seconds
                  PHOT completed...       0.0790 seconds
               CLDPROC completed...       0.0271 seconds
                  CHEM completed...       0.6903 seconds
                  AERO completed...       0.2977 seconds
            Master Time Step
            Processing completed...       6.3793 seconds

     Processing Day/Time [YYYYDDD:HHMMSS]: 2022183:192000
       Which is Equivalent to (UTC): 19:20:00 Saturday,  July 2, 2022
       Time-Step Length (HHMMSS): 000500
                 VDIFF completed...       0.7079 seconds
                COUPLE completed...       0.0044 seconds
                  HADV completed...       6.1541 seconds
                  ZADV completed...       0.0372 seconds
                 HDIFF completed...       0.0465 seconds
              DECOUPLE completed...       0.0046 seconds
                  PHOT completed...       0.1792 seconds
               CLDPROC completed...       0.1651 seconds
                  CHEM completed...       0.6844 seconds
                  AERO completed...       0.3080 seconds
            Master Time Step
            Processing completed...       8.2920 seconds

     Processing Day/Time [YYYYDDD:HHMMSS]: 2022183:192500
       Which is Equivalent to (UTC): 19:25:00 Saturday,  July 2, 2022
       Time-Step Length (HHMMSS): 000500
                 VDIFF completed...       0.4550 seconds
                COUPLE completed...       0.0045 seconds
                  HADV completed...       3.3139 seconds
                  ZADV completed...       0.0347 seconds
                 HDIFF completed...       0.0266 seconds
              DECOUPLE completed...       0.0045 seconds
                  PHOT completed...       0.0647 seconds
               CLDPROC completed...       0.0426 seconds
                  CHEM completed...       0.6851 seconds
                  AERO completed...       0.3202 seconds
            Master Time Step
            Processing completed...       4.9525 seconds

     Processing Day/Time [YYYYDDD:HHMMSS]: 2022183:193000
       Which is Equivalent to (UTC): 19:30:00 Saturday,  July 2, 2022
       Time-Step Length (HHMMSS): 000500
                 VDIFF completed...       1.8620 seconds
                COUPLE completed...       0.0045 seconds
                  HADV completed...       3.4819 seconds
                  ZADV completed...       0.0355 seconds
                 HDIFF completed...       0.0459 seconds
              DECOUPLE completed...       0.0045 seconds
                  PHOT completed...       0.1409 seconds
               CLDPROC completed...       0.1276 seconds
                  CHEM completed...       0.6858 seconds
                  AERO completed...       0.3266 seconds
            Master Time Step
            Processing completed...       6.7157 seconds

     Processing Day/Time [YYYYDDD:HHMMSS]: 2022183:193500
       Which is Equivalent to (UTC): 19:35:00 Saturday,  July 2, 2022
       Time-Step Length (HHMMSS): 000500
                 VDIFF completed...       0.2418 seconds
                COUPLE completed...       0.0046 seconds
                  HADV completed...       3.9990 seconds
                  ZADV completed...       0.0349 seconds
                 HDIFF completed...       0.0339 seconds
              DECOUPLE completed...       0.0046 seconds
                  PHOT completed...       0.0654 seconds
               CLDPROC completed...       0.0456 seconds
                  CHEM completed...       0.6876 seconds
                  AERO completed...       0.2783 seconds
            Master Time Step
            Processing completed...       5.3965 seconds

     Processing Day/Time [YYYYDDD:HHMMSS]: 2022183:194000
       Which is Equivalent to (UTC): 19:40:00 Saturday,  July 2, 2022
       Time-Step Length (HHMMSS): 000500
                 VDIFF completed...       2.3693 seconds
                COUPLE completed...       0.0045 seconds
                  HADV completed...       4.1641 seconds
                  ZADV completed...       0.0334 seconds
                 HDIFF completed...       0.0103 seconds
              DECOUPLE completed...       0.0046 seconds
                  PHOT completed...       0.0639 seconds
               CLDPROC completed...       0.1465 seconds
                  CHEM completed...       0.6906 seconds
                  AERO completed...       0.3282 seconds
            Master Time Step
            Processing completed...       7.8161 seconds

     Processing Day/Time [YYYYDDD:HHMMSS]: 2022183:194500
       Which is Equivalent to (UTC): 19:45:00 Saturday,  July 2, 2022
       Time-Step Length (HHMMSS): 000500
                 VDIFF completed...       3.2708 seconds
                COUPLE completed...       0.0047 seconds
                  HADV completed...       0.6188 seconds
                  ZADV completed...       0.0346 seconds
                 HDIFF completed...       0.0497 seconds
              DECOUPLE completed...       0.0045 seconds
                  PHOT completed...       0.0826 seconds
               CLDPROC completed...       0.0340 seconds
                  CHEM completed...       0.6745 seconds
                  AERO completed...       0.2897 seconds
            Master Time Step
            Processing completed...       5.0643 seconds

     Processing Day/Time [YYYYDDD:HHMMSS]: 2022183:195000
       Which is Equivalent to (UTC): 19:50:00 Saturday,  July 2, 2022
       Time-Step Length (HHMMSS): 000500
                 VDIFF completed...       0.2962 seconds
                COUPLE completed...       0.0044 seconds
                  HADV completed...       4.3535 seconds
                  ZADV completed...       0.0337 seconds
                 HDIFF completed...       0.0170 seconds
              DECOUPLE completed...       0.0046 seconds
                  PHOT completed...       0.0644 seconds
               CLDPROC completed...       0.1347 seconds
                  CHEM completed...       0.6752 seconds
                  AERO completed...       0.3528 seconds
            Master Time Step
            Processing completed...       5.9373 seconds

     Processing Day/Time [YYYYDDD:HHMMSS]: 2022183:195500
       Which is Equivalent to (UTC): 19:55:00 Saturday,  July 2, 2022
       Time-Step Length (HHMMSS): 000500
                 VDIFF completed...       5.3817 seconds
                COUPLE completed...       0.0044 seconds
                  HADV completed...       0.6306 seconds
                  ZADV completed...       0.0336 seconds
                 HDIFF completed...       0.0392 seconds
              DECOUPLE completed...       0.0045 seconds
                  PHOT completed...       0.0761 seconds
               CLDPROC completed...       0.2154 seconds
                  CHEM completed...       0.6724 seconds
                  AERO completed...       0.2861 seconds
            Master Time Step
            Processing completed...       7.3446 seconds

      =--> Data Output completed...       0.0765 seconds

     Processing Day/Time [YYYYDDD:HHMMSS]: 2022183:200000
       Which is Equivalent to (UTC): 20:00:00 Saturday,  July 2, 2022
       Time-Step Length (HHMMSS): 000500
                 VDIFF completed...       1.3396 seconds
                COUPLE completed...       0.0044 seconds
                  HADV completed...       5.8573 seconds
                  ZADV completed...       0.0361 seconds
                 HDIFF completed...       0.0430 seconds
              DECOUPLE completed...       0.0046 seconds
                  PHOT completed...       0.1911 seconds
               CLDPROC completed...       0.1554 seconds
                  CHEM completed...       0.6849 seconds
                  AERO completed...       0.4206 seconds
            Master Time Step
            Processing completed...       8.7372 seconds

     Processing Day/Time [YYYYDDD:HHMMSS]: 2022183:200500
       Which is Equivalent to (UTC): 20:05:00 Saturday,  July 2, 2022
       Time-Step Length (HHMMSS): 000500
                 VDIFF completed...       7.1237 seconds
                COUPLE completed...       0.0061 seconds
                  HADV completed...       0.3538 seconds
                  ZADV completed...       0.0355 seconds
                 HDIFF completed...       0.0541 seconds
              DECOUPLE completed...       0.0046 seconds
                  PHOT completed...       0.0847 seconds
               CLDPROC completed...       0.0184 seconds
                  CHEM completed...       0.6553 seconds
                  AERO completed...       0.2753 seconds
            Master Time Step
            Processing completed...       8.6118 seconds

     Processing Day/Time [YYYYDDD:HHMMSS]: 2022183:201000
       Which is Equivalent to (UTC): 20:10:00 Saturday,  July 2, 2022
       Time-Step Length (HHMMSS): 000500
                 VDIFF completed...       0.2920 seconds
                COUPLE completed...       0.0044 seconds
                  HADV completed...       4.9858 seconds
                  ZADV completed...       0.0343 seconds
                 HDIFF completed...       0.0320 seconds
              DECOUPLE completed...       0.0045 seconds
                  PHOT completed...       0.0622 seconds
               CLDPROC completed...       0.0278 seconds
                  CHEM completed...       0.6477 seconds
                  AERO completed...       0.4528 seconds
            Master Time Step
            Processing completed...       6.5438 seconds

     Processing Day/Time [YYYYDDD:HHMMSS]: 2022183:201500
       Which is Equivalent to (UTC): 20:15:00 Saturday,  July 2, 2022
       Time-Step Length (HHMMSS): 000500
                 VDIFF completed...       1.6192 seconds
                COUPLE completed...       0.0051 seconds
                  HADV completed...       2.6927 seconds
                  ZADV completed...       0.0349 seconds
                 HDIFF completed...       0.0649 seconds
              DECOUPLE completed...       0.0046 seconds
                  PHOT completed...       0.2183 seconds
               CLDPROC completed...       0.1416 seconds
                  CHEM completed...       0.6485 seconds
                  AERO completed...       0.2995 seconds
            Master Time Step
            Processing completed...       5.7296 seconds

     Processing Day/Time [YYYYDDD:HHMMSS]: 2022183:202000
       Which is Equivalent to (UTC): 20:20:00 Saturday,  July 2, 2022
       Time-Step Length (HHMMSS): 000500
                 VDIFF completed...       0.2302 seconds
                COUPLE completed...       0.0044 seconds
                  HADV completed...       6.2558 seconds
                  ZADV completed...       0.0339 seconds
                 HDIFF completed...       0.0124 seconds
              DECOUPLE completed...       0.0045 seconds
                  PHOT completed...       0.0636 seconds
               CLDPROC completed...       0.0212 seconds
                  CHEM completed...       0.6484 seconds
                  AERO completed...       0.2804 seconds
            Master Time Step
            Processing completed...       7.5555 seconds

     Processing Day/Time [YYYYDDD:HHMMSS]: 2022183:202500
       Which is Equivalent to (UTC): 20:25:00 Saturday,  July 2, 2022
       Time-Step Length (HHMMSS): 000500
                 VDIFF completed...       4.2880 seconds
                COUPLE completed...       0.0044 seconds
                  HADV completed...       0.1089 seconds
                  ZADV completed...       0.0348 seconds
                 HDIFF completed...       0.0112 seconds
              DECOUPLE completed...       0.0045 seconds
                  PHOT completed...       0.0618 seconds
               CLDPROC completed...       0.0184 seconds
                  CHEM completed...       0.6427 seconds
                  AERO completed...       0.2779 seconds
            Master Time Step
            Processing completed...       5.4530 seconds

     Processing Day/Time [YYYYDDD:HHMMSS]: 2022183:203000
       Which is Equivalent to (UTC): 20:30:00 Saturday,  July 2, 2022
       Time-Step Length (HHMMSS): 000500
                 VDIFF completed...       0.8716 seconds
                COUPLE completed...       0.0044 seconds
                  HADV completed...       2.5904 seconds
                  ZADV completed...       0.0380 seconds
                 HDIFF completed...       0.0113 seconds
              DECOUPLE completed...       0.0048 seconds
                  PHOT completed...       0.0623 seconds
               CLDPROC completed...       0.0226 seconds
                  CHEM completed...       0.6390 seconds
                  AERO completed...       0.2757 seconds
            Master Time Step
            Processing completed...       4.5203 seconds

     Processing Day/Time [YYYYDDD:HHMMSS]: 2022183:203500
       Which is Equivalent to (UTC): 20:35:00 Saturday,  July 2, 2022
       Time-Step Length (HHMMSS): 000500
                 VDIFF completed...       0.3691 seconds
                COUPLE completed...       0.0044 seconds
                  HADV completed...       5.3452 seconds
                  ZADV completed...       0.0349 seconds
                 HDIFF completed...       0.0108 seconds
              DECOUPLE completed...       0.0056 seconds
                  PHOT completed...       0.0618 seconds
               CLDPROC completed...       0.0181 seconds
                  CHEM completed...       0.6348 seconds
                  AERO completed...       0.2760 seconds
            Master Time Step
            Processing completed...       6.7611 seconds

     Processing Day/Time [YYYYDDD:HHMMSS]: 2022183:204000
       Which is Equivalent to (UTC): 20:40:00 Saturday,  July 2, 2022
       Time-Step Length (HHMMSS): 000500
                 VDIFF completed...       0.3089 seconds
                COUPLE completed...       0.0044 seconds
                  HADV completed...       3.2443 seconds
                  ZADV completed...       0.0342 seconds
                 HDIFF completed...       0.0104 seconds
              DECOUPLE completed...       0.0045 seconds
                  PHOT completed...       0.0928 seconds
               CLDPROC completed...       0.0192 seconds
                  CHEM completed...       0.6347 seconds
                  AERO completed...       0.2847 seconds
            Master Time Step
            Processing completed...       4.6384 seconds

     Processing Day/Time [YYYYDDD:HHMMSS]: 2022183:204500
       Which is Equivalent to (UTC): 20:45:00 Saturday,  July 2, 2022
       Time-Step Length (HHMMSS): 000500
                 VDIFF completed...       3.7051 seconds
                COUPLE completed...       0.0045 seconds
                  HADV completed...       0.2537 seconds
                  ZADV completed...       0.0337 seconds
                 HDIFF completed...       0.0265 seconds
              DECOUPLE completed...       0.0046 seconds
                  PHOT completed...       0.0616 seconds
               CLDPROC completed...       0.0204 seconds
                  CHEM completed...       0.6286 seconds
                  AERO completed...       0.2796 seconds
            Master Time Step
            Processing completed...       5.0186 seconds

     Processing Day/Time [YYYYDDD:HHMMSS]: 2022183:205000
       Which is Equivalent to (UTC): 20:50:00 Saturday,  July 2, 2022
       Time-Step Length (HHMMSS): 000500
                 VDIFF completed...       0.2370 seconds
                COUPLE completed...       0.0046 seconds
                  HADV completed...       1.7539 seconds
                  ZADV completed...       0.0347 seconds
                 HDIFF completed...       0.0351 seconds
              DECOUPLE completed...       0.0046 seconds
                  PHOT completed...       0.0625 seconds
               CLDPROC completed...       0.0192 seconds
                  CHEM completed...       0.6280 seconds
                  AERO completed...       0.2743 seconds
            Master Time Step
            Processing completed...       3.0542 seconds

     Processing Day/Time [YYYYDDD:HHMMSS]: 2022183:205500
       Which is Equivalent to (UTC): 20:55:00 Saturday,  July 2, 2022
       Time-Step Length (HHMMSS): 000500
                 VDIFF completed...       2.8328 seconds
                COUPLE completed...       0.0046 seconds
                  HADV completed...       0.2012 seconds
                  ZADV completed...       0.0342 seconds
                 HDIFF completed...       0.0109 seconds
              DECOUPLE completed...       0.0045 seconds
                  PHOT completed...       0.0621 seconds
               CLDPROC completed...       0.0596 seconds
                  CHEM completed...       0.6238 seconds
                  AERO completed...       0.2720 seconds
            Master Time Step
            Processing completed...       4.1060 seconds

      =--> Data Output completed...       0.1548 seconds

     Processing Day/Time [YYYYDDD:HHMMSS]: 2022183:210000
       Which is Equivalent to (UTC): 21:00:00 Saturday,  July 2, 2022
       Time-Step Length (HHMMSS): 000500
                 VDIFF completed...       5.0943 seconds
                COUPLE completed...       0.0072 seconds
                  HADV completed...       0.9513 seconds
                  ZADV completed...       0.0357 seconds
                 HDIFF completed...       0.0413 seconds
              DECOUPLE completed...       0.0045 seconds
                  PHOT completed...       0.1244 seconds
               CLDPROC completed...       0.1326 seconds
                  CHEM completed...       0.6336 seconds
                  AERO completed...       0.4030 seconds
            Master Time Step
            Processing completed...       7.4286 seconds

     Processing Day/Time [YYYYDDD:HHMMSS]: 2022183:210500
       Which is Equivalent to (UTC): 21:05:00 Saturday,  July 2, 2022
       Time-Step Length (HHMMSS): 000500
                 VDIFF completed...       2.7344 seconds
                COUPLE completed...       0.0044 seconds
                  HADV completed...       2.4448 seconds
                  ZADV completed...       0.0343 seconds
                 HDIFF completed...       0.0912 seconds
              DECOUPLE completed...       0.0047 seconds
                  PHOT completed...       0.0949 seconds
               CLDPROC completed...       0.0322 seconds
                  CHEM completed...       0.6413 seconds
                  AERO completed...       0.2987 seconds
            Master Time Step
            Processing completed...       6.3812 seconds

     Processing Day/Time [YYYYDDD:HHMMSS]: 2022183:211000
       Which is Equivalent to (UTC): 21:10:00 Saturday,  July 2, 2022
       Time-Step Length (HHMMSS): 000500
                 VDIFF completed...       0.2987 seconds
                COUPLE completed...       0.0044 seconds
                  HADV completed...       4.5835 seconds
                  ZADV completed...       0.0341 seconds
                 HDIFF completed...       0.0310 seconds
              DECOUPLE completed...       0.0045 seconds
                  PHOT completed...       0.0832 seconds
               CLDPROC completed...       0.0574 seconds
                  CHEM completed...       0.6070 seconds
                  AERO completed...       0.3509 seconds
            Master Time Step
            Processing completed...       6.0550 seconds

     Processing Day/Time [YYYYDDD:HHMMSS]: 2022183:211500
       Which is Equivalent to (UTC): 21:15:00 Saturday,  July 2, 2022
       Time-Step Length (HHMMSS): 000500
                 VDIFF completed...       4.5431 seconds
                COUPLE completed...       0.0051 seconds
                  HADV completed...       0.3143 seconds
                  ZADV completed...       0.0338 seconds
                 HDIFF completed...       0.0302 seconds
              DECOUPLE completed...       0.0045 seconds
                  PHOT completed...       0.0645 seconds
               CLDPROC completed...       0.0390 seconds
                  CHEM completed...       0.6030 seconds
                  AERO completed...       0.3495 seconds
            Master Time Step
            Processing completed...       5.9873 seconds

     Processing Day/Time [YYYYDDD:HHMMSS]: 2022183:212000
       Which is Equivalent to (UTC): 21:20:00 Saturday,  July 2, 2022
       Time-Step Length (HHMMSS): 000500
                 VDIFF completed...       1.4343 seconds
                COUPLE completed...       0.0044 seconds
                  HADV completed...       1.4573 seconds
                  ZADV completed...       0.0364 seconds
                 HDIFF completed...       0.0357 seconds
              DECOUPLE completed...       0.0045 seconds
                  PHOT completed...       0.0793 seconds
               CLDPROC completed...       0.0814 seconds
                  CHEM completed...       0.6019 seconds
                  AERO completed...       0.2735 seconds
            Master Time Step
            Processing completed...       4.0088 seconds

     Processing Day/Time [YYYYDDD:HHMMSS]: 2022183:212500
       Which is Equivalent to (UTC): 21:25:00 Saturday,  July 2, 2022
       Time-Step Length (HHMMSS): 000500
                 VDIFF completed...       0.2599 seconds
                COUPLE completed...       0.0045 seconds
                  HADV completed...       2.5003 seconds
                  ZADV completed...       0.0331 seconds
                 HDIFF completed...       0.0148 seconds
              DECOUPLE completed...       0.0046 seconds
                  PHOT completed...       0.0615 seconds
               CLDPROC completed...       0.0166 seconds
                  CHEM completed...       0.5967 seconds
                  AERO completed...       0.2801 seconds
            Master Time Step
            Processing completed...       3.7723 seconds

     Processing Day/Time [YYYYDDD:HHMMSS]: 2022183:213000
       Which is Equivalent to (UTC): 21:30:00 Saturday,  July 2, 2022
       Time-Step Length (HHMMSS): 000500
                 VDIFF completed...       3.0198 seconds
                COUPLE completed...       0.0044 seconds
                  HADV completed...       0.3979 seconds
                  ZADV completed...       0.0339 seconds
                 HDIFF completed...       0.0537 seconds
              DECOUPLE completed...       0.0045 seconds
                  PHOT completed...       0.0634 seconds
               CLDPROC completed...       0.0213 seconds
                  CHEM completed...       0.5950 seconds
                  AERO completed...       0.2754 seconds
            Master Time Step
            Processing completed...       4.4696 seconds

     Processing Day/Time [YYYYDDD:HHMMSS]: 2022183:213500
       Which is Equivalent to (UTC): 21:35:00 Saturday,  July 2, 2022
       Time-Step Length (HHMMSS): 000500
                 VDIFF completed...       0.9651 seconds
                COUPLE completed...       0.0044 seconds
                  HADV completed...       3.7931 seconds
                  ZADV completed...       0.0331 seconds
                 HDIFF completed...       0.0118 seconds
              DECOUPLE completed...       0.0046 seconds
                  PHOT completed...       0.0904 seconds
               CLDPROC completed...       0.0464 seconds
                  CHEM completed...       0.5906 seconds
                  AERO completed...       0.3209 seconds
            Master Time Step
            Processing completed...       5.8606 seconds

     Processing Day/Time [YYYYDDD:HHMMSS]: 2022183:214000
       Which is Equivalent to (UTC): 21:40:00 Saturday,  July 2, 2022
       Time-Step Length (HHMMSS): 000500
                 VDIFF completed...       0.7214 seconds
                COUPLE completed...       0.0044 seconds
                  HADV completed...       2.2495 seconds
                  ZADV completed...       0.0332 seconds
                 HDIFF completed...       0.0469 seconds
              DECOUPLE completed...       0.0045 seconds
                  PHOT completed...       0.0646 seconds
               CLDPROC completed...       0.0873 seconds
                  CHEM completed...       0.6075 seconds
                  AERO completed...       0.2759 seconds
            Master Time Step
            Processing completed...       4.0956 seconds

     Processing Day/Time [YYYYDDD:HHMMSS]: 2022183:214500
       Which is Equivalent to (UTC): 21:45:00 Saturday,  July 2, 2022
       Time-Step Length (HHMMSS): 000500
                 VDIFF completed...       0.2076 seconds
                COUPLE completed...       0.0044 seconds
                  HADV completed...       2.6402 seconds
                  ZADV completed...       0.0351 seconds
                 HDIFF completed...       0.0920 seconds
              DECOUPLE completed...       0.0046 seconds
                  PHOT completed...       0.1051 seconds
               CLDPROC completed...       0.0219 seconds
                  CHEM completed...       0.5944 seconds
                  AERO completed...       0.4317 seconds
            Master Time Step
            Processing completed...       4.1371 seconds

     Processing Day/Time [YYYYDDD:HHMMSS]: 2022183:215000
       Which is Equivalent to (UTC): 21:50:00 Saturday,  July 2, 2022
       Time-Step Length (HHMMSS): 000500
                 VDIFF completed...       4.2057 seconds
                COUPLE completed...       0.0044 seconds
                  HADV completed...       0.8968 seconds
                  ZADV completed...       0.0339 seconds
                 HDIFF completed...       0.0375 seconds
              DECOUPLE completed...       0.0046 seconds
                  PHOT completed...       0.0984 seconds
               CLDPROC completed...       0.1390 seconds
                  CHEM completed...       0.5853 seconds
                  AERO completed...       0.2839 seconds
            Master Time Step
            Processing completed...       6.2897 seconds

     Processing Day/Time [YYYYDDD:HHMMSS]: 2022183:215500
       Which is Equivalent to (UTC): 21:55:00 Saturday,  July 2, 2022
       Time-Step Length (HHMMSS): 000500
                 VDIFF completed...       3.8087 seconds
                COUPLE completed...       0.0046 seconds
                  HADV completed...       0.1307 seconds
                  ZADV completed...       0.0335 seconds
                 HDIFF completed...       0.0109 seconds
              DECOUPLE completed...       0.0045 seconds
                  PHOT completed...       0.1564 seconds
               CLDPROC completed...       0.1200 seconds
                  CHEM completed...       0.5912 seconds
                  AERO completed...       0.3998 seconds
            Master Time Step
            Processing completed...       5.2605 seconds

      =--> Data Output completed...       0.0997 seconds

     Processing Day/Time [YYYYDDD:HHMMSS]: 2022183:220000
       Which is Equivalent to (UTC): 22:00:00 Saturday,  July 2, 2022
       Time-Step Length (HHMMSS): 000500
                 VDIFF completed...       1.7450 seconds
                COUPLE completed...       0.0047 seconds
                  HADV completed...       4.1653 seconds
                  ZADV completed...       0.0349 seconds
                 HDIFF completed...       0.0622 seconds
              DECOUPLE completed...       0.0045 seconds
                  PHOT completed...       0.1723 seconds
               CLDPROC completed...       0.1678 seconds
                  CHEM completed...       0.6137 seconds
                  AERO completed...       0.3830 seconds
            Master Time Step
            Processing completed...       7.3535 seconds

     Processing Day/Time [YYYYDDD:HHMMSS]: 2022183:220500
       Which is Equivalent to (UTC): 22:05:00 Saturday,  July 2, 2022
       Time-Step Length (HHMMSS): 000500
                 VDIFF completed...       5.4067 seconds
                COUPLE completed...       0.0048 seconds
                  HADV completed...       0.5249 seconds
                  ZADV completed...       0.0376 seconds
                 HDIFF completed...       0.0440 seconds
              DECOUPLE completed...       0.0046 seconds
                  PHOT completed...       0.1205 seconds
               CLDPROC completed...       0.0187 seconds
                  CHEM completed...       0.5812 seconds
                  AERO completed...       0.2887 seconds
            Master Time Step
            Processing completed...       7.0319 seconds

     Processing Day/Time [YYYYDDD:HHMMSS]: 2022183:221000
       Which is Equivalent to (UTC): 22:10:00 Saturday,  July 2, 2022
       Time-Step Length (HHMMSS): 000500
                 VDIFF completed...       0.4058 seconds
                COUPLE completed...       0.0045 seconds
                  HADV completed...       3.4709 seconds
                  ZADV completed...       0.0344 seconds
                 HDIFF completed...       0.0387 seconds
              DECOUPLE completed...       0.0061 seconds
                  PHOT completed...       0.0622 seconds
               CLDPROC completed...       0.0150 seconds
                  CHEM completed...       0.5734 seconds
                  AERO completed...       0.3425 seconds
            Master Time Step
            Processing completed...       4.9537 seconds

     Processing Day/Time [YYYYDDD:HHMMSS]: 2022183:221500
       Which is Equivalent to (UTC): 22:15:00 Saturday,  July 2, 2022
       Time-Step Length (HHMMSS): 000500
                 VDIFF completed...       1.9776 seconds
                COUPLE completed...       0.0044 seconds
                  HADV completed...       3.2106 seconds
                  ZADV completed...       0.0347 seconds
                 HDIFF completed...       0.0317 seconds
              DECOUPLE completed...       0.0045 seconds
                  PHOT completed...       0.0641 seconds
               CLDPROC completed...       0.0147 seconds
                  CHEM completed...       0.5729 seconds
                  AERO completed...       0.2740 seconds
            Master Time Step
            Processing completed...       6.1894 seconds

     Processing Day/Time [YYYYDDD:HHMMSS]: 2022183:222000
       Which is Equivalent to (UTC): 22:20:00 Saturday,  July 2, 2022
       Time-Step Length (HHMMSS): 000500
                 VDIFF completed...       0.2627 seconds
                COUPLE completed...       0.0044 seconds
                  HADV completed...       3.4992 seconds
                  ZADV completed...       0.0348 seconds
                 HDIFF completed...       0.0165 seconds
              DECOUPLE completed...       0.0046 seconds
                  PHOT completed...       0.0611 seconds
               CLDPROC completed...       0.0146 seconds
                  CHEM completed...       0.5667 seconds
                  AERO completed...       0.4357 seconds
            Master Time Step
            Processing completed...       4.9004 seconds

     Processing Day/Time [YYYYDDD:HHMMSS]: 2022183:222500
       Which is Equivalent to (UTC): 22:25:00 Saturday,  July 2, 2022
       Time-Step Length (HHMMSS): 000500
                 VDIFF completed...       4.7574 seconds
                COUPLE completed...       0.0044 seconds
                  HADV completed...       0.7733 seconds
                  ZADV completed...       0.0341 seconds
                 HDIFF completed...       0.0539 seconds
              DECOUPLE completed...       0.0045 seconds
                  PHOT completed...       0.0911 seconds
               CLDPROC completed...       0.1912 seconds
                  CHEM completed...       0.5674 seconds
                  AERO completed...       0.3453 seconds
            Master Time Step
            Processing completed...       6.8229 seconds

     Processing Day/Time [YYYYDDD:HHMMSS]: 2022183:223000
       Which is Equivalent to (UTC): 22:30:00 Saturday,  July 2, 2022
       Time-Step Length (HHMMSS): 000500
                 VDIFF completed...       0.3382 seconds
                COUPLE completed...       0.0044 seconds
                  HADV completed...       6.4044 seconds
                  ZADV completed...       0.0361 seconds
                 HDIFF completed...       0.0562 seconds
              DECOUPLE completed...       0.0047 seconds
                  PHOT completed...       0.0683 seconds
               CLDPROC completed...       0.0368 seconds
                  CHEM completed...       0.5642 seconds
                  AERO completed...       0.2854 seconds
            Master Time Step
            Processing completed...       7.7990 seconds

     Processing Day/Time [YYYYDDD:HHMMSS]: 2022183:223500
       Which is Equivalent to (UTC): 22:35:00 Saturday,  July 2, 2022
       Time-Step Length (HHMMSS): 000500
                 VDIFF completed...       2.3261 seconds
                COUPLE completed...       0.0044 seconds
                  HADV completed...       1.2620 seconds
                  ZADV completed...       0.0348 seconds
                 HDIFF completed...       0.0612 seconds
              DECOUPLE completed...       0.0045 seconds
                  PHOT completed...       0.0935 seconds
               CLDPROC completed...       0.1246 seconds
                  CHEM completed...       0.5656 seconds
                  AERO completed...       0.4077 seconds
            Master Time Step
            Processing completed...       4.8846 seconds

     Processing Day/Time [YYYYDDD:HHMMSS]: 2022183:224000
       Which is Equivalent to (UTC): 22:40:00 Saturday,  July 2, 2022
       Time-Step Length (HHMMSS): 000500
                 VDIFF completed...       0.3663 seconds
                COUPLE completed...       0.0046 seconds
                  HADV completed...       4.9643 seconds
                  ZADV completed...       0.0352 seconds
                 HDIFF completed...       0.0174 seconds
              DECOUPLE completed...       0.0046 seconds
                  PHOT completed...       0.0708 seconds
               CLDPROC completed...       0.0843 seconds
                  CHEM completed...       0.5657 seconds
                  AERO completed...       0.3320 seconds
            Master Time Step
            Processing completed...       6.4453 seconds

     Processing Day/Time [YYYYDDD:HHMMSS]: 2022183:224500
       Which is Equivalent to (UTC): 22:45:00 Saturday,  July 2, 2022
       Time-Step Length (HHMMSS): 000500
                 VDIFF completed...       6.2148 seconds
                COUPLE completed...       0.0045 seconds
                  HADV completed...       0.2858 seconds
                  ZADV completed...       0.0344 seconds
                 HDIFF completed...       0.0138 seconds
              DECOUPLE completed...       0.0045 seconds
                  PHOT completed...       0.0788 seconds
               CLDPROC completed...       0.0579 seconds
                  CHEM completed...       0.5591 seconds
                  AERO completed...       0.2821 seconds
            Master Time Step
            Processing completed...       7.5359 seconds

     Processing Day/Time [YYYYDDD:HHMMSS]: 2022183:225000
       Which is Equivalent to (UTC): 22:50:00 Saturday,  July 2, 2022
       Time-Step Length (HHMMSS): 000500
                 VDIFF completed...       0.3709 seconds
                COUPLE completed...       0.0044 seconds
                  HADV completed...       4.3888 seconds
                  ZADV completed...       0.0378 seconds
                 HDIFF completed...       0.0625 seconds
              DECOUPLE completed...       0.0045 seconds
                  PHOT completed...       0.1157 seconds
               CLDPROC completed...       0.0841 seconds
                  CHEM completed...       0.5644 seconds
                  AERO completed...       0.3267 seconds
            Master Time Step
            Processing completed...       5.9600 seconds

     Processing Day/Time [YYYYDDD:HHMMSS]: 2022183:225500
       Which is Equivalent to (UTC): 22:55:00 Saturday,  July 2, 2022
       Time-Step Length (HHMMSS): 000500
                 VDIFF completed...       5.3834 seconds
                COUPLE completed...       0.0044 seconds
                  HADV completed...       0.4625 seconds
                  ZADV completed...       0.0348 seconds
                 HDIFF completed...       0.0118 seconds
              DECOUPLE completed...       0.0046 seconds
                  PHOT completed...       0.0623 seconds
               CLDPROC completed...       0.1358 seconds
                  CHEM completed...       0.5544 seconds
                  AERO completed...       0.2721 seconds
            Master Time Step
            Processing completed...       6.9263 seconds

      =--> Data Output completed...       0.1143 seconds

     Processing Day/Time [YYYYDDD:HHMMSS]: 2022183:230000
       Which is Equivalent to (UTC): 23:00:00 Saturday,  July 2, 2022
       Time-Step Length (HHMMSS): 000500
                 VDIFF completed...       1.2347 seconds
                COUPLE completed...       0.0044 seconds
                  HADV completed...       5.5103 seconds
                  ZADV completed...       0.0361 seconds
                 HDIFF completed...       0.0661 seconds
              DECOUPLE completed...       0.0049 seconds
                  PHOT completed...       0.1690 seconds
               CLDPROC completed...       0.1500 seconds
                  CHEM completed...       0.5755 seconds
                  AERO completed...       0.4595 seconds
            Master Time Step
            Processing completed...       8.2108 seconds

     Processing Day/Time [YYYYDDD:HHMMSS]: 2022183:230500
       Which is Equivalent to (UTC): 23:05:00 Saturday,  July 2, 2022
       Time-Step Length (HHMMSS): 000500
                 VDIFF completed...       6.5244 seconds
                COUPLE completed...       0.0046 seconds
                  HADV completed...       0.5066 seconds
                  ZADV completed...       0.0363 seconds
                 HDIFF completed...       0.0447 seconds
              DECOUPLE completed...       0.0045 seconds
                  PHOT completed...       0.0818 seconds
               CLDPROC completed...       0.0142 seconds
                  CHEM completed...       0.5476 seconds
                  AERO completed...       0.2813 seconds
            Master Time Step
            Processing completed...       8.0466 seconds

     Processing Day/Time [YYYYDDD:HHMMSS]: 2022183:231000
       Which is Equivalent to (UTC): 23:10:00 Saturday,  July 2, 2022
       Time-Step Length (HHMMSS): 000500
                 VDIFF completed...       0.2856 seconds
                COUPLE completed...       0.0045 seconds
                  HADV completed...       4.2973 seconds
                  ZADV completed...       0.0373 seconds
                 HDIFF completed...       0.0254 seconds
              DECOUPLE completed...       0.0047 seconds
                  PHOT completed...       0.0716 seconds
               CLDPROC completed...       0.0154 seconds
                  CHEM completed...       0.5450 seconds
                  AERO completed...       0.2773 seconds
            Master Time Step
            Processing completed...       5.5651 seconds

     Processing Day/Time [YYYYDDD:HHMMSS]: 2022183:231500
       Which is Equivalent to (UTC): 23:15:00 Saturday,  July 2, 2022
       Time-Step Length (HHMMSS): 000500
                 VDIFF completed...       0.6717 seconds
                COUPLE completed...       0.0045 seconds
                  HADV completed...       1.0555 seconds
                  ZADV completed...       0.0348 seconds
                 HDIFF completed...       0.0129 seconds
              DECOUPLE completed...       0.0045 seconds
                  PHOT completed...       0.0630 seconds
               CLDPROC completed...       0.0773 seconds
                  CHEM completed...       0.5369 seconds
                  AERO completed...       0.2766 seconds
            Master Time Step
            Processing completed...       2.7387 seconds

     Processing Day/Time [YYYYDDD:HHMMSS]: 2022183:232000
       Which is Equivalent to (UTC): 23:20:00 Saturday,  July 2, 2022
       Time-Step Length (HHMMSS): 000500
                 VDIFF completed...       2.0904 seconds
                COUPLE completed...       0.0044 seconds
                  HADV completed...       0.5704 seconds
                  ZADV completed...       0.0349 seconds
                 HDIFF completed...       0.0106 seconds
              DECOUPLE completed...       0.0045 seconds
                  PHOT completed...       0.0619 seconds
               CLDPROC completed...       0.0142 seconds
                  CHEM completed...       0.5363 seconds
                  AERO completed...       0.2737 seconds
            Master Time Step
            Processing completed...       3.6025 seconds

     Processing Day/Time [YYYYDDD:HHMMSS]: 2022183:232500
       Which is Equivalent to (UTC): 23:25:00 Saturday,  July 2, 2022
       Time-Step Length (HHMMSS): 000500
                 VDIFF completed...       1.5339 seconds
                COUPLE completed...       0.0045 seconds
                  HADV completed...       3.9905 seconds
                  ZADV completed...       0.0348 seconds
                 HDIFF completed...       0.0319 seconds
              DECOUPLE completed...       0.0046 seconds
                  PHOT completed...       0.0638 seconds
               CLDPROC completed...       0.0170 seconds
                  CHEM completed...       0.5321 seconds
                  AERO completed...       0.2882 seconds
            Master Time Step
            Processing completed...       6.5014 seconds

     Processing Day/Time [YYYYDDD:HHMMSS]: 2022183:233000
       Which is Equivalent to (UTC): 23:30:00 Saturday,  July 2, 2022
       Time-Step Length (HHMMSS): 000500
                 VDIFF completed...       1.2902 seconds
                COUPLE completed...       0.0044 seconds
                  HADV completed...       2.4558 seconds
                  ZADV completed...       0.0355 seconds
                 HDIFF completed...       0.0339 seconds
              DECOUPLE completed...       0.0047 seconds
                  PHOT completed...       0.1195 seconds
               CLDPROC completed...       0.1508 seconds
                  CHEM completed...       0.5267 seconds
                  AERO completed...       0.2803 seconds
            Master Time Step
            Processing completed...       4.9021 seconds

     Processing Day/Time [YYYYDDD:HHMMSS]: 2022183:233500
       Which is Equivalent to (UTC): 23:35:00 Saturday,  July 2, 2022
       Time-Step Length (HHMMSS): 000500
                 VDIFF completed...       0.3324 seconds
                COUPLE completed...       0.0045 seconds
                  HADV completed...       3.7247 seconds
                  ZADV completed...       0.0355 seconds
                 HDIFF completed...       0.0183 seconds
              DECOUPLE completed...       0.0046 seconds
                  PHOT completed...       0.0631 seconds
               CLDPROC completed...       0.0884 seconds
                  CHEM completed...       0.5280 seconds
                  AERO completed...       0.4708 seconds
            Master Time Step
            Processing completed...       5.2704 seconds

     Processing Day/Time [YYYYDDD:HHMMSS]: 2022183:234000
       Which is Equivalent to (UTC): 23:40:00 Saturday,  July 2, 2022
       Time-Step Length (HHMMSS): 000500
                 VDIFF completed...       4.1617 seconds
                COUPLE completed...       0.0045 seconds
                  HADV completed...       0.5549 seconds
                  ZADV completed...       0.0351 seconds
                 HDIFF completed...       0.0422 seconds
              DECOUPLE completed...       0.0045 seconds
                  PHOT completed...       0.1592 seconds
               CLDPROC completed...       0.0565 seconds
                  CHEM completed...       0.5207 seconds
                  AERO completed...       0.2856 seconds
            Master Time Step
            Processing completed...       5.8252 seconds

     Processing Day/Time [YYYYDDD:HHMMSS]: 2022183:234500
       Which is Equivalent to (UTC): 23:45:00 Saturday,  July 2, 2022
       Time-Step Length (HHMMSS): 000500
                 VDIFF completed...       0.3064 seconds
                COUPLE completed...       0.0044 seconds
                  HADV completed...       3.2558 seconds
                  ZADV completed...       0.0353 seconds
                 HDIFF completed...       0.0174 seconds
              DECOUPLE completed...       0.0047 seconds
                  PHOT completed...       0.0653 seconds
               CLDPROC completed...       0.0661 seconds
                  CHEM completed...       0.5169 seconds
                  AERO completed...       0.2764 seconds
            Master Time Step
            Processing completed...       4.5489 seconds

     Processing Day/Time [YYYYDDD:HHMMSS]: 2022183:235000
       Which is Equivalent to (UTC): 23:50:00 Saturday,  July 2, 2022
       Time-Step Length (HHMMSS): 000500
                 VDIFF completed...       1.5459 seconds
                COUPLE completed...       0.0049 seconds
                  HADV completed...       0.1357 seconds
                  ZADV completed...       0.0349 seconds
                 HDIFF completed...       0.0125 seconds
              DECOUPLE completed...       0.0045 seconds
                  PHOT completed...       0.0609 seconds
               CLDPROC completed...       0.0124 seconds
                  CHEM completed...       0.5124 seconds
                  AERO completed...       0.2802 seconds
            Master Time Step
            Processing completed...       2.6045 seconds

     Processing Day/Time [YYYYDDD:HHMMSS]: 2022183:235500
       Which is Equivalent to (UTC): 23:55:00 Saturday,  July 2, 2022
       Time-Step Length (HHMMSS): 000500
                 VDIFF completed...       3.8386 seconds
                COUPLE completed...       0.0045 seconds
                  HADV completed...       0.1771 seconds
                  ZADV completed...       0.0347 seconds
                 HDIFF completed...       0.0170 seconds
              DECOUPLE completed...       0.0047 seconds
                  PHOT completed...       0.0609 seconds
               CLDPROC completed...       0.0979 seconds
                  CHEM completed...       0.5151 seconds
                  AERO completed...       0.2739 seconds
            Master Time Step
            Processing completed...       5.0249 seconds

      =--> Data Output completed...       0.3234 seconds



     ==============================================
     |>---   PROGRAM COMPLETED SUCCESSFULLY   ---<|
     ==============================================
     Date and time 0:00:00   July 3, 2022   (2022184:000000)

     The elapsed time for this simulation was    1783.2 seconds.

26759.551u 1334.193s 29:45.71 1573.2%	0+0k 673319008+3539928io 27831480pf+0w

CMAQ Processing of Day 20220702 Finished at Thu Aug  6 10:43:05 AM EDT 2026

\\\\\=====\\\\\=====\\\\\=====\\\\\=====/////=====/////=====/////=====/////


==================================
  ***** CMAQ TIMING REPORT *****
==================================
Start Day: 2022-07-01
End Day:   2022-07-02
Number of Simulation Days: 2
Domain Name:               SE60BENCH
Number of Grid Cells:      280000  (ROW x COL x LAY)
Number of Layers:          35
Number of Processes:       32
   All times are in seconds.

Num  Day        Wall Time
01   2022-07-01   1843.3
02   2022-07-02   1783.2
     Total Time = 3626.50
      Avg. Time = 1813.25
