Start Model Run At  Tue Aug 18 01:54:02 PM EDT 2026
Compiler is set to intel
0: Event not found.

Working Directory is /proj/ie/proj/CMAS/CMASOps2026/CMAQ_CMAS_6/openmpi_5.0.6_intel_2024/CCTM/scripts
Build Directory is /proj/ie/proj/CMAS/CMASOps2026/CMAQ_CMAS_6/openmpi_5.0.6_intel_2024/CCTM/scripts/BLD_CCTM_v6_intel
Output Directory is /work/users/l/i/lizadams/CMAQv6.0_2022_12SE1_Benchmark_2day//output_CCTM_v6_intel_Bench_2022_12SE1_intel_openmpi_1node_64pe
Log Directory is /work/users/l/i/lizadams/CMAQv6.0_2022_12SE1_Benchmark_2day//output_CCTM_v6_intel_Bench_2022_12SE1_intel_openmpi_1node_64pe/LOGS
Executable Name is CCTM_v6.exe

---CMAQ EXECUTION ID: CMAQ_CCTMv6_lizadams_20260818_175402_377126711 ---

Set up input and output files for Day 2022-07-01.

Existing Logs and Output Files for Day 2022-07-01 Will Be Deleted
rm: No match.

CMAQ Processing of Day 20220701 Began at Tue Aug 18 01:54:02 PM EDT 2026

                  CTM_APPL  |  v6_intel_Bench_2022_12SE1_intel_openmpi_1node_64pe_20220701
#================================================================================#        
#|                                                                              |#        
#|               The Community Multiscale Air Quality (CMAQ) Model              |#        
#|                                  Version 6.0_alpha1                          |#        
#|                                                                              |#        
#|                          Built and Maintained by the                         |#        
#|                        Office of Research and Development                    |#        
#|                   United States Environmental Protection Agency              |#        
#|                                                                              |#        
#|                            https://www.epa.gov/cmaq                          |#        
#|                                                                              |#        
#|       Source Code:   https://www.github.com/USEPA/cmaq/tree/master           |#        
#|       Documentation: https://www.github.com/USEPA/cmaq/tree/master/DOCS      |#        
#|                                                                              |#        
#|         The CMAQ Model is tested and released with cooperation from          |#        
#|         the Community Modeling and Analysis System (CMAS) Center via         |#        
#|         contract support. CMAS is managed by the Institute for the           |#        
#|         Environment, University of North Carolina at Chapel Hill.            |#        
#|         CMAS URL: (https://www.cmascenter.org)                               |#        
#|                                                                              |#        
#================================================================================#        
 
 
     ==================================
     |>---   INITIALIZE I/O-API   ---<|
     ==================================
                                                                     
     This program uses the EPA-AREAL/MCNC-EnvPgms/BAMS/ UNC IE       
     Models-3 I/O Applications Programming Interface, [I/O API]      
     which is built on top of the netCDF I/O library (Copyright      
     993, 1996 University Corporation for Atmospheric Research       
     Unidata Program) and the PVM parallel-programming library       
     (from Oak Ridge National Laboratory).                           
     Copyright (C) 1992-2002 MCNC,                                   
     (C) 1992-2018 Carlie J. Coats, Jr.,                             
     (C) 2003-2012 Baron Advanced Meteorological Systems, LLC, and   
     (C) 2014-2023 UNC Institute for the Environment.                
     Released under the GNU LGPL  License, version 2.1.  See URL     
                                                                     
         https://www.gnu.org/licenses/old-licenses/lgpl-2.1.html     
                                                                     
     for conditions of use.                                          
                                                                     
     ioapi-3.2: $Id: init3.F90 247 2023-03-22 15:59:19Z coats $
     netCDF version 4.8.1 of Aug 13 2026 10:00:20 $
      
 
 
     ===========================================
     |>---   ENVIRONMENT VARIABLE REPORT   ---<|
     ===========================================

     |> Grid and High-Level Model Parameters:
     +=========================================
        ---Env Variable---  |  ---Value---
      --------------------------------------------------------------------------------
                       BLD  |             (default)
                    OUTDIR  |  /work/users/l/i/lizadams/CMAQv6.0_2022_12SE1_Benchmark_2day//output_CCTM_v6_intel_Bench_2022_12SE1_intel_openmpi_1node_64pe
                 NEW_START  |           T
            IGNORE_SOILINP  |           F (default)
              EXECUTION_ID  |  CMAQ_CCTMv6_lizadams_20260818_175402_377126711
                 GRID_NAME  |  SE60BENCH
                 CTM_TSTEP  |       10000
                CTM_RUNLEN  |      240000
              CTM_PROGNAME  |  DRIVER (default)
                CTM_STDATE  |     2022182
                CTM_STTIME  |           0
               NPCOL_NPROW  |  8 8
               CTM_MAXSYNC  |         300
               CTM_MINSYNC  |          60

     |> Multiprocess control, output and error checking:
     +====================================================
        ---Env Variable---  |  ---Value---
      --------------------------------------------------------------------------------
           PRINT_PROC_TIME  |           T
               FL_ERR_STOP  |           F
              CTM_MIO_FILE  |           F (default)
                 CTM_CKSUM  |           T
          AVG_FILE_ENDTIME  |           F
             AVG_CONC_SPCS  |  ALL
                 CONC_SPCS  |  O3 NO ANO3I ANO3J NO2 NH3 ANH4I ANH4J ASO4I ASO4J
           ACONC_BLEV_ELEV  |   1 1
            CONC_BLEV_ELEV  |   1 1
           IOAPI_LOG_WRITE  |           F
                   VERTEXT  |           F
        VERTEXT_COORD_PATH  |  /proj/ie/proj/CMAS/CMASOps2026/CMAQ_CMAS_6/openmpi_5.0.6_intel_2024/CCTM/scripts/lonlat.csv
             gc_matrix_nml  |  /proj/ie/proj/CMAS/CMASOps2026/CMAQ_CMAS_6/openmpi_5.0.6_intel_2024/CCTM/scripts/BLD_CCTM_v6_intel/GC_cracmm3.nml
             ae_matrix_nml  |  /proj/ie/proj/CMAS/CMASOps2026/CMAQ_CMAS_6/openmpi_5.0.6_intel_2024/CCTM/scripts/BLD_CCTM_v6_intel/AE_cracmm3.nml
             nr_matrix_nml  |  /proj/ie/proj/CMAS/CMASOps2026/CMAQ_CMAS_6/openmpi_5.0.6_intel_2024/CCTM/scripts/BLD_CCTM_v6_intel/NR_cracmm3.nml
             tr_matrix_nml  |  /proj/ie/proj/CMAS/CMASOps2026/CMAQ_CMAS_6/openmpi_5.0.6_intel_2024/CCTM/scripts/BLD_CCTM_v6_intel/Species_Table_TR_0.nml

     |> Chemistry and Photolysis:
     +=============================
        ---Env Variable---  |  ---Value---
      --------------------------------------------------------------------------------
                      MECH  |  cracmm3
              CTM_PHOTDIAG  |           F
            AEROSOL_OPTICS  |           3

      --ATOL settings are in ppmV.--

             GEAR_MAX_ATOL  |   0.100E-06 (default)
             GEAR_MIN_ATOL  |   0.100E-08 (default)
           GEAR_CONC_FLOOR  |   0.100E-11 (default)
                 GEAR_RTOL  |   0.100E-02 (default)
                   RB_RTOL  |   0.100E-02 (default)
                   RB_ATOL  |   0.100E-06 (default)
                  CTM_PVO3  |           F

     |> Aerosols:
     +=============
        ---Env Variable---  |  ---Value---
      --------------------------------------------------------------------------------
                   AERO_MT  |  HYB
            AERO_DYN_TSTEP  |          90
             BC_AERO_M2WET  |           F
             BC_AERO_M2USE  |           T
              STM_SO4TRACK  |           F

     |> Cloud Processes:
     +====================
        ---Env Variable---  |  ---Value---
      --------------------------------------------------------------------------------
                  CLD_DIAG  |           F

     |> Air-Surface Exchange Processes:
     +===================================
        ---Env Variable---  |  ---Value---
      --------------------------------------------------------------------------------
                PX_VERSION  |           T
                CTM_ABFLUX  |           T
                CTM_MOSAIC  |           F
              CTM_SFC_HONO  |           T
               CLM_VERSION  |           F
              NOAH_VERSION  |           F
             CTM_DEPV_FILE  |           F
                CTM_HGBIDI  |           F
         CTM_BIDI_FERT_NH3  |           T
             CTM_USE_STAGE  |           T
           CTM_WBDUST_BELD  |  UNKNOWN (default)
             STAGECTRL_NML  |  /proj/ie/proj/CMAS/CMASOps2026/CMAQ_CMAS_6/openmpi_5.0.6_intel_2024/CCTM/scripts/BLD_CCTM_v6_intel/CMAQ_Control_STAGE.nml
             CTM_STAGE_P22  |           F
             CTM_STAGE_E20  |           T
             CTM_STAGE_S22  |           F

     |> Transport Processes:
     +========================
        ---Env Variable---  |  ---Value---
      --------------------------------------------------------------------------------
           VDIFF_DIAG_FILE  |           F
            SIGMA_SYNC_TOP  |   0.700E+00
              ADV_HDIV_LIM  |   0.900E+00 (default)
               CTM_ADV_CFL  |   0.950E+00
                     KZMIN  |           T
                KZU_CUSTOM  |   0.100E+01 (default)
                  CTM_WVEL  |           T
             CTM_GRAV_SETL  |           T

     |> Emissions Parameters:
     +=========================
        ---Env Variable---  |  ---Value---
      --------------------------------------------------------------------------------
             CMAQ_CTRL_NML  |  /proj/ie/proj/CMAS/CMASOps2026/CMAQ_CMAS_6/openmpi_5.0.6_intel_2024/CCTM/scripts/BLD_CCTM_v6_intel/CMAQ_Control.nml
          CMAQ_CH_CTRL_NML  |  /proj/ie/proj/CMAS/CMASOps2026/CMAQ_CMAS_6/openmpi_5.0.6_intel_2024/CCTM/scripts/BLD_CCTM_v6_intel/CMAQ_Chem_Control_cracmm3.nml
                 N_EMIS_GR  |           2
                 N_EMIS_TR  |           0 (default)
               CTM_EMISCHK  |           F
           CTM_BIOGEMIS_BE  |           T
           CTM_BIOGEMIS_MG  |           F
             USE_MEGAN_LAI  |           F (default)
              MGN_ONLN_DEP  |           F (default)
               BDSNP_MEGAN  |           F
                USE_SEGA_N  |           F
             USE_SEGA_N_EF  |           F
                 BIOG_SPRO  |  DEFAULT (default)
                B3GTS_DIAG  |           F
              CTM_MGEMDIAG  |           F (default)
            CTM_OCEAN_CHEM  |           T
               CTM_WB_DUST  |           T
             CTM_BROWN_VEG  |           T
           CTM_DUSTEM_DIAG  |           F
              CTM_SSEMDIAG  |           F
              CTM_MET_EMIS  |           F (default)
         CTM_MET_EMIS_DIAG  |           F (default)
          CTM_MET_EMIS_HUM  |           F (default)
            CTM_LNO_ONLINE  |           T
             LTNG_ASSIM_DT  |           0 (default)
             USE_LTNG_DATA  |           T
                  LTNGDIAG  |           F
                   MOLSNCG  |   0.350E+03 (default)
                   MOLSNIC  |   0.350E+03 (default)
                LNO_OPTION  |           1
                 N_EMIS_PT  |          11
                    IPVERT  |           0 (default)
             EMIS_SYM_DATE  |           F (default)

     |> Process Analysis Parameters:
     +================================
        ---Env Variable---  |  ---Value---
      --------------------------------------------------------------------------------
                CTM_PROCAN  |           F
                CTM_BUDGET  |  /work/users/l/i/lizadams/CMAQv6.0_2022_12SE1_Benchmark_2day//output_CCTM_v6_intel_Bench_2022_12SE1_intel_openmpi_1node_64pe/CCTM_BUDGET_v6_intel_Bench_2022_12SE1_intel_openmpi_1node_64pe_20220701.txt
                 MET_TSTEP  |       10000 (default)

     MET data determined based on WRF ARW version 4.4.2

 
          -=-  MPP Processor-to-Subdomain Map  -=-
                 Number of Processors =  64
    ____________________________________________________
    |                                                  |
    |  PE    #Cols    Col_Range     #Rows    Row_Range |
    |__________________________________________________|
    |                                                  |
    |  0       13      1:  13         10      1:  10   |
    |  1       13     14:  26         10      1:  10   |
    |  2       13     27:  39         10      1:  10   |
    |  3       13     40:  52         10      1:  10   |
    |  4       12     53:  64         10      1:  10   |
    |  5       12     65:  76         10      1:  10   |
    |  6       12     77:  88         10      1:  10   |
    |  7       12     89: 100         10      1:  10   |
    |  8       13      1:  13         10     11:  20   |
    |  9       13     14:  26         10     11:  20   |
    | 10       13     27:  39         10     11:  20   |
    | 11       13     40:  52         10     11:  20   |
    | 12       12     53:  64         10     11:  20   |
    | 13       12     65:  76         10     11:  20   |
    | 14       12     77:  88         10     11:  20   |
    | 15       12     89: 100         10     11:  20   |
    | 16       13      1:  13         10     21:  30   |
    | 17       13     14:  26         10     21:  30   |
    | 18       13     27:  39         10     21:  30   |
    | 19       13     40:  52         10     21:  30   |
    | 20       12     53:  64         10     21:  30   |
    | 21       12     65:  76         10     21:  30   |
    | 22       12     77:  88         10     21:  30   |
    | 23       12     89: 100         10     21:  30   |
    | 24       13      1:  13         10     31:  40   |
    | 25       13     14:  26         10     31:  40   |
    | 26       13     27:  39         10     31:  40   |
    | 27       13     40:  52         10     31:  40   |
    | 28       12     53:  64         10     31:  40   |
    | 29       12     65:  76         10     31:  40   |
    | 30       12     77:  88         10     31:  40   |
    | 31       12     89: 100         10     31:  40   |
    | 32       13      1:  13         10     41:  50   |
    | 33       13     14:  26         10     41:  50   |
    | 34       13     27:  39         10     41:  50   |
    | 35       13     40:  52         10     41:  50   |
    | 36       12     53:  64         10     41:  50   |
    | 37       12     65:  76         10     41:  50   |
    | 38       12     77:  88         10     41:  50   |
    | 39       12     89: 100         10     41:  50   |
    | 40       13      1:  13         10     51:  60   |
    | 41       13     14:  26         10     51:  60   |
    | 42       13     27:  39         10     51:  60   |
    | 43       13     40:  52         10     51:  60   |
    | 44       12     53:  64         10     51:  60   |
    | 45       12     65:  76         10     51:  60   |
    | 46       12     77:  88         10     51:  60   |
    | 47       12     89: 100         10     51:  60   |
    | 48       13      1:  13         10     61:  70   |
    | 49       13     14:  26         10     61:  70   |
    | 50       13     27:  39         10     61:  70   |
    | 51       13     40:  52         10     61:  70   |
    | 52       12     53:  64         10     61:  70   |
    | 53       12     65:  76         10     61:  70   |
    | 54       12     77:  88         10     61:  70   |
    | 55       12     89: 100         10     61:  70   |
    | 56       13      1:  13         10     71:  80   |
    | 57       13     14:  26         10     71:  80   |
    | 58       13     27:  39         10     71:  80   |
    | 59       13     40:  52         10     71:  80   |
    | 60       12     53:  64         10     71:  80   |
    | 61       12     65:  76         10     71:  80   |
    | 62       12     77:  88         10     71:  80   |
    | 63       12     89: 100         10     71:  80   |
    |__________________________________________________|
 
 
 
     ================================
     |>---   TIME INTEGRATION   ---<|
     ================================
 
     Processing Day/Time [YYYYDDD:HHMMSS]: 2022182:000000
       Which is Equivalent to (UTC): 0:00:00  Friday,  July 1, 2022
       Time-Step Length (HHMMSS): 000500
                 VDIFF completed...       1.9808 seconds
                COUPLE completed...       0.0024 seconds
                  HADV completed...       0.2451 seconds
                  ZADV completed...       0.0172 seconds
                 HDIFF completed...       0.0169 seconds
              DECOUPLE completed...       0.0030 seconds
                  PHOT completed...       0.2134 seconds
               CLDPROC completed...       0.0078 seconds
                  CHEM completed...       0.2753 seconds
                  AERO completed...       0.1911 seconds
            Master Time Step
            Processing completed...       2.9540 seconds
 
     Processing Day/Time [YYYYDDD:HHMMSS]: 2022182:000500
       Which is Equivalent to (UTC): 0:05:00  Friday,  July 1, 2022
       Time-Step Length (HHMMSS): 000500
                 VDIFF completed...       0.1384 seconds
                COUPLE completed...       0.0024 seconds
                  HADV completed...       0.0573 seconds
                  ZADV completed...       0.0170 seconds
                 HDIFF completed...       0.0093 seconds
              DECOUPLE completed...       0.0030 seconds
                  PHOT completed...       0.0394 seconds
               CLDPROC completed...       0.0070 seconds
                  CHEM completed...       0.2724 seconds
                  AERO completed...       0.1862 seconds
            Master Time Step
            Processing completed...       0.7328 seconds
 
     Processing Day/Time [YYYYDDD:HHMMSS]: 2022182:001000
       Which is Equivalent to (UTC): 0:10:00  Friday,  July 1, 2022
       Time-Step Length (HHMMSS): 000500
                 VDIFF completed...       0.1370 seconds
                COUPLE completed...       0.0024 seconds
                  HADV completed...       0.0592 seconds
                  ZADV completed...       0.0171 seconds
                 HDIFF completed...       0.0094 seconds
              DECOUPLE completed...       0.0030 seconds
                  PHOT completed...       0.0392 seconds
               CLDPROC completed...       0.0075 seconds
                  CHEM completed...       0.2715 seconds
                  AERO completed...       0.1881 seconds
            Master Time Step
            Processing completed...       0.7357 seconds
 
     Processing Day/Time [YYYYDDD:HHMMSS]: 2022182:001500
       Which is Equivalent to (UTC): 0:15:00  Friday,  July 1, 2022
       Time-Step Length (HHMMSS): 000500
                 VDIFF completed...       0.1392 seconds
                COUPLE completed...       0.0024 seconds
                  HADV completed...       0.0578 seconds
                  ZADV completed...       0.0170 seconds
                 HDIFF completed...       0.0098 seconds
              DECOUPLE completed...       0.0030 seconds
                  PHOT completed...       0.0391 seconds
               CLDPROC completed...       0.0074 seconds
                  CHEM completed...       0.2688 seconds
                  AERO completed...       0.1853 seconds
            Master Time Step
            Processing completed...       0.7312 seconds
 
     Processing Day/Time [YYYYDDD:HHMMSS]: 2022182:002000
       Which is Equivalent to (UTC): 0:20:00  Friday,  July 1, 2022
       Time-Step Length (HHMMSS): 000500
                 VDIFF completed...       0.1340 seconds
                COUPLE completed...       0.0025 seconds
                  HADV completed...       0.0587 seconds
                  ZADV completed...       0.0171 seconds
                 HDIFF completed...       0.0084 seconds
              DECOUPLE completed...       0.0030 seconds
                  PHOT completed...       0.0395 seconds
               CLDPROC completed...       0.0064 seconds
                  CHEM completed...       0.2699 seconds
                  AERO completed...       0.1855 seconds
            Master Time Step
            Processing completed...       0.7262 seconds
 
     Processing Day/Time [YYYYDDD:HHMMSS]: 2022182:002500
       Which is Equivalent to (UTC): 0:25:00  Friday,  July 1, 2022
       Time-Step Length (HHMMSS): 000500
                 VDIFF completed...       0.1337 seconds
                COUPLE completed...       0.0024 seconds
                  HADV completed...       0.0596 seconds
                  ZADV completed...       0.0171 seconds
                 HDIFF completed...       0.0090 seconds
              DECOUPLE completed...       0.0030 seconds
                  PHOT completed...       0.0336 seconds
               CLDPROC completed...       0.0064 seconds
                  CHEM completed...       0.2735 seconds
                  AERO completed...       0.1866 seconds
            Master Time Step
            Processing completed...       0.7262 seconds
 
     Processing Day/Time [YYYYDDD:HHMMSS]: 2022182:003000
       Which is Equivalent to (UTC): 0:30:00  Friday,  July 1, 2022
       Time-Step Length (HHMMSS): 000500
                 VDIFF completed...       0.1332 seconds
                COUPLE completed...       0.0024 seconds
                  HADV completed...       0.0560 seconds
                  ZADV completed...       0.0170 seconds
                 HDIFF completed...       0.0111 seconds
              DECOUPLE completed...       0.0031 seconds
                  PHOT completed...       0.0259 seconds
               CLDPROC completed...       0.0070 seconds
                  CHEM completed...       0.2410 seconds
                  AERO completed...       0.1865 seconds
            Master Time Step
            Processing completed...       0.6843 seconds
 
     Processing Day/Time [YYYYDDD:HHMMSS]: 2022182:003500
       Which is Equivalent to (UTC): 0:35:00  Friday,  July 1, 2022
       Time-Step Length (HHMMSS): 000500
                 VDIFF completed...       0.1345 seconds
                COUPLE completed...       0.0024 seconds
                  HADV completed...       0.0787 seconds
                  ZADV completed...       0.0170 seconds
                 HDIFF completed...       0.0091 seconds
              DECOUPLE completed...       0.0030 seconds
                  PHOT completed...       0.0258 seconds
               CLDPROC completed...       0.0071 seconds
                  CHEM completed...       0.1967 seconds
                  AERO completed...       0.1846 seconds
            Master Time Step
            Processing completed...       0.6602 seconds
 
     Processing Day/Time [YYYYDDD:HHMMSS]: 2022182:004000
       Which is Equivalent to (UTC): 0:40:00  Friday,  July 1, 2022
       Time-Step Length (HHMMSS): 000500
                 VDIFF completed...       0.1413 seconds
                COUPLE completed...       0.0024 seconds
                  HADV completed...       0.1002 seconds
                  ZADV completed...       0.0170 seconds
                 HDIFF completed...       0.0087 seconds
              DECOUPLE completed...       0.0030 seconds
                  PHOT completed...       0.0259 seconds
               CLDPROC completed...       0.0064 seconds
                  CHEM completed...       0.1739 seconds
                  AERO completed...       0.1876 seconds
            Master Time Step
            Processing completed...       0.6678 seconds
 
     Processing Day/Time [YYYYDDD:HHMMSS]: 2022182:004500
       Which is Equivalent to (UTC): 0:45:00  Friday,  July 1, 2022
       Time-Step Length (HHMMSS): 000500
                 VDIFF completed...       0.1401 seconds
                COUPLE completed...       0.0024 seconds
                  HADV completed...       0.1081 seconds
                  ZADV completed...       0.0169 seconds
                 HDIFF completed...       0.0093 seconds
              DECOUPLE completed...       0.0030 seconds
                  PHOT completed...       0.0262 seconds
               CLDPROC completed...       0.0067 seconds
                  CHEM completed...       0.1600 seconds
                  AERO completed...       0.1841 seconds
            Master Time Step
            Processing completed...       0.6580 seconds
 
     Processing Day/Time [YYYYDDD:HHMMSS]: 2022182:005000
       Which is Equivalent to (UTC): 0:50:00  Friday,  July 1, 2022
       Time-Step Length (HHMMSS): 000500
                 VDIFF completed...       0.1351 seconds
                COUPLE completed...       0.0024 seconds
                  HADV completed...       0.0931 seconds
                  ZADV completed...       0.0171 seconds
                 HDIFF completed...       0.0092 seconds
              DECOUPLE completed...       0.0030 seconds
                  PHOT completed...       0.0190 seconds
               CLDPROC completed...       0.0062 seconds
                  CHEM completed...       0.1529 seconds
                  AERO completed...       0.1842 seconds
            Master Time Step
            Processing completed...       0.6234 seconds
 
     Processing Day/Time [YYYYDDD:HHMMSS]: 2022182:005500
       Which is Equivalent to (UTC): 0:55:00  Friday,  July 1, 2022
       Time-Step Length (HHMMSS): 000500
                 VDIFF completed...       0.1896 seconds
                COUPLE completed...       0.0024 seconds
                  HADV completed...       0.0575 seconds
                  ZADV completed...       0.0170 seconds
                 HDIFF completed...       0.0095 seconds
              DECOUPLE completed...       0.0030 seconds
                  PHOT completed...       0.0037 seconds
               CLDPROC completed...       0.0578 seconds
                  CHEM completed...       0.1464 seconds
                  AERO completed...       0.1848 seconds
            Master Time Step
            Processing completed...       0.6732 seconds
 
      =--> Data Output completed...       0.0885 seconds
 
     Processing Day/Time [YYYYDDD:HHMMSS]: 2022182:010000
       Which is Equivalent to (UTC): 1:00:00  Friday,  July 1, 2022
       Time-Step Length (HHMMSS): 000500
                 VDIFF completed...       0.3035 seconds
                COUPLE completed...       0.0024 seconds
                  HADV completed...       0.1197 seconds
                  ZADV completed...       0.0170 seconds
                 HDIFF completed...       0.0092 seconds
              DECOUPLE completed...       0.0030 seconds
                  PHOT completed...       0.0038 seconds
               CLDPROC completed...       0.0080 seconds
                  CHEM completed...       0.1421 seconds
                  AERO completed...       0.1846 seconds
            Master Time Step
            Processing completed...       0.7947 seconds
 
     Processing Day/Time [YYYYDDD:HHMMSS]: 2022182:010500
       Which is Equivalent to (UTC): 1:05:00  Friday,  July 1, 2022
       Time-Step Length (HHMMSS): 000500
                 VDIFF completed...       0.1361 seconds
                COUPLE completed...       0.0024 seconds
                  HADV completed...       0.1075 seconds
                  ZADV completed...       0.0170 seconds
                 HDIFF completed...       0.0094 seconds
              DECOUPLE completed...       0.0030 seconds
                  PHOT completed...       0.0025 seconds
               CLDPROC completed...       0.0078 seconds
                  CHEM completed...       0.1397 seconds
                  AERO completed...       0.1847 seconds
            Master Time Step
            Processing completed...       0.6115 seconds
 
     Processing Day/Time [YYYYDDD:HHMMSS]: 2022182:011000
       Which is Equivalent to (UTC): 1:10:00  Friday,  July 1, 2022
       Time-Step Length (HHMMSS): 000500
                 VDIFF completed...       0.1378 seconds
                COUPLE completed...       0.0025 seconds
                  HADV completed...       0.0808 seconds
                  ZADV completed...       0.0170 seconds
                 HDIFF completed...       0.0086 seconds
              DECOUPLE completed...       0.0030 seconds
                  PHOT completed...       0.0025 seconds
               CLDPROC completed...       0.0077 seconds
                  CHEM completed...       0.1375 seconds
                  AERO completed...       0.1840 seconds
            Master Time Step
            Processing completed...       0.5829 seconds
 
     Processing Day/Time [YYYYDDD:HHMMSS]: 2022182:011500
       Which is Equivalent to (UTC): 1:15:00  Friday,  July 1, 2022
       Time-Step Length (HHMMSS): 000500
                 VDIFF completed...       0.1369 seconds
                COUPLE completed...       0.0024 seconds
                  HADV completed...       0.0718 seconds
                  ZADV completed...       0.0170 seconds
                 HDIFF completed...       0.0092 seconds
              DECOUPLE completed...       0.0030 seconds
                  PHOT completed...       0.0023 seconds
               CLDPROC completed...       0.0079 seconds
                  CHEM completed...       0.1351 seconds
                  AERO completed...       0.1843 seconds
            Master Time Step
            Processing completed...       0.5712 seconds
 
     Processing Day/Time [YYYYDDD:HHMMSS]: 2022182:012000
       Which is Equivalent to (UTC): 1:20:00  Friday,  July 1, 2022
       Time-Step Length (HHMMSS): 000500
                 VDIFF completed...       0.1364 seconds
                COUPLE completed...       0.0024 seconds
                  HADV completed...       0.0827 seconds
                  ZADV completed...       0.0169 seconds
                 HDIFF completed...       0.0093 seconds
              DECOUPLE completed...       0.0030 seconds
                  PHOT completed...       0.0025 seconds
               CLDPROC completed...       0.0077 seconds
                  CHEM completed...       0.1339 seconds
                  AERO completed...       0.1865 seconds
            Master Time Step
            Processing completed...       0.5828 seconds
 
     Processing Day/Time [YYYYDDD:HHMMSS]: 2022182:012500
       Which is Equivalent to (UTC): 1:25:00  Friday,  July 1, 2022
       Time-Step Length (HHMMSS): 000500
                 VDIFF completed...       0.1407 seconds
                COUPLE completed...       0.0024 seconds
                  HADV completed...       0.0738 seconds
                  ZADV completed...       0.0171 seconds
                 HDIFF completed...       0.0090 seconds
              DECOUPLE completed...       0.0030 seconds
                  PHOT completed...       0.0030 seconds
               CLDPROC completed...       0.0083 seconds
                  CHEM completed...       0.1328 seconds
                  AERO completed...       0.1840 seconds
            Master Time Step
            Processing completed...       0.5753 seconds
 
     Processing Day/Time [YYYYDDD:HHMMSS]: 2022182:013000
       Which is Equivalent to (UTC): 1:30:00  Friday,  July 1, 2022
       Time-Step Length (HHMMSS): 000500
                 VDIFF completed...       0.1361 seconds
                COUPLE completed...       0.0024 seconds
                  HADV completed...       0.0810 seconds
                  ZADV completed...       0.0170 seconds
                 HDIFF completed...       0.0093 seconds
              DECOUPLE completed...       0.0030 seconds
                  PHOT completed...       0.0024 seconds
               CLDPROC completed...       0.0084 seconds
                  CHEM completed...       0.1316 seconds
                  AERO completed...       0.1829 seconds
            Master Time Step
            Processing completed...       0.5756 seconds
 
     Processing Day/Time [YYYYDDD:HHMMSS]: 2022182:013500
       Which is Equivalent to (UTC): 1:35:00  Friday,  July 1, 2022
       Time-Step Length (HHMMSS): 000500
                 VDIFF completed...       0.1369 seconds
                COUPLE completed...       0.0024 seconds
                  HADV completed...       0.0696 seconds
                  ZADV completed...       0.0171 seconds
                 HDIFF completed...       0.0090 seconds
              DECOUPLE completed...       0.0031 seconds
                  PHOT completed...       0.0024 seconds
               CLDPROC completed...       0.0077 seconds
                  CHEM completed...       0.1304 seconds
                  AERO completed...       0.1826 seconds
            Master Time Step
            Processing completed...       0.5626 seconds
 
     Processing Day/Time [YYYYDDD:HHMMSS]: 2022182:014000
       Which is Equivalent to (UTC): 1:40:00  Friday,  July 1, 2022
       Time-Step Length (HHMMSS): 000500
                 VDIFF completed...       0.1375 seconds
                COUPLE completed...       0.0024 seconds
                  HADV completed...       0.0873 seconds
                  ZADV completed...       0.0171 seconds
                 HDIFF completed...       0.0087 seconds
              DECOUPLE completed...       0.0030 seconds
                  PHOT completed...       0.0023 seconds
               CLDPROC completed...       0.0077 seconds
                  CHEM completed...       0.1295 seconds
                  AERO completed...       0.1835 seconds
            Master Time Step
            Processing completed...       0.5804 seconds
 
     Processing Day/Time [YYYYDDD:HHMMSS]: 2022182:014500
       Which is Equivalent to (UTC): 1:45:00  Friday,  July 1, 2022
       Time-Step Length (HHMMSS): 000500
                 VDIFF completed...       0.1378 seconds
                COUPLE completed...       0.0024 seconds
                  HADV completed...       0.0802 seconds
                  ZADV completed...       0.0170 seconds
                 HDIFF completed...       0.0093 seconds
              DECOUPLE completed...       0.0030 seconds
                  PHOT completed...       0.0024 seconds
               CLDPROC completed...       0.0084 seconds
                  CHEM completed...       0.1298 seconds
                  AERO completed...       0.1837 seconds
            Master Time Step
            Processing completed...       0.5753 seconds
 
     Processing Day/Time [YYYYDDD:HHMMSS]: 2022182:015000
       Which is Equivalent to (UTC): 1:50:00  Friday,  July 1, 2022
       Time-Step Length (HHMMSS): 000500
                 VDIFF completed...       0.1372 seconds
                COUPLE completed...       0.0024 seconds
                  HADV completed...       0.0701 seconds
                  ZADV completed...       0.0172 seconds
                 HDIFF completed...       0.0090 seconds
              DECOUPLE completed...       0.0030 seconds
                  PHOT completed...       0.0024 seconds
               CLDPROC completed...       0.0075 seconds
                  CHEM completed...       0.1273 seconds
                  AERO completed...       0.1831 seconds
            Master Time Step
            Processing completed...       0.5606 seconds
 
     Processing Day/Time [YYYYDDD:HHMMSS]: 2022182:015500
       Which is Equivalent to (UTC): 1:55:00  Friday,  July 1, 2022
       Time-Step Length (HHMMSS): 000500
                 VDIFF completed...       0.1804 seconds
                COUPLE completed...       0.0027 seconds
                  HADV completed...       0.0597 seconds
                  ZADV completed...       0.0172 seconds
                 HDIFF completed...       0.0092 seconds
              DECOUPLE completed...       0.0030 seconds
                  PHOT completed...       0.0024 seconds
               CLDPROC completed...       0.0448 seconds
                  CHEM completed...       0.1263 seconds
                  AERO completed...       0.1831 seconds
            Master Time Step
            Processing completed...       0.6302 seconds
 
      =--> Data Output completed...       0.0767 seconds
 
     Processing Day/Time [YYYYDDD:HHMMSS]: 2022182:020000
       Which is Equivalent to (UTC): 2:00:00  Friday,  July 1, 2022
       Time-Step Length (HHMMSS): 000500
                 VDIFF completed...       0.2988 seconds
                COUPLE completed...       0.0024 seconds
                  HADV completed...       0.1103 seconds
                  ZADV completed...       0.0171 seconds
                 HDIFF completed...       0.0103 seconds
              DECOUPLE completed...       0.0030 seconds
                  PHOT completed...       0.0043 seconds
               CLDPROC completed...       0.0082 seconds
                  CHEM completed...       0.1253 seconds
                  AERO completed...       0.1834 seconds
            Master Time Step
            Processing completed...       0.7646 seconds
 
     Processing Day/Time [YYYYDDD:HHMMSS]: 2022182:020500
       Which is Equivalent to (UTC): 2:05:00  Friday,  July 1, 2022
       Time-Step Length (HHMMSS): 000500
                 VDIFF completed...       0.1384 seconds
                COUPLE completed...       0.0025 seconds
                  HADV completed...       0.0778 seconds
                  ZADV completed...       0.0171 seconds
                 HDIFF completed...       0.0094 seconds
              DECOUPLE completed...       0.0030 seconds
                  PHOT completed...       0.0026 seconds
               CLDPROC completed...       0.0076 seconds
                  CHEM completed...       0.1246 seconds
                  AERO completed...       0.1840 seconds
            Master Time Step
            Processing completed...       0.5684 seconds
 
     Processing Day/Time [YYYYDDD:HHMMSS]: 2022182:021000
       Which is Equivalent to (UTC): 2:10:00  Friday,  July 1, 2022
       Time-Step Length (HHMMSS): 000500
                 VDIFF completed...       0.1374 seconds
                COUPLE completed...       0.0024 seconds
                  HADV completed...       0.0755 seconds
                  ZADV completed...       0.0171 seconds
                 HDIFF completed...       0.0095 seconds
              DECOUPLE completed...       0.0030 seconds
                  PHOT completed...       0.0023 seconds
               CLDPROC completed...       0.0078 seconds
                  CHEM completed...       0.1241 seconds
                  AERO completed...       0.1835 seconds
            Master Time Step
            Processing completed...       0.5642 seconds
 
     Processing Day/Time [YYYYDDD:HHMMSS]: 2022182:021500
       Which is Equivalent to (UTC): 2:15:00  Friday,  July 1, 2022
       Time-Step Length (HHMMSS): 000500
                 VDIFF completed...       0.1376 seconds
                COUPLE completed...       0.0024 seconds
                  HADV completed...       0.0660 seconds
                  ZADV completed...       0.0172 seconds
                 HDIFF completed...       0.0086 seconds
              DECOUPLE completed...       0.0030 seconds
                  PHOT completed...       0.0025 seconds
               CLDPROC completed...       0.0082 seconds
                  CHEM completed...       0.1237 seconds
                  AERO completed...       0.1838 seconds
            Master Time Step
            Processing completed...       0.5544 seconds
 
     Processing Day/Time [YYYYDDD:HHMMSS]: 2022182:022000
       Which is Equivalent to (UTC): 2:20:00  Friday,  July 1, 2022
       Time-Step Length (HHMMSS): 000500
                 VDIFF completed...       0.1372 seconds
                COUPLE completed...       0.0024 seconds
                  HADV completed...       0.0744 seconds
                  ZADV completed...       0.0171 seconds
                 HDIFF completed...       0.0089 seconds
              DECOUPLE completed...       0.0030 seconds
                  PHOT completed...       0.0031 seconds
               CLDPROC completed...       0.0081 seconds
                  CHEM completed...       0.1235 seconds
                  AERO completed...       0.1862 seconds
            Master Time Step
            Processing completed...       0.5652 seconds
 
     Processing Day/Time [YYYYDDD:HHMMSS]: 2022182:022500
       Which is Equivalent to (UTC): 2:25:00  Friday,  July 1, 2022
       Time-Step Length (HHMMSS): 000500
                 VDIFF completed...       0.1425 seconds
                COUPLE completed...       0.0024 seconds
                  HADV completed...       0.0643 seconds
                  ZADV completed...       0.0171 seconds
                 HDIFF completed...       0.0089 seconds
              DECOUPLE completed...       0.0030 seconds
                  PHOT completed...       0.0024 seconds
               CLDPROC completed...       0.0083 seconds
                  CHEM completed...       0.1229 seconds
                  AERO completed...       0.1832 seconds
            Master Time Step
            Processing completed...       0.5565 seconds
 
     Processing Day/Time [YYYYDDD:HHMMSS]: 2022182:023000
       Which is Equivalent to (UTC): 2:30:00  Friday,  July 1, 2022
       Time-Step Length (HHMMSS): 000500
                 VDIFF completed...       0.1381 seconds
                COUPLE completed...       0.0024 seconds
                  HADV completed...       0.0765 seconds
                  ZADV completed...       0.0172 seconds
                 HDIFF completed...       0.0090 seconds
              DECOUPLE completed...       0.0030 seconds
                  PHOT completed...       0.0025 seconds
               CLDPROC completed...       0.0085 seconds
                  CHEM completed...       0.1227 seconds
                  AERO completed...       0.1841 seconds
            Master Time Step
            Processing completed...       0.5654 seconds
 
     Processing Day/Time [YYYYDDD:HHMMSS]: 2022182:023500
       Which is Equivalent to (UTC): 2:35:00  Friday,  July 1, 2022
       Time-Step Length (HHMMSS): 000500
                 VDIFF completed...       0.1385 seconds
                COUPLE completed...       0.0024 seconds
                  HADV completed...       0.0782 seconds
                  ZADV completed...       0.0172 seconds
                 HDIFF completed...       0.0088 seconds
              DECOUPLE completed...       0.0030 seconds
                  PHOT completed...       0.0025 seconds
               CLDPROC completed...       0.0084 seconds
                  CHEM completed...       0.1226 seconds
                  AERO completed...       0.1837 seconds
            Master Time Step
            Processing completed...       0.5667 seconds
 
     Processing Day/Time [YYYYDDD:HHMMSS]: 2022182:024000
       Which is Equivalent to (UTC): 2:40:00  Friday,  July 1, 2022
       Time-Step Length (HHMMSS): 000500
                 VDIFF completed...       0.1377 seconds
                COUPLE completed...       0.0024 seconds
                  HADV completed...       0.0719 seconds
                  ZADV completed...       0.0171 seconds
                 HDIFF completed...       0.0089 seconds
              DECOUPLE completed...       0.0031 seconds
                  PHOT completed...       0.0024 seconds
               CLDPROC completed...       0.0079 seconds
                  CHEM completed...       0.1223 seconds
                  AERO completed...       0.1834 seconds
            Master Time Step
            Processing completed...       0.5585 seconds
 
     Processing Day/Time [YYYYDDD:HHMMSS]: 2022182:024500
       Which is Equivalent to (UTC): 2:45:00  Friday,  July 1, 2022
       Time-Step Length (HHMMSS): 000500
                 VDIFF completed...       0.1366 seconds
                COUPLE completed...       0.0024 seconds
                  HADV completed...       0.0747 seconds
                  ZADV completed...       0.0171 seconds
                 HDIFF completed...       0.0088 seconds
              DECOUPLE completed...       0.0030 seconds
                  PHOT completed...       0.0023 seconds
               CLDPROC completed...       0.0080 seconds
                  CHEM completed...       0.1220 seconds
                  AERO completed...       0.1843 seconds
            Master Time Step
            Processing completed...       0.5608 seconds
 
     Processing Day/Time [YYYYDDD:HHMMSS]: 2022182:025000
       Which is Equivalent to (UTC): 2:50:00  Friday,  July 1, 2022
       Time-Step Length (HHMMSS): 000500
                 VDIFF completed...       0.1384 seconds
                COUPLE completed...       0.0024 seconds
                  HADV completed...       0.0676 seconds
                  ZADV completed...       0.0172 seconds
                 HDIFF completed...       0.0088 seconds
              DECOUPLE completed...       0.0030 seconds
                  PHOT completed...       0.0025 seconds
               CLDPROC completed...       0.0073 seconds
                  CHEM completed...       0.1219 seconds
                  AERO completed...       0.1840 seconds
            Master Time Step
            Processing completed...       0.5545 seconds
 
     Processing Day/Time [YYYYDDD:HHMMSS]: 2022182:025500
       Which is Equivalent to (UTC): 2:55:00  Friday,  July 1, 2022
       Time-Step Length (HHMMSS): 000500
                 VDIFF completed...       0.1813 seconds
                COUPLE completed...       0.0024 seconds
                  HADV completed...       0.0546 seconds
                  ZADV completed...       0.0170 seconds
                 HDIFF completed...       0.0090 seconds
              DECOUPLE completed...       0.0030 seconds
                  PHOT completed...       0.0025 seconds
               CLDPROC completed...       0.0413 seconds
                  CHEM completed...       0.1216 seconds
                  AERO completed...       0.1841 seconds
            Master Time Step
            Processing completed...       0.6182 seconds
 
      =--> Data Output completed...       0.0794 seconds
 
     Processing Day/Time [YYYYDDD:HHMMSS]: 2022182:030000
       Which is Equivalent to (UTC): 3:00:00  Friday,  July 1, 2022
       Time-Step Length (HHMMSS): 000500
                 VDIFF completed...       0.3045 seconds
                COUPLE completed...       0.0024 seconds
                  HADV completed...       0.1069 seconds
                  ZADV completed...       0.0170 seconds
                 HDIFF completed...       0.0092 seconds
              DECOUPLE completed...       0.0030 seconds
                  PHOT completed...       0.0045 seconds
               CLDPROC completed...       0.0079 seconds
                  CHEM completed...       0.1217 seconds
                  AERO completed...       0.1835 seconds
            Master Time Step
            Processing completed...       0.7621 seconds
 
     Processing Day/Time [YYYYDDD:HHMMSS]: 2022182:030500
       Which is Equivalent to (UTC): 3:05:00  Friday,  July 1, 2022
       Time-Step Length (HHMMSS): 000500
                 VDIFF completed...       0.1372 seconds
                COUPLE completed...       0.0024 seconds
                  HADV completed...       0.0721 seconds
                  ZADV completed...       0.0170 seconds
                 HDIFF completed...       0.0089 seconds
              DECOUPLE completed...       0.0030 seconds
                  PHOT completed...       0.0024 seconds
               CLDPROC completed...       0.0077 seconds
                  CHEM completed...       0.1222 seconds
                  AERO completed...       0.1834 seconds
            Master Time Step
            Processing completed...       0.5575 seconds
 
     Processing Day/Time [YYYYDDD:HHMMSS]: 2022182:031000
       Which is Equivalent to (UTC): 3:10:00  Friday,  July 1, 2022
       Time-Step Length (HHMMSS): 000500
                 VDIFF completed...       0.1370 seconds
                COUPLE completed...       0.0024 seconds
                  HADV completed...       0.0693 seconds
                  ZADV completed...       0.0170 seconds
                 HDIFF completed...       0.0090 seconds
              DECOUPLE completed...       0.0030 seconds
                  PHOT completed...       0.0024 seconds
               CLDPROC completed...       0.0086 seconds
                  CHEM completed...       0.1216 seconds
                  AERO completed...       0.1835 seconds
            Master Time Step
            Processing completed...       0.5551 seconds
 
     Processing Day/Time [YYYYDDD:HHMMSS]: 2022182:031500
       Which is Equivalent to (UTC): 3:15:00  Friday,  July 1, 2022
       Time-Step Length (HHMMSS): 000500
                 VDIFF completed...       0.1376 seconds
                COUPLE completed...       0.0024 seconds
                  HADV completed...       0.0744 seconds
                  ZADV completed...       0.0170 seconds
                 HDIFF completed...       0.0097 seconds
              DECOUPLE completed...       0.0030 seconds
                  PHOT completed...       0.0023 seconds
               CLDPROC completed...       0.0079 seconds
                  CHEM completed...       0.1219 seconds
                  AERO completed...       0.1835 seconds
            Master Time Step
            Processing completed...       0.5611 seconds
 
     Processing Day/Time [YYYYDDD:HHMMSS]: 2022182:032000
       Which is Equivalent to (UTC): 3:20:00  Friday,  July 1, 2022
       Time-Step Length (HHMMSS): 000500
                 VDIFF completed...       0.1378 seconds
                COUPLE completed...       0.0024 seconds
                  HADV completed...       0.0656 seconds
                  ZADV completed...       0.0170 seconds
                 HDIFF completed...       0.0090 seconds
              DECOUPLE completed...       0.0030 seconds
                  PHOT completed...       0.0025 seconds
               CLDPROC completed...       0.0080 seconds
                  CHEM completed...       0.1214 seconds
                  AERO completed...       0.1836 seconds
            Master Time Step
            Processing completed...       0.5518 seconds
 
     Processing Day/Time [YYYYDDD:HHMMSS]: 2022182:032500
       Which is Equivalent to (UTC): 3:25:00  Friday,  July 1, 2022
       Time-Step Length (HHMMSS): 000500
                 VDIFF completed...       0.1385 seconds
                COUPLE completed...       0.0024 seconds
                  HADV completed...       0.0714 seconds
                  ZADV completed...       0.0171 seconds
                 HDIFF completed...       0.0096 seconds
              DECOUPLE completed...       0.0031 seconds
                  PHOT completed...       0.0025 seconds
               CLDPROC completed...       0.0080 seconds
                  CHEM completed...       0.1220 seconds
                  AERO completed...       0.1835 seconds
            Master Time Step
            Processing completed...       0.5595 seconds
 
     Processing Day/Time [YYYYDDD:HHMMSS]: 2022182:033000
       Which is Equivalent to (UTC): 3:30:00  Friday,  July 1, 2022
       Time-Step Length (HHMMSS): 000500
                 VDIFF completed...       0.1370 seconds
                COUPLE completed...       0.0024 seconds
                  HADV completed...       0.0786 seconds
                  ZADV completed...       0.0170 seconds
                 HDIFF completed...       0.0094 seconds
              DECOUPLE completed...       0.0030 seconds
                  PHOT completed...       0.0024 seconds
               CLDPROC completed...       0.0078 seconds
                  CHEM completed...       0.1214 seconds
                  AERO completed...       0.1837 seconds
            Master Time Step
            Processing completed...       0.5641 seconds
 
     Processing Day/Time [YYYYDDD:HHMMSS]: 2022182:033500
       Which is Equivalent to (UTC): 3:35:00  Friday,  July 1, 2022
       Time-Step Length (HHMMSS): 000500
                 VDIFF completed...       0.1400 seconds
                COUPLE completed...       0.0024 seconds
                  HADV completed...       0.0711 seconds
                  ZADV completed...       0.0171 seconds
                 HDIFF completed...       0.0094 seconds
              DECOUPLE completed...       0.0031 seconds
                  PHOT completed...       0.0029 seconds
               CLDPROC completed...       0.0087 seconds
                  CHEM completed...       0.1216 seconds
                  AERO completed...       0.1865 seconds
            Master Time Step
            Processing completed...       0.5638 seconds
 
     Processing Day/Time [YYYYDDD:HHMMSS]: 2022182:034000
       Which is Equivalent to (UTC): 3:40:00  Friday,  July 1, 2022
       Time-Step Length (HHMMSS): 000500
                 VDIFF completed...       0.1416 seconds
                COUPLE completed...       0.0024 seconds
                  HADV completed...       0.0725 seconds
                  ZADV completed...       0.0170 seconds
                 HDIFF completed...       0.0094 seconds
              DECOUPLE completed...       0.0031 seconds
                  PHOT completed...       0.0024 seconds
               CLDPROC completed...       0.0080 seconds
                  CHEM completed...       0.1215 seconds
                  AERO completed...       0.1837 seconds
            Master Time Step
            Processing completed...       0.5628 seconds
 
     Processing Day/Time [YYYYDDD:HHMMSS]: 2022182:034500
       Which is Equivalent to (UTC): 3:45:00  Friday,  July 1, 2022
       Time-Step Length (HHMMSS): 000500
                 VDIFF completed...       0.1382 seconds
                COUPLE completed...       0.0024 seconds
                  HADV completed...       0.0731 seconds
                  ZADV completed...       0.0171 seconds
                 HDIFF completed...       0.0104 seconds
              DECOUPLE completed...       0.0030 seconds
                  PHOT completed...       0.0024 seconds
               CLDPROC completed...       0.0079 seconds
                  CHEM completed...       0.1212 seconds
                  AERO completed...       0.1833 seconds
            Master Time Step
            Processing completed...       0.5604 seconds
 
     Processing Day/Time [YYYYDDD:HHMMSS]: 2022182:035000
       Which is Equivalent to (UTC): 3:50:00  Friday,  July 1, 2022
       Time-Step Length (HHMMSS): 000500
                 VDIFF completed...       0.1395 seconds
                COUPLE completed...       0.0024 seconds
                  HADV completed...       0.0721 seconds
                  ZADV completed...       0.0170 seconds
                 HDIFF completed...       0.0096 seconds
              DECOUPLE completed...       0.0031 seconds
                  PHOT completed...       0.0025 seconds
               CLDPROC completed...       0.0084 seconds
                  CHEM completed...       0.1217 seconds
                  AERO completed...       0.1836 seconds
            Master Time Step
            Processing completed...       0.5612 seconds
 
     Processing Day/Time [YYYYDDD:HHMMSS]: 2022182:035500
       Which is Equivalent to (UTC): 3:55:00  Friday,  July 1, 2022
       Time-Step Length (HHMMSS): 000500
                 VDIFF completed...       0.1866 seconds
                COUPLE completed...       0.0024 seconds
                  HADV completed...       0.0539 seconds
                  ZADV completed...       0.0171 seconds
                 HDIFF completed...       0.0093 seconds
              DECOUPLE completed...       0.0030 seconds
                  PHOT completed...       0.0024 seconds
               CLDPROC completed...       0.0366 seconds
                  CHEM completed...       0.1214 seconds
                  AERO completed...       0.1831 seconds
            Master Time Step
            Processing completed...       0.6174 seconds
 
      =--> Data Output completed...       0.0756 seconds
 
     Processing Day/Time [YYYYDDD:HHMMSS]: 2022182:040000
       Which is Equivalent to (UTC): 4:00:00  Friday,  July 1, 2022
       Time-Step Length (HHMMSS): 000500
                 VDIFF completed...       0.2988 seconds
                COUPLE completed...       0.0024 seconds
                  HADV completed...       0.1049 seconds
                  ZADV completed...       0.0171 seconds
                 HDIFF completed...       0.0091 seconds
              DECOUPLE completed...       0.0030 seconds
                  PHOT completed...       0.0039 seconds
               CLDPROC completed...       0.0080 seconds
                  CHEM completed...       0.1219 seconds
                  AERO completed...       0.1836 seconds
            Master Time Step
            Processing completed...       0.7541 seconds
 
     Processing Day/Time [YYYYDDD:HHMMSS]: 2022182:040500
       Which is Equivalent to (UTC): 4:05:00  Friday,  July 1, 2022
       Time-Step Length (HHMMSS): 000500
                 VDIFF completed...       0.1380 seconds
                COUPLE completed...       0.0024 seconds
                  HADV completed...       0.0685 seconds
                  ZADV completed...       0.0172 seconds
                 HDIFF completed...       0.0089 seconds
              DECOUPLE completed...       0.0031 seconds
                  PHOT completed...       0.0024 seconds
               CLDPROC completed...       0.0075 seconds
                  CHEM completed...       0.1220 seconds
                  AERO completed...       0.1835 seconds
            Master Time Step
            Processing completed...       0.5547 seconds
 
     Processing Day/Time [YYYYDDD:HHMMSS]: 2022182:041000
       Which is Equivalent to (UTC): 4:10:00  Friday,  July 1, 2022
       Time-Step Length (HHMMSS): 000500
                 VDIFF completed...       0.1373 seconds
                COUPLE completed...       0.0024 seconds
                  HADV completed...       0.0655 seconds
                  ZADV completed...       0.0171 seconds
                 HDIFF completed...       0.0092 seconds
              DECOUPLE completed...       0.0030 seconds
                  PHOT completed...       0.0025 seconds
               CLDPROC completed...       0.0075 seconds
                  CHEM completed...       0.1217 seconds
                  AERO completed...       0.1837 seconds
            Master Time Step
            Processing completed...       0.5514 seconds
 
     Processing Day/Time [YYYYDDD:HHMMSS]: 2022182:041500
       Which is Equivalent to (UTC): 4:15:00  Friday,  July 1, 2022
       Time-Step Length (HHMMSS): 000500
                 VDIFF completed...       0.1381 seconds
                COUPLE completed...       0.0024 seconds
                  HADV completed...       0.0789 seconds
                  ZADV completed...       0.0171 seconds
                 HDIFF completed...       0.0096 seconds
              DECOUPLE completed...       0.0030 seconds
                  PHOT completed...       0.0024 seconds
               CLDPROC completed...       0.0082 seconds
                  CHEM completed...       0.1217 seconds
                  AERO completed...       0.1839 seconds
            Master Time Step
            Processing completed...       0.5669 seconds
 
     Processing Day/Time [YYYYDDD:HHMMSS]: 2022182:042000
       Which is Equivalent to (UTC): 4:20:00  Friday,  July 1, 2022
       Time-Step Length (HHMMSS): 000500
                 VDIFF completed...       0.1384 seconds
                COUPLE completed...       0.0024 seconds
                  HADV completed...       0.0691 seconds
                  ZADV completed...       0.0172 seconds
                 HDIFF completed...       0.0094 seconds
              DECOUPLE completed...       0.0030 seconds
                  PHOT completed...       0.0024 seconds
               CLDPROC completed...       0.0075 seconds
                  CHEM completed...       0.1213 seconds
                  AERO completed...       0.1839 seconds
            Master Time Step
            Processing completed...       0.5561 seconds
 
     Processing Day/Time [YYYYDDD:HHMMSS]: 2022182:042500
       Which is Equivalent to (UTC): 4:25:00  Friday,  July 1, 2022
       Time-Step Length (HHMMSS): 000500
                 VDIFF completed...       0.1372 seconds
                COUPLE completed...       0.0024 seconds
                  HADV completed...       0.0613 seconds
                  ZADV completed...       0.0172 seconds
                 HDIFF completed...       0.0094 seconds
              DECOUPLE completed...       0.0030 seconds
                  PHOT completed...       0.0025 seconds
               CLDPROC completed...       0.0075 seconds
                  CHEM completed...       0.1213 seconds
                  AERO completed...       0.1852 seconds
            Master Time Step
            Processing completed...       0.5484 seconds
 
     Processing Day/Time [YYYYDDD:HHMMSS]: 2022182:043000
       Which is Equivalent to (UTC): 4:30:00  Friday,  July 1, 2022
       Time-Step Length (HHMMSS): 000500
                 VDIFF completed...       0.1388 seconds
                COUPLE completed...       0.0024 seconds
                  HADV completed...       0.0651 seconds
                  ZADV completed...       0.0173 seconds
                 HDIFF completed...       0.0094 seconds
              DECOUPLE completed...       0.0030 seconds
                  PHOT completed...       0.0026 seconds
               CLDPROC completed...       0.0075 seconds
                  CHEM completed...       0.1218 seconds
                  AERO completed...       0.1835 seconds
            Master Time Step
            Processing completed...       0.5526 seconds
 
     Processing Day/Time [YYYYDDD:HHMMSS]: 2022182:043500
       Which is Equivalent to (UTC): 4:35:00  Friday,  July 1, 2022
       Time-Step Length (HHMMSS): 000500
                 VDIFF completed...       0.1381 seconds
                COUPLE completed...       0.0024 seconds
                  HADV completed...       0.0626 seconds
                  ZADV completed...       0.0173 seconds
                 HDIFF completed...       0.0097 seconds
              DECOUPLE completed...       0.0030 seconds
                  PHOT completed...       0.0024 seconds
               CLDPROC completed...       0.0080 seconds
                  CHEM completed...       0.1215 seconds
                  AERO completed...       0.1842 seconds
            Master Time Step
            Processing completed...       0.5505 seconds
 
     Processing Day/Time [YYYYDDD:HHMMSS]: 2022182:044000
       Which is Equivalent to (UTC): 4:40:00  Friday,  July 1, 2022
       Time-Step Length (HHMMSS): 000500
                 VDIFF completed...       0.1374 seconds
                COUPLE completed...       0.0024 seconds
                  HADV completed...       0.0717 seconds
                  ZADV completed...       0.0173 seconds
                 HDIFF completed...       0.0097 seconds
              DECOUPLE completed...       0.0030 seconds
                  PHOT completed...       0.0025 seconds
               CLDPROC completed...       0.0074 seconds
                  CHEM completed...       0.1217 seconds
                  AERO completed...       0.1843 seconds
            Master Time Step
            Processing completed...       0.5588 seconds
 
     Processing Day/Time [YYYYDDD:HHMMSS]: 2022182:044500
       Which is Equivalent to (UTC): 4:45:00  Friday,  July 1, 2022
       Time-Step Length (HHMMSS): 000500
                 VDIFF completed...       0.1397 seconds
                COUPLE completed...       0.0024 seconds
                  HADV completed...       0.0680 seconds
                  ZADV completed...       0.0173 seconds
                 HDIFF completed...       0.0097 seconds
              DECOUPLE completed...       0.0030 seconds
                  PHOT completed...       0.0025 seconds
               CLDPROC completed...       0.0078 seconds
                  CHEM completed...       0.1214 seconds
                  AERO completed...       0.1848 seconds
            Master Time Step
            Processing completed...       0.5579 seconds
 
     Processing Day/Time [YYYYDDD:HHMMSS]: 2022182:045000
       Which is Equivalent to (UTC): 4:50:00  Friday,  July 1, 2022
       Time-Step Length (HHMMSS): 000500
                 VDIFF completed...       0.1382 seconds
                COUPLE completed...       0.0024 seconds
                  HADV completed...       0.0694 seconds
                  ZADV completed...       0.0172 seconds
                 HDIFF completed...       0.0094 seconds
              DECOUPLE completed...       0.0030 seconds
                  PHOT completed...       0.0023 seconds
               CLDPROC completed...       0.0076 seconds
                  CHEM completed...       0.1214 seconds
                  AERO completed...       0.1842 seconds
            Master Time Step
            Processing completed...       0.5566 seconds
 
     Processing Day/Time [YYYYDDD:HHMMSS]: 2022182:045500
       Which is Equivalent to (UTC): 4:55:00  Friday,  July 1, 2022
       Time-Step Length (HHMMSS): 000500
                 VDIFF completed...       0.1816 seconds
                COUPLE completed...       0.0025 seconds
                  HADV completed...       0.0515 seconds
                  ZADV completed...       0.0173 seconds
                 HDIFF completed...       0.0095 seconds
              DECOUPLE completed...       0.0030 seconds
                  PHOT completed...       0.0024 seconds
               CLDPROC completed...       0.0329 seconds
                  CHEM completed...       0.1214 seconds
                  AERO completed...       0.1842 seconds
            Master Time Step
            Processing completed...       0.6081 seconds
 
      =--> Data Output completed...       0.0720 seconds
 
     Processing Day/Time [YYYYDDD:HHMMSS]: 2022182:050000
       Which is Equivalent to (UTC): 5:00:00  Friday,  July 1, 2022
       Time-Step Length (HHMMSS): 000500
                 VDIFF completed...       0.3073 seconds
                COUPLE completed...       0.0024 seconds
                  HADV completed...       0.1131 seconds
                  ZADV completed...       0.0172 seconds
                 HDIFF completed...       0.0099 seconds
              DECOUPLE completed...       0.0030 seconds
                  PHOT completed...       0.0040 seconds
               CLDPROC completed...       0.0078 seconds
                  CHEM completed...       0.1215 seconds
                  AERO completed...       0.1842 seconds
            Master Time Step
            Processing completed...       0.7719 seconds
 
     Processing Day/Time [YYYYDDD:HHMMSS]: 2022182:050500
       Which is Equivalent to (UTC): 5:05:00  Friday,  July 1, 2022
       Time-Step Length (HHMMSS): 000500
                 VDIFF completed...       0.1379 seconds
                COUPLE completed...       0.0024 seconds
                  HADV completed...       0.0677 seconds
                  ZADV completed...       0.0172 seconds
                 HDIFF completed...       0.0098 seconds
              DECOUPLE completed...       0.0030 seconds
                  PHOT completed...       0.0025 seconds
               CLDPROC completed...       0.0078 seconds
                  CHEM completed...       0.1218 seconds
                  AERO completed...       0.1855 seconds
            Master Time Step
            Processing completed...       0.5573 seconds
 
     Processing Day/Time [YYYYDDD:HHMMSS]: 2022182:051000
       Which is Equivalent to (UTC): 5:10:00  Friday,  July 1, 2022
       Time-Step Length (HHMMSS): 000500
                 VDIFF completed...       0.1369 seconds
                COUPLE completed...       0.0024 seconds
                  HADV completed...       0.0957 seconds
                  ZADV completed...       0.0174 seconds
                 HDIFF completed...       0.0557 seconds
              DECOUPLE completed...       0.0030 seconds
                  PHOT completed...       0.0024 seconds
               CLDPROC completed...       0.0082 seconds
                  CHEM completed...       0.1216 seconds
                  AERO completed...       0.1844 seconds
            Master Time Step
            Processing completed...       0.6286 seconds
 
     Processing Day/Time [YYYYDDD:HHMMSS]: 2022182:051500
       Which is Equivalent to (UTC): 5:15:00  Friday,  July 1, 2022
       Time-Step Length (HHMMSS): 000500
                 VDIFF completed...       0.1428 seconds
                COUPLE completed...       0.0024 seconds
                  HADV completed...       0.0573 seconds
                  ZADV completed...       0.0173 seconds
                 HDIFF completed...       0.0095 seconds
              DECOUPLE completed...       0.0030 seconds
                  PHOT completed...       0.0031 seconds
               CLDPROC completed...       0.0090 seconds
                  CHEM completed...       0.1216 seconds
                  AERO completed...       0.1878 seconds
            Master Time Step
            Processing completed...       0.5552 seconds
 
     Processing Day/Time [YYYYDDD:HHMMSS]: 2022182:052000
       Which is Equivalent to (UTC): 5:20:00  Friday,  July 1, 2022
       Time-Step Length (HHMMSS): 000500
                 VDIFF completed...       0.1365 seconds
                COUPLE completed...       0.0024 seconds
                  HADV completed...       0.0592 seconds
                  ZADV completed...       0.0175 seconds
                 HDIFF completed...       0.0096 seconds
              DECOUPLE completed...       0.0030 seconds
                  PHOT completed...       0.0025 seconds
               CLDPROC completed...       0.0082 seconds
                  CHEM completed...       0.1214 seconds
                  AERO completed...       0.1833 seconds
            Master Time Step
            Processing completed...       0.5449 seconds
 
     Processing Day/Time [YYYYDDD:HHMMSS]: 2022182:052500
       Which is Equivalent to (UTC): 5:25:00  Friday,  July 1, 2022
       Time-Step Length (HHMMSS): 000500
                 VDIFF completed...       0.1375 seconds
                COUPLE completed...       0.0024 seconds
                  HADV completed...       0.0622 seconds
                  ZADV completed...       0.0173 seconds
                 HDIFF completed...       0.0094 seconds
              DECOUPLE completed...       0.0031 seconds
                  PHOT completed...       0.0025 seconds
               CLDPROC completed...       0.0089 seconds
                  CHEM completed...       0.1216 seconds
                  AERO completed...       0.1835 seconds
            Master Time Step
            Processing completed...       0.5499 seconds
 
     Processing Day/Time [YYYYDDD:HHMMSS]: 2022182:053000
       Which is Equivalent to (UTC): 5:30:00  Friday,  July 1, 2022
       Time-Step Length (HHMMSS): 000500
                 VDIFF completed...       0.1376 seconds
                COUPLE completed...       0.0025 seconds
                  HADV completed...       0.0684 seconds
                  ZADV completed...       0.0174 seconds
                 HDIFF completed...       0.0099 seconds
              DECOUPLE completed...       0.0030 seconds
                  PHOT completed...       0.0024 seconds
               CLDPROC completed...       0.0083 seconds
                  CHEM completed...       0.1217 seconds
                  AERO completed...       0.1846 seconds
            Master Time Step
            Processing completed...       0.5572 seconds
 
     Processing Day/Time [YYYYDDD:HHMMSS]: 2022182:053500
       Which is Equivalent to (UTC): 5:35:00  Friday,  July 1, 2022
       Time-Step Length (HHMMSS): 000500
                 VDIFF completed...       0.1377 seconds
                COUPLE completed...       0.0024 seconds
                  HADV completed...       0.0719 seconds
                  ZADV completed...       0.0175 seconds
                 HDIFF completed...       0.0093 seconds
              DECOUPLE completed...       0.0030 seconds
                  PHOT completed...       0.0024 seconds
               CLDPROC completed...       0.0086 seconds
                  CHEM completed...       0.1216 seconds
                  AERO completed...       0.1828 seconds
            Master Time Step
            Processing completed...       0.5586 seconds
 
     Processing Day/Time [YYYYDDD:HHMMSS]: 2022182:054000
       Which is Equivalent to (UTC): 5:40:00  Friday,  July 1, 2022
       Time-Step Length (HHMMSS): 000500
                 VDIFF completed...       0.1382 seconds
                COUPLE completed...       0.0024 seconds
                  HADV completed...       0.0699 seconds
                  ZADV completed...       0.0174 seconds
                 HDIFF completed...       0.0094 seconds
              DECOUPLE completed...       0.0031 seconds
                  PHOT completed...       0.0024 seconds
               CLDPROC completed...       0.0092 seconds
                  CHEM completed...       0.1223 seconds
                  AERO completed...       0.1844 seconds
            Master Time Step
            Processing completed...       0.5601 seconds
 
     Processing Day/Time [YYYYDDD:HHMMSS]: 2022182:054500
       Which is Equivalent to (UTC): 5:45:00  Friday,  July 1, 2022
       Time-Step Length (HHMMSS): 000500
                 VDIFF completed...       0.1379 seconds
                COUPLE completed...       0.0024 seconds
                  HADV completed...       0.0675 seconds
                  ZADV completed...       0.0174 seconds
                 HDIFF completed...       0.0094 seconds
              DECOUPLE completed...       0.0030 seconds
                  PHOT completed...       0.0028 seconds
               CLDPROC completed...       0.0088 seconds
                  CHEM completed...       0.1218 seconds
                  AERO completed...       0.1835 seconds
            Master Time Step
            Processing completed...       0.5559 seconds
 
     Processing Day/Time [YYYYDDD:HHMMSS]: 2022182:055000
       Which is Equivalent to (UTC): 5:50:00  Friday,  July 1, 2022
       Time-Step Length (HHMMSS): 000500
                 VDIFF completed...       0.1368 seconds
                COUPLE completed...       0.0024 seconds
                  HADV completed...       0.0687 seconds
                  ZADV completed...       0.0173 seconds
                 HDIFF completed...       0.0094 seconds
              DECOUPLE completed...       0.0031 seconds
                  PHOT completed...       0.0025 seconds
               CLDPROC completed...       0.0088 seconds
                  CHEM completed...       0.1220 seconds
                  AERO completed...       0.1832 seconds
            Master Time Step
            Processing completed...       0.5555 seconds
 
     Processing Day/Time [YYYYDDD:HHMMSS]: 2022182:055500
       Which is Equivalent to (UTC): 5:55:00  Friday,  July 1, 2022
       Time-Step Length (HHMMSS): 000500
                 VDIFF completed...       0.1881 seconds
                COUPLE completed...       0.0024 seconds
                  HADV completed...       0.0553 seconds
                  ZADV completed...       0.0174 seconds
                 HDIFF completed...       0.0099 seconds
              DECOUPLE completed...       0.0030 seconds
                  PHOT completed...       0.0024 seconds
               CLDPROC completed...       0.0358 seconds
                  CHEM completed...       0.1222 seconds
                  AERO completed...       0.1842 seconds
            Master Time Step
            Processing completed...       0.6224 seconds
 
      =--> Data Output completed...       0.0682 seconds
 
     Processing Day/Time [YYYYDDD:HHMMSS]: 2022182:060000
       Which is Equivalent to (UTC): 6:00:00  Friday,  July 1, 2022
       Time-Step Length (HHMMSS): 000500
                 VDIFF completed...       0.3013 seconds
                COUPLE completed...       0.0024 seconds
                  HADV completed...       0.1026 seconds
                  ZADV completed...       0.0175 seconds
                 HDIFF completed...       0.0092 seconds
              DECOUPLE completed...       0.0030 seconds
                  PHOT completed...       0.0038 seconds
               CLDPROC completed...       0.0092 seconds
                  CHEM completed...       0.1217 seconds
                  AERO completed...       0.1826 seconds
            Master Time Step
            Processing completed...       0.7542 seconds
 
     Processing Day/Time [YYYYDDD:HHMMSS]: 2022182:060500
       Which is Equivalent to (UTC): 6:05:00  Friday,  July 1, 2022
       Time-Step Length (HHMMSS): 000500
                 VDIFF completed...       0.1379 seconds
                COUPLE completed...       0.0024 seconds
                  HADV completed...       0.0652 seconds
                  ZADV completed...       0.0174 seconds
                 HDIFF completed...       0.0095 seconds
              DECOUPLE completed...       0.0030 seconds
                  PHOT completed...       0.0026 seconds
               CLDPROC completed...       0.0092 seconds
                  CHEM completed...       0.1219 seconds
                  AERO completed...       0.1823 seconds
            Master Time Step
            Processing completed...       0.5530 seconds
 
     Processing Day/Time [YYYYDDD:HHMMSS]: 2022182:061000
       Which is Equivalent to (UTC): 6:10:00  Friday,  July 1, 2022
       Time-Step Length (HHMMSS): 000500
                 VDIFF completed...       0.1375 seconds
                COUPLE completed...       0.0024 seconds
                  HADV completed...       0.0630 seconds
                  ZADV completed...       0.0174 seconds
                 HDIFF completed...       0.0095 seconds
              DECOUPLE completed...       0.0030 seconds
                  PHOT completed...       0.0024 seconds
               CLDPROC completed...       0.0090 seconds
                  CHEM completed...       0.1218 seconds
                  AERO completed...       0.1828 seconds
            Master Time Step
            Processing completed...       0.5504 seconds
 
     Processing Day/Time [YYYYDDD:HHMMSS]: 2022182:061500
       Which is Equivalent to (UTC): 6:15:00  Friday,  July 1, 2022
       Time-Step Length (HHMMSS): 000500
                 VDIFF completed...       0.1365 seconds
                COUPLE completed...       0.0024 seconds
                  HADV completed...       0.0747 seconds
                  ZADV completed...       0.0174 seconds
                 HDIFF completed...       0.0094 seconds
              DECOUPLE completed...       0.0030 seconds
                  PHOT completed...       0.0024 seconds
               CLDPROC completed...       0.0087 seconds
                  CHEM completed...       0.1222 seconds
                  AERO completed...       0.1835 seconds
            Master Time Step
            Processing completed...       0.5617 seconds
 
     Processing Day/Time [YYYYDDD:HHMMSS]: 2022182:062000
       Which is Equivalent to (UTC): 6:20:00  Friday,  July 1, 2022
       Time-Step Length (HHMMSS): 000500
                 VDIFF completed...       0.1378 seconds
                COUPLE completed...       0.0024 seconds
                  HADV completed...       0.0692 seconds
                  ZADV completed...       0.0174 seconds
                 HDIFF completed...       0.0095 seconds
              DECOUPLE completed...       0.0030 seconds
                  PHOT completed...       0.0025 seconds
               CLDPROC completed...       0.0093 seconds
                  CHEM completed...       0.1222 seconds
                  AERO completed...       0.1826 seconds
            Master Time Step
            Processing completed...       0.5572 seconds
 
     Processing Day/Time [YYYYDDD:HHMMSS]: 2022182:062500
       Which is Equivalent to (UTC): 6:25:00  Friday,  July 1, 2022
       Time-Step Length (HHMMSS): 000500
                 VDIFF completed...       0.1382 seconds
                COUPLE completed...       0.0025 seconds
                  HADV completed...       0.0624 seconds
                  ZADV completed...       0.0174 seconds
                 HDIFF completed...       0.0093 seconds
              DECOUPLE completed...       0.0031 seconds
                  PHOT completed...       0.0025 seconds
               CLDPROC completed...       0.0087 seconds
                  CHEM completed...       0.1222 seconds
                  AERO completed...       0.1827 seconds
            Master Time Step
            Processing completed...       0.5505 seconds
 
     Processing Day/Time [YYYYDDD:HHMMSS]: 2022182:063000
       Which is Equivalent to (UTC): 6:30:00  Friday,  July 1, 2022
       Time-Step Length (HHMMSS): 000500
                 VDIFF completed...       0.1376 seconds
                COUPLE completed...       0.0024 seconds
                  HADV completed...       0.0666 seconds
                  ZADV completed...       0.0174 seconds
                 HDIFF completed...       0.0091 seconds
              DECOUPLE completed...       0.0030 seconds
                  PHOT completed...       0.0025 seconds
               CLDPROC completed...       0.0087 seconds
                  CHEM completed...       0.1225 seconds
                  AERO completed...       0.1821 seconds
            Master Time Step
            Processing completed...       0.5534 seconds
 
     Processing Day/Time [YYYYDDD:HHMMSS]: 2022182:063500
       Which is Equivalent to (UTC): 6:35:00  Friday,  July 1, 2022
       Time-Step Length (HHMMSS): 000500
                 VDIFF completed...       0.1365 seconds
                COUPLE completed...       0.0024 seconds
                  HADV completed...       0.0645 seconds
                  ZADV completed...       0.0173 seconds
                 HDIFF completed...       0.0094 seconds
              DECOUPLE completed...       0.0030 seconds
                  PHOT completed...       0.0025 seconds
               CLDPROC completed...       0.0096 seconds
                  CHEM completed...       0.1219 seconds
                  AERO completed...       0.1824 seconds
            Master Time Step
            Processing completed...       0.5510 seconds
 
     Processing Day/Time [YYYYDDD:HHMMSS]: 2022182:064000
       Which is Equivalent to (UTC): 6:40:00  Friday,  July 1, 2022
       Time-Step Length (HHMMSS): 000500
                 VDIFF completed...       0.1357 seconds
                COUPLE completed...       0.0024 seconds
                  HADV completed...       0.0651 seconds
                  ZADV completed...       0.0174 seconds
                 HDIFF completed...       0.0101 seconds
              DECOUPLE completed...       0.0030 seconds
                  PHOT completed...       0.0024 seconds
               CLDPROC completed...       0.0095 seconds
                  CHEM completed...       0.1223 seconds
                  AERO completed...       0.1818 seconds
            Master Time Step
            Processing completed...       0.5505 seconds
 
     Processing Day/Time [YYYYDDD:HHMMSS]: 2022182:064500
       Which is Equivalent to (UTC): 6:45:00  Friday,  July 1, 2022
       Time-Step Length (HHMMSS): 000500
                 VDIFF completed...       0.1364 seconds
                COUPLE completed...       0.0024 seconds
                  HADV completed...       0.0762 seconds
                  ZADV completed...       0.0174 seconds
                 HDIFF completed...       0.0095 seconds
              DECOUPLE completed...       0.0030 seconds
                  PHOT completed...       0.0023 seconds
               CLDPROC completed...       0.0091 seconds
                  CHEM completed...       0.1223 seconds
                  AERO completed...       0.1816 seconds
            Master Time Step
            Processing completed...       0.5616 seconds
 
     Processing Day/Time [YYYYDDD:HHMMSS]: 2022182:065000
       Which is Equivalent to (UTC): 6:50:00  Friday,  July 1, 2022
       Time-Step Length (HHMMSS): 000500
                 VDIFF completed...       0.1405 seconds
                COUPLE completed...       0.0024 seconds
                  HADV completed...       0.0653 seconds
                  ZADV completed...       0.0174 seconds
                 HDIFF completed...       0.0094 seconds
              DECOUPLE completed...       0.0031 seconds
                  PHOT completed...       0.0024 seconds
               CLDPROC completed...       0.0092 seconds
                  CHEM completed...       0.1229 seconds
                  AERO completed...       0.1814 seconds
            Master Time Step
            Processing completed...       0.5554 seconds
 
     Processing Day/Time [YYYYDDD:HHMMSS]: 2022182:065500
       Which is Equivalent to (UTC): 6:55:00  Friday,  July 1, 2022
       Time-Step Length (HHMMSS): 000500
                 VDIFF completed...       0.1833 seconds
                COUPLE completed...       0.0024 seconds
                  HADV completed...       0.0504 seconds
                  ZADV completed...       0.0174 seconds
                 HDIFF completed...       0.0096 seconds
              DECOUPLE completed...       0.0030 seconds
                  PHOT completed...       0.0026 seconds
               CLDPROC completed...       0.0352 seconds
                  CHEM completed...       0.1219 seconds
                  AERO completed...       0.1817 seconds
            Master Time Step
            Processing completed...       0.6090 seconds
 
      =--> Data Output completed...       0.0736 seconds
 
     Processing Day/Time [YYYYDDD:HHMMSS]: 2022182:070000
       Which is Equivalent to (UTC): 7:00:00  Friday,  July 1, 2022
       Time-Step Length (HHMMSS): 000500
                 VDIFF completed...       0.2909 seconds
                COUPLE completed...       0.0024 seconds
                  HADV completed...       0.0858 seconds
                  ZADV completed...       0.0173 seconds
                 HDIFF completed...       0.0098 seconds
              DECOUPLE completed...       0.0030 seconds
                  PHOT completed...       0.0042 seconds
               CLDPROC completed...       0.0102 seconds
                  CHEM completed...       0.1238 seconds
                  AERO completed...       0.1817 seconds
            Master Time Step
            Processing completed...       0.7306 seconds
 
     Processing Day/Time [YYYYDDD:HHMMSS]: 2022182:070500
       Which is Equivalent to (UTC): 7:05:00  Friday,  July 1, 2022
       Time-Step Length (HHMMSS): 000500
                 VDIFF completed...       0.1370 seconds
                COUPLE completed...       0.0024 seconds
                  HADV completed...       0.0712 seconds
                  ZADV completed...       0.0175 seconds
                 HDIFF completed...       0.0097 seconds
              DECOUPLE completed...       0.0030 seconds
                  PHOT completed...       0.0027 seconds
               CLDPROC completed...       0.0100 seconds
                  CHEM completed...       0.1246 seconds
                  AERO completed...       0.1810 seconds
            Master Time Step
            Processing completed...       0.5606 seconds
 
     Processing Day/Time [YYYYDDD:HHMMSS]: 2022182:071000
       Which is Equivalent to (UTC): 7:10:00  Friday,  July 1, 2022
       Time-Step Length (HHMMSS): 000500
                 VDIFF completed...       0.1368 seconds
                COUPLE completed...       0.0024 seconds
                  HADV completed...       0.0673 seconds
                  ZADV completed...       0.0174 seconds
                 HDIFF completed...       0.0097 seconds
              DECOUPLE completed...       0.0030 seconds
                  PHOT completed...       0.0028 seconds
               CLDPROC completed...       0.0106 seconds
                  CHEM completed...       0.1246 seconds
                  AERO completed...       0.1800 seconds
            Master Time Step
            Processing completed...       0.5561 seconds
 
     Processing Day/Time [YYYYDDD:HHMMSS]: 2022182:071500
       Which is Equivalent to (UTC): 7:15:00  Friday,  July 1, 2022
       Time-Step Length (HHMMSS): 000500
                 VDIFF completed...       0.1370 seconds
                COUPLE completed...       0.0024 seconds
                  HADV completed...       0.0721 seconds
                  ZADV completed...       0.0174 seconds
                 HDIFF completed...       0.9405 seconds
              DECOUPLE completed...       0.0031 seconds
                  PHOT completed...       0.0026 seconds
               CLDPROC completed...       0.0108 seconds
                  CHEM completed...       0.1251 seconds
                  AERO completed...       0.1808 seconds
            Master Time Step
            Processing completed...       1.4925 seconds
 
     Processing Day/Time [YYYYDDD:HHMMSS]: 2022182:072000
       Which is Equivalent to (UTC): 7:20:00  Friday,  July 1, 2022
       Time-Step Length (HHMMSS): 000500
                 VDIFF completed...       0.1365 seconds
                COUPLE completed...       0.0025 seconds
                  HADV completed...       0.0662 seconds
                  ZADV completed...       0.0172 seconds
                 HDIFF completed...       0.0099 seconds
              DECOUPLE completed...       0.0031 seconds
                  PHOT completed...       0.0029 seconds
               CLDPROC completed...       0.0101 seconds
                  CHEM completed...       0.1244 seconds
                  AERO completed...       0.1800 seconds
            Master Time Step
            Processing completed...       0.5530 seconds
 
     Processing Day/Time [YYYYDDD:HHMMSS]: 2022182:072500
       Which is Equivalent to (UTC): 7:25:00  Friday,  July 1, 2022
       Time-Step Length (HHMMSS): 000500
                 VDIFF completed...       0.1362 seconds
                COUPLE completed...       0.0025 seconds
                  HADV completed...       0.0673 seconds
                  ZADV completed...       0.0174 seconds
                 HDIFF completed...       0.0103 seconds
              DECOUPLE completed...       0.0031 seconds
                  PHOT completed...       0.0027 seconds
               CLDPROC completed...       0.0109 seconds
                  CHEM completed...       0.1242 seconds
                  AERO completed...       0.1811 seconds
            Master Time Step
            Processing completed...       0.5558 seconds
 
     Processing Day/Time [YYYYDDD:HHMMSS]: 2022182:073000
       Which is Equivalent to (UTC): 7:30:00  Friday,  July 1, 2022
       Time-Step Length (HHMMSS): 000500
                 VDIFF completed...       0.1360 seconds
                COUPLE completed...       0.0025 seconds
                  HADV completed...       0.0672 seconds
                  ZADV completed...       0.0174 seconds
                 HDIFF completed...       0.0102 seconds
              DECOUPLE completed...       0.0031 seconds
                  PHOT completed...       0.0027 seconds
               CLDPROC completed...       0.0099 seconds
                  CHEM completed...       0.1244 seconds
                  AERO completed...       0.1801 seconds
            Master Time Step
            Processing completed...       0.5536 seconds
 
     Processing Day/Time [YYYYDDD:HHMMSS]: 2022182:073500
       Which is Equivalent to (UTC): 7:35:00  Friday,  July 1, 2022
       Time-Step Length (HHMMSS): 000500
                 VDIFF completed...       0.1362 seconds
                COUPLE completed...       0.0025 seconds
                  HADV completed...       0.0717 seconds
                  ZADV completed...       0.0173 seconds
                 HDIFF completed...       0.0103 seconds
              DECOUPLE completed...       0.0032 seconds
                  PHOT completed...       0.0025 seconds
               CLDPROC completed...       0.0099 seconds
                  CHEM completed...       0.1247 seconds
                  AERO completed...       0.1807 seconds
            Master Time Step
            Processing completed...       0.5591 seconds
 
     Processing Day/Time [YYYYDDD:HHMMSS]: 2022182:074000
       Which is Equivalent to (UTC): 7:40:00  Friday,  July 1, 2022
       Time-Step Length (HHMMSS): 000500
                 VDIFF completed...       0.1375 seconds
                COUPLE completed...       0.0025 seconds
                  HADV completed...       0.0696 seconds
                  ZADV completed...       0.0173 seconds
                 HDIFF completed...       0.0106 seconds
              DECOUPLE completed...       0.0032 seconds
                  PHOT completed...       0.0027 seconds
               CLDPROC completed...       0.0104 seconds
                  CHEM completed...       0.1251 seconds
                  AERO completed...       0.1794 seconds
            Master Time Step
            Processing completed...       0.5585 seconds
 
     Processing Day/Time [YYYYDDD:HHMMSS]: 2022182:074500
       Which is Equivalent to (UTC): 7:45:00  Friday,  July 1, 2022
       Time-Step Length (HHMMSS): 000500
                 VDIFF completed...       0.1363 seconds
                COUPLE completed...       0.0025 seconds
                  HADV completed...       0.0681 seconds
                  ZADV completed...       0.0174 seconds
                 HDIFF completed...       0.0097 seconds
              DECOUPLE completed...       0.0031 seconds
                  PHOT completed...       0.0025 seconds
               CLDPROC completed...       0.0097 seconds
                  CHEM completed...       0.1246 seconds
                  AERO completed...       0.1793 seconds
            Master Time Step
            Processing completed...       0.5535 seconds
 
     Processing Day/Time [YYYYDDD:HHMMSS]: 2022182:075000
       Which is Equivalent to (UTC): 7:50:00  Friday,  July 1, 2022
       Time-Step Length (HHMMSS): 000500
                 VDIFF completed...       0.1373 seconds
                COUPLE completed...       0.0024 seconds
                  HADV completed...       0.0688 seconds
                  ZADV completed...       0.0173 seconds
                 HDIFF completed...       0.0103 seconds
              DECOUPLE completed...       0.0031 seconds
                  PHOT completed...       0.0027 seconds
               CLDPROC completed...       0.0109 seconds
                  CHEM completed...       0.1255 seconds
                  AERO completed...       0.1791 seconds
            Master Time Step
            Processing completed...       0.5576 seconds
 
     Processing Day/Time [YYYYDDD:HHMMSS]: 2022182:075500
       Which is Equivalent to (UTC): 7:55:00  Friday,  July 1, 2022
       Time-Step Length (HHMMSS): 000500
                 VDIFF completed...       0.1726 seconds
                COUPLE completed...       0.0026 seconds
                  HADV completed...       0.0518 seconds
                  ZADV completed...       0.0174 seconds
                 HDIFF completed...       0.0100 seconds
              DECOUPLE completed...       0.0031 seconds
                  PHOT completed...       0.0026 seconds
               CLDPROC completed...       0.0344 seconds
                  CHEM completed...       0.1252 seconds
                  AERO completed...       0.1793 seconds
            Master Time Step
            Processing completed...       0.5992 seconds
 
      =--> Data Output completed...       0.0731 seconds
 
     Processing Day/Time [YYYYDDD:HHMMSS]: 2022182:080000
       Which is Equivalent to (UTC): 8:00:00  Friday,  July 1, 2022
       Time-Step Length (HHMMSS): 000500
                 VDIFF completed...       0.2987 seconds
                COUPLE completed...       0.0025 seconds
                  HADV completed...       0.0808 seconds
                  ZADV completed...       0.0173 seconds
                 HDIFF completed...       0.0103 seconds
              DECOUPLE completed...       0.0031 seconds
                  PHOT completed...       0.0044 seconds
               CLDPROC completed...       0.0107 seconds
                  CHEM completed...       0.1255 seconds
                  AERO completed...       0.1791 seconds
            Master Time Step
            Processing completed...       0.7327 seconds
 
     Processing Day/Time [YYYYDDD:HHMMSS]: 2022182:080500
       Which is Equivalent to (UTC): 8:05:00  Friday,  July 1, 2022
       Time-Step Length (HHMMSS): 000500
                 VDIFF completed...       0.1362 seconds
                COUPLE completed...       0.0025 seconds
                  HADV completed...       0.0630 seconds
                  ZADV completed...       0.0173 seconds
                 HDIFF completed...       0.0100 seconds
              DECOUPLE completed...       0.0031 seconds
                  PHOT completed...       0.0029 seconds
               CLDPROC completed...       0.0103 seconds
                  CHEM completed...       0.1258 seconds
                  AERO completed...       0.1787 seconds
            Master Time Step
            Processing completed...       0.5500 seconds
 
     Processing Day/Time [YYYYDDD:HHMMSS]: 2022182:081000
       Which is Equivalent to (UTC): 8:10:00  Friday,  July 1, 2022
       Time-Step Length (HHMMSS): 000500
                 VDIFF completed...       0.1390 seconds
                COUPLE completed...       0.0025 seconds
                  HADV completed...       0.0614 seconds
                  ZADV completed...       0.0172 seconds
                 HDIFF completed...       0.0102 seconds
              DECOUPLE completed...       0.0031 seconds
                  PHOT completed...       0.0026 seconds
               CLDPROC completed...       0.0111 seconds
                  CHEM completed...       0.1258 seconds
                  AERO completed...       0.1784 seconds
            Master Time Step
            Processing completed...       0.5515 seconds
 
     Processing Day/Time [YYYYDDD:HHMMSS]: 2022182:081500
       Which is Equivalent to (UTC): 8:15:00  Friday,  July 1, 2022
       Time-Step Length (HHMMSS): 000500
                 VDIFF completed...       0.1375 seconds
                COUPLE completed...       0.0025 seconds
                  HADV completed...       0.0666 seconds
                  ZADV completed...       0.0172 seconds
                 HDIFF completed...       0.0101 seconds
              DECOUPLE completed...       0.0031 seconds
                  PHOT completed...       0.0029 seconds
               CLDPROC completed...       0.0116 seconds
                  CHEM completed...       0.1256 seconds
                  AERO completed...       0.1788 seconds
            Master Time Step
            Processing completed...       0.5561 seconds
 
     Processing Day/Time [YYYYDDD:HHMMSS]: 2022182:082000
       Which is Equivalent to (UTC): 8:20:00  Friday,  July 1, 2022
       Time-Step Length (HHMMSS): 000500
                 VDIFF completed...       0.1366 seconds
                COUPLE completed...       0.0026 seconds
                  HADV completed...       0.0687 seconds
                  ZADV completed...       0.0171 seconds
                 HDIFF completed...       0.0101 seconds
              DECOUPLE completed...       0.0031 seconds
                  PHOT completed...       0.0026 seconds
               CLDPROC completed...       0.0109 seconds
                  CHEM completed...       0.1256 seconds
                  AERO completed...       0.1784 seconds
            Master Time Step
            Processing completed...       0.5559 seconds
 
     Processing Day/Time [YYYYDDD:HHMMSS]: 2022182:082500
       Which is Equivalent to (UTC): 8:25:00  Friday,  July 1, 2022
       Time-Step Length (HHMMSS): 000500
                 VDIFF completed...       0.1360 seconds
                COUPLE completed...       0.0024 seconds
                  HADV completed...       0.0683 seconds
                  ZADV completed...       0.0170 seconds
                 HDIFF completed...       0.0104 seconds
              DECOUPLE completed...       0.0030 seconds
                  PHOT completed...       0.0024 seconds
               CLDPROC completed...       0.0109 seconds
                  CHEM completed...       0.1257 seconds
                  AERO completed...       0.1788 seconds
            Master Time Step
            Processing completed...       0.5551 seconds
 
     Processing Day/Time [YYYYDDD:HHMMSS]: 2022182:083000
       Which is Equivalent to (UTC): 8:30:00  Friday,  July 1, 2022
       Time-Step Length (HHMMSS): 000500
                 VDIFF completed...       0.1489 seconds
                COUPLE completed...       0.0024 seconds
                  HADV completed...       0.0495 seconds
                  ZADV completed...       0.0171 seconds
                 HDIFF completed...       0.0101 seconds
              DECOUPLE completed...       0.0030 seconds
                  PHOT completed...       0.0025 seconds
               CLDPROC completed...       0.0108 seconds
                  CHEM completed...       0.1255 seconds
                  AERO completed...       0.1778 seconds
            Master Time Step
            Processing completed...       0.5478 seconds
 
     Processing Day/Time [YYYYDDD:HHMMSS]: 2022182:083500
       Which is Equivalent to (UTC): 8:35:00  Friday,  July 1, 2022
       Time-Step Length (HHMMSS): 000500
                 VDIFF completed...       0.1362 seconds
                COUPLE completed...       0.0024 seconds
                  HADV completed...       0.0593 seconds
                  ZADV completed...       0.0171 seconds
                 HDIFF completed...       0.0105 seconds
              DECOUPLE completed...       0.0030 seconds
                  PHOT completed...       0.0025 seconds
               CLDPROC completed...       0.0109 seconds
                  CHEM completed...       0.1257 seconds
                  AERO completed...       0.1774 seconds
            Master Time Step
            Processing completed...       0.5453 seconds
 
     Processing Day/Time [YYYYDDD:HHMMSS]: 2022182:084000
       Which is Equivalent to (UTC): 8:40:00  Friday,  July 1, 2022
       Time-Step Length (HHMMSS): 000500
                 VDIFF completed...       0.1359 seconds
                COUPLE completed...       0.0024 seconds
                  HADV completed...       0.0593 seconds
                  ZADV completed...       0.0170 seconds
                 HDIFF completed...       0.0101 seconds
              DECOUPLE completed...       0.0030 seconds
                  PHOT completed...       0.0025 seconds
               CLDPROC completed...       0.0116 seconds
                  CHEM completed...       0.1257 seconds
                  AERO completed...       0.1776 seconds
            Master Time Step
            Processing completed...       0.5453 seconds
 
     Processing Day/Time [YYYYDDD:HHMMSS]: 2022182:084500
       Which is Equivalent to (UTC): 8:45:00  Friday,  July 1, 2022
       Time-Step Length (HHMMSS): 000500
                 VDIFF completed...       0.1369 seconds
                COUPLE completed...       0.0024 seconds
                  HADV completed...       0.0585 seconds
                  ZADV completed...       0.0171 seconds
                 HDIFF completed...       0.0103 seconds
              DECOUPLE completed...       0.0030 seconds
                  PHOT completed...       0.0025 seconds
               CLDPROC completed...       0.0119 seconds
                  CHEM completed...       0.1263 seconds
                  AERO completed...       0.1786 seconds
            Master Time Step
            Processing completed...       0.5475 seconds
 
     Processing Day/Time [YYYYDDD:HHMMSS]: 2022182:085000
       Which is Equivalent to (UTC): 8:50:00  Friday,  July 1, 2022
       Time-Step Length (HHMMSS): 000500
                 VDIFF completed...       0.1362 seconds
                COUPLE completed...       0.0024 seconds
                  HADV completed...       0.0560 seconds
                  ZADV completed...       0.0170 seconds
                 HDIFF completed...       0.0102 seconds
              DECOUPLE completed...       0.0030 seconds
                  PHOT completed...       0.0025 seconds
               CLDPROC completed...       0.0113 seconds
                  CHEM completed...       0.1256 seconds
                  AERO completed...       0.1769 seconds
            Master Time Step
            Processing completed...       0.5412 seconds
 
     Processing Day/Time [YYYYDDD:HHMMSS]: 2022182:085500
       Which is Equivalent to (UTC): 8:55:00  Friday,  July 1, 2022
       Time-Step Length (HHMMSS): 000500
                 VDIFF completed...       0.1706 seconds
                COUPLE completed...       0.0026 seconds
                  HADV completed...       0.0513 seconds
                  ZADV completed...       0.0172 seconds
                 HDIFF completed...       0.0101 seconds
              DECOUPLE completed...       0.0030 seconds
                  PHOT completed...       0.0025 seconds
               CLDPROC completed...       0.0429 seconds
                  CHEM completed...       0.1260 seconds
                  AERO completed...       0.1764 seconds
            Master Time Step
            Processing completed...       0.6028 seconds
 
      =--> Data Output completed...       0.0688 seconds
 
     Processing Day/Time [YYYYDDD:HHMMSS]: 2022182:090000
       Which is Equivalent to (UTC): 9:00:00  Friday,  July 1, 2022
       Time-Step Length (HHMMSS): 000500
                 VDIFF completed...       0.2915 seconds
                COUPLE completed...       0.0024 seconds
                  HADV completed...       0.0795 seconds
                  ZADV completed...       0.0171 seconds
                 HDIFF completed...       0.0102 seconds
              DECOUPLE completed...       0.0030 seconds
                  PHOT completed...       0.0042 seconds
               CLDPROC completed...       0.0137 seconds
                  CHEM completed...       0.1281 seconds
                  AERO completed...       0.1768 seconds
            Master Time Step
            Processing completed...       0.7267 seconds
 
     Processing Day/Time [YYYYDDD:HHMMSS]: 2022182:090500
       Which is Equivalent to (UTC): 9:05:00  Friday,  July 1, 2022
       Time-Step Length (HHMMSS): 000500
                 VDIFF completed...       0.1373 seconds
                COUPLE completed...       0.0025 seconds
                  HADV completed...       0.0581 seconds
                  ZADV completed...       0.0170 seconds
                 HDIFF completed...       0.0101 seconds
              DECOUPLE completed...       0.0030 seconds
                  PHOT completed...       0.0026 seconds
               CLDPROC completed...       0.0140 seconds
                  CHEM completed...       0.1284 seconds
                  AERO completed...       0.1767 seconds
            Master Time Step
            Processing completed...       0.5500 seconds
 
     Processing Day/Time [YYYYDDD:HHMMSS]: 2022182:091000
       Which is Equivalent to (UTC): 9:10:00  Friday,  July 1, 2022
       Time-Step Length (HHMMSS): 000500
                 VDIFF completed...       0.1372 seconds
                COUPLE completed...       0.0024 seconds
                  HADV completed...       0.0552 seconds
                  ZADV completed...       0.0171 seconds
                 HDIFF completed...       0.0105 seconds
              DECOUPLE completed...       0.0030 seconds
                  PHOT completed...       0.0025 seconds
               CLDPROC completed...       0.0144 seconds
                  CHEM completed...       0.1284 seconds
                  AERO completed...       0.1762 seconds
            Master Time Step
            Processing completed...       0.5470 seconds
 
     Processing Day/Time [YYYYDDD:HHMMSS]: 2022182:091500
       Which is Equivalent to (UTC): 9:15:00  Friday,  July 1, 2022
       Time-Step Length (HHMMSS): 000500
                 VDIFF completed...       0.1401 seconds
                COUPLE completed...       0.0025 seconds
                  HADV completed...       0.0877 seconds
                  ZADV completed...       0.0178 seconds
                 HDIFF completed...       0.0093 seconds
              DECOUPLE completed...       0.0031 seconds
                  PHOT completed...       0.0028 seconds
               CLDPROC completed...       0.0149 seconds
                  CHEM completed...       0.1284 seconds
                  AERO completed...       0.1754 seconds
            Master Time Step
            Processing completed...       0.5822 seconds
 
     Processing Day/Time [YYYYDDD:HHMMSS]: 2022182:092000
       Which is Equivalent to (UTC): 9:20:00  Friday,  July 1, 2022
       Time-Step Length (HHMMSS): 000500
                 VDIFF completed...       0.1376 seconds
                COUPLE completed...       0.0024 seconds
                  HADV completed...       0.0544 seconds
                  ZADV completed...       0.0171 seconds
                 HDIFF completed...       0.0101 seconds
              DECOUPLE completed...       0.0030 seconds
                  PHOT completed...       0.0026 seconds
               CLDPROC completed...       0.0143 seconds
                  CHEM completed...       0.1284 seconds
                  AERO completed...       0.1754 seconds
            Master Time Step
            Processing completed...       0.5455 seconds
 
     Processing Day/Time [YYYYDDD:HHMMSS]: 2022182:092500
       Which is Equivalent to (UTC): 9:25:00  Friday,  July 1, 2022
       Time-Step Length (HHMMSS): 000500
                 VDIFF completed...       0.1368 seconds
                COUPLE completed...       0.0024 seconds
                  HADV completed...       0.0644 seconds
                  ZADV completed...       0.0171 seconds
                 HDIFF completed...       0.0104 seconds
              DECOUPLE completed...       0.0030 seconds
                  PHOT completed...       0.0026 seconds
               CLDPROC completed...       0.0145 seconds
                  CHEM completed...       0.1284 seconds
                  AERO completed...       0.1761 seconds
            Master Time Step
            Processing completed...       0.5562 seconds
 
     Processing Day/Time [YYYYDDD:HHMMSS]: 2022182:093000
       Which is Equivalent to (UTC): 9:30:00  Friday,  July 1, 2022
       Time-Step Length (HHMMSS): 000500
                 VDIFF completed...       0.1405 seconds
                COUPLE completed...       0.0025 seconds
                  HADV completed...       0.0531 seconds
                  ZADV completed...       0.0178 seconds
                 HDIFF completed...       0.0092 seconds
              DECOUPLE completed...       0.0031 seconds
                  PHOT completed...       0.0026 seconds
               CLDPROC completed...       0.0156 seconds
                  CHEM completed...       0.1337 seconds
                  AERO completed...       0.1806 seconds
            Master Time Step
            Processing completed...       0.5600 seconds
 
     Processing Day/Time [YYYYDDD:HHMMSS]: 2022182:093500
       Which is Equivalent to (UTC): 9:35:00  Friday,  July 1, 2022
       Time-Step Length (HHMMSS): 000500
                 VDIFF completed...       0.1357 seconds
                COUPLE completed...       0.0024 seconds
                  HADV completed...       0.0543 seconds
                  ZADV completed...       0.0173 seconds
                 HDIFF completed...       0.0099 seconds
              DECOUPLE completed...       0.0030 seconds
                  PHOT completed...       0.0029 seconds
               CLDPROC completed...       0.0152 seconds
                  CHEM completed...       0.1293 seconds
                  AERO completed...       0.1770 seconds
            Master Time Step
            Processing completed...       0.5482 seconds
 
     Processing Day/Time [YYYYDDD:HHMMSS]: 2022182:094000
       Which is Equivalent to (UTC): 9:40:00  Friday,  July 1, 2022
       Time-Step Length (HHMMSS): 000500
                 VDIFF completed...       0.1415 seconds
                COUPLE completed...       0.0025 seconds
                  HADV completed...       0.0537 seconds
                  ZADV completed...       0.0178 seconds
                 HDIFF completed...       0.0091 seconds
              DECOUPLE completed...       0.0033 seconds
                  PHOT completed...       0.0028 seconds
               CLDPROC completed...       0.0156 seconds
                  CHEM completed...       0.1330 seconds
                  AERO completed...       0.1795 seconds
            Master Time Step
            Processing completed...       0.5603 seconds
 
     Processing Day/Time [YYYYDDD:HHMMSS]: 2022182:094500
       Which is Equivalent to (UTC): 9:45:00  Friday,  July 1, 2022
       Time-Step Length (HHMMSS): 000500
                 VDIFF completed...       0.1441 seconds
                COUPLE completed...       0.0024 seconds
                  HADV completed...       0.0532 seconds
                  ZADV completed...       0.0173 seconds
                 HDIFF completed...       0.0095 seconds
              DECOUPLE completed...       0.0031 seconds
                  PHOT completed...       0.0026 seconds
               CLDPROC completed...       0.0154 seconds
                  CHEM completed...       0.1316 seconds
                  AERO completed...       0.1833 seconds
            Master Time Step
            Processing completed...       0.5640 seconds
 
     Processing Day/Time [YYYYDDD:HHMMSS]: 2022182:095000
       Which is Equivalent to (UTC): 9:50:00  Friday,  July 1, 2022
       Time-Step Length (HHMMSS): 000500
                 VDIFF completed...       0.1376 seconds
                COUPLE completed...       0.0024 seconds
                  HADV completed...       0.0527 seconds
                  ZADV completed...       0.0173 seconds
                 HDIFF completed...       0.0095 seconds
              DECOUPLE completed...       0.0030 seconds
                  PHOT completed...       0.0025 seconds
               CLDPROC completed...       0.0152 seconds
                  CHEM completed...       0.1297 seconds
                  AERO completed...       0.1758 seconds
            Master Time Step
            Processing completed...       0.5472 seconds
 
     Processing Day/Time [YYYYDDD:HHMMSS]: 2022182:095500
       Which is Equivalent to (UTC): 9:55:00  Friday,  July 1, 2022
       Time-Step Length (HHMMSS): 000500
                 VDIFF completed...       0.1651 seconds
                COUPLE completed...       0.0024 seconds
                  HADV completed...       0.0551 seconds
                  ZADV completed...       0.0172 seconds
                 HDIFF completed...       0.0100 seconds
              DECOUPLE completed...       0.0030 seconds
                  PHOT completed...       0.0028 seconds
               CLDPROC completed...       0.0400 seconds
                  CHEM completed...       0.1296 seconds
                  AERO completed...       0.1753 seconds
            Master Time Step
            Processing completed...       0.6018 seconds
 
      =--> Data Output completed...       0.0707 seconds
 
     Processing Day/Time [YYYYDDD:HHMMSS]: 2022182:100000
       Which is Equivalent to (UTC): 10:00:00 Friday,  July 1, 2022
       Time-Step Length (HHMMSS): 000500
                 VDIFF completed...       0.3022 seconds
                COUPLE completed...       0.0024 seconds
                  HADV completed...       0.0857 seconds
                  ZADV completed...       0.0173 seconds
                 HDIFF completed...       0.0095 seconds
              DECOUPLE completed...       0.0030 seconds
                  PHOT completed...       0.0042 seconds
               CLDPROC completed...       0.0191 seconds
                  CHEM completed...       0.1382 seconds
                  AERO completed...       0.1745 seconds
            Master Time Step
            Processing completed...       0.7574 seconds
 
     Processing Day/Time [YYYYDDD:HHMMSS]: 2022182:100500
       Which is Equivalent to (UTC): 10:05:00 Friday,  July 1, 2022
       Time-Step Length (HHMMSS): 000500
                 VDIFF completed...       0.1341 seconds
                COUPLE completed...       0.0024 seconds
                  HADV completed...       0.0535 seconds
                  ZADV completed...       0.0172 seconds
                 HDIFF completed...       0.0095 seconds
              DECOUPLE completed...       0.0030 seconds
                  PHOT completed...       0.0032 seconds
               CLDPROC completed...       0.0195 seconds
                  CHEM completed...       0.1394 seconds
                  AERO completed...       0.1749 seconds
            Master Time Step
            Processing completed...       0.5581 seconds
 
     Processing Day/Time [YYYYDDD:HHMMSS]: 2022182:101000
       Which is Equivalent to (UTC): 10:10:00 Friday,  July 1, 2022
       Time-Step Length (HHMMSS): 000500
                 VDIFF completed...       0.1333 seconds
                COUPLE completed...       0.0024 seconds
                  HADV completed...       0.0530 seconds
                  ZADV completed...       0.0172 seconds
                 HDIFF completed...       0.0096 seconds
              DECOUPLE completed...       0.0030 seconds
                  PHOT completed...       0.0031 seconds
               CLDPROC completed...       0.0204 seconds
                  CHEM completed...       0.1396 seconds
                  AERO completed...       0.1786 seconds
            Master Time Step
            Processing completed...       0.5616 seconds
 
     Processing Day/Time [YYYYDDD:HHMMSS]: 2022182:101500
       Which is Equivalent to (UTC): 10:15:00 Friday,  July 1, 2022
       Time-Step Length (HHMMSS): 000500
                 VDIFF completed...       0.1359 seconds
                COUPLE completed...       0.0025 seconds
                  HADV completed...       0.0534 seconds
                  ZADV completed...       0.0171 seconds
                 HDIFF completed...       0.0096 seconds
              DECOUPLE completed...       0.0030 seconds
                  PHOT completed...       0.0028 seconds
               CLDPROC completed...       0.0213 seconds
                  CHEM completed...       0.1395 seconds
                  AERO completed...       0.1744 seconds
            Master Time Step
            Processing completed...       0.5610 seconds
 
     Processing Day/Time [YYYYDDD:HHMMSS]: 2022182:102000
       Which is Equivalent to (UTC): 10:20:00 Friday,  July 1, 2022
       Time-Step Length (HHMMSS): 000500
                 VDIFF completed...       0.1353 seconds
                COUPLE completed...       0.0024 seconds
                  HADV completed...       0.0559 seconds
                  ZADV completed...       0.0171 seconds
                 HDIFF completed...       0.0099 seconds
              DECOUPLE completed...       0.0031 seconds
                  PHOT completed...       0.0028 seconds
               CLDPROC completed...       0.0211 seconds
                  CHEM completed...       0.1395 seconds
                  AERO completed...       0.1741 seconds
            Master Time Step
            Processing completed...       0.5629 seconds
 
     Processing Day/Time [YYYYDDD:HHMMSS]: 2022182:102500
       Which is Equivalent to (UTC): 10:25:00 Friday,  July 1, 2022
       Time-Step Length (HHMMSS): 000500
                 VDIFF completed...       0.1345 seconds
                COUPLE completed...       0.0024 seconds
                  HADV completed...       0.0871 seconds
                  ZADV completed...       0.0171 seconds
                 HDIFF completed...       0.0096 seconds
              DECOUPLE completed...       0.0030 seconds
                  PHOT completed...       0.0028 seconds
               CLDPROC completed...       0.0218 seconds
                  CHEM completed...       0.1393 seconds
                  AERO completed...       0.1731 seconds
            Master Time Step
            Processing completed...       0.5922 seconds
 
     Processing Day/Time [YYYYDDD:HHMMSS]: 2022182:103000
       Which is Equivalent to (UTC): 10:30:00 Friday,  July 1, 2022
       Time-Step Length (HHMMSS): 000500
                 VDIFF completed...       0.1364 seconds
                COUPLE completed...       0.0024 seconds
                  HADV completed...       0.0963 seconds
                  ZADV completed...       0.0173 seconds
                 HDIFF completed...       0.0094 seconds
              DECOUPLE completed...       0.0030 seconds
                  PHOT completed...       0.0027 seconds
               CLDPROC completed...       0.0218 seconds
                  CHEM completed...       0.1393 seconds
                  AERO completed...       0.1730 seconds
            Master Time Step
            Processing completed...       0.6031 seconds
 
     Processing Day/Time [YYYYDDD:HHMMSS]: 2022182:103500
       Which is Equivalent to (UTC): 10:35:00 Friday,  July 1, 2022
       Time-Step Length (HHMMSS): 000500
                 VDIFF completed...       0.1376 seconds
                COUPLE completed...       0.0024 seconds
                  HADV completed...       0.1171 seconds
                  ZADV completed...       0.0171 seconds
                 HDIFF completed...       0.0096 seconds
              DECOUPLE completed...       0.0030 seconds
                  PHOT completed...       0.0027 seconds
               CLDPROC completed...       0.0214 seconds
                  CHEM completed...       0.1399 seconds
                  AERO completed...       0.1732 seconds
            Master Time Step
            Processing completed...       0.6251 seconds
 
     Processing Day/Time [YYYYDDD:HHMMSS]: 2022182:104000
       Which is Equivalent to (UTC): 10:40:00 Friday,  July 1, 2022
       Time-Step Length (HHMMSS): 000500
                 VDIFF completed...       0.1384 seconds
                COUPLE completed...       0.0024 seconds
                  HADV completed...       0.1508 seconds
                  ZADV completed...       0.0172 seconds
                 HDIFF completed...       0.0099 seconds
              DECOUPLE completed...       0.0030 seconds
                  PHOT completed...       0.0026 seconds
               CLDPROC completed...       0.0213 seconds
                  CHEM completed...       0.1395 seconds
                  AERO completed...       0.1722 seconds
            Master Time Step
            Processing completed...       0.6585 seconds
 
     Processing Day/Time [YYYYDDD:HHMMSS]: 2022182:104500
       Which is Equivalent to (UTC): 10:45:00 Friday,  July 1, 2022
       Time-Step Length (HHMMSS): 000500
                 VDIFF completed...       0.1389 seconds
                COUPLE completed...       0.0024 seconds
                  HADV completed...       0.1658 seconds
                  ZADV completed...       0.0173 seconds
                 HDIFF completed...       0.0093 seconds
              DECOUPLE completed...       0.0030 seconds
                  PHOT completed...       0.0026 seconds
               CLDPROC completed...       0.0211 seconds
                  CHEM completed...       0.1394 seconds
                  AERO completed...       0.1718 seconds
            Master Time Step
            Processing completed...       0.6730 seconds
 
     Processing Day/Time [YYYYDDD:HHMMSS]: 2022182:105000
       Which is Equivalent to (UTC): 10:50:00 Friday,  July 1, 2022
       Time-Step Length (HHMMSS): 000500
                 VDIFF completed...       0.1345 seconds
                COUPLE completed...       0.0024 seconds
                  HADV completed...       0.1870 seconds
                  ZADV completed...       0.0171 seconds
                 HDIFF completed...       0.0095 seconds
              DECOUPLE completed...       0.0030 seconds
                  PHOT completed...       0.0026 seconds
               CLDPROC completed...       0.0209 seconds
                  CHEM completed...       0.1396 seconds
                  AERO completed...       0.1718 seconds
            Master Time Step
            Processing completed...       0.6897 seconds
 
     Processing Day/Time [YYYYDDD:HHMMSS]: 2022182:105500
       Which is Equivalent to (UTC): 10:55:00 Friday,  July 1, 2022
       Time-Step Length (HHMMSS): 000500
                 VDIFF completed...       0.3101 seconds
                COUPLE completed...       0.0024 seconds
                  HADV completed...       0.0536 seconds
                  ZADV completed...       0.0174 seconds
                 HDIFF completed...       0.0094 seconds
              DECOUPLE completed...       0.0030 seconds
                  PHOT completed...       0.0135 seconds
               CLDPROC completed...       0.0722 seconds
                  CHEM completed...       0.1392 seconds
                  AERO completed...       0.1715 seconds
            Master Time Step
            Processing completed...       0.7934 seconds
 
      =--> Data Output completed...       0.1788 seconds
 
     Processing Day/Time [YYYYDDD:HHMMSS]: 2022182:110000
       Which is Equivalent to (UTC): 11:00:00 Friday,  July 1, 2022
       Time-Step Length (HHMMSS): 000500
                 VDIFF completed...       0.3039 seconds
                COUPLE completed...       0.0024 seconds
                  HADV completed...       0.0928 seconds
                  ZADV completed...       0.0172 seconds
                 HDIFF completed...       0.0093 seconds
              DECOUPLE completed...       0.0030 seconds
                  PHOT completed...       0.0275 seconds
               CLDPROC completed...       0.0215 seconds
                  CHEM completed...       0.1450 seconds
                  AERO completed...       0.1716 seconds
            Master Time Step
            Processing completed...       0.7955 seconds
 
     Processing Day/Time [YYYYDDD:HHMMSS]: 2022182:110500
       Which is Equivalent to (UTC): 11:05:00 Friday,  July 1, 2022
       Time-Step Length (HHMMSS): 000500
                 VDIFF completed...       0.1311 seconds
                COUPLE completed...       0.0025 seconds
                  HADV completed...       0.1842 seconds
                  ZADV completed...       0.0174 seconds
                 HDIFF completed...       0.0095 seconds
              DECOUPLE completed...       0.0031 seconds
                  PHOT completed...       0.0265 seconds
               CLDPROC completed...       0.0222 seconds
                  CHEM completed...       0.1460 seconds
                  AERO completed...       0.1727 seconds
            Master Time Step
            Processing completed...       0.7153 seconds
 
     Processing Day/Time [YYYYDDD:HHMMSS]: 2022182:111000
       Which is Equivalent to (UTC): 11:10:00 Friday,  July 1, 2022
       Time-Step Length (HHMMSS): 000500
                 VDIFF completed...       0.2308 seconds
                COUPLE completed...       0.0026 seconds
                  HADV completed...       0.1337 seconds
                  ZADV completed...       0.0174 seconds
                 HDIFF completed...       0.0093 seconds
              DECOUPLE completed...       0.0032 seconds
                  PHOT completed...       0.0264 seconds
               CLDPROC completed...       0.0234 seconds
                  CHEM completed...       0.1458 seconds
                  AERO completed...       0.1727 seconds
            Master Time Step
            Processing completed...       0.7654 seconds
 
     Processing Day/Time [YYYYDDD:HHMMSS]: 2022182:111500
       Which is Equivalent to (UTC): 11:15:00 Friday,  July 1, 2022
       Time-Step Length (HHMMSS): 000500
                 VDIFF completed...       0.2865 seconds
                COUPLE completed...       0.0025 seconds
                  HADV completed...       0.0585 seconds
                  ZADV completed...       0.0174 seconds
                 HDIFF completed...       0.0091 seconds
              DECOUPLE completed...       0.0031 seconds
                  PHOT completed...       0.0264 seconds
               CLDPROC completed...       0.0240 seconds
                  CHEM completed...       0.1462 seconds
                  AERO completed...       0.1720 seconds
            Master Time Step
            Processing completed...       0.7460 seconds
 
     Processing Day/Time [YYYYDDD:HHMMSS]: 2022182:112000
       Which is Equivalent to (UTC): 11:20:00 Friday,  July 1, 2022
       Time-Step Length (HHMMSS): 000500
                 VDIFF completed...       0.1516 seconds
                COUPLE completed...       0.0025 seconds
                  HADV completed...       0.0528 seconds
                  ZADV completed...       0.0172 seconds
                 HDIFF completed...       0.0091 seconds
              DECOUPLE completed...       0.0031 seconds
                  PHOT completed...       0.0319 seconds
               CLDPROC completed...       0.0245 seconds
                  CHEM completed...       0.1884 seconds
                  AERO completed...       0.1724 seconds
            Master Time Step
            Processing completed...       0.6538 seconds
 
     Processing Day/Time [YYYYDDD:HHMMSS]: 2022182:112500
       Which is Equivalent to (UTC): 11:25:00 Friday,  July 1, 2022
       Time-Step Length (HHMMSS): 000500
                 VDIFF completed...       0.1342 seconds
                COUPLE completed...       0.0025 seconds
                  HADV completed...       0.0531 seconds
                  ZADV completed...       0.0175 seconds
                 HDIFF completed...       0.0087 seconds
              DECOUPLE completed...       0.0031 seconds
                  PHOT completed...       0.0414 seconds
               CLDPROC completed...       0.0247 seconds
                  CHEM completed...       0.2934 seconds
                  AERO completed...       0.1721 seconds
            Master Time Step
            Processing completed...       0.7509 seconds
 
     Processing Day/Time [YYYYDDD:HHMMSS]: 2022182:113000
       Which is Equivalent to (UTC): 11:30:00 Friday,  July 1, 2022
       Time-Step Length (HHMMSS): 000500
                 VDIFF completed...       0.1323 seconds
                COUPLE completed...       0.0025 seconds
                  HADV completed...       0.0527 seconds
                  ZADV completed...       0.0173 seconds
                 HDIFF completed...       0.0091 seconds
              DECOUPLE completed...       0.0032 seconds
                  PHOT completed...       0.0410 seconds
               CLDPROC completed...       0.0249 seconds
                  CHEM completed...       0.2980 seconds
                  AERO completed...       0.1727 seconds
            Master Time Step
            Processing completed...       0.7539 seconds
 
     Processing Day/Time [YYYYDDD:HHMMSS]: 2022182:113500
       Which is Equivalent to (UTC): 11:35:00 Friday,  July 1, 2022
       Time-Step Length (HHMMSS): 000500
                 VDIFF completed...       0.1322 seconds
                COUPLE completed...       0.0025 seconds
                  HADV completed...       0.0540 seconds
                  ZADV completed...       0.0177 seconds
                 HDIFF completed...       0.0083 seconds
              DECOUPLE completed...       0.0031 seconds
                  PHOT completed...       0.0407 seconds
               CLDPROC completed...       0.0251 seconds
                  CHEM completed...       0.2819 seconds
                  AERO completed...       0.1730 seconds
            Master Time Step
            Processing completed...       0.7388 seconds
 
     Processing Day/Time [YYYYDDD:HHMMSS]: 2022182:114000
       Which is Equivalent to (UTC): 11:40:00 Friday,  July 1, 2022
       Time-Step Length (HHMMSS): 000500
                 VDIFF completed...       0.1340 seconds
                COUPLE completed...       0.0025 seconds
                  HADV completed...       0.0531 seconds
                  ZADV completed...       0.0175 seconds
                 HDIFF completed...       0.0085 seconds
              DECOUPLE completed...       0.0032 seconds
                  PHOT completed...       0.0417 seconds
               CLDPROC completed...       0.0251 seconds
                  CHEM completed...       0.2693 seconds
                  AERO completed...       0.1718 seconds
            Master Time Step
            Processing completed...       0.7269 seconds
 
     Processing Day/Time [YYYYDDD:HHMMSS]: 2022182:114500
       Which is Equivalent to (UTC): 11:45:00 Friday,  July 1, 2022
       Time-Step Length (HHMMSS): 000500
                 VDIFF completed...       0.1358 seconds
                COUPLE completed...       0.0025 seconds
                  HADV completed...       0.0545 seconds
                  ZADV completed...       0.0176 seconds
                 HDIFF completed...       0.0084 seconds
              DECOUPLE completed...       0.0031 seconds
                  PHOT completed...       0.0412 seconds
               CLDPROC completed...       0.0251 seconds
                  CHEM completed...       0.2639 seconds
                  AERO completed...       0.1720 seconds
            Master Time Step
            Processing completed...       0.7244 seconds
 
     Processing Day/Time [YYYYDDD:HHMMSS]: 2022182:115000
       Which is Equivalent to (UTC): 11:50:00 Friday,  July 1, 2022
       Time-Step Length (HHMMSS): 000500
                 VDIFF completed...       0.1361 seconds
                COUPLE completed...       0.0025 seconds
                  HADV completed...       0.0547 seconds
                  ZADV completed...       0.0176 seconds
                 HDIFF completed...       0.0084 seconds
              DECOUPLE completed...       0.0031 seconds
                  PHOT completed...       0.0407 seconds
               CLDPROC completed...       0.0259 seconds
                  CHEM completed...       0.2637 seconds
                  AERO completed...       0.1717 seconds
            Master Time Step
            Processing completed...       0.7247 seconds
 
     Processing Day/Time [YYYYDDD:HHMMSS]: 2022182:115500
       Which is Equivalent to (UTC): 11:55:00 Friday,  July 1, 2022
       Time-Step Length (HHMMSS): 000500
                 VDIFF completed...       0.1617 seconds
                COUPLE completed...       0.0026 seconds
                  HADV completed...       0.0539 seconds
                  ZADV completed...       0.0175 seconds
                 HDIFF completed...       0.0079 seconds
              DECOUPLE completed...       0.0031 seconds
                  PHOT completed...       0.0417 seconds
               CLDPROC completed...       0.0547 seconds
                  CHEM completed...       0.2647 seconds
                  AERO completed...       0.1713 seconds
            Master Time Step
            Processing completed...       0.7793 seconds
 
      =--> Data Output completed...       0.0746 seconds
 
     Processing Day/Time [YYYYDDD:HHMMSS]: 2022182:120000
       Which is Equivalent to (UTC): 12:00:00 Friday,  July 1, 2022
       Time-Step Length (HHMMSS): 000500
                 VDIFF completed...       0.2979 seconds
                COUPLE completed...       0.0024 seconds
                  HADV completed...       0.0903 seconds
                  ZADV completed...       0.0175 seconds
                 HDIFF completed...       0.0077 seconds
              DECOUPLE completed...       0.0030 seconds
                  PHOT completed...       0.0436 seconds
               CLDPROC completed...       0.0307 seconds
                  CHEM completed...       0.2705 seconds
                  AERO completed...       0.1714 seconds
            Master Time Step
            Processing completed...       0.9351 seconds
 
     Processing Day/Time [YYYYDDD:HHMMSS]: 2022182:120500
       Which is Equivalent to (UTC): 12:05:00 Friday,  July 1, 2022
       Time-Step Length (HHMMSS): 000500
                 VDIFF completed...       0.1368 seconds
                COUPLE completed...       0.0024 seconds
                  HADV completed...       0.0562 seconds
                  ZADV completed...       0.0172 seconds
                 HDIFF completed...       0.0081 seconds
              DECOUPLE completed...       0.0030 seconds
                  PHOT completed...       0.0414 seconds
               CLDPROC completed...       0.0325 seconds
                  CHEM completed...       0.2685 seconds
                  AERO completed...       0.1718 seconds
            Master Time Step
            Processing completed...       0.7380 seconds
 
     Processing Day/Time [YYYYDDD:HHMMSS]: 2022182:121000
       Which is Equivalent to (UTC): 12:10:00 Friday,  July 1, 2022
       Time-Step Length (HHMMSS): 000500
                 VDIFF completed...       0.1366 seconds
                COUPLE completed...       0.0024 seconds
                  HADV completed...       0.0536 seconds
                  ZADV completed...       0.0170 seconds
                 HDIFF completed...       0.0083 seconds
              DECOUPLE completed...       0.0030 seconds
                  PHOT completed...       0.0420 seconds
               CLDPROC completed...       0.0338 seconds
                  CHEM completed...       0.2707 seconds
                  AERO completed...       0.1709 seconds
            Master Time Step
            Processing completed...       0.7385 seconds
 
     Processing Day/Time [YYYYDDD:HHMMSS]: 2022182:121500
       Which is Equivalent to (UTC): 12:15:00 Friday,  July 1, 2022
       Time-Step Length (HHMMSS): 000500
                 VDIFF completed...       0.1374 seconds
                COUPLE completed...       0.0024 seconds
                  HADV completed...       0.0551 seconds
                  ZADV completed...       0.0170 seconds
                 HDIFF completed...       0.0083 seconds
              DECOUPLE completed...       0.0030 seconds
                  PHOT completed...       0.0423 seconds
               CLDPROC completed...       0.0343 seconds
                  CHEM completed...       0.2719 seconds
                  AERO completed...       0.1702 seconds
            Master Time Step
            Processing completed...       0.7423 seconds
 
     Processing Day/Time [YYYYDDD:HHMMSS]: 2022182:122000
       Which is Equivalent to (UTC): 12:20:00 Friday,  July 1, 2022
       Time-Step Length (HHMMSS): 000500
                 VDIFF completed...       0.1373 seconds
                COUPLE completed...       0.0024 seconds
                  HADV completed...       0.0534 seconds
                  ZADV completed...       0.0167 seconds
                 HDIFF completed...       0.0085 seconds
              DECOUPLE completed...       0.0030 seconds
                  PHOT completed...       0.0422 seconds
               CLDPROC completed...       0.0338 seconds
                  CHEM completed...       0.2744 seconds
                  AERO completed...       0.1704 seconds
            Master Time Step
            Processing completed...       0.7422 seconds
 
     Processing Day/Time [YYYYDDD:HHMMSS]: 2022182:122500
       Which is Equivalent to (UTC): 12:25:00 Friday,  July 1, 2022
       Time-Step Length (HHMMSS): 000500
                 VDIFF completed...       0.1388 seconds
                COUPLE completed...       0.0024 seconds
                  HADV completed...       0.0549 seconds
                  ZADV completed...       0.0167 seconds
                 HDIFF completed...       0.0087 seconds
              DECOUPLE completed...       0.0030 seconds
                  PHOT completed...       0.0422 seconds
               CLDPROC completed...       0.0343 seconds
                  CHEM completed...       0.2770 seconds
                  AERO completed...       0.1701 seconds
            Master Time Step
            Processing completed...       0.7483 seconds
 
     Processing Day/Time [YYYYDDD:HHMMSS]: 2022182:123000
       Which is Equivalent to (UTC): 12:30:00 Friday,  July 1, 2022
       Time-Step Length (HHMMSS): 000500
                 VDIFF completed...       0.1394 seconds
                COUPLE completed...       0.0024 seconds
                  HADV completed...       0.0535 seconds
                  ZADV completed...       0.0167 seconds
                 HDIFF completed...       0.0086 seconds
              DECOUPLE completed...       0.0030 seconds
                  PHOT completed...       0.0421 seconds
               CLDPROC completed...       0.0337 seconds
                  CHEM completed...       0.2796 seconds
                  AERO completed...       0.1695 seconds
            Master Time Step
            Processing completed...       0.7485 seconds
 
     Processing Day/Time [YYYYDDD:HHMMSS]: 2022182:123500
       Which is Equivalent to (UTC): 12:35:00 Friday,  July 1, 2022
       Time-Step Length (HHMMSS): 000500
                 VDIFF completed...       0.1394 seconds
                COUPLE completed...       0.0024 seconds
                  HADV completed...       0.0532 seconds
                  ZADV completed...       0.0167 seconds
                 HDIFF completed...       0.0087 seconds
              DECOUPLE completed...       0.0030 seconds
                  PHOT completed...       0.0419 seconds
               CLDPROC completed...       0.0336 seconds
                  CHEM completed...       0.2828 seconds
                  AERO completed...       0.1693 seconds
            Master Time Step
            Processing completed...       0.7511 seconds
 
     Processing Day/Time [YYYYDDD:HHMMSS]: 2022182:124000
       Which is Equivalent to (UTC): 12:40:00 Friday,  July 1, 2022
       Time-Step Length (HHMMSS): 000500
                 VDIFF completed...       0.1397 seconds
                COUPLE completed...       0.0024 seconds
                  HADV completed...       0.0532 seconds
                  ZADV completed...       0.0168 seconds
                 HDIFF completed...       0.0085 seconds
              DECOUPLE completed...       0.0030 seconds
                  PHOT completed...       0.0421 seconds
               CLDPROC completed...       0.0329 seconds
                  CHEM completed...       0.2848 seconds
                  AERO completed...       0.1699 seconds
            Master Time Step
            Processing completed...       0.7534 seconds
 
     Processing Day/Time [YYYYDDD:HHMMSS]: 2022182:124500
       Which is Equivalent to (UTC): 12:45:00 Friday,  July 1, 2022
       Time-Step Length (HHMMSS): 000500
                 VDIFF completed...       0.1403 seconds
                COUPLE completed...       0.0024 seconds
                  HADV completed...       0.0551 seconds
                  ZADV completed...       0.0168 seconds
                 HDIFF completed...       0.0087 seconds
              DECOUPLE completed...       0.0030 seconds
                  PHOT completed...       0.0420 seconds
               CLDPROC completed...       0.0325 seconds
                  CHEM completed...       0.2894 seconds
                  AERO completed...       0.1690 seconds
            Master Time Step
            Processing completed...       0.7593 seconds
 
     Processing Day/Time [YYYYDDD:HHMMSS]: 2022182:125000
       Which is Equivalent to (UTC): 12:50:00 Friday,  July 1, 2022
       Time-Step Length (HHMMSS): 000500
                 VDIFF completed...       0.1393 seconds
                COUPLE completed...       0.0024 seconds
                  HADV completed...       0.0536 seconds
                  ZADV completed...       0.0168 seconds
                 HDIFF completed...       0.0083 seconds
              DECOUPLE completed...       0.0030 seconds
                  PHOT completed...       0.0416 seconds
               CLDPROC completed...       0.0335 seconds
                  CHEM completed...       0.2922 seconds
                  AERO completed...       0.1694 seconds
            Master Time Step
            Processing completed...       0.7602 seconds
 
     Processing Day/Time [YYYYDDD:HHMMSS]: 2022182:125500
       Which is Equivalent to (UTC): 12:55:00 Friday,  July 1, 2022
       Time-Step Length (HHMMSS): 000500
                 VDIFF completed...       0.1656 seconds
                COUPLE completed...       0.0024 seconds
                  HADV completed...       0.0552 seconds
                  ZADV completed...       0.0169 seconds
                 HDIFF completed...       0.0083 seconds
              DECOUPLE completed...       0.0030 seconds
                  PHOT completed...       0.0418 seconds
               CLDPROC completed...       0.0533 seconds
                  CHEM completed...       0.2973 seconds
                  AERO completed...       0.1689 seconds
            Master Time Step
            Processing completed...       0.8130 seconds
 
      =--> Data Output completed...       0.0846 seconds
 
     Processing Day/Time [YYYYDDD:HHMMSS]: 2022182:130000
       Which is Equivalent to (UTC): 13:00:00 Friday,  July 1, 2022
       Time-Step Length (HHMMSS): 000500
                 VDIFF completed...       0.3076 seconds
                COUPLE completed...       0.0024 seconds
                  HADV completed...       0.1020 seconds
                  ZADV completed...       0.0167 seconds
                 HDIFF completed...       0.0087 seconds
              DECOUPLE completed...       0.0030 seconds
                  PHOT completed...       0.0430 seconds
               CLDPROC completed...       0.0333 seconds
                  CHEM completed...       0.3108 seconds
                  AERO completed...       0.1687 seconds
            Master Time Step
            Processing completed...       0.9964 seconds
 
     Processing Day/Time [YYYYDDD:HHMMSS]: 2022182:130500
       Which is Equivalent to (UTC): 13:05:00 Friday,  July 1, 2022
       Time-Step Length (HHMMSS): 000500
                 VDIFF completed...       0.1371 seconds
                COUPLE completed...       0.0026 seconds
                  HADV completed...       0.0515 seconds
                  ZADV completed...       0.0167 seconds
                 HDIFF completed...       0.0093 seconds
              DECOUPLE completed...       0.0031 seconds
                  PHOT completed...       0.0415 seconds
               CLDPROC completed...       0.0329 seconds
                  CHEM completed...       0.3041 seconds
                  AERO completed...       0.1689 seconds
            Master Time Step
            Processing completed...       0.7680 seconds
 
     Processing Day/Time [YYYYDDD:HHMMSS]: 2022182:131000
       Which is Equivalent to (UTC): 13:10:00 Friday,  July 1, 2022
       Time-Step Length (HHMMSS): 000500
                 VDIFF completed...       0.1383 seconds
                COUPLE completed...       0.0024 seconds
                  HADV completed...       0.0506 seconds
                  ZADV completed...       0.0165 seconds
                 HDIFF completed...       0.0084 seconds
              DECOUPLE completed...       0.0030 seconds
                  PHOT completed...       0.0407 seconds
               CLDPROC completed...       0.0325 seconds
                  CHEM completed...       0.3061 seconds
                  AERO completed...       0.1692 seconds
            Master Time Step
            Processing completed...       0.7681 seconds
 
     Processing Day/Time [YYYYDDD:HHMMSS]: 2022182:131500
       Which is Equivalent to (UTC): 13:15:00 Friday,  July 1, 2022
       Time-Step Length (HHMMSS): 000500
                 VDIFF completed...       0.1417 seconds
                COUPLE completed...       0.0024 seconds
                  HADV completed...       0.0521 seconds
                  ZADV completed...       0.0167 seconds
                 HDIFF completed...       0.0087 seconds
              DECOUPLE completed...       0.0031 seconds
                  PHOT completed...       0.0422 seconds
               CLDPROC completed...       0.0327 seconds
                  CHEM completed...       0.3073 seconds
                  AERO completed...       0.1699 seconds
            Master Time Step
            Processing completed...       0.7773 seconds
 
     Processing Day/Time [YYYYDDD:HHMMSS]: 2022182:132000
       Which is Equivalent to (UTC): 13:20:00 Friday,  July 1, 2022
       Time-Step Length (HHMMSS): 000500
                 VDIFF completed...       0.1384 seconds
                COUPLE completed...       0.0024 seconds
                  HADV completed...       0.0508 seconds
                  ZADV completed...       0.0163 seconds
                 HDIFF completed...       0.0085 seconds
              DECOUPLE completed...       0.0030 seconds
                  PHOT completed...       0.0415 seconds
               CLDPROC completed...       0.0326 seconds
                  CHEM completed...       0.3078 seconds
                  AERO completed...       0.1689 seconds
            Master Time Step
            Processing completed...       0.7715 seconds
 
     Processing Day/Time [YYYYDDD:HHMMSS]: 2022182:132500
       Which is Equivalent to (UTC): 13:25:00 Friday,  July 1, 2022
       Time-Step Length (HHMMSS): 000500
                 VDIFF completed...       0.1393 seconds
                COUPLE completed...       0.0024 seconds
                  HADV completed...       0.0526 seconds
                  ZADV completed...       0.0166 seconds
                 HDIFF completed...       0.0087 seconds
              DECOUPLE completed...       0.0030 seconds
                  PHOT completed...       0.0416 seconds
               CLDPROC completed...       0.0320 seconds
                  CHEM completed...       0.3100 seconds
                  AERO completed...       0.1687 seconds
            Master Time Step
            Processing completed...       0.7761 seconds
 
     Processing Day/Time [YYYYDDD:HHMMSS]: 2022182:133000
       Which is Equivalent to (UTC): 13:30:00 Friday,  July 1, 2022
       Time-Step Length (HHMMSS): 000500
                 VDIFF completed...       0.1379 seconds
                COUPLE completed...       0.0024 seconds
                  HADV completed...       0.0505 seconds
                  ZADV completed...       0.0163 seconds
                 HDIFF completed...       0.0089 seconds
              DECOUPLE completed...       0.0030 seconds
                  PHOT completed...       0.0416 seconds
               CLDPROC completed...       0.0325 seconds
                  CHEM completed...       0.3126 seconds
                  AERO completed...       0.1694 seconds
            Master Time Step
            Processing completed...       0.7763 seconds
 
     Processing Day/Time [YYYYDDD:HHMMSS]: 2022182:133500
       Which is Equivalent to (UTC): 13:35:00 Friday,  July 1, 2022
       Time-Step Length (HHMMSS): 000500
                 VDIFF completed...       0.1378 seconds
                COUPLE completed...       0.0024 seconds
                  HADV completed...       0.0529 seconds
                  ZADV completed...       0.0162 seconds
                 HDIFF completed...       0.0091 seconds
              DECOUPLE completed...       0.0030 seconds
                  PHOT completed...       0.0408 seconds
               CLDPROC completed...       0.0318 seconds
                  CHEM completed...       0.3141 seconds
                  AERO completed...       0.1694 seconds
            Master Time Step
            Processing completed...       0.7784 seconds
 
     Processing Day/Time [YYYYDDD:HHMMSS]: 2022182:134000
       Which is Equivalent to (UTC): 13:40:00 Friday,  July 1, 2022
       Time-Step Length (HHMMSS): 000500
                 VDIFF completed...       0.1372 seconds
                COUPLE completed...       0.0024 seconds
                  HADV completed...       0.0505 seconds
                  ZADV completed...       0.0165 seconds
                 HDIFF completed...       0.0086 seconds
              DECOUPLE completed...       0.0031 seconds
                  PHOT completed...       0.0411 seconds
               CLDPROC completed...       0.0316 seconds
                  CHEM completed...       0.3202 seconds
                  AERO completed...       0.1697 seconds
            Master Time Step
            Processing completed...       0.7822 seconds
 
     Processing Day/Time [YYYYDDD:HHMMSS]: 2022182:134500
       Which is Equivalent to (UTC): 13:45:00 Friday,  July 1, 2022
       Time-Step Length (HHMMSS): 000500
                 VDIFF completed...       0.1384 seconds
                COUPLE completed...       0.0024 seconds
                  HADV completed...       0.0521 seconds
                  ZADV completed...       0.0163 seconds
                 HDIFF completed...       0.0088 seconds
              DECOUPLE completed...       0.0030 seconds
                  PHOT completed...       0.0408 seconds
               CLDPROC completed...       0.0298 seconds
                  CHEM completed...       0.3179 seconds
                  AERO completed...       0.1692 seconds
            Master Time Step
            Processing completed...       0.7802 seconds
 
     Processing Day/Time [YYYYDDD:HHMMSS]: 2022182:135000
       Which is Equivalent to (UTC): 13:50:00 Friday,  July 1, 2022
       Time-Step Length (HHMMSS): 000500
                 VDIFF completed...       0.1373 seconds
                COUPLE completed...       0.0024 seconds
                  HADV completed...       0.0525 seconds
                  ZADV completed...       0.0163 seconds
                 HDIFF completed...       0.0086 seconds
              DECOUPLE completed...       0.0031 seconds
                  PHOT completed...       0.0408 seconds
               CLDPROC completed...       0.0292 seconds
                  CHEM completed...       0.3206 seconds
                  AERO completed...       0.1693 seconds
            Master Time Step
            Processing completed...       0.7815 seconds
 
     Processing Day/Time [YYYYDDD:HHMMSS]: 2022182:135500
       Which is Equivalent to (UTC): 13:55:00 Friday,  July 1, 2022
       Time-Step Length (HHMMSS): 000500
                 VDIFF completed...       0.1622 seconds
                COUPLE completed...       0.0024 seconds
                  HADV completed...       0.0512 seconds
                  ZADV completed...       0.0165 seconds
                 HDIFF completed...       0.0082 seconds
              DECOUPLE completed...       0.0030 seconds
                  PHOT completed...       0.0414 seconds
               CLDPROC completed...       0.0471 seconds
                  CHEM completed...       0.3235 seconds
                  AERO completed...       0.1701 seconds
            Master Time Step
            Processing completed...       0.8270 seconds
 
      =--> Data Output completed...       0.0647 seconds
 
     Processing Day/Time [YYYYDDD:HHMMSS]: 2022182:140000
       Which is Equivalent to (UTC): 14:00:00 Friday,  July 1, 2022
       Time-Step Length (HHMMSS): 000500
                 VDIFF completed...       0.2896 seconds
                COUPLE completed...       0.0025 seconds
                  HADV completed...       0.1189 seconds
                  ZADV completed...       0.0168 seconds
                 HDIFF completed...       0.0081 seconds
              DECOUPLE completed...       0.0031 seconds
                  PHOT completed...       0.0420 seconds
               CLDPROC completed...       0.0282 seconds
                  CHEM completed...       0.3417 seconds
                  AERO completed...       0.1691 seconds
            Master Time Step
            Processing completed...       1.0202 seconds
 
     Processing Day/Time [YYYYDDD:HHMMSS]: 2022182:140500
       Which is Equivalent to (UTC): 14:05:00 Friday,  July 1, 2022
       Time-Step Length (HHMMSS): 000500
                 VDIFF completed...       0.1373 seconds
                COUPLE completed...       0.0025 seconds
                  HADV completed...       0.0546 seconds
                  ZADV completed...       0.0164 seconds
                 HDIFF completed...       0.0092 seconds
              DECOUPLE completed...       0.0031 seconds
                  PHOT completed...       0.0408 seconds
               CLDPROC completed...       0.0281 seconds
                  CHEM completed...       0.3312 seconds
                  AERO completed...       0.1696 seconds
            Master Time Step
            Processing completed...       0.7930 seconds
 
     Processing Day/Time [YYYYDDD:HHMMSS]: 2022182:141000
       Which is Equivalent to (UTC): 14:10:00 Friday,  July 1, 2022
       Time-Step Length (HHMMSS): 000500
                 VDIFF completed...       0.1371 seconds
                COUPLE completed...       0.0025 seconds
                  HADV completed...       0.0536 seconds
                  ZADV completed...       0.0163 seconds
                 HDIFF completed...       0.0090 seconds
              DECOUPLE completed...       0.0030 seconds
                  PHOT completed...       0.0408 seconds
               CLDPROC completed...       0.0279 seconds
                  CHEM completed...       0.3307 seconds
                  AERO completed...       0.1695 seconds
            Master Time Step
            Processing completed...       0.7907 seconds
 
     Processing Day/Time [YYYYDDD:HHMMSS]: 2022182:141500
       Which is Equivalent to (UTC): 14:15:00 Friday,  July 1, 2022
       Time-Step Length (HHMMSS): 000500
                 VDIFF completed...       0.1366 seconds
                COUPLE completed...       0.0024 seconds
                  HADV completed...       0.0547 seconds
                  ZADV completed...       0.0161 seconds
                 HDIFF completed...       0.0091 seconds
              DECOUPLE completed...       0.0030 seconds
                  PHOT completed...       0.0412 seconds
               CLDPROC completed...       0.0281 seconds
                  CHEM completed...       0.3307 seconds
                  AERO completed...       0.1697 seconds
            Master Time Step
            Processing completed...       0.7920 seconds
 
     Processing Day/Time [YYYYDDD:HHMMSS]: 2022182:142000
       Which is Equivalent to (UTC): 14:20:00 Friday,  July 1, 2022
       Time-Step Length (HHMMSS): 000500
                 VDIFF completed...       0.1388 seconds
                COUPLE completed...       0.0024 seconds
                  HADV completed...       0.0544 seconds
                  ZADV completed...       0.0161 seconds
                 HDIFF completed...       0.0089 seconds
              DECOUPLE completed...       0.0030 seconds
                  PHOT completed...       0.0412 seconds
               CLDPROC completed...       0.0285 seconds
                  CHEM completed...       0.3318 seconds
                  AERO completed...       0.1705 seconds
            Master Time Step
            Processing completed...       0.7968 seconds
 
     Processing Day/Time [YYYYDDD:HHMMSS]: 2022182:142500
       Which is Equivalent to (UTC): 14:25:00 Friday,  July 1, 2022
       Time-Step Length (HHMMSS): 000500
                 VDIFF completed...       0.1409 seconds
                COUPLE completed...       0.0025 seconds
                  HADV completed...       0.0533 seconds
                  ZADV completed...       0.0161 seconds
                 HDIFF completed...       0.0090 seconds
              DECOUPLE completed...       0.0031 seconds
                  PHOT completed...       0.0407 seconds
               CLDPROC completed...       0.0279 seconds
                  CHEM completed...       0.3350 seconds
                  AERO completed...       0.1714 seconds
            Master Time Step
            Processing completed...       0.8002 seconds
 
     Processing Day/Time [YYYYDDD:HHMMSS]: 2022182:143000
       Which is Equivalent to (UTC): 14:30:00 Friday,  July 1, 2022
       Time-Step Length (HHMMSS): 000500
                 VDIFF completed...       0.1395 seconds
                COUPLE completed...       0.0024 seconds
                  HADV completed...       0.0539 seconds
                  ZADV completed...       0.0161 seconds
                 HDIFF completed...       0.0092 seconds
              DECOUPLE completed...       0.0030 seconds
                  PHOT completed...       0.0406 seconds
               CLDPROC completed...       0.0278 seconds
                  CHEM completed...       0.3312 seconds
                  AERO completed...       0.1728 seconds
            Master Time Step
            Processing completed...       0.7977 seconds
 
     Processing Day/Time [YYYYDDD:HHMMSS]: 2022182:143500
       Which is Equivalent to (UTC): 14:35:00 Friday,  July 1, 2022
       Time-Step Length (HHMMSS): 000500
                 VDIFF completed...       0.1392 seconds
                COUPLE completed...       0.0024 seconds
                  HADV completed...       0.0551 seconds
                  ZADV completed...       0.0161 seconds
                 HDIFF completed...       0.0089 seconds
              DECOUPLE completed...       0.0030 seconds
                  PHOT completed...       0.0406 seconds
               CLDPROC completed...       0.0272 seconds
                  CHEM completed...       0.3327 seconds
                  AERO completed...       0.1724 seconds
            Master Time Step
            Processing completed...       0.7988 seconds
 
     Processing Day/Time [YYYYDDD:HHMMSS]: 2022182:144000
       Which is Equivalent to (UTC): 14:40:00 Friday,  July 1, 2022
       Time-Step Length (HHMMSS): 000500
                 VDIFF completed...       0.1390 seconds
                COUPLE completed...       0.0024 seconds
                  HADV completed...       0.0528 seconds
                  ZADV completed...       0.0161 seconds
                 HDIFF completed...       0.0087 seconds
              DECOUPLE completed...       0.0030 seconds
                  PHOT completed...       0.0438 seconds
               CLDPROC completed...       0.0264 seconds
                  CHEM completed...       0.3326 seconds
                  AERO completed...       0.1720 seconds
            Master Time Step
            Processing completed...       0.7976 seconds
 
     Processing Day/Time [YYYYDDD:HHMMSS]: 2022182:144500
       Which is Equivalent to (UTC): 14:45:00 Friday,  July 1, 2022
       Time-Step Length (HHMMSS): 000500
                 VDIFF completed...       0.1399 seconds
                COUPLE completed...       0.0024 seconds
                  HADV completed...       0.0549 seconds
                  ZADV completed...       0.0160 seconds
                 HDIFF completed...       0.0091 seconds
              DECOUPLE completed...       0.0030 seconds
                  PHOT completed...       0.0404 seconds
               CLDPROC completed...       0.0261 seconds
                  CHEM completed...       0.3322 seconds
                  AERO completed...       0.1723 seconds
            Master Time Step
            Processing completed...       0.7966 seconds
 
     Processing Day/Time [YYYYDDD:HHMMSS]: 2022182:145000
       Which is Equivalent to (UTC): 14:50:00 Friday,  July 1, 2022
       Time-Step Length (HHMMSS): 000500
                 VDIFF completed...       0.1405 seconds
                COUPLE completed...       0.0025 seconds
                  HADV completed...       0.0551 seconds
                  ZADV completed...       0.0162 seconds
                 HDIFF completed...       0.0089 seconds
              DECOUPLE completed...       0.0031 seconds
                  PHOT completed...       0.0416 seconds
               CLDPROC completed...       0.0260 seconds
                  CHEM completed...       0.3332 seconds
                  AERO completed...       0.1727 seconds
            Master Time Step
            Processing completed...       0.8000 seconds
 
     Processing Day/Time [YYYYDDD:HHMMSS]: 2022182:145500
       Which is Equivalent to (UTC): 14:55:00 Friday,  July 1, 2022
       Time-Step Length (HHMMSS): 000500
                 VDIFF completed...       0.1659 seconds
                COUPLE completed...       0.0026 seconds
                  HADV completed...       0.0536 seconds
                  ZADV completed...       0.0163 seconds
                 HDIFF completed...       0.0083 seconds
              DECOUPLE completed...       0.0031 seconds
                  PHOT completed...       0.0414 seconds
               CLDPROC completed...       0.0490 seconds
                  CHEM completed...       0.3330 seconds
                  AERO completed...       0.1729 seconds
            Master Time Step
            Processing completed...       0.8464 seconds
 
      =--> Data Output completed...       0.0642 seconds
 
     Processing Day/Time [YYYYDDD:HHMMSS]: 2022182:150000
       Which is Equivalent to (UTC): 15:00:00 Friday,  July 1, 2022
       Time-Step Length (HHMMSS): 000500
                 VDIFF completed...       0.2992 seconds
                COUPLE completed...       0.0025 seconds
                  HADV completed...       0.1393 seconds
                  ZADV completed...       0.0164 seconds
                 HDIFF completed...       0.0081 seconds
              DECOUPLE completed...       0.0032 seconds
                  PHOT completed...       0.0426 seconds
               CLDPROC completed...       0.0254 seconds
                  CHEM completed...       0.3480 seconds
                  AERO completed...       0.1738 seconds
            Master Time Step
            Processing completed...       1.0588 seconds
 
     Processing Day/Time [YYYYDDD:HHMMSS]: 2022182:150500
       Which is Equivalent to (UTC): 15:05:00 Friday,  July 1, 2022
       Time-Step Length (HHMMSS): 000500
                 VDIFF completed...       0.1411 seconds
                COUPLE completed...       0.0025 seconds
                  HADV completed...       0.0612 seconds
                  ZADV completed...       0.0164 seconds
                 HDIFF completed...       0.0082 seconds
              DECOUPLE completed...       0.0031 seconds
                  PHOT completed...       0.0414 seconds
               CLDPROC completed...       0.0258 seconds
                  CHEM completed...       0.3343 seconds
                  AERO completed...       0.1744 seconds
            Master Time Step
            Processing completed...       0.8085 seconds
 
     Processing Day/Time [YYYYDDD:HHMMSS]: 2022182:151000
       Which is Equivalent to (UTC): 15:10:00 Friday,  July 1, 2022
       Time-Step Length (HHMMSS): 000500
                 VDIFF completed...       0.1412 seconds
                COUPLE completed...       0.0025 seconds
                  HADV completed...       0.0542 seconds
                  ZADV completed...       0.0163 seconds
                 HDIFF completed...       0.0080 seconds
              DECOUPLE completed...       0.0031 seconds
                  PHOT completed...       0.0408 seconds
               CLDPROC completed...       0.0255 seconds
                  CHEM completed...       0.3330 seconds
                  AERO completed...       0.1753 seconds
            Master Time Step
            Processing completed...       0.8002 seconds
 
     Processing Day/Time [YYYYDDD:HHMMSS]: 2022182:151500
       Which is Equivalent to (UTC): 15:15:00 Friday,  July 1, 2022
       Time-Step Length (HHMMSS): 000500
                 VDIFF completed...       0.1416 seconds
                COUPLE completed...       0.0025 seconds
                  HADV completed...       0.0546 seconds
                  ZADV completed...       0.0164 seconds
                 HDIFF completed...       0.0079 seconds
              DECOUPLE completed...       0.0031 seconds
                  PHOT completed...       0.0406 seconds
               CLDPROC completed...       0.0255 seconds
                  CHEM completed...       0.3319 seconds
                  AERO completed...       0.1742 seconds
            Master Time Step
            Processing completed...       0.7985 seconds
 
     Processing Day/Time [YYYYDDD:HHMMSS]: 2022182:152000
       Which is Equivalent to (UTC): 15:20:00 Friday,  July 1, 2022
       Time-Step Length (HHMMSS): 000500
                 VDIFF completed...       0.1419 seconds
                COUPLE completed...       0.0025 seconds
                  HADV completed...       0.0546 seconds
                  ZADV completed...       0.0163 seconds
                 HDIFF completed...       0.0082 seconds
              DECOUPLE completed...       0.0031 seconds
                  PHOT completed...       0.0414 seconds
               CLDPROC completed...       0.0253 seconds
                  CHEM completed...       0.3311 seconds
                  AERO completed...       0.1753 seconds
            Master Time Step
            Processing completed...       0.7999 seconds
 
     Processing Day/Time [YYYYDDD:HHMMSS]: 2022182:152500
       Which is Equivalent to (UTC): 15:25:00 Friday,  July 1, 2022
       Time-Step Length (HHMMSS): 000500
                 VDIFF completed...       0.1421 seconds
                COUPLE completed...       0.0025 seconds
                  HADV completed...       0.0630 seconds
                  ZADV completed...       0.0164 seconds
                 HDIFF completed...       0.0081 seconds
              DECOUPLE completed...       0.0031 seconds
                  PHOT completed...       0.0413 seconds
               CLDPROC completed...       0.0253 seconds
                  CHEM completed...       0.3297 seconds
                  AERO completed...       0.1758 seconds
            Master Time Step
            Processing completed...       0.8075 seconds
 
     Processing Day/Time [YYYYDDD:HHMMSS]: 2022182:153000
       Which is Equivalent to (UTC): 15:30:00 Friday,  July 1, 2022
       Time-Step Length (HHMMSS): 000500
                 VDIFF completed...       0.1420 seconds
                COUPLE completed...       0.0025 seconds
                  HADV completed...       0.0634 seconds
                  ZADV completed...       0.0164 seconds
                 HDIFF completed...       0.0080 seconds
              DECOUPLE completed...       0.0031 seconds
                  PHOT completed...       0.0414 seconds
               CLDPROC completed...       0.0250 seconds
                  CHEM completed...       0.3291 seconds
                  AERO completed...       0.1769 seconds
            Master Time Step
            Processing completed...       0.8080 seconds
 
     Processing Day/Time [YYYYDDD:HHMMSS]: 2022182:153500
       Which is Equivalent to (UTC): 15:35:00 Friday,  July 1, 2022
       Time-Step Length (HHMMSS): 000500
                 VDIFF completed...       0.1425 seconds
                COUPLE completed...       0.0025 seconds
                  HADV completed...       0.0682 seconds
                  ZADV completed...       0.0165 seconds
                 HDIFF completed...       0.0079 seconds
              DECOUPLE completed...       0.0031 seconds
                  PHOT completed...       0.0413 seconds
               CLDPROC completed...       0.0244 seconds
                  CHEM completed...       0.3278 seconds
                  AERO completed...       0.1763 seconds
            Master Time Step
            Processing completed...       0.8106 seconds
 
     Processing Day/Time [YYYYDDD:HHMMSS]: 2022182:154000
       Which is Equivalent to (UTC): 15:40:00 Friday,  July 1, 2022
       Time-Step Length (HHMMSS): 000500
                 VDIFF completed...       0.1433 seconds
                COUPLE completed...       0.0026 seconds
                  HADV completed...       0.0701 seconds
                  ZADV completed...       0.0165 seconds
                 HDIFF completed...       0.0083 seconds
              DECOUPLE completed...       0.0031 seconds
                  PHOT completed...       0.0413 seconds
               CLDPROC completed...       0.0237 seconds
                  CHEM completed...       0.3278 seconds
                  AERO completed...       0.1768 seconds
            Master Time Step
            Processing completed...       0.8137 seconds
 
     Processing Day/Time [YYYYDDD:HHMMSS]: 2022182:154500
       Which is Equivalent to (UTC): 15:45:00 Friday,  July 1, 2022
       Time-Step Length (HHMMSS): 000500
                 VDIFF completed...       0.1433 seconds
                COUPLE completed...       0.0024 seconds
                  HADV completed...       0.5863 seconds
                  ZADV completed...       0.0164 seconds
                 HDIFF completed...       0.0083 seconds
              DECOUPLE completed...       0.0030 seconds
                  PHOT completed...       0.0406 seconds
               CLDPROC completed...       0.0236 seconds
                  CHEM completed...       0.3269 seconds
                  AERO completed...       0.1769 seconds
            Master Time Step
            Processing completed...       1.3279 seconds
 
     Processing Day/Time [YYYYDDD:HHMMSS]: 2022182:155000
       Which is Equivalent to (UTC): 15:50:00 Friday,  July 1, 2022
       Time-Step Length (HHMMSS): 000500
                 VDIFF completed...       0.1433 seconds
                COUPLE completed...       0.0024 seconds
                  HADV completed...       0.0727 seconds
                  ZADV completed...       0.0165 seconds
                 HDIFF completed...       0.0078 seconds
              DECOUPLE completed...       0.0030 seconds
                  PHOT completed...       0.0410 seconds
               CLDPROC completed...       0.0225 seconds
                  CHEM completed...       0.3258 seconds
                  AERO completed...       0.1775 seconds
            Master Time Step
            Processing completed...       0.8127 seconds
 
     Processing Day/Time [YYYYDDD:HHMMSS]: 2022182:155500
       Which is Equivalent to (UTC): 15:55:00 Friday,  July 1, 2022
       Time-Step Length (HHMMSS): 000500
                 VDIFF completed...       0.1908 seconds
                COUPLE completed...       0.0024 seconds
                  HADV completed...       0.0559 seconds
                  ZADV completed...       0.0165 seconds
                 HDIFF completed...       0.0081 seconds
              DECOUPLE completed...       0.0030 seconds
                  PHOT completed...       0.0410 seconds
               CLDPROC completed...       0.0454 seconds
                  CHEM completed...       0.3244 seconds
                  AERO completed...       0.1770 seconds
            Master Time Step
            Processing completed...       0.8647 seconds
 
      =--> Data Output completed...       0.0638 seconds
 
     Processing Day/Time [YYYYDDD:HHMMSS]: 2022182:160000
       Which is Equivalent to (UTC): 16:00:00 Friday,  July 1, 2022
       Time-Step Length (HHMMSS): 000500
                 VDIFF completed...       0.3030 seconds
                COUPLE completed...       0.0024 seconds
                  HADV completed...       0.1346 seconds
                  ZADV completed...       0.0166 seconds
                 HDIFF completed...       0.0080 seconds
              DECOUPLE completed...       0.0030 seconds
                  PHOT completed...       0.0422 seconds
               CLDPROC completed...       0.0196 seconds
                  CHEM completed...       0.3480 seconds
                  AERO completed...       0.1775 seconds
            Master Time Step
            Processing completed...       1.0551 seconds
 
     Processing Day/Time [YYYYDDD:HHMMSS]: 2022182:160500
       Which is Equivalent to (UTC): 16:05:00 Friday,  July 1, 2022
       Time-Step Length (HHMMSS): 000500
                 VDIFF completed...       0.1493 seconds
                COUPLE completed...       0.0024 seconds
                  HADV completed...       0.0742 seconds
                  ZADV completed...       0.0165 seconds
                 HDIFF completed...       0.0079 seconds
              DECOUPLE completed...       0.0030 seconds
                  PHOT completed...       0.0411 seconds
               CLDPROC completed...       0.0201 seconds
                  CHEM completed...       0.3352 seconds
                  AERO completed...       0.1811 seconds
            Master Time Step
            Processing completed...       0.8309 seconds
 
     Processing Day/Time [YYYYDDD:HHMMSS]: 2022182:161000
       Which is Equivalent to (UTC): 16:10:00 Friday,  July 1, 2022
       Time-Step Length (HHMMSS): 000500
                 VDIFF completed...       0.1462 seconds
                COUPLE completed...       0.0024 seconds
                  HADV completed...       0.0813 seconds
                  ZADV completed...       0.0165 seconds
                 HDIFF completed...       0.0081 seconds
              DECOUPLE completed...       0.0030 seconds
                  PHOT completed...       0.0399 seconds
               CLDPROC completed...       0.0199 seconds
                  CHEM completed...       0.3347 seconds
                  AERO completed...       0.1784 seconds
            Master Time Step
            Processing completed...       0.8306 seconds
 
     Processing Day/Time [YYYYDDD:HHMMSS]: 2022182:161500
       Which is Equivalent to (UTC): 16:15:00 Friday,  July 1, 2022
       Time-Step Length (HHMMSS): 000500
                 VDIFF completed...       0.1460 seconds
                COUPLE completed...       0.0024 seconds
                  HADV completed...       0.0819 seconds
                  ZADV completed...       0.0162 seconds
                 HDIFF completed...       0.0079 seconds
              DECOUPLE completed...       0.0030 seconds
                  PHOT completed...       0.0407 seconds
               CLDPROC completed...       0.0191 seconds
                  CHEM completed...       0.3348 seconds
                  AERO completed...       0.1792 seconds
            Master Time Step
            Processing completed...       0.8314 seconds
 
     Processing Day/Time [YYYYDDD:HHMMSS]: 2022182:162000
       Which is Equivalent to (UTC): 16:20:00 Friday,  July 1, 2022
       Time-Step Length (HHMMSS): 000500
                 VDIFF completed...       0.1468 seconds
                COUPLE completed...       0.0024 seconds
                  HADV completed...       0.0790 seconds
                  ZADV completed...       0.0162 seconds
                 HDIFF completed...       0.0074 seconds
              DECOUPLE completed...       0.0030 seconds
                  PHOT completed...       0.0405 seconds
               CLDPROC completed...       0.0188 seconds
                  CHEM completed...       0.3322 seconds
                  AERO completed...       0.1785 seconds
            Master Time Step
            Processing completed...       0.8264 seconds
 
     Processing Day/Time [YYYYDDD:HHMMSS]: 2022182:162500
       Which is Equivalent to (UTC): 16:25:00 Friday,  July 1, 2022
       Time-Step Length (HHMMSS): 000500
                 VDIFF completed...       0.1479 seconds
                COUPLE completed...       0.0024 seconds
                  HADV completed...       0.0884 seconds
                  ZADV completed...       0.0161 seconds
                 HDIFF completed...       0.0080 seconds
              DECOUPLE completed...       0.0030 seconds
                  PHOT completed...       0.0403 seconds
               CLDPROC completed...       0.0191 seconds
                  CHEM completed...       0.3330 seconds
                  AERO completed...       0.1795 seconds
            Master Time Step
            Processing completed...       0.8392 seconds
 
     Processing Day/Time [YYYYDDD:HHMMSS]: 2022182:163000
       Which is Equivalent to (UTC): 16:30:00 Friday,  July 1, 2022
       Time-Step Length (HHMMSS): 000500
                 VDIFF completed...       0.1471 seconds
                COUPLE completed...       0.0024 seconds
                  HADV completed...       0.0861 seconds
                  ZADV completed...       0.0161 seconds
                 HDIFF completed...       0.0075 seconds
              DECOUPLE completed...       0.0031 seconds
                  PHOT completed...       0.0401 seconds
               CLDPROC completed...       0.0194 seconds
                  CHEM completed...       0.3326 seconds
                  AERO completed...       0.1792 seconds
            Master Time Step
            Processing completed...       0.8341 seconds
 
     Processing Day/Time [YYYYDDD:HHMMSS]: 2022182:163500
       Which is Equivalent to (UTC): 16:35:00 Friday,  July 1, 2022
       Time-Step Length (HHMMSS): 000500
                 VDIFF completed...       0.1473 seconds
                COUPLE completed...       0.0025 seconds
                  HADV completed...       0.0882 seconds
                  ZADV completed...       0.0161 seconds
                 HDIFF completed...       0.0082 seconds
              DECOUPLE completed...       0.0030 seconds
                  PHOT completed...       0.0406 seconds
               CLDPROC completed...       0.0192 seconds
                  CHEM completed...       0.3325 seconds
                  AERO completed...       0.1783 seconds
            Master Time Step
            Processing completed...       0.8362 seconds
 
     Processing Day/Time [YYYYDDD:HHMMSS]: 2022182:164000
       Which is Equivalent to (UTC): 16:40:00 Friday,  July 1, 2022
       Time-Step Length (HHMMSS): 000500
                 VDIFF completed...       0.1474 seconds
                COUPLE completed...       0.0024 seconds
                  HADV completed...       0.0854 seconds
                  ZADV completed...       0.0160 seconds
                 HDIFF completed...       0.0081 seconds
              DECOUPLE completed...       0.0030 seconds
                  PHOT completed...       0.0407 seconds
               CLDPROC completed...       0.0193 seconds
                  CHEM completed...       0.3342 seconds
                  AERO completed...       0.1792 seconds
            Master Time Step
            Processing completed...       0.8358 seconds
 
     Processing Day/Time [YYYYDDD:HHMMSS]: 2022182:164500
       Which is Equivalent to (UTC): 16:45:00 Friday,  July 1, 2022
       Time-Step Length (HHMMSS): 000500
                 VDIFF completed...       0.1485 seconds
                COUPLE completed...       0.0024 seconds
                  HADV completed...       0.0920 seconds
                  ZADV completed...       0.0161 seconds
                 HDIFF completed...       0.0083 seconds
              DECOUPLE completed...       0.0030 seconds
                  PHOT completed...       0.0400 seconds
               CLDPROC completed...       0.0194 seconds
                  CHEM completed...       0.3314 seconds
                  AERO completed...       0.1797 seconds
            Master Time Step
            Processing completed...       0.8412 seconds
 
     Processing Day/Time [YYYYDDD:HHMMSS]: 2022182:165000
       Which is Equivalent to (UTC): 16:50:00 Friday,  July 1, 2022
       Time-Step Length (HHMMSS): 000500
                 VDIFF completed...       0.1481 seconds
                COUPLE completed...       0.0024 seconds
                  HADV completed...       0.0879 seconds
                  ZADV completed...       0.0160 seconds
                 HDIFF completed...       0.0078 seconds
              DECOUPLE completed...       0.0030 seconds
                  PHOT completed...       0.0397 seconds
               CLDPROC completed...       0.0197 seconds
                  CHEM completed...       0.3311 seconds
                  AERO completed...       0.1790 seconds
            Master Time Step
            Processing completed...       0.8349 seconds
 
     Processing Day/Time [YYYYDDD:HHMMSS]: 2022182:165500
       Which is Equivalent to (UTC): 16:55:00 Friday,  July 1, 2022
       Time-Step Length (HHMMSS): 000500
                 VDIFF completed...       0.2181 seconds
                COUPLE completed...       0.0024 seconds
                  HADV completed...       0.0520 seconds
                  ZADV completed...       0.0160 seconds
                 HDIFF completed...       0.0084 seconds
              DECOUPLE completed...       0.0030 seconds
                  PHOT completed...       0.0398 seconds
               CLDPROC completed...       0.0476 seconds
                  CHEM completed...       0.3308 seconds
                  AERO completed...       0.1780 seconds
            Master Time Step
            Processing completed...       0.8963 seconds
 
      =--> Data Output completed...       0.0696 seconds
 
     Processing Day/Time [YYYYDDD:HHMMSS]: 2022182:170000
       Which is Equivalent to (UTC): 17:00:00 Friday,  July 1, 2022
       Time-Step Length (HHMMSS): 000500
                 VDIFF completed...       0.3181 seconds
                COUPLE completed...       0.0024 seconds
                  HADV completed...       0.1327 seconds
                  ZADV completed...       0.0161 seconds
                 HDIFF completed...       0.0084 seconds
              DECOUPLE completed...       0.0030 seconds
                  PHOT completed...       0.0407 seconds
               CLDPROC completed...       0.0276 seconds
                  CHEM completed...       0.3439 seconds
                  AERO completed...       0.1778 seconds
            Master Time Step
            Processing completed...       1.0708 seconds
 
     Processing Day/Time [YYYYDDD:HHMMSS]: 2022182:170500
       Which is Equivalent to (UTC): 17:05:00 Friday,  July 1, 2022
       Time-Step Length (HHMMSS): 000500
                 VDIFF completed...       0.1472 seconds
                COUPLE completed...       0.0024 seconds
                  HADV completed...       0.0860 seconds
                  ZADV completed...       0.0160 seconds
                 HDIFF completed...       0.0078 seconds
              DECOUPLE completed...       0.0030 seconds
                  PHOT completed...       0.0400 seconds
               CLDPROC completed...       0.0182 seconds
                  CHEM completed...       0.3360 seconds
                  AERO completed...       0.1777 seconds
            Master Time Step
            Processing completed...       0.8345 seconds
 
     Processing Day/Time [YYYYDDD:HHMMSS]: 2022182:171000
       Which is Equivalent to (UTC): 17:10:00 Friday,  July 1, 2022
       Time-Step Length (HHMMSS): 000500
                 VDIFF completed...       0.1469 seconds
                COUPLE completed...       0.0024 seconds
                  HADV completed...       0.0949 seconds
                  ZADV completed...       0.0161 seconds
                 HDIFF completed...       0.0081 seconds
              DECOUPLE completed...       0.0030 seconds
                  PHOT completed...       0.0402 seconds
               CLDPROC completed...       0.0179 seconds
                  CHEM completed...       0.3363 seconds
                  AERO completed...       0.1777 seconds
            Master Time Step
            Processing completed...       0.8437 seconds
 
     Processing Day/Time [YYYYDDD:HHMMSS]: 2022182:171500
       Which is Equivalent to (UTC): 17:15:00 Friday,  July 1, 2022
       Time-Step Length (HHMMSS): 000500
                 VDIFF completed...       0.1469 seconds
                COUPLE completed...       0.0024 seconds
                  HADV completed...       0.0863 seconds
                  ZADV completed...       0.0161 seconds
                 HDIFF completed...       0.0080 seconds
              DECOUPLE completed...       0.0030 seconds
                  PHOT completed...       0.0395 seconds
               CLDPROC completed...       0.0180 seconds
                  CHEM completed...       0.3367 seconds
                  AERO completed...       0.2022 seconds
            Master Time Step
            Processing completed...       0.8592 seconds
 
     Processing Day/Time [YYYYDDD:HHMMSS]: 2022182:172000
       Which is Equivalent to (UTC): 17:20:00 Friday,  July 1, 2022
       Time-Step Length (HHMMSS): 000500
                 VDIFF completed...       0.1475 seconds
                COUPLE completed...       0.0024 seconds
                  HADV completed...       0.0574 seconds
                  ZADV completed...       0.0160 seconds
                 HDIFF completed...       0.0082 seconds
              DECOUPLE completed...       0.0030 seconds
                  PHOT completed...       0.0400 seconds
               CLDPROC completed...       0.0179 seconds
                  CHEM completed...       0.3378 seconds
                  AERO completed...       0.1795 seconds
            Master Time Step
            Processing completed...       0.8100 seconds
 
     Processing Day/Time [YYYYDDD:HHMMSS]: 2022182:172500
       Which is Equivalent to (UTC): 17:25:00 Friday,  July 1, 2022
       Time-Step Length (HHMMSS): 000500
                 VDIFF completed...       0.1475 seconds
                COUPLE completed...       0.0024 seconds
                  HADV completed...       0.0789 seconds
                  ZADV completed...       0.0161 seconds
                 HDIFF completed...       0.0079 seconds
              DECOUPLE completed...       0.0030 seconds
                  PHOT completed...       0.0403 seconds
               CLDPROC completed...       0.0180 seconds
                  CHEM completed...       0.3386 seconds
                  AERO completed...       0.1794 seconds
            Master Time Step
            Processing completed...       0.8323 seconds
 
     Processing Day/Time [YYYYDDD:HHMMSS]: 2022182:173000
       Which is Equivalent to (UTC): 17:30:00 Friday,  July 1, 2022
       Time-Step Length (HHMMSS): 000500
                 VDIFF completed...       0.1481 seconds
                COUPLE completed...       0.0024 seconds
                  HADV completed...       0.0763 seconds
                  ZADV completed...       0.0161 seconds
                 HDIFF completed...       0.0084 seconds
              DECOUPLE completed...       0.0030 seconds
                  PHOT completed...       0.0399 seconds
               CLDPROC completed...       0.0180 seconds
                  CHEM completed...       0.3375 seconds
                  AERO completed...       0.1796 seconds
            Master Time Step
            Processing completed...       0.8295 seconds
 
     Processing Day/Time [YYYYDDD:HHMMSS]: 2022182:173500
       Which is Equivalent to (UTC): 17:35:00 Friday,  July 1, 2022
       Time-Step Length (HHMMSS): 000500
                 VDIFF completed...       0.1468 seconds
                COUPLE completed...       0.0024 seconds
                  HADV completed...       0.0767 seconds
                  ZADV completed...       0.0162 seconds
                 HDIFF completed...       0.0082 seconds
              DECOUPLE completed...       0.0030 seconds
                  PHOT completed...       0.0403 seconds
               CLDPROC completed...       0.0179 seconds
                  CHEM completed...       0.3364 seconds
                  AERO completed...       0.1792 seconds
            Master Time Step
            Processing completed...       0.8274 seconds
 
     Processing Day/Time [YYYYDDD:HHMMSS]: 2022182:174000
       Which is Equivalent to (UTC): 17:40:00 Friday,  July 1, 2022
       Time-Step Length (HHMMSS): 000500
                 VDIFF completed...       0.1500 seconds
                COUPLE completed...       0.0024 seconds
                  HADV completed...       0.0742 seconds
                  ZADV completed...       0.0162 seconds
                 HDIFF completed...       0.0090 seconds
              DECOUPLE completed...       0.0030 seconds
                  PHOT completed...       0.0404 seconds
               CLDPROC completed...       0.0181 seconds
                  CHEM completed...       0.3376 seconds
                  AERO completed...       0.1802 seconds
            Master Time Step
            Processing completed...       0.8313 seconds
 
     Processing Day/Time [YYYYDDD:HHMMSS]: 2022182:174500
       Which is Equivalent to (UTC): 17:45:00 Friday,  July 1, 2022
       Time-Step Length (HHMMSS): 000500
                 VDIFF completed...       0.1471 seconds
                COUPLE completed...       0.0024 seconds
                  HADV completed...       0.0783 seconds
                  ZADV completed...       0.0163 seconds
                 HDIFF completed...       0.0093 seconds
              DECOUPLE completed...       0.0030 seconds
                  PHOT completed...       0.0398 seconds
               CLDPROC completed...       0.0183 seconds
                  CHEM completed...       0.3375 seconds
                  AERO completed...       0.1810 seconds
            Master Time Step
            Processing completed...       0.8331 seconds
 
     Processing Day/Time [YYYYDDD:HHMMSS]: 2022182:175000
       Which is Equivalent to (UTC): 17:50:00 Friday,  July 1, 2022
       Time-Step Length (HHMMSS): 000500
                 VDIFF completed...       0.1468 seconds
                COUPLE completed...       0.0024 seconds
                  HADV completed...       0.0772 seconds
                  ZADV completed...       0.0168 seconds
                 HDIFF completed...       0.0090 seconds
              DECOUPLE completed...       0.0031 seconds
                  PHOT completed...       0.0400 seconds
               CLDPROC completed...       0.0184 seconds
                  CHEM completed...       0.3412 seconds
                  AERO completed...       0.1806 seconds
            Master Time Step
            Processing completed...       0.8357 seconds
 
     Processing Day/Time [YYYYDDD:HHMMSS]: 2022182:175500
       Which is Equivalent to (UTC): 17:55:00 Friday,  July 1, 2022
       Time-Step Length (HHMMSS): 000500
                 VDIFF completed...       0.1899 seconds
                COUPLE completed...       0.0024 seconds
                  HADV completed...       0.0563 seconds
                  ZADV completed...       0.0163 seconds
                 HDIFF completed...       0.0096 seconds
              DECOUPLE completed...       0.0030 seconds
                  PHOT completed...       0.0394 seconds
               CLDPROC completed...       0.0449 seconds
                  CHEM completed...       0.3375 seconds
                  AERO completed...       0.1787 seconds
            Master Time Step
            Processing completed...       0.8781 seconds
 
      =--> Data Output completed...       0.0646 seconds
 
     Processing Day/Time [YYYYDDD:HHMMSS]: 2022182:180000
       Which is Equivalent to (UTC): 18:00:00 Friday,  July 1, 2022
       Time-Step Length (HHMMSS): 000500
                 VDIFF completed...       0.3103 seconds
                COUPLE completed...       0.0024 seconds
                  HADV completed...       0.1398 seconds
                  ZADV completed...       0.0168 seconds
                 HDIFF completed...       0.0090 seconds
              DECOUPLE completed...       0.0031 seconds
                  PHOT completed...       0.0419 seconds
               CLDPROC completed...       0.0178 seconds
                  CHEM completed...       0.3523 seconds
                  AERO completed...       0.1833 seconds
            Master Time Step
            Processing completed...       1.0773 seconds
 
     Processing Day/Time [YYYYDDD:HHMMSS]: 2022182:180500
       Which is Equivalent to (UTC): 18:05:00 Friday,  July 1, 2022
       Time-Step Length (HHMMSS): 000500
                 VDIFF completed...       0.1577 seconds
                COUPLE completed...       0.0026 seconds
                  HADV completed...       0.0593 seconds
                  ZADV completed...       0.0170 seconds
                 HDIFF completed...       0.0092 seconds
              DECOUPLE completed...       0.0033 seconds
                  PHOT completed...       0.0410 seconds
               CLDPROC completed...       0.0182 seconds
                  CHEM completed...       0.3476 seconds
                  AERO completed...       0.1913 seconds
            Master Time Step
            Processing completed...       0.8473 seconds
 
     Processing Day/Time [YYYYDDD:HHMMSS]: 2022182:181000
       Which is Equivalent to (UTC): 18:10:00 Friday,  July 1, 2022
       Time-Step Length (HHMMSS): 000500
                 VDIFF completed...       0.1494 seconds
                COUPLE completed...       0.0026 seconds
                  HADV completed...       0.0569 seconds
                  ZADV completed...       0.0173 seconds
                 HDIFF completed...       0.0083 seconds
              DECOUPLE completed...       0.0033 seconds
                  PHOT completed...       0.0413 seconds
               CLDPROC completed...       0.0173 seconds
                  CHEM completed...       0.3465 seconds
                  AERO completed...       0.1810 seconds
            Master Time Step
            Processing completed...       0.8251 seconds
 
     Processing Day/Time [YYYYDDD:HHMMSS]: 2022182:181500
       Which is Equivalent to (UTC): 18:15:00 Friday,  July 1, 2022
       Time-Step Length (HHMMSS): 000500
                 VDIFF completed...       0.1493 seconds
                COUPLE completed...       0.0024 seconds
                  HADV completed...       0.0713 seconds
                  ZADV completed...       0.0169 seconds
                 HDIFF completed...       0.0089 seconds
              DECOUPLE completed...       0.0030 seconds
                  PHOT completed...       0.0404 seconds
               CLDPROC completed...       0.0168 seconds
                  CHEM completed...       0.3367 seconds
                  AERO completed...       0.1820 seconds
            Master Time Step
            Processing completed...       0.8289 seconds
 
     Processing Day/Time [YYYYDDD:HHMMSS]: 2022182:182000
       Which is Equivalent to (UTC): 18:20:00 Friday,  July 1, 2022
       Time-Step Length (HHMMSS): 000500
                 VDIFF completed...       0.1522 seconds
                COUPLE completed...       0.0025 seconds
                  HADV completed...       0.0835 seconds
                  ZADV completed...       0.0164 seconds
                 HDIFF completed...       0.0091 seconds
              DECOUPLE completed...       0.0030 seconds
                  PHOT completed...       0.0395 seconds
               CLDPROC completed...       0.0169 seconds
                  CHEM completed...       0.3368 seconds
                  AERO completed...       0.1818 seconds
            Master Time Step
            Processing completed...       0.8430 seconds
 
     Processing Day/Time [YYYYDDD:HHMMSS]: 2022182:182500
       Which is Equivalent to (UTC): 18:25:00 Friday,  July 1, 2022
       Time-Step Length (HHMMSS): 000500
                 VDIFF completed...       0.1521 seconds
                COUPLE completed...       0.0026 seconds
                  HADV completed...       0.0797 seconds
                  ZADV completed...       0.0162 seconds
                 HDIFF completed...       0.0097 seconds
              DECOUPLE completed...       0.0030 seconds
                  PHOT completed...       0.0403 seconds
               CLDPROC completed...       0.0165 seconds
                  CHEM completed...       0.3354 seconds
                  AERO completed...       0.1816 seconds
            Master Time Step
            Processing completed...       0.8385 seconds
 
     Processing Day/Time [YYYYDDD:HHMMSS]: 2022182:183000
       Which is Equivalent to (UTC): 18:30:00 Friday,  July 1, 2022
       Time-Step Length (HHMMSS): 000500
                 VDIFF completed...       0.1569 seconds
                COUPLE completed...       0.0026 seconds
                  HADV completed...       0.1093 seconds
                  ZADV completed...       0.0162 seconds
                 HDIFF completed...       0.0096 seconds
              DECOUPLE completed...       0.0031 seconds
                  PHOT completed...       0.0397 seconds
               CLDPROC completed...       0.0164 seconds
                  CHEM completed...       0.3354 seconds
                  AERO completed...       0.1810 seconds
            Master Time Step
            Processing completed...       0.8706 seconds
 
     Processing Day/Time [YYYYDDD:HHMMSS]: 2022182:183500
       Which is Equivalent to (UTC): 18:35:00 Friday,  July 1, 2022
       Time-Step Length (HHMMSS): 000500
                 VDIFF completed...       0.1528 seconds
                COUPLE completed...       0.0025 seconds
                  HADV completed...       0.0866 seconds
                  ZADV completed...       0.0163 seconds
                 HDIFF completed...       0.0107 seconds
              DECOUPLE completed...       0.0031 seconds
                  PHOT completed...       0.0396 seconds
               CLDPROC completed...       0.0163 seconds
                  CHEM completed...       0.3364 seconds
                  AERO completed...       0.1819 seconds
            Master Time Step
            Processing completed...       0.8465 seconds
 
     Processing Day/Time [YYYYDDD:HHMMSS]: 2022182:184000
       Which is Equivalent to (UTC): 18:40:00 Friday,  July 1, 2022
       Time-Step Length (HHMMSS): 000500
                 VDIFF completed...       0.1523 seconds
                COUPLE completed...       0.0024 seconds
                  HADV completed...       0.0835 seconds
                  ZADV completed...       0.0161 seconds
                 HDIFF completed...       0.0100 seconds
              DECOUPLE completed...       0.0030 seconds
                  PHOT completed...       0.0403 seconds
               CLDPROC completed...       0.0152 seconds
                  CHEM completed...       0.3333 seconds
                  AERO completed...       0.1818 seconds
            Master Time Step
            Processing completed...       0.8393 seconds
 
     Processing Day/Time [YYYYDDD:HHMMSS]: 2022182:184500
       Which is Equivalent to (UTC): 18:45:00 Friday,  July 1, 2022
       Time-Step Length (HHMMSS): 000500
                 VDIFF completed...       0.1523 seconds
                COUPLE completed...       0.0024 seconds
                  HADV completed...       0.0920 seconds
                  ZADV completed...       0.0163 seconds
                 HDIFF completed...       0.0099 seconds
              DECOUPLE completed...       0.0030 seconds
                  PHOT completed...       0.0397 seconds
               CLDPROC completed...       0.0150 seconds
                  CHEM completed...       0.3317 seconds
                  AERO completed...       0.1822 seconds
            Master Time Step
            Processing completed...       0.8457 seconds
 
     Processing Day/Time [YYYYDDD:HHMMSS]: 2022182:185000
       Which is Equivalent to (UTC): 18:50:00 Friday,  July 1, 2022
       Time-Step Length (HHMMSS): 000500
                 VDIFF completed...       0.1524 seconds
                COUPLE completed...       0.0025 seconds
                  HADV completed...       0.0945 seconds
                  ZADV completed...       0.0161 seconds
                 HDIFF completed...       0.0104 seconds
              DECOUPLE completed...       0.0030 seconds
                  PHOT completed...       0.0404 seconds
               CLDPROC completed...       0.0152 seconds
                  CHEM completed...       0.3323 seconds
                  AERO completed...       0.1822 seconds
            Master Time Step
            Processing completed...       0.8505 seconds
 
     Processing Day/Time [YYYYDDD:HHMMSS]: 2022182:185500
       Which is Equivalent to (UTC): 18:55:00 Friday,  July 1, 2022
       Time-Step Length (HHMMSS): 000500
                 VDIFF completed...       0.2160 seconds
                COUPLE completed...       0.0024 seconds
                  HADV completed...       0.0556 seconds
                  ZADV completed...       0.0162 seconds
                 HDIFF completed...       0.0106 seconds
              DECOUPLE completed...       0.0030 seconds
                  PHOT completed...       0.0400 seconds
               CLDPROC completed...       0.0431 seconds
                  CHEM completed...       0.3314 seconds
                  AERO completed...       0.1813 seconds
            Master Time Step
            Processing completed...       0.9012 seconds
 
      =--> Data Output completed...       0.0779 seconds
 
     Processing Day/Time [YYYYDDD:HHMMSS]: 2022182:190000
       Which is Equivalent to (UTC): 19:00:00 Friday,  July 1, 2022
       Time-Step Length (HHMMSS): 000500
                 VDIFF completed...       0.3149 seconds
                COUPLE completed...       0.0024 seconds
                  HADV completed...       0.1310 seconds
                  ZADV completed...       0.0161 seconds
                 HDIFF completed...       0.0103 seconds
              DECOUPLE completed...       0.0030 seconds
                  PHOT completed...       0.0412 seconds
               CLDPROC completed...       0.0125 seconds
                  CHEM completed...       0.3437 seconds
                  AERO completed...       0.1813 seconds
            Master Time Step
            Processing completed...       1.0578 seconds
 
     Processing Day/Time [YYYYDDD:HHMMSS]: 2022182:190500
       Which is Equivalent to (UTC): 19:05:00 Friday,  July 1, 2022
       Time-Step Length (HHMMSS): 000500
                 VDIFF completed...       0.1534 seconds
                COUPLE completed...       0.0024 seconds
                  HADV completed...       0.0874 seconds
                  ZADV completed...       0.0163 seconds
                 HDIFF completed...       0.0102 seconds
              DECOUPLE completed...       0.0030 seconds
                  PHOT completed...       0.0401 seconds
               CLDPROC completed...       0.0132 seconds
                  CHEM completed...       0.3384 seconds
                  AERO completed...       0.1818 seconds
            Master Time Step
            Processing completed...       0.8476 seconds
 
     Processing Day/Time [YYYYDDD:HHMMSS]: 2022182:191000
       Which is Equivalent to (UTC): 19:10:00 Friday,  July 1, 2022
       Time-Step Length (HHMMSS): 000500
                 VDIFF completed...       0.1515 seconds
                COUPLE completed...       0.0025 seconds
                  HADV completed...       0.0848 seconds
                  ZADV completed...       0.0163 seconds
                 HDIFF completed...       0.0104 seconds
              DECOUPLE completed...       0.0030 seconds
                  PHOT completed...       0.0400 seconds
               CLDPROC completed...       0.0134 seconds
                  CHEM completed...       0.3381 seconds
                  AERO completed...       0.1824 seconds
            Master Time Step
            Processing completed...       0.8439 seconds
 
     Processing Day/Time [YYYYDDD:HHMMSS]: 2022182:191500
       Which is Equivalent to (UTC): 19:15:00 Friday,  July 1, 2022
       Time-Step Length (HHMMSS): 000500
                 VDIFF completed...       0.1518 seconds
                COUPLE completed...       0.0024 seconds
                  HADV completed...       0.0843 seconds
                  ZADV completed...       0.0163 seconds
                 HDIFF completed...       0.0099 seconds
              DECOUPLE completed...       0.0030 seconds
                  PHOT completed...       0.0400 seconds
               CLDPROC completed...       0.0132 seconds
                  CHEM completed...       0.3378 seconds
                  AERO completed...       0.1812 seconds
            Master Time Step
            Processing completed...       0.8412 seconds
 
     Processing Day/Time [YYYYDDD:HHMMSS]: 2022182:192000
       Which is Equivalent to (UTC): 19:20:00 Friday,  July 1, 2022
       Time-Step Length (HHMMSS): 000500
                 VDIFF completed...       0.1526 seconds
                COUPLE completed...       0.0024 seconds
                  HADV completed...       0.0866 seconds
                  ZADV completed...       0.0163 seconds
                 HDIFF completed...       0.0096 seconds
              DECOUPLE completed...       0.0030 seconds
                  PHOT completed...       0.0433 seconds
               CLDPROC completed...       0.0135 seconds
                  CHEM completed...       0.3396 seconds
                  AERO completed...       0.1816 seconds
            Master Time Step
            Processing completed...       0.8496 seconds
 
     Processing Day/Time [YYYYDDD:HHMMSS]: 2022182:192500
       Which is Equivalent to (UTC): 19:25:00 Friday,  July 1, 2022
       Time-Step Length (HHMMSS): 000500
                 VDIFF completed...       0.1532 seconds
                COUPLE completed...       0.0026 seconds
                  HADV completed...       0.0839 seconds
                  ZADV completed...       0.0165 seconds
                 HDIFF completed...       0.0090 seconds
              DECOUPLE completed...       0.0031 seconds
                  PHOT completed...       0.0393 seconds
               CLDPROC completed...       0.0137 seconds
                  CHEM completed...       0.3382 seconds
                  AERO completed...       0.1817 seconds
            Master Time Step
            Processing completed...       0.8415 seconds
 
     Processing Day/Time [YYYYDDD:HHMMSS]: 2022182:193000
       Which is Equivalent to (UTC): 19:30:00 Friday,  July 1, 2022
       Time-Step Length (HHMMSS): 000500
                 VDIFF completed...       0.1523 seconds
                COUPLE completed...       0.0026 seconds
                  HADV completed...       0.0869 seconds
                  ZADV completed...       0.0164 seconds
                 HDIFF completed...       0.0093 seconds
              DECOUPLE completed...       0.0031 seconds
                  PHOT completed...       0.0392 seconds
               CLDPROC completed...       0.0138 seconds
                  CHEM completed...       0.3398 seconds
                  AERO completed...       0.1804 seconds
            Master Time Step
            Processing completed...       0.8441 seconds
 
     Processing Day/Time [YYYYDDD:HHMMSS]: 2022182:193500
       Which is Equivalent to (UTC): 19:35:00 Friday,  July 1, 2022
       Time-Step Length (HHMMSS): 000500
                 VDIFF completed...       0.1528 seconds
                COUPLE completed...       0.0025 seconds
                  HADV completed...       0.0859 seconds
                  ZADV completed...       0.0164 seconds
                 HDIFF completed...       0.0098 seconds
              DECOUPLE completed...       0.0031 seconds
                  PHOT completed...       0.0394 seconds
               CLDPROC completed...       0.0137 seconds
                  CHEM completed...       0.3381 seconds
                  AERO completed...       0.1811 seconds
            Master Time Step
            Processing completed...       0.8430 seconds
 
     Processing Day/Time [YYYYDDD:HHMMSS]: 2022182:194000
       Which is Equivalent to (UTC): 19:40:00 Friday,  July 1, 2022
       Time-Step Length (HHMMSS): 000500
                 VDIFF completed...       0.1514 seconds
                COUPLE completed...       0.0028 seconds
                  HADV completed...       0.0891 seconds
                  ZADV completed...       0.0164 seconds
                 HDIFF completed...       0.0096 seconds
              DECOUPLE completed...       0.0031 seconds
                  PHOT completed...       0.0398 seconds
               CLDPROC completed...       0.0138 seconds
                  CHEM completed...       0.3387 seconds
                  AERO completed...       0.1806 seconds
            Master Time Step
            Processing completed...       0.8455 seconds
 
     Processing Day/Time [YYYYDDD:HHMMSS]: 2022182:194500
       Which is Equivalent to (UTC): 19:45:00 Friday,  July 1, 2022
       Time-Step Length (HHMMSS): 000500
                 VDIFF completed...       0.1520 seconds
                COUPLE completed...       0.0026 seconds
                  HADV completed...       0.0912 seconds
                  ZADV completed...       0.0164 seconds
                 HDIFF completed...       0.0098 seconds
              DECOUPLE completed...       0.0031 seconds
                  PHOT completed...       0.0402 seconds
               CLDPROC completed...       0.0137 seconds
                  CHEM completed...       0.3392 seconds
                  AERO completed...       0.1796 seconds
            Master Time Step
            Processing completed...       0.8479 seconds
 
     Processing Day/Time [YYYYDDD:HHMMSS]: 2022182:195000
       Which is Equivalent to (UTC): 19:50:00 Friday,  July 1, 2022
       Time-Step Length (HHMMSS): 000500
                 VDIFF completed...       0.1514 seconds
                COUPLE completed...       0.0025 seconds
                  HADV completed...       0.0887 seconds
                  ZADV completed...       0.0163 seconds
                 HDIFF completed...       0.0097 seconds
              DECOUPLE completed...       0.0031 seconds
                  PHOT completed...       0.0393 seconds
               CLDPROC completed...       0.0137 seconds
                  CHEM completed...       0.3388 seconds
                  AERO completed...       0.1801 seconds
            Master Time Step
            Processing completed...       0.8438 seconds
 
     Processing Day/Time [YYYYDDD:HHMMSS]: 2022182:195500
       Which is Equivalent to (UTC): 19:55:00 Friday,  July 1, 2022
       Time-Step Length (HHMMSS): 000500
                 VDIFF completed...       0.2187 seconds
                COUPLE completed...       0.0026 seconds
                  HADV completed...       0.0533 seconds
                  ZADV completed...       0.0165 seconds
                 HDIFF completed...       0.0096 seconds
              DECOUPLE completed...       0.0031 seconds
                  PHOT completed...       0.0403 seconds
               CLDPROC completed...       0.0429 seconds
                  CHEM completed...       0.3387 seconds
                  AERO completed...       0.1801 seconds
            Master Time Step
            Processing completed...       0.9060 seconds
 
      =--> Data Output completed...       0.0914 seconds
 
     Processing Day/Time [YYYYDDD:HHMMSS]: 2022182:200000
       Which is Equivalent to (UTC): 20:00:00 Friday,  July 1, 2022
       Time-Step Length (HHMMSS): 000500
                 VDIFF completed...       0.3089 seconds
                COUPLE completed...       0.0025 seconds
                  HADV completed...       0.1351 seconds
                  ZADV completed...       0.0164 seconds
                 HDIFF completed...       0.0097 seconds
              DECOUPLE completed...       0.0031 seconds
                  PHOT completed...       0.0412 seconds
               CLDPROC completed...       0.0133 seconds
                  CHEM completed...       0.3463 seconds
                  AERO completed...       0.1797 seconds
            Master Time Step
            Processing completed...       1.0564 seconds
 
     Processing Day/Time [YYYYDDD:HHMMSS]: 2022182:200500
       Which is Equivalent to (UTC): 20:05:00 Friday,  July 1, 2022
       Time-Step Length (HHMMSS): 000500
                 VDIFF completed...       0.1477 seconds
                COUPLE completed...       0.0025 seconds
                  HADV completed...       0.0893 seconds
                  ZADV completed...       0.0164 seconds
                 HDIFF completed...       0.0096 seconds
              DECOUPLE completed...       0.0030 seconds
                  PHOT completed...       0.0389 seconds
               CLDPROC completed...       0.0134 seconds
                  CHEM completed...       0.3403 seconds
                  AERO completed...       0.1801 seconds
            Master Time Step
            Processing completed...       0.8414 seconds
 
     Processing Day/Time [YYYYDDD:HHMMSS]: 2022182:201000
       Which is Equivalent to (UTC): 20:10:00 Friday,  July 1, 2022
       Time-Step Length (HHMMSS): 000500
                 VDIFF completed...       0.1497 seconds
                COUPLE completed...       0.0024 seconds
                  HADV completed...       0.0916 seconds
                  ZADV completed...       0.0163 seconds
                 HDIFF completed...       0.0097 seconds
              DECOUPLE completed...       0.0030 seconds
                  PHOT completed...       0.0390 seconds
               CLDPROC completed...       0.0136 seconds
                  CHEM completed...       0.3398 seconds
                  AERO completed...       0.1794 seconds
            Master Time Step
            Processing completed...       0.8446 seconds
 
     Processing Day/Time [YYYYDDD:HHMMSS]: 2022182:201500
       Which is Equivalent to (UTC): 20:15:00 Friday,  July 1, 2022
       Time-Step Length (HHMMSS): 000500
                 VDIFF completed...       0.1483 seconds
                COUPLE completed...       0.0024 seconds
                  HADV completed...       0.0893 seconds
                  ZADV completed...       0.0163 seconds
                 HDIFF completed...       0.0101 seconds
              DECOUPLE completed...       0.0030 seconds
                  PHOT completed...       0.0399 seconds
               CLDPROC completed...       0.0134 seconds
                  CHEM completed...       0.3384 seconds
                  AERO completed...       0.1798 seconds
            Master Time Step
            Processing completed...       0.8410 seconds
 
     Processing Day/Time [YYYYDDD:HHMMSS]: 2022182:202000
       Which is Equivalent to (UTC): 20:20:00 Friday,  July 1, 2022
       Time-Step Length (HHMMSS): 000500
                 VDIFF completed...       0.1484 seconds
                COUPLE completed...       0.0025 seconds
                  HADV completed...       0.0910 seconds
                  ZADV completed...       0.0162 seconds
                 HDIFF completed...       0.0094 seconds
              DECOUPLE completed...       0.0030 seconds
                  PHOT completed...       0.0393 seconds
               CLDPROC completed...       0.0142 seconds
                  CHEM completed...       0.3365 seconds
                  AERO completed...       0.1790 seconds
            Master Time Step
            Processing completed...       0.8397 seconds
 
     Processing Day/Time [YYYYDDD:HHMMSS]: 2022182:202500
       Which is Equivalent to (UTC): 20:25:00 Friday,  July 1, 2022
       Time-Step Length (HHMMSS): 000500
                 VDIFF completed...       0.1504 seconds
                COUPLE completed...       0.0024 seconds
                  HADV completed...       0.0852 seconds
                  ZADV completed...       0.0162 seconds
                 HDIFF completed...       0.0100 seconds
              DECOUPLE completed...       0.0030 seconds
                  PHOT completed...       0.0399 seconds
               CLDPROC completed...       0.0134 seconds
                  CHEM completed...       0.3385 seconds
                  AERO completed...       0.1797 seconds
            Master Time Step
            Processing completed...       0.8389 seconds
 
     Processing Day/Time [YYYYDDD:HHMMSS]: 2022182:203000
       Which is Equivalent to (UTC): 20:30:00 Friday,  July 1, 2022
       Time-Step Length (HHMMSS): 000500
                 VDIFF completed...       0.1483 seconds
                COUPLE completed...       0.0024 seconds
                  HADV completed...       0.0823 seconds
                  ZADV completed...       0.0162 seconds
                 HDIFF completed...       0.0091 seconds
              DECOUPLE completed...       0.0030 seconds
                  PHOT completed...       0.0399 seconds
               CLDPROC completed...       0.0138 seconds
                  CHEM completed...       0.3380 seconds
                  AERO completed...       0.1789 seconds
            Master Time Step
            Processing completed...       0.8320 seconds
 
     Processing Day/Time [YYYYDDD:HHMMSS]: 2022182:203500
       Which is Equivalent to (UTC): 20:35:00 Friday,  July 1, 2022
       Time-Step Length (HHMMSS): 000500
                 VDIFF completed...       0.1504 seconds
                COUPLE completed...       0.0024 seconds
                  HADV completed...       0.0842 seconds
                  ZADV completed...       0.0162 seconds
                 HDIFF completed...       0.0100 seconds
              DECOUPLE completed...       0.0030 seconds
                  PHOT completed...       0.0399 seconds
               CLDPROC completed...       0.0137 seconds
                  CHEM completed...       0.3388 seconds
                  AERO completed...       0.1788 seconds
            Master Time Step
            Processing completed...       0.8375 seconds
 
     Processing Day/Time [YYYYDDD:HHMMSS]: 2022182:204000
       Which is Equivalent to (UTC): 20:40:00 Friday,  July 1, 2022
       Time-Step Length (HHMMSS): 000500
                 VDIFF completed...       0.1473 seconds
                COUPLE completed...       0.0024 seconds
                  HADV completed...       0.0817 seconds
                  ZADV completed...       0.0163 seconds
                 HDIFF completed...       0.0095 seconds
              DECOUPLE completed...       0.0030 seconds
                  PHOT completed...       0.0394 seconds
               CLDPROC completed...       0.0138 seconds
                  CHEM completed...       0.3395 seconds
                  AERO completed...       0.1789 seconds
            Master Time Step
            Processing completed...       0.8319 seconds
 
     Processing Day/Time [YYYYDDD:HHMMSS]: 2022182:204500
       Which is Equivalent to (UTC): 20:45:00 Friday,  July 1, 2022
       Time-Step Length (HHMMSS): 000500
                 VDIFF completed...       0.1484 seconds
                COUPLE completed...       0.0024 seconds
                  HADV completed...       0.0829 seconds
                  ZADV completed...       0.0162 seconds
                 HDIFF completed...       0.0101 seconds
              DECOUPLE completed...       0.0030 seconds
                  PHOT completed...       0.0396 seconds
               CLDPROC completed...       0.0137 seconds
                  CHEM completed...       0.3395 seconds
                  AERO completed...       0.1798 seconds
            Master Time Step
            Processing completed...       0.8358 seconds
 
     Processing Day/Time [YYYYDDD:HHMMSS]: 2022182:205000
       Which is Equivalent to (UTC): 20:50:00 Friday,  July 1, 2022
       Time-Step Length (HHMMSS): 000500
                 VDIFF completed...       0.1473 seconds
                COUPLE completed...       0.0024 seconds
                  HADV completed...       0.0798 seconds
                  ZADV completed...       0.0163 seconds
                 HDIFF completed...       0.0094 seconds
              DECOUPLE completed...       0.0030 seconds
                  PHOT completed...       0.0398 seconds
               CLDPROC completed...       0.0135 seconds
                  CHEM completed...       0.3384 seconds
                  AERO completed...       0.1786 seconds
            Master Time Step
            Processing completed...       0.8286 seconds
 
     Processing Day/Time [YYYYDDD:HHMMSS]: 2022182:205500
       Which is Equivalent to (UTC): 20:55:00 Friday,  July 1, 2022
       Time-Step Length (HHMMSS): 000500
                 VDIFF completed...       0.1989 seconds
                COUPLE completed...       0.0024 seconds
                  HADV completed...       0.0532 seconds
                  ZADV completed...       0.0163 seconds
                 HDIFF completed...       0.0098 seconds
              DECOUPLE completed...       0.0030 seconds
                  PHOT completed...       0.0392 seconds
               CLDPROC completed...       0.0461 seconds
                  CHEM completed...       0.3379 seconds
                  AERO completed...       0.1787 seconds
            Master Time Step
            Processing completed...       0.8857 seconds
 
      =--> Data Output completed...       0.0900 seconds
 
     Processing Day/Time [YYYYDDD:HHMMSS]: 2022182:210000
       Which is Equivalent to (UTC): 21:00:00 Friday,  July 1, 2022
       Time-Step Length (HHMMSS): 000500
                 VDIFF completed...       0.2984 seconds
                COUPLE completed...       0.0024 seconds
                  HADV completed...       0.1377 seconds
                  ZADV completed...       0.0162 seconds
                 HDIFF completed...       0.0102 seconds
              DECOUPLE completed...       0.0030 seconds
                  PHOT completed...       0.0408 seconds
               CLDPROC completed...       0.0103 seconds
                  CHEM completed...       0.3464 seconds
                  AERO completed...       0.1774 seconds
            Master Time Step
            Processing completed...       1.0430 seconds
 
     Processing Day/Time [YYYYDDD:HHMMSS]: 2022182:210500
       Which is Equivalent to (UTC): 21:05:00 Friday,  July 1, 2022
       Time-Step Length (HHMMSS): 000500
                 VDIFF completed...       0.1446 seconds
                COUPLE completed...       0.0024 seconds
                  HADV completed...       0.0882 seconds
                  ZADV completed...       0.0165 seconds
                 HDIFF completed...       0.0098 seconds
              DECOUPLE completed...       0.0030 seconds
                  PHOT completed...       0.0394 seconds
               CLDPROC completed...       0.0103 seconds
                  CHEM completed...       0.3358 seconds
                  AERO completed...       0.1779 seconds
            Master Time Step
            Processing completed...       0.8280 seconds
 
     Processing Day/Time [YYYYDDD:HHMMSS]: 2022182:211000
       Which is Equivalent to (UTC): 21:10:00 Friday,  July 1, 2022
       Time-Step Length (HHMMSS): 000500
                 VDIFF completed...       0.1457 seconds
                COUPLE completed...       0.0024 seconds
                  HADV completed...       0.0836 seconds
                  ZADV completed...       0.0161 seconds
                 HDIFF completed...       0.0095 seconds
              DECOUPLE completed...       0.0031 seconds
                  PHOT completed...       0.0394 seconds
               CLDPROC completed...       0.0100 seconds
                  CHEM completed...       0.3355 seconds
                  AERO completed...       0.1762 seconds
            Master Time Step
            Processing completed...       0.8216 seconds
 
     Processing Day/Time [YYYYDDD:HHMMSS]: 2022182:211500
       Which is Equivalent to (UTC): 21:15:00 Friday,  July 1, 2022
       Time-Step Length (HHMMSS): 000500
                 VDIFF completed...       0.1440 seconds
                COUPLE completed...       0.0024 seconds
                  HADV completed...       0.0866 seconds
                  ZADV completed...       0.0163 seconds
                 HDIFF completed...       0.0098 seconds
              DECOUPLE completed...       0.0030 seconds
                  PHOT completed...       0.0391 seconds
               CLDPROC completed...       0.0100 seconds
                  CHEM completed...       0.3339 seconds
                  AERO completed...       0.1770 seconds
            Master Time Step
            Processing completed...       0.8223 seconds
 
     Processing Day/Time [YYYYDDD:HHMMSS]: 2022182:212000
       Which is Equivalent to (UTC): 21:20:00 Friday,  July 1, 2022
       Time-Step Length (HHMMSS): 000500
                 VDIFF completed...       0.1467 seconds
                COUPLE completed...       0.0024 seconds
                  HADV completed...       0.0896 seconds
                  ZADV completed...       0.0162 seconds
                 HDIFF completed...       0.0097 seconds
              DECOUPLE completed...       0.0030 seconds
                  PHOT completed...       0.0389 seconds
               CLDPROC completed...       0.0099 seconds
                  CHEM completed...       0.3344 seconds
                  AERO completed...       0.1770 seconds
            Master Time Step
            Processing completed...       0.8279 seconds
 
     Processing Day/Time [YYYYDDD:HHMMSS]: 2022182:212500
       Which is Equivalent to (UTC): 21:25:00 Friday,  July 1, 2022
       Time-Step Length (HHMMSS): 000500
                 VDIFF completed...       0.1453 seconds
                COUPLE completed...       0.0024 seconds
                  HADV completed...       0.0848 seconds
                  ZADV completed...       0.0162 seconds
                 HDIFF completed...       0.0098 seconds
              DECOUPLE completed...       0.0030 seconds
                  PHOT completed...       0.0395 seconds
               CLDPROC completed...       0.0097 seconds
                  CHEM completed...       0.3351 seconds
                  AERO completed...       0.1779 seconds
            Master Time Step
            Processing completed...       0.8238 seconds
 
     Processing Day/Time [YYYYDDD:HHMMSS]: 2022182:213000
       Which is Equivalent to (UTC): 21:30:00 Friday,  July 1, 2022
       Time-Step Length (HHMMSS): 000500
                 VDIFF completed...       0.1457 seconds
                COUPLE completed...       0.0024 seconds
                  HADV completed...       0.0809 seconds
                  ZADV completed...       0.0162 seconds
                 HDIFF completed...       0.0098 seconds
              DECOUPLE completed...       0.0030 seconds
                  PHOT completed...       0.0396 seconds
               CLDPROC completed...       0.0095 seconds
                  CHEM completed...       0.3311 seconds
                  AERO completed...       0.1774 seconds
            Master Time Step
            Processing completed...       0.8156 seconds
 
     Processing Day/Time [YYYYDDD:HHMMSS]: 2022182:213500
       Which is Equivalent to (UTC): 21:35:00 Friday,  July 1, 2022
       Time-Step Length (HHMMSS): 000500
                 VDIFF completed...       0.1454 seconds
                COUPLE completed...       0.0024 seconds
                  HADV completed...       0.0805 seconds
                  ZADV completed...       0.0162 seconds
                 HDIFF completed...       0.0098 seconds
              DECOUPLE completed...       0.0030 seconds
                  PHOT completed...       0.0396 seconds
               CLDPROC completed...       0.0097 seconds
                  CHEM completed...       0.3316 seconds
                  AERO completed...       0.1767 seconds
            Master Time Step
            Processing completed...       0.8151 seconds
 
     Processing Day/Time [YYYYDDD:HHMMSS]: 2022182:214000
       Which is Equivalent to (UTC): 21:40:00 Friday,  July 1, 2022
       Time-Step Length (HHMMSS): 000500
                 VDIFF completed...       0.1448 seconds
                COUPLE completed...       0.0025 seconds
                  HADV completed...       0.0790 seconds
                  ZADV completed...       0.0162 seconds
                 HDIFF completed...       0.0097 seconds
              DECOUPLE completed...       0.0030 seconds
                  PHOT completed...       0.0390 seconds
               CLDPROC completed...       0.0098 seconds
                  CHEM completed...       0.3311 seconds
                  AERO completed...       0.1770 seconds
            Master Time Step
            Processing completed...       0.8124 seconds
 
     Processing Day/Time [YYYYDDD:HHMMSS]: 2022182:214500
       Which is Equivalent to (UTC): 21:45:00 Friday,  July 1, 2022
       Time-Step Length (HHMMSS): 000500
                 VDIFF completed...       0.1450 seconds
                COUPLE completed...       0.0024 seconds
                  HADV completed...       0.0791 seconds
                  ZADV completed...       0.0162 seconds
                 HDIFF completed...       0.0099 seconds
              DECOUPLE completed...       0.0030 seconds
                  PHOT completed...       0.0396 seconds
               CLDPROC completed...       0.0095 seconds
                  CHEM completed...       0.3293 seconds
                  AERO completed...       0.1759 seconds
            Master Time Step
            Processing completed...       0.8100 seconds
 
     Processing Day/Time [YYYYDDD:HHMMSS]: 2022182:215000
       Which is Equivalent to (UTC): 21:50:00 Friday,  July 1, 2022
       Time-Step Length (HHMMSS): 000500
                 VDIFF completed...       0.1440 seconds
                COUPLE completed...       0.0024 seconds
                  HADV completed...       0.0762 seconds
                  ZADV completed...       0.0162 seconds
                 HDIFF completed...       0.0100 seconds
              DECOUPLE completed...       0.0030 seconds
                  PHOT completed...       0.0385 seconds
               CLDPROC completed...       0.0100 seconds
                  CHEM completed...       0.3293 seconds
                  AERO completed...       0.1765 seconds
            Master Time Step
            Processing completed...       0.8062 seconds
 
     Processing Day/Time [YYYYDDD:HHMMSS]: 2022182:215500
       Which is Equivalent to (UTC): 21:55:00 Friday,  July 1, 2022
       Time-Step Length (HHMMSS): 000500
                 VDIFF completed...       0.1891 seconds
                COUPLE completed...       0.0024 seconds
                  HADV completed...       0.0578 seconds
                  ZADV completed...       0.0162 seconds
                 HDIFF completed...       0.0104 seconds
              DECOUPLE completed...       0.0030 seconds
                  PHOT completed...       0.0389 seconds
               CLDPROC completed...       0.0540 seconds
                  CHEM completed...       0.3281 seconds
                  AERO completed...       0.1777 seconds
            Master Time Step
            Processing completed...       0.8779 seconds
 
      =--> Data Output completed...       0.0681 seconds
 
     Processing Day/Time [YYYYDDD:HHMMSS]: 2022182:220000
       Which is Equivalent to (UTC): 22:00:00 Friday,  July 1, 2022
       Time-Step Length (HHMMSS): 000500
                 VDIFF completed...       0.2894 seconds
                COUPLE completed...       0.0024 seconds
                  HADV completed...       0.1120 seconds
                  ZADV completed...       0.0163 seconds
                 HDIFF completed...       0.0100 seconds
              DECOUPLE completed...       0.0030 seconds
                  PHOT completed...       0.0409 seconds
               CLDPROC completed...       0.0092 seconds
                  CHEM completed...       0.3300 seconds
                  AERO completed...       0.1763 seconds
            Master Time Step
            Processing completed...       0.9897 seconds
 
     Processing Day/Time [YYYYDDD:HHMMSS]: 2022182:220500
       Which is Equivalent to (UTC): 22:05:00 Friday,  July 1, 2022
       Time-Step Length (HHMMSS): 000500
                 VDIFF completed...       0.1390 seconds
                COUPLE completed...       0.0024 seconds
                  HADV completed...       0.0998 seconds
                  ZADV completed...       0.0162 seconds
                 HDIFF completed...       0.0099 seconds
              DECOUPLE completed...       0.0030 seconds
                  PHOT completed...       0.0386 seconds
               CLDPROC completed...       0.0093 seconds
                  CHEM completed...       0.3270 seconds
                  AERO completed...       0.1759 seconds
            Master Time Step
            Processing completed...       0.8212 seconds
 
     Processing Day/Time [YYYYDDD:HHMMSS]: 2022182:221000
       Which is Equivalent to (UTC): 22:10:00 Friday,  July 1, 2022
       Time-Step Length (HHMMSS): 000500
                 VDIFF completed...       0.1469 seconds
                COUPLE completed...       0.0024 seconds
                  HADV completed...       0.0717 seconds
                  ZADV completed...       0.0162 seconds
                 HDIFF completed...       0.0099 seconds
              DECOUPLE completed...       0.0030 seconds
                  PHOT completed...       0.0391 seconds
               CLDPROC completed...       0.0105 seconds
                  CHEM completed...       0.3265 seconds
                  AERO completed...       0.1784 seconds
            Master Time Step
            Processing completed...       0.8046 seconds
 
     Processing Day/Time [YYYYDDD:HHMMSS]: 2022182:221500
       Which is Equivalent to (UTC): 22:15:00 Friday,  July 1, 2022
       Time-Step Length (HHMMSS): 000500
                 VDIFF completed...       0.1419 seconds
                COUPLE completed...       0.0024 seconds
                  HADV completed...       0.0725 seconds
                  ZADV completed...       0.0163 seconds
                 HDIFF completed...       0.0102 seconds
              DECOUPLE completed...       0.0030 seconds
                  PHOT completed...       0.0387 seconds
               CLDPROC completed...       0.0096 seconds
                  CHEM completed...       0.3245 seconds
                  AERO completed...       0.1763 seconds
            Master Time Step
            Processing completed...       0.7956 seconds
 
     Processing Day/Time [YYYYDDD:HHMMSS]: 2022182:222000
       Which is Equivalent to (UTC): 22:20:00 Friday,  July 1, 2022
       Time-Step Length (HHMMSS): 000500
                 VDIFF completed...       0.1403 seconds
                COUPLE completed...       0.0024 seconds
                  HADV completed...       0.0708 seconds
                  ZADV completed...       0.0163 seconds
                 HDIFF completed...       0.0096 seconds
              DECOUPLE completed...       0.0030 seconds
                  PHOT completed...       0.0393 seconds
               CLDPROC completed...       0.0094 seconds
                  CHEM completed...       0.3218 seconds
                  AERO completed...       0.1755 seconds
            Master Time Step
            Processing completed...       0.7885 seconds
 
     Processing Day/Time [YYYYDDD:HHMMSS]: 2022182:222500
       Which is Equivalent to (UTC): 22:25:00 Friday,  July 1, 2022
       Time-Step Length (HHMMSS): 000500
                 VDIFF completed...       0.1425 seconds
                COUPLE completed...       0.0024 seconds
                  HADV completed...       0.0714 seconds
                  ZADV completed...       0.0163 seconds
                 HDIFF completed...       0.0100 seconds
              DECOUPLE completed...       0.0030 seconds
                  PHOT completed...       0.0387 seconds
               CLDPROC completed...       0.0096 seconds
                  CHEM completed...       0.3211 seconds
                  AERO completed...       0.1776 seconds
            Master Time Step
            Processing completed...       0.7928 seconds
 
     Processing Day/Time [YYYYDDD:HHMMSS]: 2022182:223000
       Which is Equivalent to (UTC): 22:30:00 Friday,  July 1, 2022
       Time-Step Length (HHMMSS): 000500
                 VDIFF completed...       0.1402 seconds
                COUPLE completed...       0.0024 seconds
                  HADV completed...       0.0723 seconds
                  ZADV completed...       0.0164 seconds
                 HDIFF completed...       0.0096 seconds
              DECOUPLE completed...       0.0030 seconds
                  PHOT completed...       0.0392 seconds
               CLDPROC completed...       0.0095 seconds
                  CHEM completed...       0.3190 seconds
                  AERO completed...       0.1771 seconds
            Master Time Step
            Processing completed...       0.7888 seconds
 
     Processing Day/Time [YYYYDDD:HHMMSS]: 2022182:223500
       Which is Equivalent to (UTC): 22:35:00 Friday,  July 1, 2022
       Time-Step Length (HHMMSS): 000500
                 VDIFF completed...       0.1390 seconds
                COUPLE completed...       0.0024 seconds
                  HADV completed...       0.0688 seconds
                  ZADV completed...       0.0164 seconds
                 HDIFF completed...       0.0099 seconds
              DECOUPLE completed...       0.0030 seconds
                  PHOT completed...       0.0390 seconds
               CLDPROC completed...       0.0096 seconds
                  CHEM completed...       0.3174 seconds
                  AERO completed...       0.1772 seconds
            Master Time Step
            Processing completed...       0.7829 seconds
 
     Processing Day/Time [YYYYDDD:HHMMSS]: 2022182:224000
       Which is Equivalent to (UTC): 22:40:00 Friday,  July 1, 2022
       Time-Step Length (HHMMSS): 000500
                 VDIFF completed...       0.1389 seconds
                COUPLE completed...       0.0024 seconds
                  HADV completed...       0.0625 seconds
                  ZADV completed...       0.0164 seconds
                 HDIFF completed...       0.0096 seconds
              DECOUPLE completed...       0.0030 seconds
                  PHOT completed...       0.0395 seconds
               CLDPROC completed...       0.0094 seconds
                  CHEM completed...       0.3137 seconds
                  AERO completed...       0.1761 seconds
            Master Time Step
            Processing completed...       0.7717 seconds
 
     Processing Day/Time [YYYYDDD:HHMMSS]: 2022182:224500
       Which is Equivalent to (UTC): 22:45:00 Friday,  July 1, 2022
       Time-Step Length (HHMMSS): 000500
                 VDIFF completed...       0.1385 seconds
                COUPLE completed...       0.0024 seconds
                  HADV completed...       0.0646 seconds
                  ZADV completed...       0.0164 seconds
                 HDIFF completed...       0.0099 seconds
              DECOUPLE completed...       0.0030 seconds
                  PHOT completed...       0.0392 seconds
               CLDPROC completed...       0.0094 seconds
                  CHEM completed...       0.3127 seconds
                  AERO completed...       0.1767 seconds
            Master Time Step
            Processing completed...       0.7730 seconds
 
     Processing Day/Time [YYYYDDD:HHMMSS]: 2022182:225000
       Which is Equivalent to (UTC): 22:50:00 Friday,  July 1, 2022
       Time-Step Length (HHMMSS): 000500
                 VDIFF completed...       0.1386 seconds
                COUPLE completed...       0.0024 seconds
                  HADV completed...       0.0589 seconds
                  ZADV completed...       0.0166 seconds
                 HDIFF completed...       0.0099 seconds
              DECOUPLE completed...       0.0030 seconds
                  PHOT completed...       0.0387 seconds
               CLDPROC completed...       0.0095 seconds
                  CHEM completed...       0.3099 seconds
                  AERO completed...       0.1765 seconds
            Master Time Step
            Processing completed...       0.7641 seconds
 
     Processing Day/Time [YYYYDDD:HHMMSS]: 2022182:225500
       Which is Equivalent to (UTC): 22:55:00 Friday,  July 1, 2022
       Time-Step Length (HHMMSS): 000500
                 VDIFF completed...       0.1648 seconds
                COUPLE completed...       0.0024 seconds
                  HADV completed...       0.0553 seconds
                  ZADV completed...       0.0165 seconds
                 HDIFF completed...       0.0096 seconds
              DECOUPLE completed...       0.0030 seconds
                  PHOT completed...       0.0394 seconds
               CLDPROC completed...       0.0518 seconds
                  CHEM completed...       0.3071 seconds
                  AERO completed...       0.1748 seconds
            Master Time Step
            Processing completed...       0.8248 seconds
 
      =--> Data Output completed...       0.0721 seconds
 
     Processing Day/Time [YYYYDDD:HHMMSS]: 2022182:230000
       Which is Equivalent to (UTC): 23:00:00 Friday,  July 1, 2022
       Time-Step Length (HHMMSS): 000500
                 VDIFF completed...       0.2885 seconds
                COUPLE completed...       0.0024 seconds
                  HADV completed...       0.1039 seconds
                  ZADV completed...       0.0163 seconds
                 HDIFF completed...       0.0099 seconds
              DECOUPLE completed...       0.0030 seconds
                  PHOT completed...       0.0406 seconds
               CLDPROC completed...       0.0084 seconds
                  CHEM completed...       0.3063 seconds
                  AERO completed...       0.1762 seconds
            Master Time Step
            Processing completed...       0.9570 seconds
 
     Processing Day/Time [YYYYDDD:HHMMSS]: 2022182:230500
       Which is Equivalent to (UTC): 23:05:00 Friday,  July 1, 2022
       Time-Step Length (HHMMSS): 000500
                 VDIFF completed...       0.1392 seconds
                COUPLE completed...       0.0024 seconds
                  HADV completed...       0.0632 seconds
                  ZADV completed...       0.0164 seconds
                 HDIFF completed...       0.0096 seconds
              DECOUPLE completed...       0.0030 seconds
                  PHOT completed...       0.0387 seconds
               CLDPROC completed...       0.0089 seconds
                  CHEM completed...       0.3020 seconds
                  AERO completed...       0.1763 seconds
            Master Time Step
            Processing completed...       0.7611 seconds
 
     Processing Day/Time [YYYYDDD:HHMMSS]: 2022182:231000
       Which is Equivalent to (UTC): 23:10:00 Friday,  July 1, 2022
       Time-Step Length (HHMMSS): 000500
                 VDIFF completed...       0.1393 seconds
                COUPLE completed...       0.0024 seconds
                  HADV completed...       0.0532 seconds
                  ZADV completed...       0.0163 seconds
                 HDIFF completed...       0.0096 seconds
              DECOUPLE completed...       0.0030 seconds
                  PHOT completed...       0.0394 seconds
               CLDPROC completed...       0.0083 seconds
                  CHEM completed...       0.2992 seconds
                  AERO completed...       0.1767 seconds
            Master Time Step
            Processing completed...       0.7488 seconds
 
     Processing Day/Time [YYYYDDD:HHMMSS]: 2022182:231500
       Which is Equivalent to (UTC): 23:15:00 Friday,  July 1, 2022
       Time-Step Length (HHMMSS): 000500
                 VDIFF completed...       0.1393 seconds
                COUPLE completed...       0.0024 seconds
                  HADV completed...       0.0535 seconds
                  ZADV completed...       0.0163 seconds
                 HDIFF completed...       0.0095 seconds
              DECOUPLE completed...       0.0030 seconds
                  PHOT completed...       0.0391 seconds
               CLDPROC completed...       0.0085 seconds
                  CHEM completed...       0.2951 seconds
                  AERO completed...       0.1756 seconds
            Master Time Step
            Processing completed...       0.7436 seconds
 
     Processing Day/Time [YYYYDDD:HHMMSS]: 2022182:232000
       Which is Equivalent to (UTC): 23:20:00 Friday,  July 1, 2022
       Time-Step Length (HHMMSS): 000500
                 VDIFF completed...       0.1384 seconds
                COUPLE completed...       0.0024 seconds
                  HADV completed...       0.0530 seconds
                  ZADV completed...       0.0163 seconds
                 HDIFF completed...       0.0094 seconds
              DECOUPLE completed...       0.0030 seconds
                  PHOT completed...       0.0394 seconds
               CLDPROC completed...       0.0082 seconds
                  CHEM completed...       0.2917 seconds
                  AERO completed...       0.1763 seconds
            Master Time Step
            Processing completed...       0.7394 seconds
 
     Processing Day/Time [YYYYDDD:HHMMSS]: 2022182:232500
       Which is Equivalent to (UTC): 23:25:00 Friday,  July 1, 2022
       Time-Step Length (HHMMSS): 000500
                 VDIFF completed...       0.1384 seconds
                COUPLE completed...       0.0024 seconds
                  HADV completed...       0.0559 seconds
                  ZADV completed...       0.0162 seconds
                 HDIFF completed...       0.0097 seconds
              DECOUPLE completed...       0.0030 seconds
                  PHOT completed...       0.0387 seconds
               CLDPROC completed...       0.0085 seconds
                  CHEM completed...       0.2915 seconds
                  AERO completed...       0.1756 seconds
            Master Time Step
            Processing completed...       0.7413 seconds
 
     Processing Day/Time [YYYYDDD:HHMMSS]: 2022182:233000
       Which is Equivalent to (UTC): 23:30:00 Friday,  July 1, 2022
       Time-Step Length (HHMMSS): 000500
                 VDIFF completed...       0.1371 seconds
                COUPLE completed...       0.0024 seconds
                  HADV completed...       0.0535 seconds
                  ZADV completed...       0.0162 seconds
                 HDIFF completed...       0.0101 seconds
              DECOUPLE completed...       0.0030 seconds
                  PHOT completed...       0.0395 seconds
               CLDPROC completed...       0.0084 seconds
                  CHEM completed...       0.2860 seconds
                  AERO completed...       0.1752 seconds
            Master Time Step
            Processing completed...       0.7328 seconds
 
     Processing Day/Time [YYYYDDD:HHMMSS]: 2022182:233500
       Which is Equivalent to (UTC): 23:35:00 Friday,  July 1, 2022
       Time-Step Length (HHMMSS): 000500
                 VDIFF completed...       0.1370 seconds
                COUPLE completed...       0.0024 seconds
                  HADV completed...       0.0545 seconds
                  ZADV completed...       0.0163 seconds
                 HDIFF completed...       0.0092 seconds
              DECOUPLE completed...       0.0030 seconds
                  PHOT completed...       0.0386 seconds
               CLDPROC completed...       0.0083 seconds
                  CHEM completed...       0.2824 seconds
                  AERO completed...       0.1752 seconds
            Master Time Step
            Processing completed...       0.7281 seconds
 
     Processing Day/Time [YYYYDDD:HHMMSS]: 2022182:234000
       Which is Equivalent to (UTC): 23:40:00 Friday,  July 1, 2022
       Time-Step Length (HHMMSS): 000500
                 VDIFF completed...       0.1362 seconds
                COUPLE completed...       0.0024 seconds
                  HADV completed...       0.0548 seconds
                  ZADV completed...       0.0163 seconds
                 HDIFF completed...       0.0096 seconds
              DECOUPLE completed...       0.0030 seconds
                  PHOT completed...       0.0392 seconds
               CLDPROC completed...       0.0086 seconds
                  CHEM completed...       0.2795 seconds
                  AERO completed...       0.1753 seconds
            Master Time Step
            Processing completed...       0.7262 seconds
 
     Processing Day/Time [YYYYDDD:HHMMSS]: 2022182:234500
       Which is Equivalent to (UTC): 23:45:00 Friday,  July 1, 2022
       Time-Step Length (HHMMSS): 000500
                 VDIFF completed...       0.1351 seconds
                COUPLE completed...       0.0024 seconds
                  HADV completed...       0.0553 seconds
                  ZADV completed...       0.0163 seconds
                 HDIFF completed...       0.0093 seconds
              DECOUPLE completed...       0.0030 seconds
                  PHOT completed...       0.0386 seconds
               CLDPROC completed...       0.0085 seconds
                  CHEM completed...       0.2759 seconds
                  AERO completed...       0.1754 seconds
            Master Time Step
            Processing completed...       0.7212 seconds
 
     Processing Day/Time [YYYYDDD:HHMMSS]: 2022182:235000
       Which is Equivalent to (UTC): 23:50:00 Friday,  July 1, 2022
       Time-Step Length (HHMMSS): 000500
                 VDIFF completed...       0.1451 seconds
                COUPLE completed...       0.0025 seconds
                  HADV completed...       0.0552 seconds
                  ZADV completed...       0.0164 seconds
                 HDIFF completed...       0.0093 seconds
              DECOUPLE completed...       0.0030 seconds
                  PHOT completed...       0.0394 seconds
               CLDPROC completed...       0.0079 seconds
                  CHEM completed...       0.2728 seconds
                  AERO completed...       0.1748 seconds
            Master Time Step
            Processing completed...       0.7276 seconds
 
     Processing Day/Time [YYYYDDD:HHMMSS]: 2022182:235500
       Which is Equivalent to (UTC): 23:55:00 Friday,  July 1, 2022
       Time-Step Length (HHMMSS): 000500
                 VDIFF completed...       0.1829 seconds
                COUPLE completed...       0.0024 seconds
                  HADV completed...       0.0562 seconds
                  ZADV completed...       0.0165 seconds
                 HDIFF completed...       0.0092 seconds
              DECOUPLE completed...       0.0031 seconds
                  PHOT completed...       0.0384 seconds
               CLDPROC completed...       0.0528 seconds
                  CHEM completed...       0.2695 seconds
                  AERO completed...       0.1753 seconds
            Master Time Step
            Processing completed...       0.8077 seconds
 
      =--> Data Output completed...       0.0674 seconds
 
 
 
     ==============================================
     |>---   PROGRAM COMPLETED SUCCESSFULLY   ---<|
     ==============================================
     Date and time 0:00:00   July 2, 2022   (2022183:000000)
 
     The elapsed time for this simulation was     225.2 seconds.
 
14018.712u 324.519s 3:47.74 6298.0%	0+0k 0+3609272io 419pf+0w

CMAQ Processing of Day 20220701 Finished at Tue Aug 18 01:57:50 PM EDT 2026

\\\\\=====\\\\\=====\\\\\=====\\\\\=====/////=====/////=====/////=====/////


Set up input and output files for Day 2022-07-02.

Existing Logs and Output Files for Day 2022-07-02 Will Be Deleted
rm: No match.

CMAQ Processing of Day 20220702 Began at Tue Aug 18 01:57:52 PM EDT 2026

                  CTM_APPL  |  v6_intel_Bench_2022_12SE1_intel_openmpi_1node_64pe_20220702
#================================================================================#        
#|                                                                              |#        
#|               The Community Multiscale Air Quality (CMAQ) Model              |#        
#|                                  Version 6.0_alpha1                          |#        
#|                                                                              |#        
#|                          Built and Maintained by the                         |#        
#|                        Office of Research and Development                    |#        
#|                   United States Environmental Protection Agency              |#        
#|                                                                              |#        
#|                            https://www.epa.gov/cmaq                          |#        
#|                                                                              |#        
#|       Source Code:   https://www.github.com/USEPA/cmaq/tree/master           |#        
#|       Documentation: https://www.github.com/USEPA/cmaq/tree/master/DOCS      |#        
#|                                                                              |#        
#|         The CMAQ Model is tested and released with cooperation from          |#        
#|         the Community Modeling and Analysis System (CMAS) Center via         |#        
#|         contract support. CMAS is managed by the Institute for the           |#        
#|         Environment, University of North Carolina at Chapel Hill.            |#        
#|         CMAS URL: (https://www.cmascenter.org)                               |#        
#|                                                                              |#        
#================================================================================#        
 
 
     ==================================
     |>---   INITIALIZE I/O-API   ---<|
     ==================================
                                                                     
     This program uses the EPA-AREAL/MCNC-EnvPgms/BAMS/ UNC IE       
     Models-3 I/O Applications Programming Interface, [I/O API]      
     which is built on top of the netCDF I/O library (Copyright      
     993, 1996 University Corporation for Atmospheric Research       
     Unidata Program) and the PVM parallel-programming library       
     (from Oak Ridge National Laboratory).                           
     Copyright (C) 1992-2002 MCNC,                                   
     (C) 1992-2018 Carlie J. Coats, Jr.,                             
     (C) 2003-2012 Baron Advanced Meteorological Systems, LLC, and   
     (C) 2014-2023 UNC Institute for the Environment.                
     Released under the GNU LGPL  License, version 2.1.  See URL     
                                                                     
         https://www.gnu.org/licenses/old-licenses/lgpl-2.1.html     
                                                                     
     for conditions of use.                                          
                                                                     
     ioapi-3.2: $Id: init3.F90 247 2023-03-22 15:59:19Z coats $
     netCDF version 4.8.1 of Aug 13 2026 10:00:20 $
      
 
 
     ===========================================
     |>---   ENVIRONMENT VARIABLE REPORT   ---<|
     ===========================================

     |> Grid and High-Level Model Parameters:
     +=========================================
        ---Env Variable---  |  ---Value---
      --------------------------------------------------------------------------------
                       BLD  |             (default)
                    OUTDIR  |  /work/users/l/i/lizadams/CMAQv6.0_2022_12SE1_Benchmark_2day//output_CCTM_v6_intel_Bench_2022_12SE1_intel_openmpi_1node_64pe
                 NEW_START  |           F
            IGNORE_SOILINP  |           F (default)
              EXECUTION_ID  |  CMAQ_CCTMv6_lizadams_20260818_175402_377126711
                 GRID_NAME  |  SE60BENCH
                 CTM_TSTEP  |       10000
                CTM_RUNLEN  |      240000
              CTM_PROGNAME  |  DRIVER (default)
                CTM_STDATE  |     2022183
                CTM_STTIME  |           0
               NPCOL_NPROW  |  8 8
               CTM_MAXSYNC  |         300
               CTM_MINSYNC  |          60

     |> Multiprocess control, output and error checking:
     +====================================================
        ---Env Variable---  |  ---Value---
      --------------------------------------------------------------------------------
           PRINT_PROC_TIME  |           T
               FL_ERR_STOP  |           F
              CTM_MIO_FILE  |           F (default)
                 CTM_CKSUM  |           T
          AVG_FILE_ENDTIME  |           F
             AVG_CONC_SPCS  |  ALL
                 CONC_SPCS  |  O3 NO ANO3I ANO3J NO2 NH3 ANH4I ANH4J ASO4I ASO4J
           ACONC_BLEV_ELEV  |   1 1
            CONC_BLEV_ELEV  |   1 1
           IOAPI_LOG_WRITE  |           F
                   VERTEXT  |           F
        VERTEXT_COORD_PATH  |  /proj/ie/proj/CMAS/CMASOps2026/CMAQ_CMAS_6/openmpi_5.0.6_intel_2024/CCTM/scripts/lonlat.csv
             gc_matrix_nml  |  /proj/ie/proj/CMAS/CMASOps2026/CMAQ_CMAS_6/openmpi_5.0.6_intel_2024/CCTM/scripts/BLD_CCTM_v6_intel/GC_cracmm3.nml
             ae_matrix_nml  |  /proj/ie/proj/CMAS/CMASOps2026/CMAQ_CMAS_6/openmpi_5.0.6_intel_2024/CCTM/scripts/BLD_CCTM_v6_intel/AE_cracmm3.nml
             nr_matrix_nml  |  /proj/ie/proj/CMAS/CMASOps2026/CMAQ_CMAS_6/openmpi_5.0.6_intel_2024/CCTM/scripts/BLD_CCTM_v6_intel/NR_cracmm3.nml
             tr_matrix_nml  |  /proj/ie/proj/CMAS/CMASOps2026/CMAQ_CMAS_6/openmpi_5.0.6_intel_2024/CCTM/scripts/BLD_CCTM_v6_intel/Species_Table_TR_0.nml

     |> Chemistry and Photolysis:
     +=============================
        ---Env Variable---  |  ---Value---
      --------------------------------------------------------------------------------
                      MECH  |  cracmm3
              CTM_PHOTDIAG  |           F
            AEROSOL_OPTICS  |           3

      --ATOL settings are in ppmV.--

             GEAR_MAX_ATOL  |   0.100E-06 (default)
             GEAR_MIN_ATOL  |   0.100E-08 (default)
           GEAR_CONC_FLOOR  |   0.100E-11 (default)
                 GEAR_RTOL  |   0.100E-02 (default)
                   RB_RTOL  |   0.100E-02 (default)
                   RB_ATOL  |   0.100E-06 (default)
                  CTM_PVO3  |           F

     |> Aerosols:
     +=============
        ---Env Variable---  |  ---Value---
      --------------------------------------------------------------------------------
                   AERO_MT  |  HYB
            AERO_DYN_TSTEP  |          90
             BC_AERO_M2WET  |           F
             BC_AERO_M2USE  |           T
              STM_SO4TRACK  |           F

     |> Cloud Processes:
     +====================
        ---Env Variable---  |  ---Value---
      --------------------------------------------------------------------------------
                  CLD_DIAG  |           F

     |> Air-Surface Exchange Processes:
     +===================================
        ---Env Variable---  |  ---Value---
      --------------------------------------------------------------------------------
                PX_VERSION  |           T
                CTM_ABFLUX  |           T
                CTM_MOSAIC  |           F
              CTM_SFC_HONO  |           T
               CLM_VERSION  |           F
              NOAH_VERSION  |           F
             CTM_DEPV_FILE  |           F
                CTM_HGBIDI  |           F
         CTM_BIDI_FERT_NH3  |           T
             CTM_USE_STAGE  |           T
           CTM_WBDUST_BELD  |  UNKNOWN (default)
             STAGECTRL_NML  |  /proj/ie/proj/CMAS/CMASOps2026/CMAQ_CMAS_6/openmpi_5.0.6_intel_2024/CCTM/scripts/BLD_CCTM_v6_intel/CMAQ_Control_STAGE.nml
             CTM_STAGE_P22  |           F
             CTM_STAGE_E20  |           T
             CTM_STAGE_S22  |           F

     |> Transport Processes:
     +========================
        ---Env Variable---  |  ---Value---
      --------------------------------------------------------------------------------
           VDIFF_DIAG_FILE  |           F
            SIGMA_SYNC_TOP  |   0.700E+00
              ADV_HDIV_LIM  |   0.900E+00 (default)
               CTM_ADV_CFL  |   0.950E+00
                     KZMIN  |           T
                KZU_CUSTOM  |   0.100E+01 (default)
                  CTM_WVEL  |           T
             CTM_GRAV_SETL  |           T

     |> Emissions Parameters:
     +=========================
        ---Env Variable---  |  ---Value---
      --------------------------------------------------------------------------------
             CMAQ_CTRL_NML  |  /proj/ie/proj/CMAS/CMASOps2026/CMAQ_CMAS_6/openmpi_5.0.6_intel_2024/CCTM/scripts/BLD_CCTM_v6_intel/CMAQ_Control.nml
          CMAQ_CH_CTRL_NML  |  /proj/ie/proj/CMAS/CMASOps2026/CMAQ_CMAS_6/openmpi_5.0.6_intel_2024/CCTM/scripts/BLD_CCTM_v6_intel/CMAQ_Chem_Control_cracmm3.nml
                 N_EMIS_GR  |           2
                 N_EMIS_TR  |           0 (default)
               CTM_EMISCHK  |           F
           CTM_BIOGEMIS_BE  |           T
           CTM_BIOGEMIS_MG  |           F
             USE_MEGAN_LAI  |           F (default)
              MGN_ONLN_DEP  |           F (default)
               BDSNP_MEGAN  |           F
                USE_SEGA_N  |           F
             USE_SEGA_N_EF  |           F
                 BIOG_SPRO  |  DEFAULT (default)
                B3GTS_DIAG  |           F
              CTM_MGEMDIAG  |           F (default)
            CTM_OCEAN_CHEM  |           T
               CTM_WB_DUST  |           T
             CTM_BROWN_VEG  |           T
           CTM_DUSTEM_DIAG  |           F
              CTM_SSEMDIAG  |           F
              CTM_MET_EMIS  |           F (default)
         CTM_MET_EMIS_DIAG  |           F (default)
          CTM_MET_EMIS_HUM  |           F (default)
            CTM_LNO_ONLINE  |           T
             LTNG_ASSIM_DT  |           0 (default)
             USE_LTNG_DATA  |           T
                  LTNGDIAG  |           F
                   MOLSNCG  |   0.350E+03 (default)
                   MOLSNIC  |   0.350E+03 (default)
                LNO_OPTION  |           1
                 N_EMIS_PT  |          11
                    IPVERT  |           0 (default)
             EMIS_SYM_DATE  |           F (default)

     |> Process Analysis Parameters:
     +================================
        ---Env Variable---  |  ---Value---
      --------------------------------------------------------------------------------
                CTM_PROCAN  |           F
                CTM_BUDGET  |  /work/users/l/i/lizadams/CMAQv6.0_2022_12SE1_Benchmark_2day//output_CCTM_v6_intel_Bench_2022_12SE1_intel_openmpi_1node_64pe/CCTM_BUDGET_v6_intel_Bench_2022_12SE1_intel_openmpi_1node_64pe_20220702.txt
                 MET_TSTEP  |       10000 (default)

     MET data determined based on WRF ARW version 4.4.2

 
          -=-  MPP Processor-to-Subdomain Map  -=-
                 Number of Processors =  64
    ____________________________________________________
    |                                                  |
    |  PE    #Cols    Col_Range     #Rows    Row_Range |
    |__________________________________________________|
    |                                                  |
    |  0       13      1:  13         10      1:  10   |
    |  1       13     14:  26         10      1:  10   |
    |  2       13     27:  39         10      1:  10   |
    |  3       13     40:  52         10      1:  10   |
    |  4       12     53:  64         10      1:  10   |
    |  5       12     65:  76         10      1:  10   |
    |  6       12     77:  88         10      1:  10   |
    |  7       12     89: 100         10      1:  10   |
    |  8       13      1:  13         10     11:  20   |
    |  9       13     14:  26         10     11:  20   |
    | 10       13     27:  39         10     11:  20   |
    | 11       13     40:  52         10     11:  20   |
    | 12       12     53:  64         10     11:  20   |
    | 13       12     65:  76         10     11:  20   |
    | 14       12     77:  88         10     11:  20   |
    | 15       12     89: 100         10     11:  20   |
    | 16       13      1:  13         10     21:  30   |
    | 17       13     14:  26         10     21:  30   |
    | 18       13     27:  39         10     21:  30   |
    | 19       13     40:  52         10     21:  30   |
    | 20       12     53:  64         10     21:  30   |
    | 21       12     65:  76         10     21:  30   |
    | 22       12     77:  88         10     21:  30   |
    | 23       12     89: 100         10     21:  30   |
    | 24       13      1:  13         10     31:  40   |
    | 25       13     14:  26         10     31:  40   |
    | 26       13     27:  39         10     31:  40   |
    | 27       13     40:  52         10     31:  40   |
    | 28       12     53:  64         10     31:  40   |
    | 29       12     65:  76         10     31:  40   |
    | 30       12     77:  88         10     31:  40   |
    | 31       12     89: 100         10     31:  40   |
    | 32       13      1:  13         10     41:  50   |
    | 33       13     14:  26         10     41:  50   |
    | 34       13     27:  39         10     41:  50   |
    | 35       13     40:  52         10     41:  50   |
    | 36       12     53:  64         10     41:  50   |
    | 37       12     65:  76         10     41:  50   |
    | 38       12     77:  88         10     41:  50   |
    | 39       12     89: 100         10     41:  50   |
    | 40       13      1:  13         10     51:  60   |
    | 41       13     14:  26         10     51:  60   |
    | 42       13     27:  39         10     51:  60   |
    | 43       13     40:  52         10     51:  60   |
    | 44       12     53:  64         10     51:  60   |
    | 45       12     65:  76         10     51:  60   |
    | 46       12     77:  88         10     51:  60   |
    | 47       12     89: 100         10     51:  60   |
    | 48       13      1:  13         10     61:  70   |
    | 49       13     14:  26         10     61:  70   |
    | 50       13     27:  39         10     61:  70   |
    | 51       13     40:  52         10     61:  70   |
    | 52       12     53:  64         10     61:  70   |
    | 53       12     65:  76         10     61:  70   |
    | 54       12     77:  88         10     61:  70   |
    | 55       12     89: 100         10     61:  70   |
    | 56       13      1:  13         10     71:  80   |
    | 57       13     14:  26         10     71:  80   |
    | 58       13     27:  39         10     71:  80   |
    | 59       13     40:  52         10     71:  80   |
    | 60       12     53:  64         10     71:  80   |
    | 61       12     65:  76         10     71:  80   |
    | 62       12     77:  88         10     71:  80   |
    | 63       12     89: 100         10     71:  80   |
    |__________________________________________________|
 
 
 
     ================================
     |>---   TIME INTEGRATION   ---<|
     ================================
 
     Processing Day/Time [YYYYDDD:HHMMSS]: 2022183:000000
       Which is Equivalent to (UTC): 0:00:00  Saturday,  July 2, 2022
       Time-Step Length (HHMMSS): 000500
                 VDIFF completed...       1.9980 seconds
                COUPLE completed...       0.0024 seconds
                  HADV completed...       0.2865 seconds
                  ZADV completed...       0.0164 seconds
                 HDIFF completed...       0.0170 seconds
              DECOUPLE completed...       0.0031 seconds
                  PHOT completed...       0.2079 seconds
               CLDPROC completed...       0.0128 seconds
                  CHEM completed...       0.2755 seconds
                  AERO completed...       0.1800 seconds
            Master Time Step
            Processing completed...       3.0004 seconds
 
     Processing Day/Time [YYYYDDD:HHMMSS]: 2022183:000500
       Which is Equivalent to (UTC): 0:05:00  Saturday,  July 2, 2022
       Time-Step Length (HHMMSS): 000500
                 VDIFF completed...       0.1374 seconds
                COUPLE completed...       0.0025 seconds
                  HADV completed...       0.0570 seconds
                  ZADV completed...       0.0165 seconds
                 HDIFF completed...       0.0100 seconds
              DECOUPLE completed...       0.0031 seconds
                  PHOT completed...       0.0402 seconds
               CLDPROC completed...       0.0112 seconds
                  CHEM completed...       0.2685 seconds
                  AERO completed...       0.1756 seconds
            Master Time Step
            Processing completed...       0.7221 seconds
 
     Processing Day/Time [YYYYDDD:HHMMSS]: 2022183:001000
       Which is Equivalent to (UTC): 0:10:00  Saturday,  July 2, 2022
       Time-Step Length (HHMMSS): 000500
                 VDIFF completed...       0.1369 seconds
                COUPLE completed...       0.0025 seconds
                  HADV completed...       0.0679 seconds
                  ZADV completed...       0.0166 seconds
                 HDIFF completed...       0.0095 seconds
              DECOUPLE completed...       0.0031 seconds
                  PHOT completed...       0.0403 seconds
               CLDPROC completed...       0.0113 seconds
                  CHEM completed...       0.2670 seconds
                  AERO completed...       0.1748 seconds
            Master Time Step
            Processing completed...       0.7300 seconds
 
     Processing Day/Time [YYYYDDD:HHMMSS]: 2022183:001500
       Which is Equivalent to (UTC): 0:15:00  Saturday,  July 2, 2022
       Time-Step Length (HHMMSS): 000500
                 VDIFF completed...       0.1366 seconds
                COUPLE completed...       0.0026 seconds
                  HADV completed...       0.0564 seconds
                  ZADV completed...       0.0165 seconds
                 HDIFF completed...       0.0097 seconds
              DECOUPLE completed...       0.0031 seconds
                  PHOT completed...       0.0394 seconds
               CLDPROC completed...       0.0115 seconds
                  CHEM completed...       0.2642 seconds
                  AERO completed...       0.1747 seconds
            Master Time Step
            Processing completed...       0.7148 seconds
 
     Processing Day/Time [YYYYDDD:HHMMSS]: 2022183:002000
       Which is Equivalent to (UTC): 0:20:00  Saturday,  July 2, 2022
       Time-Step Length (HHMMSS): 000500
                 VDIFF completed...       0.1342 seconds
                COUPLE completed...       0.0028 seconds
                  HADV completed...       0.0553 seconds
                  ZADV completed...       0.0166 seconds
                 HDIFF completed...       0.0101 seconds
              DECOUPLE completed...       0.0031 seconds
                  PHOT completed...       0.0393 seconds
               CLDPROC completed...       0.0112 seconds
                  CHEM completed...       0.2659 seconds
                  AERO completed...       0.1753 seconds
            Master Time Step
            Processing completed...       0.7138 seconds
 
     Processing Day/Time [YYYYDDD:HHMMSS]: 2022183:002500
       Which is Equivalent to (UTC): 0:25:00  Saturday,  July 2, 2022
       Time-Step Length (HHMMSS): 000500
                 VDIFF completed...       0.1335 seconds
                COUPLE completed...       0.0024 seconds
                  HADV completed...       0.0588 seconds
                  ZADV completed...       0.0163 seconds
                 HDIFF completed...       0.0115 seconds
              DECOUPLE completed...       0.0030 seconds
                  PHOT completed...       0.0340 seconds
               CLDPROC completed...       0.0108 seconds
                  CHEM completed...       0.2730 seconds
                  AERO completed...       0.1747 seconds
            Master Time Step
            Processing completed...       0.7184 seconds
 
     Processing Day/Time [YYYYDDD:HHMMSS]: 2022183:003000
       Which is Equivalent to (UTC): 0:30:00  Saturday,  July 2, 2022
       Time-Step Length (HHMMSS): 000500
                 VDIFF completed...       0.1320 seconds
                COUPLE completed...       0.0024 seconds
                  HADV completed...       0.0542 seconds
                  ZADV completed...       0.0164 seconds
                 HDIFF completed...       0.0102 seconds
              DECOUPLE completed...       0.0030 seconds
                  PHOT completed...       0.0261 seconds
               CLDPROC completed...       0.0114 seconds
                  CHEM completed...       0.2533 seconds
                  AERO completed...       0.1764 seconds
            Master Time Step
            Processing completed...       0.6857 seconds
 
     Processing Day/Time [YYYYDDD:HHMMSS]: 2022183:003500
       Which is Equivalent to (UTC): 0:35:00  Saturday,  July 2, 2022
       Time-Step Length (HHMMSS): 000500
                 VDIFF completed...       0.1499 seconds
                COUPLE completed...       0.0024 seconds
                  HADV completed...       0.0552 seconds
                  ZADV completed...       0.0163 seconds
                 HDIFF completed...       0.0102 seconds
              DECOUPLE completed...       0.0030 seconds
                  PHOT completed...       0.0265 seconds
               CLDPROC completed...       0.0123 seconds
                  CHEM completed...       0.2121 seconds
                  AERO completed...       0.1759 seconds
            Master Time Step
            Processing completed...       0.6639 seconds
 
     Processing Day/Time [YYYYDDD:HHMMSS]: 2022183:004000
       Which is Equivalent to (UTC): 0:40:00  Saturday,  July 2, 2022
       Time-Step Length (HHMMSS): 000500
                 VDIFF completed...       0.1457 seconds
                COUPLE completed...       0.0024 seconds
                  HADV completed...       0.0809 seconds
                  ZADV completed...       0.0164 seconds
                 HDIFF completed...       0.0102 seconds
              DECOUPLE completed...       0.0030 seconds
                  PHOT completed...       0.0262 seconds
               CLDPROC completed...       0.0112 seconds
                  CHEM completed...       0.1902 seconds
                  AERO completed...       0.1743 seconds
            Master Time Step
            Processing completed...       0.6606 seconds
 
     Processing Day/Time [YYYYDDD:HHMMSS]: 2022183:004500
       Which is Equivalent to (UTC): 0:45:00  Saturday,  July 2, 2022
       Time-Step Length (HHMMSS): 000500
                 VDIFF completed...       0.1330 seconds
                COUPLE completed...       0.0024 seconds
                  HADV completed...       0.1140 seconds
                  ZADV completed...       0.0165 seconds
                 HDIFF completed...       0.0112 seconds
              DECOUPLE completed...       0.0030 seconds
                  PHOT completed...       0.0263 seconds
               CLDPROC completed...       0.0113 seconds
                  CHEM completed...       0.1759 seconds
                  AERO completed...       0.1728 seconds
            Master Time Step
            Processing completed...       0.6665 seconds
 
     Processing Day/Time [YYYYDDD:HHMMSS]: 2022183:005000
       Which is Equivalent to (UTC): 0:50:00  Saturday,  July 2, 2022
       Time-Step Length (HHMMSS): 000500
                 VDIFF completed...       0.1324 seconds
                COUPLE completed...       0.0024 seconds
                  HADV completed...       0.0950 seconds
                  ZADV completed...       0.0165 seconds
                 HDIFF completed...       0.0111 seconds
              DECOUPLE completed...       0.0030 seconds
                  PHOT completed...       0.0192 seconds
               CLDPROC completed...       0.0121 seconds
                  CHEM completed...       0.1681 seconds
                  AERO completed...       0.1723 seconds
            Master Time Step
            Processing completed...       0.6322 seconds
 
     Processing Day/Time [YYYYDDD:HHMMSS]: 2022183:005500
       Which is Equivalent to (UTC): 0:55:00  Saturday,  July 2, 2022
       Time-Step Length (HHMMSS): 000500
                 VDIFF completed...       0.1896 seconds
                COUPLE completed...       0.0024 seconds
                  HADV completed...       0.0559 seconds
                  ZADV completed...       0.0164 seconds
                 HDIFF completed...       0.0106 seconds
              DECOUPLE completed...       0.0030 seconds
                  PHOT completed...       0.0041 seconds
               CLDPROC completed...       0.0635 seconds
                  CHEM completed...       0.1621 seconds
                  AERO completed...       0.1736 seconds
            Master Time Step
            Processing completed...       0.6814 seconds
 
      =--> Data Output completed...       0.1004 seconds
 
     Processing Day/Time [YYYYDDD:HHMMSS]: 2022183:010000
       Which is Equivalent to (UTC): 1:00:00  Saturday,  July 2, 2022
       Time-Step Length (HHMMSS): 000500
                 VDIFF completed...       0.3060 seconds
                COUPLE completed...       0.0024 seconds
                  HADV completed...       0.1033 seconds
                  ZADV completed...       0.0165 seconds
                 HDIFF completed...       0.0110 seconds
              DECOUPLE completed...       0.0030 seconds
                  PHOT completed...       0.0046 seconds
               CLDPROC completed...       0.0187 seconds
                  CHEM completed...       0.1624 seconds
                  AERO completed...       0.1727 seconds
            Master Time Step
            Processing completed...       0.8007 seconds
 
     Processing Day/Time [YYYYDDD:HHMMSS]: 2022183:010500
       Which is Equivalent to (UTC): 1:05:00  Saturday,  July 2, 2022
       Time-Step Length (HHMMSS): 000500
                 VDIFF completed...       0.1340 seconds
                COUPLE completed...       0.0024 seconds
                  HADV completed...       0.0732 seconds
                  ZADV completed...       0.0165 seconds
                 HDIFF completed...       0.0109 seconds
              DECOUPLE completed...       0.0030 seconds
                  PHOT completed...       0.0028 seconds
               CLDPROC completed...       0.0189 seconds
                  CHEM completed...       0.1604 seconds
                  AERO completed...       0.1725 seconds
            Master Time Step
            Processing completed...       0.5948 seconds
 
     Processing Day/Time [YYYYDDD:HHMMSS]: 2022183:011000
       Which is Equivalent to (UTC): 1:10:00  Saturday,  July 2, 2022
       Time-Step Length (HHMMSS): 000500
                 VDIFF completed...       0.1418 seconds
                COUPLE completed...       0.0024 seconds
                  HADV completed...       0.0547 seconds
                  ZADV completed...       0.0166 seconds
                 HDIFF completed...       0.0107 seconds
              DECOUPLE completed...       0.0030 seconds
                  PHOT completed...       0.0028 seconds
               CLDPROC completed...       0.0194 seconds
                  CHEM completed...       0.1590 seconds
                  AERO completed...       0.1735 seconds
            Master Time Step
            Processing completed...       0.5840 seconds
 
     Processing Day/Time [YYYYDDD:HHMMSS]: 2022183:011500
       Which is Equivalent to (UTC): 1:15:00  Saturday,  July 2, 2022
       Time-Step Length (HHMMSS): 000500
                 VDIFF completed...       0.1408 seconds
                COUPLE completed...       0.0025 seconds
                  HADV completed...       0.0551 seconds
                  ZADV completed...       0.0165 seconds
                 HDIFF completed...       0.0104 seconds
              DECOUPLE completed...       0.0030 seconds
                  PHOT completed...       0.0027 seconds
               CLDPROC completed...       0.0195 seconds
                  CHEM completed...       0.1566 seconds
                  AERO completed...       0.1725 seconds
            Master Time Step
            Processing completed...       0.5798 seconds
 
     Processing Day/Time [YYYYDDD:HHMMSS]: 2022183:012000
       Which is Equivalent to (UTC): 1:20:00  Saturday,  July 2, 2022
       Time-Step Length (HHMMSS): 000500
                 VDIFF completed...       0.1424 seconds
                COUPLE completed...       0.0024 seconds
                  HADV completed...       0.0530 seconds
                  ZADV completed...       0.0168 seconds
                 HDIFF completed...       0.0101 seconds
              DECOUPLE completed...       0.0030 seconds
                  PHOT completed...       0.0033 seconds
               CLDPROC completed...       0.0201 seconds
                  CHEM completed...       0.1546 seconds
                  AERO completed...       0.1752 seconds
            Master Time Step
            Processing completed...       0.5811 seconds
 
     Processing Day/Time [YYYYDDD:HHMMSS]: 2022183:012500
       Which is Equivalent to (UTC): 1:25:00  Saturday,  July 2, 2022
       Time-Step Length (HHMMSS): 000500
                 VDIFF completed...       0.1349 seconds
                COUPLE completed...       0.0024 seconds
                  HADV completed...       0.0559 seconds
                  ZADV completed...       0.0166 seconds
                 HDIFF completed...       0.0106 seconds
              DECOUPLE completed...       0.0030 seconds
                  PHOT completed...       0.0029 seconds
               CLDPROC completed...       0.0197 seconds
                  CHEM completed...       0.1532 seconds
                  AERO completed...       0.1719 seconds
            Master Time Step
            Processing completed...       0.5713 seconds
 
     Processing Day/Time [YYYYDDD:HHMMSS]: 2022183:013000
       Which is Equivalent to (UTC): 1:30:00  Saturday,  July 2, 2022
       Time-Step Length (HHMMSS): 000500
                 VDIFF completed...       0.1347 seconds
                COUPLE completed...       0.0024 seconds
                  HADV completed...       0.0568 seconds
                  ZADV completed...       0.0170 seconds
                 HDIFF completed...       0.0100 seconds
              DECOUPLE completed...       0.0030 seconds
                  PHOT completed...       0.0028 seconds
               CLDPROC completed...       0.0200 seconds
                  CHEM completed...       0.1525 seconds
                  AERO completed...       0.1725 seconds
            Master Time Step
            Processing completed...       0.5718 seconds
 
     Processing Day/Time [YYYYDDD:HHMMSS]: 2022183:013500
       Which is Equivalent to (UTC): 1:35:00  Saturday,  July 2, 2022
       Time-Step Length (HHMMSS): 000500
                 VDIFF completed...       0.1342 seconds
                COUPLE completed...       0.0024 seconds
                  HADV completed...       0.0552 seconds
                  ZADV completed...       0.0168 seconds
                 HDIFF completed...       0.0102 seconds
              DECOUPLE completed...       0.0030 seconds
                  PHOT completed...       0.0029 seconds
               CLDPROC completed...       0.0204 seconds
                  CHEM completed...       0.1512 seconds
                  AERO completed...       0.1735 seconds
            Master Time Step
            Processing completed...       0.5698 seconds
 
     Processing Day/Time [YYYYDDD:HHMMSS]: 2022183:014000
       Which is Equivalent to (UTC): 1:40:00  Saturday,  July 2, 2022
       Time-Step Length (HHMMSS): 000500
                 VDIFF completed...       0.1352 seconds
                COUPLE completed...       0.0024 seconds
                  HADV completed...       0.0547 seconds
                  ZADV completed...       0.0170 seconds
                 HDIFF completed...       0.0111 seconds
              DECOUPLE completed...       0.0030 seconds
                  PHOT completed...       0.0029 seconds
               CLDPROC completed...       0.0198 seconds
                  CHEM completed...       0.1507 seconds
                  AERO completed...       0.1763 seconds
            Master Time Step
            Processing completed...       0.5733 seconds
 
     Processing Day/Time [YYYYDDD:HHMMSS]: 2022183:014500
       Which is Equivalent to (UTC): 1:45:00  Saturday,  July 2, 2022
       Time-Step Length (HHMMSS): 000500
                 VDIFF completed...       0.1356 seconds
                COUPLE completed...       0.0024 seconds
                  HADV completed...       0.0533 seconds
                  ZADV completed...       0.0169 seconds
                 HDIFF completed...       0.0102 seconds
              DECOUPLE completed...       0.0030 seconds
                  PHOT completed...       0.0029 seconds
               CLDPROC completed...       0.0190 seconds
                  CHEM completed...       0.1485 seconds
                  AERO completed...       0.1746 seconds
            Master Time Step
            Processing completed...       0.5665 seconds
 
     Processing Day/Time [YYYYDDD:HHMMSS]: 2022183:015000
       Which is Equivalent to (UTC): 1:50:00  Saturday,  July 2, 2022
       Time-Step Length (HHMMSS): 000500
                 VDIFF completed...       0.1348 seconds
                COUPLE completed...       0.0024 seconds
                  HADV completed...       0.0533 seconds
                  ZADV completed...       0.0172 seconds
                 HDIFF completed...       0.0103 seconds
              DECOUPLE completed...       0.0030 seconds
                  PHOT completed...       0.0027 seconds
               CLDPROC completed...       0.0190 seconds
                  CHEM completed...       0.1475 seconds
                  AERO completed...       0.1730 seconds
            Master Time Step
            Processing completed...       0.5633 seconds
 
     Processing Day/Time [YYYYDDD:HHMMSS]: 2022183:015500
       Which is Equivalent to (UTC): 1:55:00  Saturday,  July 2, 2022
       Time-Step Length (HHMMSS): 000500
                 VDIFF completed...       0.1614 seconds
                COUPLE completed...       0.0024 seconds
                  HADV completed...       0.0544 seconds
                  ZADV completed...       0.0172 seconds
                 HDIFF completed...       0.0104 seconds
              DECOUPLE completed...       0.0031 seconds
                  PHOT completed...       0.0028 seconds
               CLDPROC completed...       0.0538 seconds
                  CHEM completed...       0.1489 seconds
                  AERO completed...       0.1790 seconds
            Master Time Step
            Processing completed...       0.6336 seconds
 
      =--> Data Output completed...       0.0737 seconds
 
     Processing Day/Time [YYYYDDD:HHMMSS]: 2022183:020000
       Which is Equivalent to (UTC): 2:00:00  Saturday,  July 2, 2022
       Time-Step Length (HHMMSS): 000500
                 VDIFF completed...       0.2842 seconds
                COUPLE completed...       0.0024 seconds
                  HADV completed...       0.1075 seconds
                  ZADV completed...       0.0176 seconds
                 HDIFF completed...       0.0098 seconds
              DECOUPLE completed...       0.0030 seconds
                  PHOT completed...       0.0043 seconds
               CLDPROC completed...       0.0149 seconds
                  CHEM completed...       0.1401 seconds
                  AERO completed...       0.1723 seconds
            Master Time Step
            Processing completed...       0.7565 seconds
 
     Processing Day/Time [YYYYDDD:HHMMSS]: 2022183:020500
       Which is Equivalent to (UTC): 2:05:00  Saturday,  July 2, 2022
       Time-Step Length (HHMMSS): 000500
                 VDIFF completed...       0.1379 seconds
                COUPLE completed...       0.0025 seconds
                  HADV completed...       0.0530 seconds
                  ZADV completed...       0.0176 seconds
                 HDIFF completed...       0.0099 seconds
              DECOUPLE completed...       0.0031 seconds
                  PHOT completed...       0.0027 seconds
               CLDPROC completed...       0.0146 seconds
                  CHEM completed...       0.1416 seconds
                  AERO completed...       0.1761 seconds
            Master Time Step
            Processing completed...       0.5591 seconds
 
     Processing Day/Time [YYYYDDD:HHMMSS]: 2022183:021000
       Which is Equivalent to (UTC): 2:10:00  Saturday,  July 2, 2022
       Time-Step Length (HHMMSS): 000500
                 VDIFF completed...       0.1407 seconds
                COUPLE completed...       0.0025 seconds
                  HADV completed...       0.0539 seconds
                  ZADV completed...       0.0175 seconds
                 HDIFF completed...       0.0090 seconds
              DECOUPLE completed...       0.0030 seconds
                  PHOT completed...       0.0029 seconds
               CLDPROC completed...       0.0145 seconds
                  CHEM completed...       0.1385 seconds
                  AERO completed...       0.1801 seconds
            Master Time Step
            Processing completed...       0.5627 seconds
 
     Processing Day/Time [YYYYDDD:HHMMSS]: 2022183:021500
       Which is Equivalent to (UTC): 2:15:00  Saturday,  July 2, 2022
       Time-Step Length (HHMMSS): 000500
                 VDIFF completed...       0.1393 seconds
                COUPLE completed...       0.0025 seconds
                  HADV completed...       0.0527 seconds
                  ZADV completed...       0.0172 seconds
                 HDIFF completed...       0.0094 seconds
              DECOUPLE completed...       0.0030 seconds
                  PHOT completed...       0.0027 seconds
               CLDPROC completed...       0.0137 seconds
                  CHEM completed...       0.1358 seconds
                  AERO completed...       0.1723 seconds
            Master Time Step
            Processing completed...       0.5488 seconds
 
     Processing Day/Time [YYYYDDD:HHMMSS]: 2022183:022000
       Which is Equivalent to (UTC): 2:20:00  Saturday,  July 2, 2022
       Time-Step Length (HHMMSS): 000500
                 VDIFF completed...       0.1397 seconds
                COUPLE completed...       0.0025 seconds
                  HADV completed...       0.0544 seconds
                  ZADV completed...       0.0174 seconds
                 HDIFF completed...       0.0114 seconds
              DECOUPLE completed...       0.0030 seconds
                  PHOT completed...       0.0027 seconds
               CLDPROC completed...       0.0137 seconds
                  CHEM completed...       0.1352 seconds
                  AERO completed...       0.1726 seconds
            Master Time Step
            Processing completed...       0.5527 seconds
 
     Processing Day/Time [YYYYDDD:HHMMSS]: 2022183:022500
       Which is Equivalent to (UTC): 2:25:00  Saturday,  July 2, 2022
       Time-Step Length (HHMMSS): 000500
                 VDIFF completed...       0.1363 seconds
                COUPLE completed...       0.0024 seconds
                  HADV completed...       0.2668 seconds
                  ZADV completed...       0.0174 seconds
                 HDIFF completed...       0.0092 seconds
              DECOUPLE completed...       0.0030 seconds
                  PHOT completed...       0.0029 seconds
               CLDPROC completed...       0.0129 seconds
                  CHEM completed...       0.1343 seconds
                  AERO completed...       0.1708 seconds
            Master Time Step
            Processing completed...       0.7562 seconds
 
     Processing Day/Time [YYYYDDD:HHMMSS]: 2022183:023000
       Which is Equivalent to (UTC): 2:30:00  Saturday,  July 2, 2022
       Time-Step Length (HHMMSS): 000500
                 VDIFF completed...       0.1340 seconds
                COUPLE completed...       0.0024 seconds
                  HADV completed...       0.0524 seconds
                  ZADV completed...       0.0174 seconds
                 HDIFF completed...       0.0090 seconds
              DECOUPLE completed...       0.0030 seconds
                  PHOT completed...       0.0028 seconds
               CLDPROC completed...       0.0127 seconds
                  CHEM completed...       0.1336 seconds
                  AERO completed...       0.1711 seconds
            Master Time Step
            Processing completed...       0.5384 seconds
 
     Processing Day/Time [YYYYDDD:HHMMSS]: 2022183:023500
       Which is Equivalent to (UTC): 2:35:00  Saturday,  July 2, 2022
       Time-Step Length (HHMMSS): 000500
                 VDIFF completed...       0.1363 seconds
                COUPLE completed...       0.0024 seconds
                  HADV completed...       0.0564 seconds
                  ZADV completed...       0.0175 seconds
                 HDIFF completed...       0.0086 seconds
              DECOUPLE completed...       0.0030 seconds
                  PHOT completed...       0.0027 seconds
               CLDPROC completed...       0.0126 seconds
                  CHEM completed...       0.1335 seconds
                  AERO completed...       0.1710 seconds
            Master Time Step
            Processing completed...       0.5440 seconds
 
     Processing Day/Time [YYYYDDD:HHMMSS]: 2022183:024000
       Which is Equivalent to (UTC): 2:40:00  Saturday,  July 2, 2022
       Time-Step Length (HHMMSS): 000500
                 VDIFF completed...       0.1396 seconds
                COUPLE completed...       0.0024 seconds
                  HADV completed...       0.0534 seconds
                  ZADV completed...       0.0179 seconds
                 HDIFF completed...       0.0080 seconds
              DECOUPLE completed...       0.0031 seconds
                  PHOT completed...       0.0028 seconds
               CLDPROC completed...       0.0123 seconds
                  CHEM completed...       0.1348 seconds
                  AERO completed...       0.1720 seconds
            Master Time Step
            Processing completed...       0.5465 seconds
 
     Processing Day/Time [YYYYDDD:HHMMSS]: 2022183:024500
       Which is Equivalent to (UTC): 2:45:00  Saturday,  July 2, 2022
       Time-Step Length (HHMMSS): 000500
                 VDIFF completed...       0.1353 seconds
                COUPLE completed...       0.0024 seconds
                  HADV completed...       0.0581 seconds
                  ZADV completed...       0.0179 seconds
                 HDIFF completed...       0.0088 seconds
              DECOUPLE completed...       0.0030 seconds
                  PHOT completed...       0.0026 seconds
               CLDPROC completed...       0.0121 seconds
                  CHEM completed...       0.1333 seconds
                  AERO completed...       0.1717 seconds
            Master Time Step
            Processing completed...       0.5453 seconds
 
     Processing Day/Time [YYYYDDD:HHMMSS]: 2022183:025000
       Which is Equivalent to (UTC): 2:50:00  Saturday,  July 2, 2022
       Time-Step Length (HHMMSS): 000500
                 VDIFF completed...       0.1363 seconds
                COUPLE completed...       0.0024 seconds
                  HADV completed...       0.0605 seconds
                  ZADV completed...       0.0176 seconds
                 HDIFF completed...       0.0092 seconds
              DECOUPLE completed...       0.0030 seconds
                  PHOT completed...       0.0027 seconds
               CLDPROC completed...       0.0122 seconds
                  CHEM completed...       0.1333 seconds
                  AERO completed...       0.1720 seconds
            Master Time Step
            Processing completed...       0.5493 seconds
 
     Processing Day/Time [YYYYDDD:HHMMSS]: 2022183:025500
       Which is Equivalent to (UTC): 2:55:00  Saturday,  July 2, 2022
       Time-Step Length (HHMMSS): 000500
                 VDIFF completed...       0.1678 seconds
                COUPLE completed...       0.0024 seconds
                  HADV completed...       0.0550 seconds
                  ZADV completed...       0.0175 seconds
                 HDIFF completed...       0.0091 seconds
              DECOUPLE completed...       0.0030 seconds
                  PHOT completed...       0.0026 seconds
               CLDPROC completed...       0.0546 seconds
                  CHEM completed...       0.1331 seconds
                  AERO completed...       0.1712 seconds
            Master Time Step
            Processing completed...       0.6165 seconds
 
      =--> Data Output completed...       0.0674 seconds
 
     Processing Day/Time [YYYYDDD:HHMMSS]: 2022183:030000
       Which is Equivalent to (UTC): 3:00:00  Saturday,  July 2, 2022
       Time-Step Length (HHMMSS): 000500
                 VDIFF completed...       0.2872 seconds
                COUPLE completed...       0.0024 seconds
                  HADV completed...       0.0773 seconds
                  ZADV completed...       0.0176 seconds
                 HDIFF completed...       0.0088 seconds
              DECOUPLE completed...       0.0030 seconds
                  PHOT completed...       0.0039 seconds
               CLDPROC completed...       0.0082 seconds
                  CHEM completed...       0.1326 seconds
                  AERO completed...       0.1719 seconds
            Master Time Step
            Processing completed...       0.7131 seconds
 
     Processing Day/Time [YYYYDDD:HHMMSS]: 2022183:030500
       Which is Equivalent to (UTC): 3:05:00  Saturday,  July 2, 2022
       Time-Step Length (HHMMSS): 000500
                 VDIFF completed...       0.1438 seconds
                COUPLE completed...       0.0024 seconds
                  HADV completed...       0.0550 seconds
                  ZADV completed...       0.0175 seconds
                 HDIFF completed...       0.0093 seconds
              DECOUPLE completed...       0.0030 seconds
                  PHOT completed...       0.0024 seconds
               CLDPROC completed...       0.0084 seconds
                  CHEM completed...       0.1321 seconds
                  AERO completed...       0.1715 seconds
            Master Time Step
            Processing completed...       0.5456 seconds
 
     Processing Day/Time [YYYYDDD:HHMMSS]: 2022183:031000
       Which is Equivalent to (UTC): 3:10:00  Saturday,  July 2, 2022
       Time-Step Length (HHMMSS): 000500
                 VDIFF completed...       0.1458 seconds
                COUPLE completed...       0.0024 seconds
                  HADV completed...       0.0550 seconds
                  ZADV completed...       0.0176 seconds
                 HDIFF completed...       0.0092 seconds
              DECOUPLE completed...       0.0030 seconds
                  PHOT completed...       0.0024 seconds
               CLDPROC completed...       0.0084 seconds
                  CHEM completed...       0.1321 seconds
                  AERO completed...       0.1720 seconds
            Master Time Step
            Processing completed...       0.5481 seconds
 
     Processing Day/Time [YYYYDDD:HHMMSS]: 2022183:031500
       Which is Equivalent to (UTC): 3:15:00  Saturday,  July 2, 2022
       Time-Step Length (HHMMSS): 000500
                 VDIFF completed...       0.1472 seconds
                COUPLE completed...       0.0024 seconds
                  HADV completed...       0.0597 seconds
                  ZADV completed...       0.0175 seconds
                 HDIFF completed...       0.0087 seconds
              DECOUPLE completed...       0.0030 seconds
                  PHOT completed...       0.0025 seconds
               CLDPROC completed...       0.0083 seconds
                  CHEM completed...       0.1342 seconds
                  AERO completed...       0.1709 seconds
            Master Time Step
            Processing completed...       0.5546 seconds
 
     Processing Day/Time [YYYYDDD:HHMMSS]: 2022183:032000
       Which is Equivalent to (UTC): 3:20:00  Saturday,  July 2, 2022
       Time-Step Length (HHMMSS): 000500
                 VDIFF completed...       0.1498 seconds
                COUPLE completed...       0.0024 seconds
                  HADV completed...       0.0506 seconds
                  ZADV completed...       0.0175 seconds
                 HDIFF completed...       0.0083 seconds
              DECOUPLE completed...       0.0030 seconds
                  PHOT completed...       0.0025 seconds
               CLDPROC completed...       0.0082 seconds
                  CHEM completed...       0.1320 seconds
                  AERO completed...       0.1715 seconds
            Master Time Step
            Processing completed...       0.5460 seconds
 
     Processing Day/Time [YYYYDDD:HHMMSS]: 2022183:032500
       Which is Equivalent to (UTC): 3:25:00  Saturday,  July 2, 2022
       Time-Step Length (HHMMSS): 000500
                 VDIFF completed...       0.1520 seconds
                COUPLE completed...       0.0024 seconds
                  HADV completed...       0.0526 seconds
                  ZADV completed...       0.0175 seconds
                 HDIFF completed...       0.0095 seconds
              DECOUPLE completed...       0.0030 seconds
                  PHOT completed...       0.0026 seconds
               CLDPROC completed...       0.0083 seconds
                  CHEM completed...       0.1313 seconds
                  AERO completed...       0.1711 seconds
            Master Time Step
            Processing completed...       0.5505 seconds
 
     Processing Day/Time [YYYYDDD:HHMMSS]: 2022183:033000
       Which is Equivalent to (UTC): 3:30:00  Saturday,  July 2, 2022
       Time-Step Length (HHMMSS): 000500
                 VDIFF completed...       0.1481 seconds
                COUPLE completed...       0.0024 seconds
                  HADV completed...       0.0522 seconds
                  ZADV completed...       0.0177 seconds
                 HDIFF completed...       0.0084 seconds
              DECOUPLE completed...       0.0030 seconds
                  PHOT completed...       0.0025 seconds
               CLDPROC completed...       0.0086 seconds
                  CHEM completed...       0.1309 seconds
                  AERO completed...       0.1713 seconds
            Master Time Step
            Processing completed...       0.5452 seconds
 
     Processing Day/Time [YYYYDDD:HHMMSS]: 2022183:033500
       Which is Equivalent to (UTC): 3:35:00  Saturday,  July 2, 2022
       Time-Step Length (HHMMSS): 000500
                 VDIFF completed...       0.1500 seconds
                COUPLE completed...       0.0024 seconds
                  HADV completed...       0.0555 seconds
                  ZADV completed...       0.0176 seconds
                 HDIFF completed...       0.0086 seconds
              DECOUPLE completed...       0.0030 seconds
                  PHOT completed...       0.0026 seconds
               CLDPROC completed...       0.0084 seconds
                  CHEM completed...       0.1310 seconds
                  AERO completed...       0.1712 seconds
            Master Time Step
            Processing completed...       0.5505 seconds
 
     Processing Day/Time [YYYYDDD:HHMMSS]: 2022183:034000
       Which is Equivalent to (UTC): 3:40:00  Saturday,  July 2, 2022
       Time-Step Length (HHMMSS): 000500
                 VDIFF completed...       0.1504 seconds
                COUPLE completed...       0.0024 seconds
                  HADV completed...       0.0609 seconds
                  ZADV completed...       0.0175 seconds
                 HDIFF completed...       0.0087 seconds
              DECOUPLE completed...       0.0030 seconds
                  PHOT completed...       0.0025 seconds
               CLDPROC completed...       0.0088 seconds
                  CHEM completed...       0.1308 seconds
                  AERO completed...       0.1709 seconds
            Master Time Step
            Processing completed...       0.5561 seconds
 
     Processing Day/Time [YYYYDDD:HHMMSS]: 2022183:034500
       Which is Equivalent to (UTC): 3:45:00  Saturday,  July 2, 2022
       Time-Step Length (HHMMSS): 000500
                 VDIFF completed...       0.1524 seconds
                COUPLE completed...       0.0024 seconds
                  HADV completed...       0.0578 seconds
                  ZADV completed...       0.0176 seconds
                 HDIFF completed...       0.0083 seconds
              DECOUPLE completed...       0.0030 seconds
                  PHOT completed...       0.0025 seconds
               CLDPROC completed...       0.0083 seconds
                  CHEM completed...       0.1303 seconds
                  AERO completed...       0.1709 seconds
            Master Time Step
            Processing completed...       0.5536 seconds
 
     Processing Day/Time [YYYYDDD:HHMMSS]: 2022183:035000
       Which is Equivalent to (UTC): 3:50:00  Saturday,  July 2, 2022
       Time-Step Length (HHMMSS): 000500
                 VDIFF completed...       0.1523 seconds
                COUPLE completed...       0.0024 seconds
                  HADV completed...       0.0560 seconds
                  ZADV completed...       0.0177 seconds
                 HDIFF completed...       0.0082 seconds
              DECOUPLE completed...       0.0030 seconds
                  PHOT completed...       0.0025 seconds
               CLDPROC completed...       0.0083 seconds
                  CHEM completed...       0.1304 seconds
                  AERO completed...       0.1706 seconds
            Master Time Step
            Processing completed...       0.5514 seconds
 
     Processing Day/Time [YYYYDDD:HHMMSS]: 2022183:035500
       Which is Equivalent to (UTC): 3:55:00  Saturday,  July 2, 2022
       Time-Step Length (HHMMSS): 000500
                 VDIFF completed...       0.1787 seconds
                COUPLE completed...       0.0024 seconds
                  HADV completed...       0.0513 seconds
                  ZADV completed...       0.0175 seconds
                 HDIFF completed...       0.0092 seconds
              DECOUPLE completed...       0.0030 seconds
                  PHOT completed...       0.0025 seconds
               CLDPROC completed...       0.0520 seconds
                  CHEM completed...       0.1292 seconds
                  AERO completed...       0.1702 seconds
            Master Time Step
            Processing completed...       0.6161 seconds
 
      =--> Data Output completed...       0.0764 seconds
 
     Processing Day/Time [YYYYDDD:HHMMSS]: 2022183:040000
       Which is Equivalent to (UTC): 4:00:00  Saturday,  July 2, 2022
       Time-Step Length (HHMMSS): 000500
                 VDIFF completed...       0.2819 seconds
                COUPLE completed...       0.0024 seconds
                  HADV completed...       0.0703 seconds
                  ZADV completed...       0.0176 seconds
                 HDIFF completed...       0.0088 seconds
              DECOUPLE completed...       0.0030 seconds
                  PHOT completed...       0.0045 seconds
               CLDPROC completed...       0.0083 seconds
                  CHEM completed...       0.1293 seconds
                  AERO completed...       0.1695 seconds
            Master Time Step
            Processing completed...       0.6958 seconds
 
     Processing Day/Time [YYYYDDD:HHMMSS]: 2022183:040500
       Which is Equivalent to (UTC): 4:05:00  Saturday,  July 2, 2022
       Time-Step Length (HHMMSS): 000500
                 VDIFF completed...       0.1504 seconds
                COUPLE completed...       0.0024 seconds
                  HADV completed...       0.0624 seconds
                  ZADV completed...       0.0176 seconds
                 HDIFF completed...       0.0088 seconds
              DECOUPLE completed...       0.0030 seconds
                  PHOT completed...       0.0026 seconds
               CLDPROC completed...       0.0086 seconds
                  CHEM completed...       0.1289 seconds
                  AERO completed...       0.1701 seconds
            Master Time Step
            Processing completed...       0.5549 seconds
 
     Processing Day/Time [YYYYDDD:HHMMSS]: 2022183:041000
       Which is Equivalent to (UTC): 4:10:00  Saturday,  July 2, 2022
       Time-Step Length (HHMMSS): 000500
                 VDIFF completed...       0.1469 seconds
                COUPLE completed...       0.0024 seconds
                  HADV completed...       0.0524 seconds
                  ZADV completed...       0.0178 seconds
                 HDIFF completed...       0.0102 seconds
              DECOUPLE completed...       0.0030 seconds
                  PHOT completed...       0.0026 seconds
               CLDPROC completed...       0.0081 seconds
                  CHEM completed...       0.1285 seconds
                  AERO completed...       0.1699 seconds
            Master Time Step
            Processing completed...       0.5419 seconds
 
     Processing Day/Time [YYYYDDD:HHMMSS]: 2022183:041500
       Which is Equivalent to (UTC): 4:15:00  Saturday,  July 2, 2022
       Time-Step Length (HHMMSS): 000500
                 VDIFF completed...       0.1509 seconds
                COUPLE completed...       0.0024 seconds
                  HADV completed...       0.0545 seconds
                  ZADV completed...       0.0176 seconds
                 HDIFF completed...       0.0091 seconds
              DECOUPLE completed...       0.0031 seconds
                  PHOT completed...       0.0027 seconds
               CLDPROC completed...       0.0081 seconds
                  CHEM completed...       0.1279 seconds
                  AERO completed...       0.1702 seconds
            Master Time Step
            Processing completed...       0.5467 seconds
 
     Processing Day/Time [YYYYDDD:HHMMSS]: 2022183:042000
       Which is Equivalent to (UTC): 4:20:00  Saturday,  July 2, 2022
       Time-Step Length (HHMMSS): 000500
                 VDIFF completed...       0.1511 seconds
                COUPLE completed...       0.0024 seconds
                  HADV completed...       0.0554 seconds
                  ZADV completed...       0.0177 seconds
                 HDIFF completed...       0.0084 seconds
              DECOUPLE completed...       0.0030 seconds
                  PHOT completed...       0.0026 seconds
               CLDPROC completed...       0.0085 seconds
                  CHEM completed...       0.1284 seconds
                  AERO completed...       0.1702 seconds
            Master Time Step
            Processing completed...       0.5479 seconds
 
     Processing Day/Time [YYYYDDD:HHMMSS]: 2022183:042500
       Which is Equivalent to (UTC): 4:25:00  Saturday,  July 2, 2022
       Time-Step Length (HHMMSS): 000500
                 VDIFF completed...       0.1506 seconds
                COUPLE completed...       0.0024 seconds
                  HADV completed...       0.0625 seconds
                  ZADV completed...       0.0176 seconds
                 HDIFF completed...       0.0089 seconds
              DECOUPLE completed...       0.0030 seconds
                  PHOT completed...       0.0025 seconds
               CLDPROC completed...       0.0083 seconds
                  CHEM completed...       0.1281 seconds
                  AERO completed...       0.1701 seconds
            Master Time Step
            Processing completed...       0.5540 seconds
 
     Processing Day/Time [YYYYDDD:HHMMSS]: 2022183:043000
       Which is Equivalent to (UTC): 4:30:00  Saturday,  July 2, 2022
       Time-Step Length (HHMMSS): 000500
                 VDIFF completed...       0.1662 seconds
                COUPLE completed...       0.0024 seconds
                  HADV completed...       0.0526 seconds
                  ZADV completed...       0.0176 seconds
                 HDIFF completed...       0.0083 seconds
              DECOUPLE completed...       0.0030 seconds
                  PHOT completed...       0.0027 seconds
               CLDPROC completed...       0.0086 seconds
                  CHEM completed...       0.1277 seconds
                  AERO completed...       0.1699 seconds
            Master Time Step
            Processing completed...       0.5591 seconds
 
     Processing Day/Time [YYYYDDD:HHMMSS]: 2022183:043500
       Which is Equivalent to (UTC): 4:35:00  Saturday,  July 2, 2022
       Time-Step Length (HHMMSS): 000500
                 VDIFF completed...       0.1514 seconds
                COUPLE completed...       0.0024 seconds
                  HADV completed...       0.0614 seconds
                  ZADV completed...       0.0176 seconds
                 HDIFF completed...       0.0090 seconds
              DECOUPLE completed...       0.0030 seconds
                  PHOT completed...       0.0025 seconds
               CLDPROC completed...       0.0083 seconds
                  CHEM completed...       0.1276 seconds
                  AERO completed...       0.1696 seconds
            Master Time Step
            Processing completed...       0.5530 seconds
 
     Processing Day/Time [YYYYDDD:HHMMSS]: 2022183:044000
       Which is Equivalent to (UTC): 4:40:00  Saturday,  July 2, 2022
       Time-Step Length (HHMMSS): 000500
                 VDIFF completed...       0.1530 seconds
                COUPLE completed...       0.0024 seconds
                  HADV completed...       0.0575 seconds
                  ZADV completed...       0.0176 seconds
                 HDIFF completed...       0.0085 seconds
              DECOUPLE completed...       0.0030 seconds
                  PHOT completed...       0.0027 seconds
               CLDPROC completed...       0.0083 seconds
                  CHEM completed...       0.1276 seconds
                  AERO completed...       0.1700 seconds
            Master Time Step
            Processing completed...       0.5507 seconds
 
     Processing Day/Time [YYYYDDD:HHMMSS]: 2022183:044500
       Which is Equivalent to (UTC): 4:45:00  Saturday,  July 2, 2022
       Time-Step Length (HHMMSS): 000500
                 VDIFF completed...       0.1502 seconds
                COUPLE completed...       0.0024 seconds
                  HADV completed...       0.0644 seconds
                  ZADV completed...       0.0176 seconds
                 HDIFF completed...       0.0093 seconds
              DECOUPLE completed...       0.0030 seconds
                  PHOT completed...       0.0025 seconds
               CLDPROC completed...       0.0083 seconds
                  CHEM completed...       0.1273 seconds
                  AERO completed...       0.1699 seconds
            Master Time Step
            Processing completed...       0.5551 seconds
 
     Processing Day/Time [YYYYDDD:HHMMSS]: 2022183:045000
       Which is Equivalent to (UTC): 4:50:00  Saturday,  July 2, 2022
       Time-Step Length (HHMMSS): 000500
                 VDIFF completed...       0.1493 seconds
                COUPLE completed...       0.0024 seconds
                  HADV completed...       0.0617 seconds
                  ZADV completed...       0.0176 seconds
                 HDIFF completed...       0.0089 seconds
              DECOUPLE completed...       0.0030 seconds
                  PHOT completed...       0.0025 seconds
               CLDPROC completed...       0.0082 seconds
                  CHEM completed...       0.1272 seconds
                  AERO completed...       0.1702 seconds
            Master Time Step
            Processing completed...       0.5512 seconds
 
     Processing Day/Time [YYYYDDD:HHMMSS]: 2022183:045500
       Which is Equivalent to (UTC): 4:55:00  Saturday,  July 2, 2022
       Time-Step Length (HHMMSS): 000500
                 VDIFF completed...       0.1864 seconds
                COUPLE completed...       0.0024 seconds
                  HADV completed...       0.0532 seconds
                  ZADV completed...       0.0176 seconds
                 HDIFF completed...       0.0106 seconds
              DECOUPLE completed...       0.0030 seconds
                  PHOT completed...       0.0026 seconds
               CLDPROC completed...       0.0462 seconds
                  CHEM completed...       0.1270 seconds
                  AERO completed...       0.1704 seconds
            Master Time Step
            Processing completed...       0.6196 seconds
 
      =--> Data Output completed...       0.0772 seconds
 
     Processing Day/Time [YYYYDDD:HHMMSS]: 2022183:050000
       Which is Equivalent to (UTC): 5:00:00  Saturday,  July 2, 2022
       Time-Step Length (HHMMSS): 000500
                 VDIFF completed...       0.3146 seconds
                COUPLE completed...       0.0024 seconds
                  HADV completed...       0.0898 seconds
                  ZADV completed...       0.0177 seconds
                 HDIFF completed...       0.0094 seconds
              DECOUPLE completed...       0.0030 seconds
                  PHOT completed...       0.0049 seconds
               CLDPROC completed...       0.0080 seconds
                  CHEM completed...       0.1267 seconds
                  AERO completed...       0.1698 seconds
            Master Time Step
            Processing completed...       0.7465 seconds
 
     Processing Day/Time [YYYYDDD:HHMMSS]: 2022183:050500
       Which is Equivalent to (UTC): 5:05:00  Saturday,  July 2, 2022
       Time-Step Length (HHMMSS): 000500
                 VDIFF completed...       0.1501 seconds
                COUPLE completed...       0.0024 seconds
                  HADV completed...       0.0595 seconds
                  ZADV completed...       0.0177 seconds
                 HDIFF completed...       0.0100 seconds
              DECOUPLE completed...       0.0030 seconds
                  PHOT completed...       0.0027 seconds
               CLDPROC completed...       0.0082 seconds
                  CHEM completed...       0.1273 seconds
                  AERO completed...       0.1709 seconds
            Master Time Step
            Processing completed...       0.5520 seconds
 
     Processing Day/Time [YYYYDDD:HHMMSS]: 2022183:051000
       Which is Equivalent to (UTC): 5:10:00  Saturday,  July 2, 2022
       Time-Step Length (HHMMSS): 000500
                 VDIFF completed...       0.1484 seconds
                COUPLE completed...       0.0024 seconds
                  HADV completed...       0.0605 seconds
                  ZADV completed...       0.0176 seconds
                 HDIFF completed...       0.0094 seconds
              DECOUPLE completed...       0.0030 seconds
                  PHOT completed...       0.0025 seconds
               CLDPROC completed...       0.0084 seconds
                  CHEM completed...       0.1273 seconds
                  AERO completed...       0.1711 seconds
            Master Time Step
            Processing completed...       0.5507 seconds
 
     Processing Day/Time [YYYYDDD:HHMMSS]: 2022183:051500
       Which is Equivalent to (UTC): 5:15:00  Saturday,  July 2, 2022
       Time-Step Length (HHMMSS): 000500
                 VDIFF completed...       0.1484 seconds
                COUPLE completed...       0.0024 seconds
                  HADV completed...       0.0605 seconds
                  ZADV completed...       0.0176 seconds
                 HDIFF completed...       0.0095 seconds
              DECOUPLE completed...       0.0030 seconds
                  PHOT completed...       0.0025 seconds
               CLDPROC completed...       0.0084 seconds
                  CHEM completed...       0.1270 seconds
                  AERO completed...       0.1719 seconds
            Master Time Step
            Processing completed...       0.5513 seconds
 
     Processing Day/Time [YYYYDDD:HHMMSS]: 2022183:052000
       Which is Equivalent to (UTC): 5:20:00  Saturday,  July 2, 2022
       Time-Step Length (HHMMSS): 000500
                 VDIFF completed...       0.1499 seconds
                COUPLE completed...       0.0024 seconds
                  HADV completed...       0.0629 seconds
                  ZADV completed...       0.0176 seconds
                 HDIFF completed...       0.0088 seconds
              DECOUPLE completed...       0.0030 seconds
                  PHOT completed...       0.0026 seconds
               CLDPROC completed...       0.0085 seconds
                  CHEM completed...       0.1274 seconds
                  AERO completed...       0.1710 seconds
            Master Time Step
            Processing completed...       0.5543 seconds
 
     Processing Day/Time [YYYYDDD:HHMMSS]: 2022183:052500
       Which is Equivalent to (UTC): 5:25:00  Saturday,  July 2, 2022
       Time-Step Length (HHMMSS): 000500
                 VDIFF completed...       0.1471 seconds
                COUPLE completed...       0.0024 seconds
                  HADV completed...       0.0702 seconds
                  ZADV completed...       0.0175 seconds
                 HDIFF completed...       0.0100 seconds
              DECOUPLE completed...       0.0030 seconds
                  PHOT completed...       0.0025 seconds
               CLDPROC completed...       0.0085 seconds
                  CHEM completed...       0.1273 seconds
                  AERO completed...       0.1715 seconds
            Master Time Step
            Processing completed...       0.5603 seconds
 
     Processing Day/Time [YYYYDDD:HHMMSS]: 2022183:053000
       Which is Equivalent to (UTC): 5:30:00  Saturday,  July 2, 2022
       Time-Step Length (HHMMSS): 000500
                 VDIFF completed...       0.1479 seconds
                COUPLE completed...       0.0024 seconds
                  HADV completed...       0.0623 seconds
                  ZADV completed...       0.0175 seconds
                 HDIFF completed...       0.0090 seconds
              DECOUPLE completed...       0.0030 seconds
                  PHOT completed...       0.0025 seconds
               CLDPROC completed...       0.0083 seconds
                  CHEM completed...       0.1268 seconds
                  AERO completed...       0.1711 seconds
            Master Time Step
            Processing completed...       0.5510 seconds
 
     Processing Day/Time [YYYYDDD:HHMMSS]: 2022183:053500
       Which is Equivalent to (UTC): 5:35:00  Saturday,  July 2, 2022
       Time-Step Length (HHMMSS): 000500
                 VDIFF completed...       0.1473 seconds
                COUPLE completed...       0.0024 seconds
                  HADV completed...       0.0688 seconds
                  ZADV completed...       0.0174 seconds
                 HDIFF completed...       0.0101 seconds
              DECOUPLE completed...       0.0030 seconds
                  PHOT completed...       0.0025 seconds
               CLDPROC completed...       0.0081 seconds
                  CHEM completed...       0.1267 seconds
                  AERO completed...       0.1713 seconds
            Master Time Step
            Processing completed...       0.5578 seconds
 
     Processing Day/Time [YYYYDDD:HHMMSS]: 2022183:054000
       Which is Equivalent to (UTC): 5:40:00  Saturday,  July 2, 2022
       Time-Step Length (HHMMSS): 000500
                 VDIFF completed...       0.1453 seconds
                COUPLE completed...       0.0024 seconds
                  HADV completed...       0.0691 seconds
                  ZADV completed...       0.0175 seconds
                 HDIFF completed...       0.0091 seconds
              DECOUPLE completed...       0.0030 seconds
                  PHOT completed...       0.0025 seconds
               CLDPROC completed...       0.0084 seconds
                  CHEM completed...       0.1270 seconds
                  AERO completed...       0.1717 seconds
            Master Time Step
            Processing completed...       0.5562 seconds
 
     Processing Day/Time [YYYYDDD:HHMMSS]: 2022183:054500
       Which is Equivalent to (UTC): 5:45:00  Saturday,  July 2, 2022
       Time-Step Length (HHMMSS): 000500
                 VDIFF completed...       0.1451 seconds
                COUPLE completed...       0.0024 seconds
                  HADV completed...       0.0768 seconds
                  ZADV completed...       0.0175 seconds
                 HDIFF completed...       0.0099 seconds
              DECOUPLE completed...       0.0030 seconds
                  PHOT completed...       0.0025 seconds
               CLDPROC completed...       0.0086 seconds
                  CHEM completed...       0.1265 seconds
                  AERO completed...       0.1714 seconds
            Master Time Step
            Processing completed...       0.5637 seconds
 
     Processing Day/Time [YYYYDDD:HHMMSS]: 2022183:055000
       Which is Equivalent to (UTC): 5:50:00  Saturday,  July 2, 2022
       Time-Step Length (HHMMSS): 000500
                 VDIFF completed...       0.1411 seconds
                COUPLE completed...       0.0024 seconds
                  HADV completed...       0.0773 seconds
                  ZADV completed...       0.0175 seconds
                 HDIFF completed...       0.0099 seconds
              DECOUPLE completed...       0.0030 seconds
                  PHOT completed...       0.0024 seconds
               CLDPROC completed...       0.0086 seconds
                  CHEM completed...       0.1266 seconds
                  AERO completed...       0.1716 seconds
            Master Time Step
            Processing completed...       0.5607 seconds
 
     Processing Day/Time [YYYYDDD:HHMMSS]: 2022183:055500
       Which is Equivalent to (UTC): 5:55:00  Saturday,  July 2, 2022
       Time-Step Length (HHMMSS): 000500
                 VDIFF completed...       0.1868 seconds
                COUPLE completed...       0.0026 seconds
                  HADV completed...       0.0525 seconds
                  ZADV completed...       0.0176 seconds
                 HDIFF completed...       0.0104 seconds
              DECOUPLE completed...       0.0030 seconds
                  PHOT completed...       0.0025 seconds
               CLDPROC completed...       0.0471 seconds
                  CHEM completed...       0.1261 seconds
                  AERO completed...       0.1712 seconds
            Master Time Step
            Processing completed...       0.6198 seconds
 
      =--> Data Output completed...       0.0733 seconds
 
     Processing Day/Time [YYYYDDD:HHMMSS]: 2022183:060000
       Which is Equivalent to (UTC): 6:00:00  Saturday,  July 2, 2022
       Time-Step Length (HHMMSS): 000500
                 VDIFF completed...       0.3325 seconds
                COUPLE completed...       0.0024 seconds
                  HADV completed...       0.0805 seconds
                  ZADV completed...       0.0175 seconds
                 HDIFF completed...       0.0092 seconds
              DECOUPLE completed...       0.0030 seconds
                  PHOT completed...       0.0048 seconds
               CLDPROC completed...       0.0089 seconds
                  CHEM completed...       0.1258 seconds
                  AERO completed...       0.1709 seconds
            Master Time Step
            Processing completed...       0.7555 seconds
 
     Processing Day/Time [YYYYDDD:HHMMSS]: 2022183:060500
       Which is Equivalent to (UTC): 6:05:00  Saturday,  July 2, 2022
       Time-Step Length (HHMMSS): 000500
                 VDIFF completed...       0.1436 seconds
                COUPLE completed...       0.0024 seconds
                  HADV completed...       0.0649 seconds
                  ZADV completed...       0.0174 seconds
                 HDIFF completed...       0.0100 seconds
              DECOUPLE completed...       0.0030 seconds
                  PHOT completed...       0.0026 seconds
               CLDPROC completed...       0.0086 seconds
                  CHEM completed...       0.1262 seconds
                  AERO completed...       0.1717 seconds
            Master Time Step
            Processing completed...       0.5505 seconds
 
     Processing Day/Time [YYYYDDD:HHMMSS]: 2022183:061000
       Which is Equivalent to (UTC): 6:10:00  Saturday,  July 2, 2022
       Time-Step Length (HHMMSS): 000500
                 VDIFF completed...       0.1497 seconds
                COUPLE completed...       0.0024 seconds
                  HADV completed...       0.0631 seconds
                  ZADV completed...       0.0175 seconds
                 HDIFF completed...       0.0094 seconds
              DECOUPLE completed...       0.0030 seconds
                  PHOT completed...       0.0025 seconds
               CLDPROC completed...       0.0089 seconds
                  CHEM completed...       0.1263 seconds
                  AERO completed...       0.1717 seconds
            Master Time Step
            Processing completed...       0.5547 seconds
 
     Processing Day/Time [YYYYDDD:HHMMSS]: 2022183:061500
       Which is Equivalent to (UTC): 6:15:00  Saturday,  July 2, 2022
       Time-Step Length (HHMMSS): 000500
                 VDIFF completed...       0.1456 seconds
                COUPLE completed...       0.0024 seconds
                  HADV completed...       0.0754 seconds
                  ZADV completed...       0.0174 seconds
                 HDIFF completed...       0.0099 seconds
              DECOUPLE completed...       0.0030 seconds
                  PHOT completed...       0.0024 seconds
               CLDPROC completed...       0.0087 seconds
                  CHEM completed...       0.1263 seconds
                  AERO completed...       0.1710 seconds
            Master Time Step
            Processing completed...       0.5623 seconds
 
     Processing Day/Time [YYYYDDD:HHMMSS]: 2022183:062000
       Which is Equivalent to (UTC): 6:20:00  Saturday,  July 2, 2022
       Time-Step Length (HHMMSS): 000500
                 VDIFF completed...       0.1453 seconds
                COUPLE completed...       0.0024 seconds
                  HADV completed...       0.0616 seconds
                  ZADV completed...       0.0176 seconds
                 HDIFF completed...       0.0085 seconds
              DECOUPLE completed...       0.0030 seconds
                  PHOT completed...       0.0026 seconds
               CLDPROC completed...       0.0097 seconds
                  CHEM completed...       0.1264 seconds
                  AERO completed...       0.1712 seconds
            Master Time Step
            Processing completed...       0.5484 seconds
 
     Processing Day/Time [YYYYDDD:HHMMSS]: 2022183:062500
       Which is Equivalent to (UTC): 6:25:00  Saturday,  July 2, 2022
       Time-Step Length (HHMMSS): 000500
                 VDIFF completed...       0.1456 seconds
                COUPLE completed...       0.0024 seconds
                  HADV completed...       0.0647 seconds
                  ZADV completed...       0.0175 seconds
                 HDIFF completed...       0.0096 seconds
              DECOUPLE completed...       0.0030 seconds
                  PHOT completed...       0.0025 seconds
               CLDPROC completed...       0.0092 seconds
                  CHEM completed...       0.1258 seconds
                  AERO completed...       0.1711 seconds
            Master Time Step
            Processing completed...       0.5516 seconds
 
     Processing Day/Time [YYYYDDD:HHMMSS]: 2022183:063000
       Which is Equivalent to (UTC): 6:30:00  Saturday,  July 2, 2022
       Time-Step Length (HHMMSS): 000500
                 VDIFF completed...       0.1440 seconds
                COUPLE completed...       0.0055 seconds
                  HADV completed...       0.0748 seconds
                  ZADV completed...       0.0175 seconds
                 HDIFF completed...       0.0092 seconds
              DECOUPLE completed...       0.0030 seconds
                  PHOT completed...       0.0026 seconds
               CLDPROC completed...       0.0090 seconds
                  CHEM completed...       0.1255 seconds
                  AERO completed...       0.1709 seconds
            Master Time Step
            Processing completed...       0.5622 seconds
 
     Processing Day/Time [YYYYDDD:HHMMSS]: 2022183:063500
       Which is Equivalent to (UTC): 6:35:00  Saturday,  July 2, 2022
       Time-Step Length (HHMMSS): 000500
                 VDIFF completed...       0.1428 seconds
                COUPLE completed...       0.0024 seconds
                  HADV completed...       0.0722 seconds
                  ZADV completed...       0.0175 seconds
                 HDIFF completed...       0.0101 seconds
              DECOUPLE completed...       0.0030 seconds
                  PHOT completed...       0.0026 seconds
               CLDPROC completed...       0.0091 seconds
                  CHEM completed...       0.1259 seconds
                  AERO completed...       0.1718 seconds
            Master Time Step
            Processing completed...       0.5574 seconds
 
     Processing Day/Time [YYYYDDD:HHMMSS]: 2022183:064000
       Which is Equivalent to (UTC): 6:40:00  Saturday,  July 2, 2022
       Time-Step Length (HHMMSS): 000500
                 VDIFF completed...       0.1433 seconds
                COUPLE completed...       0.0024 seconds
                  HADV completed...       0.0826 seconds
                  ZADV completed...       0.0175 seconds
                 HDIFF completed...       0.0096 seconds
              DECOUPLE completed...       0.0030 seconds
                  PHOT completed...       0.0025 seconds
               CLDPROC completed...       0.0087 seconds
                  CHEM completed...       0.1259 seconds
                  AERO completed...       0.1721 seconds
            Master Time Step
            Processing completed...       0.5676 seconds
 
     Processing Day/Time [YYYYDDD:HHMMSS]: 2022183:064500
       Which is Equivalent to (UTC): 6:45:00  Saturday,  July 2, 2022
       Time-Step Length (HHMMSS): 000500
                 VDIFF completed...       0.1429 seconds
                COUPLE completed...       0.0024 seconds
                  HADV completed...       0.0725 seconds
                  ZADV completed...       0.0175 seconds
                 HDIFF completed...       0.0110 seconds
              DECOUPLE completed...       0.0030 seconds
                  PHOT completed...       0.0025 seconds
               CLDPROC completed...       0.0089 seconds
                  CHEM completed...       0.1258 seconds
                  AERO completed...       0.1716 seconds
            Master Time Step
            Processing completed...       0.5582 seconds
 
     Processing Day/Time [YYYYDDD:HHMMSS]: 2022183:065000
       Which is Equivalent to (UTC): 6:50:00  Saturday,  July 2, 2022
       Time-Step Length (HHMMSS): 000500
                 VDIFF completed...       0.1440 seconds
                COUPLE completed...       0.0024 seconds
                  HADV completed...       0.0702 seconds
                  ZADV completed...       0.0175 seconds
                 HDIFF completed...       0.0099 seconds
              DECOUPLE completed...       0.0030 seconds
                  PHOT completed...       0.0026 seconds
               CLDPROC completed...       0.0090 seconds
                  CHEM completed...       0.1258 seconds
                  AERO completed...       0.1714 seconds
            Master Time Step
            Processing completed...       0.5561 seconds
 
     Processing Day/Time [YYYYDDD:HHMMSS]: 2022183:065500
       Which is Equivalent to (UTC): 6:55:00  Saturday,  July 2, 2022
       Time-Step Length (HHMMSS): 000500
                 VDIFF completed...       0.1824 seconds
                COUPLE completed...       0.0024 seconds
                  HADV completed...       0.0531 seconds
                  ZADV completed...       0.0175 seconds
                 HDIFF completed...       0.0111 seconds
              DECOUPLE completed...       0.0030 seconds
                  PHOT completed...       0.0026 seconds
               CLDPROC completed...       0.0491 seconds
                  CHEM completed...       0.1254 seconds
                  AERO completed...       0.1717 seconds
            Master Time Step
            Processing completed...       0.6186 seconds
 
      =--> Data Output completed...       0.0758 seconds
 
     Processing Day/Time [YYYYDDD:HHMMSS]: 2022183:070000
       Which is Equivalent to (UTC): 7:00:00  Saturday,  July 2, 2022
       Time-Step Length (HHMMSS): 000500
                 VDIFF completed...       0.3330 seconds
                COUPLE completed...       0.0024 seconds
                  HADV completed...       0.0947 seconds
                  ZADV completed...       0.0173 seconds
                 HDIFF completed...       0.0102 seconds
              DECOUPLE completed...       0.0030 seconds
                  PHOT completed...       0.0050 seconds
               CLDPROC completed...       0.0093 seconds
                  CHEM completed...       0.1255 seconds
                  AERO completed...       0.1713 seconds
            Master Time Step
            Processing completed...       0.7719 seconds
 
     Processing Day/Time [YYYYDDD:HHMMSS]: 2022183:070500
       Which is Equivalent to (UTC): 7:05:00  Saturday,  July 2, 2022
       Time-Step Length (HHMMSS): 000500
                 VDIFF completed...       0.1395 seconds
                COUPLE completed...       0.0024 seconds
                  HADV completed...       0.0787 seconds
                  ZADV completed...       0.0174 seconds
                 HDIFF completed...       0.0108 seconds
              DECOUPLE completed...       0.0030 seconds
                  PHOT completed...       0.0024 seconds
               CLDPROC completed...       0.0094 seconds
                  CHEM completed...       0.1253 seconds
                  AERO completed...       0.1716 seconds
            Master Time Step
            Processing completed...       0.5607 seconds
 
     Processing Day/Time [YYYYDDD:HHMMSS]: 2022183:071000
       Which is Equivalent to (UTC): 7:10:00  Saturday,  July 2, 2022
       Time-Step Length (HHMMSS): 000500
                 VDIFF completed...       0.1404 seconds
                COUPLE completed...       0.0024 seconds
                  HADV completed...       0.0695 seconds
                  ZADV completed...       0.0174 seconds
                 HDIFF completed...       0.0098 seconds
              DECOUPLE completed...       0.0030 seconds
                  PHOT completed...       0.0026 seconds
               CLDPROC completed...       0.0091 seconds
                  CHEM completed...       0.1254 seconds
                  AERO completed...       0.1714 seconds
            Master Time Step
            Processing completed...       0.5512 seconds
 
     Processing Day/Time [YYYYDDD:HHMMSS]: 2022183:071500
       Which is Equivalent to (UTC): 7:15:00  Saturday,  July 2, 2022
       Time-Step Length (HHMMSS): 000500
                 VDIFF completed...       0.1413 seconds
                COUPLE completed...       0.0024 seconds
                  HADV completed...       0.0702 seconds
                  ZADV completed...       0.0173 seconds
                 HDIFF completed...       0.0103 seconds
              DECOUPLE completed...       0.0030 seconds
                  PHOT completed...       0.0030 seconds
               CLDPROC completed...       0.0099 seconds
                  CHEM completed...       0.1254 seconds
                  AERO completed...       0.1733 seconds
            Master Time Step
            Processing completed...       0.5562 seconds
 
     Processing Day/Time [YYYYDDD:HHMMSS]: 2022183:072000
       Which is Equivalent to (UTC): 7:20:00  Saturday,  July 2, 2022
       Time-Step Length (HHMMSS): 000500
                 VDIFF completed...       0.1461 seconds
                COUPLE completed...       0.0024 seconds
                  HADV completed...       0.0606 seconds
                  ZADV completed...       0.0174 seconds
                 HDIFF completed...       0.0094 seconds
              DECOUPLE completed...       0.0030 seconds
                  PHOT completed...       0.0026 seconds
               CLDPROC completed...       0.0094 seconds
                  CHEM completed...       0.1252 seconds
                  AERO completed...       0.1743 seconds
            Master Time Step
            Processing completed...       0.5507 seconds
 
     Processing Day/Time [YYYYDDD:HHMMSS]: 2022183:072500
       Which is Equivalent to (UTC): 7:25:00  Saturday,  July 2, 2022
       Time-Step Length (HHMMSS): 000500
                 VDIFF completed...       0.1423 seconds
                COUPLE completed...       0.0024 seconds
                  HADV completed...       0.0738 seconds
                  ZADV completed...       0.0173 seconds
                 HDIFF completed...       0.0105 seconds
              DECOUPLE completed...       0.0030 seconds
                  PHOT completed...       0.0026 seconds
               CLDPROC completed...       0.0099 seconds
                  CHEM completed...       0.1250 seconds
                  AERO completed...       0.1721 seconds
            Master Time Step
            Processing completed...       0.5591 seconds
 
     Processing Day/Time [YYYYDDD:HHMMSS]: 2022183:073000
       Which is Equivalent to (UTC): 7:30:00  Saturday,  July 2, 2022
       Time-Step Length (HHMMSS): 000500
                 VDIFF completed...       0.1435 seconds
                COUPLE completed...       0.0024 seconds
                  HADV completed...       0.0748 seconds
                  ZADV completed...       0.0174 seconds
                 HDIFF completed...       0.0089 seconds
              DECOUPLE completed...       0.0030 seconds
                  PHOT completed...       0.0025 seconds
               CLDPROC completed...       0.0093 seconds
                  CHEM completed...       0.1250 seconds
                  AERO completed...       0.1719 seconds
            Master Time Step
            Processing completed...       0.5588 seconds
 
     Processing Day/Time [YYYYDDD:HHMMSS]: 2022183:073500
       Which is Equivalent to (UTC): 7:35:00  Saturday,  July 2, 2022
       Time-Step Length (HHMMSS): 000500
                 VDIFF completed...       0.1423 seconds
                COUPLE completed...       0.0024 seconds
                  HADV completed...       0.0630 seconds
                  ZADV completed...       0.0174 seconds
                 HDIFF completed...       0.0099 seconds
              DECOUPLE completed...       0.0030 seconds
                  PHOT completed...       0.0026 seconds
               CLDPROC completed...       0.0096 seconds
                  CHEM completed...       0.1258 seconds
                  AERO completed...       0.1719 seconds
            Master Time Step
            Processing completed...       0.5480 seconds
 
     Processing Day/Time [YYYYDDD:HHMMSS]: 2022183:074000
       Which is Equivalent to (UTC): 7:40:00  Saturday,  July 2, 2022
       Time-Step Length (HHMMSS): 000500
                 VDIFF completed...       0.1417 seconds
                COUPLE completed...       0.0024 seconds
                  HADV completed...       0.0656 seconds
                  ZADV completed...       0.0174 seconds
                 HDIFF completed...       0.0087 seconds
              DECOUPLE completed...       0.0030 seconds
                  PHOT completed...       0.0024 seconds
               CLDPROC completed...       0.0094 seconds
                  CHEM completed...       0.1252 seconds
                  AERO completed...       0.1722 seconds
            Master Time Step
            Processing completed...       0.5482 seconds
 
     Processing Day/Time [YYYYDDD:HHMMSS]: 2022183:074500
       Which is Equivalent to (UTC): 7:45:00  Saturday,  July 2, 2022
       Time-Step Length (HHMMSS): 000500
                 VDIFF completed...       0.1420 seconds
                COUPLE completed...       0.0024 seconds
                  HADV completed...       0.0654 seconds
                  ZADV completed...       0.0174 seconds
                 HDIFF completed...       0.0098 seconds
              DECOUPLE completed...       0.0030 seconds
                  PHOT completed...       0.0025 seconds
               CLDPROC completed...       0.0094 seconds
                  CHEM completed...       0.1251 seconds
                  AERO completed...       0.1722 seconds
            Master Time Step
            Processing completed...       0.5494 seconds
 
     Processing Day/Time [YYYYDDD:HHMMSS]: 2022183:075000
       Which is Equivalent to (UTC): 7:50:00  Saturday,  July 2, 2022
       Time-Step Length (HHMMSS): 000500
                 VDIFF completed...       0.1428 seconds
                COUPLE completed...       0.0024 seconds
                  HADV completed...       0.0677 seconds
                  ZADV completed...       0.0174 seconds
                 HDIFF completed...       0.0093 seconds
              DECOUPLE completed...       0.0030 seconds
                  PHOT completed...       0.0026 seconds
               CLDPROC completed...       0.0097 seconds
                  CHEM completed...       0.1252 seconds
                  AERO completed...       0.1725 seconds
            Master Time Step
            Processing completed...       0.5529 seconds
 
     Processing Day/Time [YYYYDDD:HHMMSS]: 2022183:075500
       Which is Equivalent to (UTC): 7:55:00  Saturday,  July 2, 2022
       Time-Step Length (HHMMSS): 000500
                 VDIFF completed...       0.1878 seconds
                COUPLE completed...       0.0024 seconds
                  HADV completed...       0.0540 seconds
                  ZADV completed...       0.0174 seconds
                 HDIFF completed...       0.0106 seconds
              DECOUPLE completed...       0.0030 seconds
                  PHOT completed...       0.0024 seconds
               CLDPROC completed...       0.0491 seconds
                  CHEM completed...       0.1250 seconds
                  AERO completed...       0.1718 seconds
            Master Time Step
            Processing completed...       0.6238 seconds
 
      =--> Data Output completed...       0.0739 seconds
 
     Processing Day/Time [YYYYDDD:HHMMSS]: 2022183:080000
       Which is Equivalent to (UTC): 8:00:00  Saturday,  July 2, 2022
       Time-Step Length (HHMMSS): 000500
                 VDIFF completed...       0.3284 seconds
                COUPLE completed...       0.0024 seconds
                  HADV completed...       0.0846 seconds
                  ZADV completed...       0.0174 seconds
                 HDIFF completed...       0.0090 seconds
              DECOUPLE completed...       0.0030 seconds
                  PHOT completed...       0.0046 seconds
               CLDPROC completed...       0.0096 seconds
                  CHEM completed...       0.1254 seconds
                  AERO completed...       0.1721 seconds
            Master Time Step
            Processing completed...       0.7566 seconds
 
     Processing Day/Time [YYYYDDD:HHMMSS]: 2022183:080500
       Which is Equivalent to (UTC): 8:05:00  Saturday,  July 2, 2022
       Time-Step Length (HHMMSS): 000500
                 VDIFF completed...       0.1442 seconds
                COUPLE completed...       0.0024 seconds
                  HADV completed...       0.0627 seconds
                  ZADV completed...       0.0175 seconds
                 HDIFF completed...       0.0100 seconds
              DECOUPLE completed...       0.0030 seconds
                  PHOT completed...       0.0023 seconds
               CLDPROC completed...       0.0095 seconds
                  CHEM completed...       0.1247 seconds
                  AERO completed...       0.1714 seconds
            Master Time Step
            Processing completed...       0.5479 seconds
 
     Processing Day/Time [YYYYDDD:HHMMSS]: 2022183:081000
       Which is Equivalent to (UTC): 8:10:00  Saturday,  July 2, 2022
       Time-Step Length (HHMMSS): 000500
                 VDIFF completed...       0.1423 seconds
                COUPLE completed...       0.0024 seconds
                  HADV completed...       0.0687 seconds
                  ZADV completed...       0.0174 seconds
                 HDIFF completed...       0.0091 seconds
              DECOUPLE completed...       0.0030 seconds
                  PHOT completed...       0.0024 seconds
               CLDPROC completed...       0.0095 seconds
                  CHEM completed...       0.1246 seconds
                  AERO completed...       0.1708 seconds
            Master Time Step
            Processing completed...       0.5504 seconds
 
     Processing Day/Time [YYYYDDD:HHMMSS]: 2022183:081500
       Which is Equivalent to (UTC): 8:15:00  Saturday,  July 2, 2022
       Time-Step Length (HHMMSS): 000500
                 VDIFF completed...       0.1417 seconds
                COUPLE completed...       0.0024 seconds
                  HADV completed...       0.0739 seconds
                  ZADV completed...       0.0173 seconds
                 HDIFF completed...       0.0097 seconds
              DECOUPLE completed...       0.0030 seconds
                  PHOT completed...       0.0024 seconds
               CLDPROC completed...       0.0094 seconds
                  CHEM completed...       0.1246 seconds
                  AERO completed...       0.1710 seconds
            Master Time Step
            Processing completed...       0.5555 seconds
 
     Processing Day/Time [YYYYDDD:HHMMSS]: 2022183:082000
       Which is Equivalent to (UTC): 8:20:00  Saturday,  July 2, 2022
       Time-Step Length (HHMMSS): 000500
                 VDIFF completed...       0.1415 seconds
                COUPLE completed...       0.0024 seconds
                  HADV completed...       0.0600 seconds
                  ZADV completed...       0.0174 seconds
                 HDIFF completed...       0.0093 seconds
              DECOUPLE completed...       0.0030 seconds
                  PHOT completed...       0.0024 seconds
               CLDPROC completed...       0.0097 seconds
                  CHEM completed...       0.1246 seconds
                  AERO completed...       0.1713 seconds
            Master Time Step
            Processing completed...       0.5418 seconds
 
     Processing Day/Time [YYYYDDD:HHMMSS]: 2022183:082500
       Which is Equivalent to (UTC): 8:25:00  Saturday,  July 2, 2022
       Time-Step Length (HHMMSS): 000500
                 VDIFF completed...       0.1417 seconds
                COUPLE completed...       0.0024 seconds
                  HADV completed...       0.0637 seconds
                  ZADV completed...       0.0174 seconds
                 HDIFF completed...       0.0100 seconds
              DECOUPLE completed...       0.0030 seconds
                  PHOT completed...       0.0026 seconds
               CLDPROC completed...       0.0100 seconds
                  CHEM completed...       0.1249 seconds
                  AERO completed...       0.1707 seconds
            Master Time Step
            Processing completed...       0.5465 seconds
 
     Processing Day/Time [YYYYDDD:HHMMSS]: 2022183:083000
       Which is Equivalent to (UTC): 8:30:00  Saturday,  July 2, 2022
       Time-Step Length (HHMMSS): 000500
                 VDIFF completed...       0.1396 seconds
                COUPLE completed...       0.0024 seconds
                  HADV completed...       0.0618 seconds
                  ZADV completed...       0.0173 seconds
                 HDIFF completed...       0.0090 seconds
              DECOUPLE completed...       0.0030 seconds
                  PHOT completed...       0.0025 seconds
               CLDPROC completed...       0.0097 seconds
                  CHEM completed...       0.1241 seconds
                  AERO completed...       0.1714 seconds
            Master Time Step
            Processing completed...       0.5410 seconds
 
     Processing Day/Time [YYYYDDD:HHMMSS]: 2022183:083500
       Which is Equivalent to (UTC): 8:35:00  Saturday,  July 2, 2022
       Time-Step Length (HHMMSS): 000500
                 VDIFF completed...       0.1427 seconds
                COUPLE completed...       0.0024 seconds
                  HADV completed...       0.3042 seconds
                  ZADV completed...       0.0175 seconds
                 HDIFF completed...       0.0100 seconds
              DECOUPLE completed...       0.0030 seconds
                  PHOT completed...       0.0025 seconds
               CLDPROC completed...       0.0101 seconds
                  CHEM completed...       0.1242 seconds
                  AERO completed...       0.1702 seconds
            Master Time Step
            Processing completed...       0.7870 seconds
 
     Processing Day/Time [YYYYDDD:HHMMSS]: 2022183:084000
       Which is Equivalent to (UTC): 8:40:00  Saturday,  July 2, 2022
       Time-Step Length (HHMMSS): 000500
                 VDIFF completed...       0.1435 seconds
                COUPLE completed...       0.0024 seconds
                  HADV completed...       0.0571 seconds
                  ZADV completed...       0.0174 seconds
                 HDIFF completed...       0.0096 seconds
              DECOUPLE completed...       0.0030 seconds
                  PHOT completed...       0.0025 seconds
               CLDPROC completed...       0.0097 seconds
                  CHEM completed...       0.1241 seconds
                  AERO completed...       0.1713 seconds
            Master Time Step
            Processing completed...       0.5408 seconds
 
     Processing Day/Time [YYYYDDD:HHMMSS]: 2022183:084500
       Which is Equivalent to (UTC): 8:45:00  Saturday,  July 2, 2022
       Time-Step Length (HHMMSS): 000500
                 VDIFF completed...       0.1469 seconds
                COUPLE completed...       0.0024 seconds
                  HADV completed...       0.0544 seconds
                  ZADV completed...       0.0173 seconds
                 HDIFF completed...       0.0105 seconds
              DECOUPLE completed...       0.0030 seconds
                  PHOT completed...       0.0030 seconds
               CLDPROC completed...       0.0111 seconds
                  CHEM completed...       0.1240 seconds
                  AERO completed...       0.1733 seconds
            Master Time Step
            Processing completed...       0.5460 seconds
 
     Processing Day/Time [YYYYDDD:HHMMSS]: 2022183:085000
       Which is Equivalent to (UTC): 8:50:00  Saturday,  July 2, 2022
       Time-Step Length (HHMMSS): 000500
                 VDIFF completed...       0.1416 seconds
                COUPLE completed...       0.0024 seconds
                  HADV completed...       0.0604 seconds
                  ZADV completed...       0.0174 seconds
                 HDIFF completed...       0.0098 seconds
              DECOUPLE completed...       0.0030 seconds
                  PHOT completed...       0.0025 seconds
               CLDPROC completed...       0.0101 seconds
                  CHEM completed...       0.1239 seconds
                  AERO completed...       0.1709 seconds
            Master Time Step
            Processing completed...       0.5422 seconds
 
     Processing Day/Time [YYYYDDD:HHMMSS]: 2022183:085500
       Which is Equivalent to (UTC): 8:55:00  Saturday,  July 2, 2022
       Time-Step Length (HHMMSS): 000500
                 VDIFF completed...       0.1806 seconds
                COUPLE completed...       0.0024 seconds
                  HADV completed...       0.0535 seconds
                  ZADV completed...       0.0174 seconds
                 HDIFF completed...       0.0111 seconds
              DECOUPLE completed...       0.0030 seconds
                  PHOT completed...       0.0025 seconds
               CLDPROC completed...       0.0466 seconds
                  CHEM completed...       0.1244 seconds
                  AERO completed...       0.1716 seconds
            Master Time Step
            Processing completed...       0.6134 seconds
 
      =--> Data Output completed...       0.0752 seconds
 
     Processing Day/Time [YYYYDDD:HHMMSS]: 2022183:090000
       Which is Equivalent to (UTC): 9:00:00  Saturday,  July 2, 2022
       Time-Step Length (HHMMSS): 000500
                 VDIFF completed...       0.3113 seconds
                COUPLE completed...       0.0024 seconds
                  HADV completed...       0.0835 seconds
                  ZADV completed...       0.0175 seconds
                 HDIFF completed...       0.0099 seconds
              DECOUPLE completed...       0.0030 seconds
                  PHOT completed...       0.0044 seconds
               CLDPROC completed...       0.0117 seconds
                  CHEM completed...       0.1248 seconds
                  AERO completed...       0.1711 seconds
            Master Time Step
            Processing completed...       0.7396 seconds
 
     Processing Day/Time [YYYYDDD:HHMMSS]: 2022183:090500
       Which is Equivalent to (UTC): 9:05:00  Saturday,  July 2, 2022
       Time-Step Length (HHMMSS): 000500
                 VDIFF completed...       0.1406 seconds
                COUPLE completed...       0.0024 seconds
                  HADV completed...       0.0707 seconds
                  ZADV completed...       0.0174 seconds
                 HDIFF completed...       0.0107 seconds
              DECOUPLE completed...       0.0030 seconds
                  PHOT completed...       0.0025 seconds
               CLDPROC completed...       0.0110 seconds
                  CHEM completed...       0.1249 seconds
                  AERO completed...       0.1709 seconds
            Master Time Step
            Processing completed...       0.5543 seconds
 
     Processing Day/Time [YYYYDDD:HHMMSS]: 2022183:091000
       Which is Equivalent to (UTC): 9:10:00  Saturday,  July 2, 2022
       Time-Step Length (HHMMSS): 000500
                 VDIFF completed...       0.1401 seconds
                COUPLE completed...       0.0024 seconds
                  HADV completed...       0.0659 seconds
                  ZADV completed...       0.0174 seconds
                 HDIFF completed...       0.0098 seconds
              DECOUPLE completed...       0.0030 seconds
                  PHOT completed...       0.0025 seconds
               CLDPROC completed...       0.0111 seconds
                  CHEM completed...       0.1251 seconds
                  AERO completed...       0.1713 seconds
            Master Time Step
            Processing completed...       0.5487 seconds
 
     Processing Day/Time [YYYYDDD:HHMMSS]: 2022183:091500
       Which is Equivalent to (UTC): 9:15:00  Saturday,  July 2, 2022
       Time-Step Length (HHMMSS): 000500
                 VDIFF completed...       0.1400 seconds
                COUPLE completed...       0.0024 seconds
                  HADV completed...       0.0687 seconds
                  ZADV completed...       0.0174 seconds
                 HDIFF completed...       0.0113 seconds
              DECOUPLE completed...       0.0030 seconds
                  PHOT completed...       0.0026 seconds
               CLDPROC completed...       0.0110 seconds
                  CHEM completed...       0.1248 seconds
                  AERO completed...       0.1717 seconds
            Master Time Step
            Processing completed...       0.5530 seconds
 
     Processing Day/Time [YYYYDDD:HHMMSS]: 2022183:092000
       Which is Equivalent to (UTC): 9:20:00  Saturday,  July 2, 2022
       Time-Step Length (HHMMSS): 000500
                 VDIFF completed...       0.1395 seconds
                COUPLE completed...       0.0024 seconds
                  HADV completed...       0.0735 seconds
                  ZADV completed...       0.0173 seconds
                 HDIFF completed...       0.0099 seconds
              DECOUPLE completed...       0.0030 seconds
                  PHOT completed...       0.0025 seconds
               CLDPROC completed...       0.0105 seconds
                  CHEM completed...       0.1251 seconds
                  AERO completed...       0.1723 seconds
            Master Time Step
            Processing completed...       0.5562 seconds
 
     Processing Day/Time [YYYYDDD:HHMMSS]: 2022183:092500
       Which is Equivalent to (UTC): 9:25:00  Saturday,  July 2, 2022
       Time-Step Length (HHMMSS): 000500
                 VDIFF completed...       0.1389 seconds
                COUPLE completed...       0.0024 seconds
                  HADV completed...       0.0611 seconds
                  ZADV completed...       0.0175 seconds
                 HDIFF completed...       0.0105 seconds
              DECOUPLE completed...       0.0030 seconds
                  PHOT completed...       0.0024 seconds
               CLDPROC completed...       0.0108 seconds
                  CHEM completed...       0.1249 seconds
                  AERO completed...       0.1727 seconds
            Master Time Step
            Processing completed...       0.5444 seconds
 
     Processing Day/Time [YYYYDDD:HHMMSS]: 2022183:093000
       Which is Equivalent to (UTC): 9:30:00  Saturday,  July 2, 2022
       Time-Step Length (HHMMSS): 000500
                 VDIFF completed...       0.1390 seconds
                COUPLE completed...       0.0024 seconds
                  HADV completed...       0.0619 seconds
                  ZADV completed...       0.0174 seconds
                 HDIFF completed...       0.0092 seconds
              DECOUPLE completed...       0.0030 seconds
                  PHOT completed...       0.0024 seconds
               CLDPROC completed...       0.0107 seconds
                  CHEM completed...       0.1246 seconds
                  AERO completed...       0.1724 seconds
            Master Time Step
            Processing completed...       0.5430 seconds
 
     Processing Day/Time [YYYYDDD:HHMMSS]: 2022183:093500
       Which is Equivalent to (UTC): 9:35:00  Saturday,  July 2, 2022
       Time-Step Length (HHMMSS): 000500
                 VDIFF completed...       0.1396 seconds
                COUPLE completed...       0.0024 seconds
                  HADV completed...       0.0641 seconds
                  ZADV completed...       0.0174 seconds
                 HDIFF completed...       0.0106 seconds
              DECOUPLE completed...       0.0030 seconds
                  PHOT completed...       0.0025 seconds
               CLDPROC completed...       0.0105 seconds
                  CHEM completed...       0.1246 seconds
                  AERO completed...       0.1728 seconds
            Master Time Step
            Processing completed...       0.5475 seconds
 
     Processing Day/Time [YYYYDDD:HHMMSS]: 2022183:094000
       Which is Equivalent to (UTC): 9:40:00  Saturday,  July 2, 2022
       Time-Step Length (HHMMSS): 000500
                 VDIFF completed...       0.1390 seconds
                COUPLE completed...       0.0024 seconds
                  HADV completed...       0.0673 seconds
                  ZADV completed...       0.0173 seconds
                 HDIFF completed...       0.0099 seconds
              DECOUPLE completed...       0.0030 seconds
                  PHOT completed...       0.0025 seconds
               CLDPROC completed...       0.0109 seconds
                  CHEM completed...       0.1247 seconds
                  AERO completed...       0.1731 seconds
            Master Time Step
            Processing completed...       0.5503 seconds
 
     Processing Day/Time [YYYYDDD:HHMMSS]: 2022183:094500
       Which is Equivalent to (UTC): 9:45:00  Saturday,  July 2, 2022
       Time-Step Length (HHMMSS): 000500
                 VDIFF completed...       0.1403 seconds
                COUPLE completed...       0.0024 seconds
                  HADV completed...       0.0673 seconds
                  ZADV completed...       0.0174 seconds
                 HDIFF completed...       0.0104 seconds
              DECOUPLE completed...       0.0030 seconds
                  PHOT completed...       0.0025 seconds
               CLDPROC completed...       0.0108 seconds
                  CHEM completed...       0.1248 seconds
                  AERO completed...       0.1731 seconds
            Master Time Step
            Processing completed...       0.5521 seconds
 
     Processing Day/Time [YYYYDDD:HHMMSS]: 2022183:095000
       Which is Equivalent to (UTC): 9:50:00  Saturday,  July 2, 2022
       Time-Step Length (HHMMSS): 000500
                 VDIFF completed...       0.1378 seconds
                COUPLE completed...       0.0024 seconds
                  HADV completed...       0.0622 seconds
                  ZADV completed...       0.0173 seconds
                 HDIFF completed...       0.0098 seconds
              DECOUPLE completed...       0.0030 seconds
                  PHOT completed...       0.0025 seconds
               CLDPROC completed...       0.0108 seconds
                  CHEM completed...       0.1247 seconds
                  AERO completed...       0.1730 seconds
            Master Time Step
            Processing completed...       0.5436 seconds
 
     Processing Day/Time [YYYYDDD:HHMMSS]: 2022183:095500
       Which is Equivalent to (UTC): 9:55:00  Saturday,  July 2, 2022
       Time-Step Length (HHMMSS): 000500
                 VDIFF completed...       0.1780 seconds
                COUPLE completed...       0.0024 seconds
                  HADV completed...       0.0527 seconds
                  ZADV completed...       0.0174 seconds
                 HDIFF completed...       0.0110 seconds
              DECOUPLE completed...       0.0030 seconds
                  PHOT completed...       0.0025 seconds
               CLDPROC completed...       0.0480 seconds
                  CHEM completed...       0.1240 seconds
                  AERO completed...       0.1724 seconds
            Master Time Step
            Processing completed...       0.6116 seconds
 
      =--> Data Output completed...       0.0677 seconds
 
     Processing Day/Time [YYYYDDD:HHMMSS]: 2022183:100000
       Which is Equivalent to (UTC): 10:00:00 Saturday,  July 2, 2022
       Time-Step Length (HHMMSS): 000500
                 VDIFF completed...       0.3034 seconds
                COUPLE completed...       0.0024 seconds
                  HADV completed...       0.0789 seconds
                  ZADV completed...       0.0174 seconds
                 HDIFF completed...       0.0097 seconds
              DECOUPLE completed...       0.0030 seconds
                  PHOT completed...       0.0045 seconds
               CLDPROC completed...       0.0113 seconds
                  CHEM completed...       0.1246 seconds
                  AERO completed...       0.1727 seconds
            Master Time Step
            Processing completed...       0.7280 seconds
 
     Processing Day/Time [YYYYDDD:HHMMSS]: 2022183:100500
       Which is Equivalent to (UTC): 10:05:00 Saturday,  July 2, 2022
       Time-Step Length (HHMMSS): 000500
                 VDIFF completed...       0.1381 seconds
                COUPLE completed...       0.0024 seconds
                  HADV completed...       0.0703 seconds
                  ZADV completed...       0.0173 seconds
                 HDIFF completed...       0.0107 seconds
              DECOUPLE completed...       0.0030 seconds
                  PHOT completed...       0.0025 seconds
               CLDPROC completed...       0.0109 seconds
                  CHEM completed...       0.1269 seconds
                  AERO completed...       0.1719 seconds
            Master Time Step
            Processing completed...       0.5541 seconds
 
     Processing Day/Time [YYYYDDD:HHMMSS]: 2022183:101000
       Which is Equivalent to (UTC): 10:10:00 Saturday,  July 2, 2022
       Time-Step Length (HHMMSS): 000500
                 VDIFF completed...       0.1402 seconds
                COUPLE completed...       0.0024 seconds
                  HADV completed...       0.0656 seconds
                  ZADV completed...       0.0173 seconds
                 HDIFF completed...       0.0091 seconds
              DECOUPLE completed...       0.0030 seconds
                  PHOT completed...       0.0025 seconds
               CLDPROC completed...       0.0111 seconds
                  CHEM completed...       0.1242 seconds
                  AERO completed...       0.1719 seconds
            Master Time Step
            Processing completed...       0.5474 seconds
 
     Processing Day/Time [YYYYDDD:HHMMSS]: 2022183:101500
       Which is Equivalent to (UTC): 10:15:00 Saturday,  July 2, 2022
       Time-Step Length (HHMMSS): 000500
                 VDIFF completed...       0.1386 seconds
                COUPLE completed...       0.0024 seconds
                  HADV completed...       0.0719 seconds
                  ZADV completed...       0.0173 seconds
                 HDIFF completed...       0.0104 seconds
              DECOUPLE completed...       0.0030 seconds
                  PHOT completed...       0.0025 seconds
               CLDPROC completed...       0.0115 seconds
                  CHEM completed...       0.1243 seconds
                  AERO completed...       0.1723 seconds
            Master Time Step
            Processing completed...       0.5544 seconds
 
     Processing Day/Time [YYYYDDD:HHMMSS]: 2022183:102000
       Which is Equivalent to (UTC): 10:20:00 Saturday,  July 2, 2022
       Time-Step Length (HHMMSS): 000500
                 VDIFF completed...       0.1380 seconds
                COUPLE completed...       0.0024 seconds
                  HADV completed...       0.0807 seconds
                  ZADV completed...       0.0173 seconds
                 HDIFF completed...       0.0095 seconds
              DECOUPLE completed...       0.0030 seconds
                  PHOT completed...       0.0026 seconds
               CLDPROC completed...       0.0111 seconds
                  CHEM completed...       0.1246 seconds
                  AERO completed...       0.1728 seconds
            Master Time Step
            Processing completed...       0.5621 seconds
 
     Processing Day/Time [YYYYDDD:HHMMSS]: 2022183:102500
       Which is Equivalent to (UTC): 10:25:00 Saturday,  July 2, 2022
       Time-Step Length (HHMMSS): 000500
                 VDIFF completed...       0.1378 seconds
                COUPLE completed...       0.0024 seconds
                  HADV completed...       0.1193 seconds
                  ZADV completed...       0.0173 seconds
                 HDIFF completed...       0.0107 seconds
              DECOUPLE completed...       0.0030 seconds
                  PHOT completed...       0.0025 seconds
               CLDPROC completed...       0.0110 seconds
                  CHEM completed...       0.1239 seconds
                  AERO completed...       0.1720 seconds
            Master Time Step
            Processing completed...       0.6000 seconds
 
     Processing Day/Time [YYYYDDD:HHMMSS]: 2022183:103000
       Which is Equivalent to (UTC): 10:30:00 Saturday,  July 2, 2022
       Time-Step Length (HHMMSS): 000500
                 VDIFF completed...       0.1362 seconds
                COUPLE completed...       0.0024 seconds
                  HADV completed...       0.1398 seconds
                  ZADV completed...       0.0172 seconds
                 HDIFF completed...       0.0094 seconds
              DECOUPLE completed...       0.0030 seconds
                  PHOT completed...       0.0024 seconds
               CLDPROC completed...       0.0109 seconds
                  CHEM completed...       0.1241 seconds
                  AERO completed...       0.1722 seconds
            Master Time Step
            Processing completed...       0.6178 seconds
 
     Processing Day/Time [YYYYDDD:HHMMSS]: 2022183:103500
       Which is Equivalent to (UTC): 10:35:00 Saturday,  July 2, 2022
       Time-Step Length (HHMMSS): 000500
                 VDIFF completed...       0.1382 seconds
                COUPLE completed...       0.0024 seconds
                  HADV completed...       0.1807 seconds
                  ZADV completed...       0.0173 seconds
                 HDIFF completed...       0.0105 seconds
              DECOUPLE completed...       0.0030 seconds
                  PHOT completed...       0.0024 seconds
               CLDPROC completed...       0.0106 seconds
                  CHEM completed...       0.1243 seconds
                  AERO completed...       0.1725 seconds
            Master Time Step
            Processing completed...       0.6620 seconds
 
     Processing Day/Time [YYYYDDD:HHMMSS]: 2022183:104000
       Which is Equivalent to (UTC): 10:40:00 Saturday,  July 2, 2022
       Time-Step Length (HHMMSS): 000500
                 VDIFF completed...       0.1387 seconds
                COUPLE completed...       0.0025 seconds
                  HADV completed...       0.1991 seconds
                  ZADV completed...       0.0173 seconds
                 HDIFF completed...       0.0093 seconds
              DECOUPLE completed...       0.0030 seconds
                  PHOT completed...       0.0023 seconds
               CLDPROC completed...       0.0102 seconds
                  CHEM completed...       0.1248 seconds
                  AERO completed...       0.1729 seconds
            Master Time Step
            Processing completed...       0.6803 seconds
 
     Processing Day/Time [YYYYDDD:HHMMSS]: 2022183:104500
       Which is Equivalent to (UTC): 10:45:00 Saturday,  July 2, 2022
       Time-Step Length (HHMMSS): 000500
                 VDIFF completed...       0.1576 seconds
                COUPLE completed...       0.0024 seconds
                  HADV completed...       0.1842 seconds
                  ZADV completed...       0.0174 seconds
                 HDIFF completed...       0.0111 seconds
              DECOUPLE completed...       0.0030 seconds
                  PHOT completed...       0.0023 seconds
               CLDPROC completed...       0.0097 seconds
                  CHEM completed...       0.1242 seconds
                  AERO completed...       0.1729 seconds
            Master Time Step
            Processing completed...       0.6850 seconds
 
     Processing Day/Time [YYYYDDD:HHMMSS]: 2022183:105000
       Which is Equivalent to (UTC): 10:50:00 Saturday,  July 2, 2022
       Time-Step Length (HHMMSS): 000500
                 VDIFF completed...       0.1579 seconds
                COUPLE completed...       0.0024 seconds
                  HADV completed...       0.2209 seconds
                  ZADV completed...       0.0173 seconds
                 HDIFF completed...       0.0102 seconds
              DECOUPLE completed...       0.0030 seconds
                  PHOT completed...       0.0023 seconds
               CLDPROC completed...       0.0091 seconds
                  CHEM completed...       0.1242 seconds
                  AERO completed...       0.1729 seconds
            Master Time Step
            Processing completed...       0.7204 seconds
 
     Processing Day/Time [YYYYDDD:HHMMSS]: 2022183:105500
       Which is Equivalent to (UTC): 10:55:00 Saturday,  July 2, 2022
       Time-Step Length (HHMMSS): 000500
                 VDIFF completed...       0.3474 seconds
                COUPLE completed...       0.0024 seconds
                  HADV completed...       0.0535 seconds
                  ZADV completed...       0.0172 seconds
                 HDIFF completed...       0.0113 seconds
              DECOUPLE completed...       0.0030 seconds
                  PHOT completed...       0.0113 seconds
               CLDPROC completed...       0.0728 seconds
                  CHEM completed...       0.1238 seconds
                  AERO completed...       0.1728 seconds
            Master Time Step
            Processing completed...       0.8157 seconds
 
      =--> Data Output completed...       0.2229 seconds
 
     Processing Day/Time [YYYYDDD:HHMMSS]: 2022183:110000
       Which is Equivalent to (UTC): 11:00:00 Saturday,  July 2, 2022
       Time-Step Length (HHMMSS): 000500
                 VDIFF completed...       0.2880 seconds
                COUPLE completed...       0.0024 seconds
                  HADV completed...       0.0851 seconds
                  ZADV completed...       0.0174 seconds
                 HDIFF completed...       0.0105 seconds
              DECOUPLE completed...       0.0030 seconds
                  PHOT completed...       0.0269 seconds
               CLDPROC completed...       0.0102 seconds
                  CHEM completed...       0.1248 seconds
                  AERO completed...       0.1728 seconds
            Master Time Step
            Processing completed...       0.7412 seconds
 
     Processing Day/Time [YYYYDDD:HHMMSS]: 2022183:110500
       Which is Equivalent to (UTC): 11:05:00 Saturday,  July 2, 2022
       Time-Step Length (HHMMSS): 000500
                 VDIFF completed...       0.1344 seconds
                COUPLE completed...       0.0024 seconds
                  HADV completed...       0.2281 seconds
                  ZADV completed...       0.0173 seconds
                 HDIFF completed...       0.0112 seconds
              DECOUPLE completed...       0.0030 seconds
                  PHOT completed...       0.0253 seconds
               CLDPROC completed...       0.0099 seconds
                  CHEM completed...       0.1267 seconds
                  AERO completed...       0.1719 seconds
            Master Time Step
            Processing completed...       0.7303 seconds
 
     Processing Day/Time [YYYYDDD:HHMMSS]: 2022183:111000
       Which is Equivalent to (UTC): 11:10:00 Saturday,  July 2, 2022
       Time-Step Length (HHMMSS): 000500
                 VDIFF completed...       0.2484 seconds
                COUPLE completed...       0.0024 seconds
                  HADV completed...       0.1122 seconds
                  ZADV completed...       0.0172 seconds
                 HDIFF completed...       0.0101 seconds
              DECOUPLE completed...       0.0030 seconds
                  PHOT completed...       0.0258 seconds
               CLDPROC completed...       0.0106 seconds
                  CHEM completed...       0.1273 seconds
                  AERO completed...       0.1746 seconds
            Master Time Step
            Processing completed...       0.7317 seconds
 
     Processing Day/Time [YYYYDDD:HHMMSS]: 2022183:111500
       Which is Equivalent to (UTC): 11:15:00 Saturday,  July 2, 2022
       Time-Step Length (HHMMSS): 000500
                 VDIFF completed...       0.2865 seconds
                COUPLE completed...       0.0024 seconds
                  HADV completed...       0.0638 seconds
                  ZADV completed...       0.0173 seconds
                 HDIFF completed...       0.0107 seconds
              DECOUPLE completed...       0.0030 seconds
                  PHOT completed...       0.0253 seconds
               CLDPROC completed...       0.0091 seconds
                  CHEM completed...       0.1308 seconds
                  AERO completed...       0.1718 seconds
            Master Time Step
            Processing completed...       0.7208 seconds
 
     Processing Day/Time [YYYYDDD:HHMMSS]: 2022183:112000
       Which is Equivalent to (UTC): 11:20:00 Saturday,  July 2, 2022
       Time-Step Length (HHMMSS): 000500
                 VDIFF completed...       0.1637 seconds
                COUPLE completed...       0.0024 seconds
                  HADV completed...       0.0511 seconds
                  ZADV completed...       0.0172 seconds
                 HDIFF completed...       0.0093 seconds
              DECOUPLE completed...       0.0030 seconds
                  PHOT completed...       0.0289 seconds
               CLDPROC completed...       0.0091 seconds
                  CHEM completed...       0.1762 seconds
                  AERO completed...       0.1721 seconds
            Master Time Step
            Processing completed...       0.6332 seconds
 
     Processing Day/Time [YYYYDDD:HHMMSS]: 2022183:112500
       Which is Equivalent to (UTC): 11:25:00 Saturday,  July 2, 2022
       Time-Step Length (HHMMSS): 000500
                 VDIFF completed...       0.1386 seconds
                COUPLE completed...       0.0024 seconds
                  HADV completed...       0.0527 seconds
                  ZADV completed...       0.0172 seconds
                 HDIFF completed...       0.0096 seconds
              DECOUPLE completed...       0.0030 seconds
                  PHOT completed...       0.0379 seconds
               CLDPROC completed...       0.0112 seconds
                  CHEM completed...       0.3020 seconds
                  AERO completed...       0.1719 seconds
            Master Time Step
            Processing completed...       0.7468 seconds
 
     Processing Day/Time [YYYYDDD:HHMMSS]: 2022183:113000
       Which is Equivalent to (UTC): 11:30:00 Saturday,  July 2, 2022
       Time-Step Length (HHMMSS): 000500
                 VDIFF completed...       0.1314 seconds
                COUPLE completed...       0.0024 seconds
                  HADV completed...       0.0509 seconds
                  ZADV completed...       0.0172 seconds
                 HDIFF completed...       0.0087 seconds
              DECOUPLE completed...       0.0030 seconds
                  PHOT completed...       0.0391 seconds
               CLDPROC completed...       0.0108 seconds
                  CHEM completed...       0.2975 seconds
                  AERO completed...       0.1727 seconds
            Master Time Step
            Processing completed...       0.7339 seconds
 
     Processing Day/Time [YYYYDDD:HHMMSS]: 2022183:113500
       Which is Equivalent to (UTC): 11:35:00 Saturday,  July 2, 2022
       Time-Step Length (HHMMSS): 000500
                 VDIFF completed...       0.1334 seconds
                COUPLE completed...       0.0024 seconds
                  HADV completed...       0.0537 seconds
                  ZADV completed...       0.0173 seconds
                 HDIFF completed...       0.0090 seconds
              DECOUPLE completed...       0.0030 seconds
                  PHOT completed...       0.0388 seconds
               CLDPROC completed...       0.0109 seconds
                  CHEM completed...       0.2769 seconds
                  AERO completed...       0.1733 seconds
            Master Time Step
            Processing completed...       0.7190 seconds
 
     Processing Day/Time [YYYYDDD:HHMMSS]: 2022183:114000
       Which is Equivalent to (UTC): 11:40:00 Saturday,  July 2, 2022
       Time-Step Length (HHMMSS): 000500
                 VDIFF completed...       0.1344 seconds
                COUPLE completed...       0.0024 seconds
                  HADV completed...       0.0515 seconds
                  ZADV completed...       0.0173 seconds
                 HDIFF completed...       0.0084 seconds
              DECOUPLE completed...       0.0030 seconds
                  PHOT completed...       0.0389 seconds
               CLDPROC completed...       0.0108 seconds
                  CHEM completed...       0.2624 seconds
                  AERO completed...       0.1734 seconds
            Master Time Step
            Processing completed...       0.7026 seconds
 
     Processing Day/Time [YYYYDDD:HHMMSS]: 2022183:114500
       Which is Equivalent to (UTC): 11:45:00 Saturday,  July 2, 2022
       Time-Step Length (HHMMSS): 000500
                 VDIFF completed...       0.1357 seconds
                COUPLE completed...       0.0024 seconds
                  HADV completed...       0.0516 seconds
                  ZADV completed...       0.0173 seconds
                 HDIFF completed...       0.0089 seconds
              DECOUPLE completed...       0.0030 seconds
                  PHOT completed...       0.0389 seconds
               CLDPROC completed...       0.0112 seconds
                  CHEM completed...       0.2550 seconds
                  AERO completed...       0.1735 seconds
            Master Time Step
            Processing completed...       0.6976 seconds
 
     Processing Day/Time [YYYYDDD:HHMMSS]: 2022183:115000
       Which is Equivalent to (UTC): 11:50:00 Saturday,  July 2, 2022
       Time-Step Length (HHMMSS): 000500
                 VDIFF completed...       0.1371 seconds
                COUPLE completed...       0.0024 seconds
                  HADV completed...       0.0577 seconds
                  ZADV completed...       0.0173 seconds
                 HDIFF completed...       0.0089 seconds
              DECOUPLE completed...       0.0030 seconds
                  PHOT completed...       0.0396 seconds
               CLDPROC completed...       0.0107 seconds
                  CHEM completed...       0.2520 seconds
                  AERO completed...       0.1738 seconds
            Master Time Step
            Processing completed...       0.7027 seconds
 
     Processing Day/Time [YYYYDDD:HHMMSS]: 2022183:115500
       Which is Equivalent to (UTC): 11:55:00 Saturday,  July 2, 2022
       Time-Step Length (HHMMSS): 000500
                 VDIFF completed...       0.1736 seconds
                COUPLE completed...       0.0024 seconds
                  HADV completed...       0.0531 seconds
                  ZADV completed...       0.0171 seconds
                 HDIFF completed...       0.0089 seconds
              DECOUPLE completed...       0.0030 seconds
                  PHOT completed...       0.0384 seconds
               CLDPROC completed...       0.0456 seconds
                  CHEM completed...       0.2499 seconds
                  AERO completed...       0.1720 seconds
            Master Time Step
            Processing completed...       0.7644 seconds
 
      =--> Data Output completed...       0.0702 seconds
 
     Processing Day/Time [YYYYDDD:HHMMSS]: 2022183:120000
       Which is Equivalent to (UTC): 12:00:00 Saturday,  July 2, 2022
       Time-Step Length (HHMMSS): 000500
                 VDIFF completed...       0.2891 seconds
                COUPLE completed...       0.0024 seconds
                  HADV completed...       0.0781 seconds
                  ZADV completed...       0.0170 seconds
                 HDIFF completed...       0.0089 seconds
              DECOUPLE completed...       0.0030 seconds
                  PHOT completed...       0.0409 seconds
               CLDPROC completed...       0.0148 seconds
                  CHEM completed...       0.2585 seconds
                  AERO completed...       0.1722 seconds
            Master Time Step
            Processing completed...       0.8850 seconds
 
     Processing Day/Time [YYYYDDD:HHMMSS]: 2022183:120500
       Which is Equivalent to (UTC): 12:05:00 Saturday,  July 2, 2022
       Time-Step Length (HHMMSS): 000500
                 VDIFF completed...       0.1415 seconds
                COUPLE completed...       0.0024 seconds
                  HADV completed...       0.0661 seconds
                  ZADV completed...       0.0170 seconds
                 HDIFF completed...       0.0092 seconds
              DECOUPLE completed...       0.0030 seconds
                  PHOT completed...       0.0400 seconds
               CLDPROC completed...       0.0150 seconds
                  CHEM completed...       0.2529 seconds
                  AERO completed...       0.1732 seconds
            Master Time Step
            Processing completed...       0.7206 seconds
 
     Processing Day/Time [YYYYDDD:HHMMSS]: 2022183:121000
       Which is Equivalent to (UTC): 12:10:00 Saturday,  July 2, 2022
       Time-Step Length (HHMMSS): 000500
                 VDIFF completed...       0.1399 seconds
                COUPLE completed...       0.0024 seconds
                  HADV completed...       0.0683 seconds
                  ZADV completed...       0.0170 seconds
                 HDIFF completed...       0.0087 seconds
              DECOUPLE completed...       0.0030 seconds
                  PHOT completed...       0.0401 seconds
               CLDPROC completed...       0.0151 seconds
                  CHEM completed...       0.2531 seconds
                  AERO completed...       0.1737 seconds
            Master Time Step
            Processing completed...       0.7215 seconds
 
     Processing Day/Time [YYYYDDD:HHMMSS]: 2022183:121500
       Which is Equivalent to (UTC): 12:15:00 Saturday,  July 2, 2022
       Time-Step Length (HHMMSS): 000500
                 VDIFF completed...       0.1418 seconds
                COUPLE completed...       0.0024 seconds
                  HADV completed...       0.0739 seconds
                  ZADV completed...       0.0167 seconds
                 HDIFF completed...       0.0086 seconds
              DECOUPLE completed...       0.0030 seconds
                  PHOT completed...       0.0457 seconds
               CLDPROC completed...       0.0178 seconds
                  CHEM completed...       0.2677 seconds
                  AERO completed...       0.1734 seconds
            Master Time Step
            Processing completed...       0.7512 seconds
 
     Processing Day/Time [YYYYDDD:HHMMSS]: 2022183:122000
       Which is Equivalent to (UTC): 12:20:00 Saturday,  July 2, 2022
       Time-Step Length (HHMMSS): 000500
                 VDIFF completed...       0.1376 seconds
                COUPLE completed...       0.0024 seconds
                  HADV completed...       0.0573 seconds
                  ZADV completed...       0.0168 seconds
                 HDIFF completed...       0.0085 seconds
              DECOUPLE completed...       0.0030 seconds
                  PHOT completed...       0.0394 seconds
               CLDPROC completed...       0.0164 seconds
                  CHEM completed...       0.2574 seconds
                  AERO completed...       0.1733 seconds
            Master Time Step
            Processing completed...       0.7125 seconds
 
     Processing Day/Time [YYYYDDD:HHMMSS]: 2022183:122500
       Which is Equivalent to (UTC): 12:25:00 Saturday,  July 2, 2022
       Time-Step Length (HHMMSS): 000500
                 VDIFF completed...       0.1403 seconds
                COUPLE completed...       0.0024 seconds
                  HADV completed...       0.0777 seconds
                  ZADV completed...       0.0169 seconds
                 HDIFF completed...       0.0084 seconds
              DECOUPLE completed...       0.0030 seconds
                  PHOT completed...       0.0400 seconds
               CLDPROC completed...       0.0164 seconds
                  CHEM completed...       0.2561 seconds
                  AERO completed...       0.1743 seconds
            Master Time Step
            Processing completed...       0.7358 seconds
 
     Processing Day/Time [YYYYDDD:HHMMSS]: 2022183:123000
       Which is Equivalent to (UTC): 12:30:00 Saturday,  July 2, 2022
       Time-Step Length (HHMMSS): 000500
                 VDIFF completed...       0.1422 seconds
                COUPLE completed...       0.0024 seconds
                  HADV completed...       0.0802 seconds
                  ZADV completed...       0.0168 seconds
                 HDIFF completed...       0.0085 seconds
              DECOUPLE completed...       0.0030 seconds
                  PHOT completed...       0.0398 seconds
               CLDPROC completed...       0.0163 seconds
                  CHEM completed...       0.2588 seconds
                  AERO completed...       0.1742 seconds
            Master Time Step
            Processing completed...       0.7423 seconds
 
     Processing Day/Time [YYYYDDD:HHMMSS]: 2022183:123500
       Which is Equivalent to (UTC): 12:35:00 Saturday,  July 2, 2022
       Time-Step Length (HHMMSS): 000500
                 VDIFF completed...       0.1415 seconds
                COUPLE completed...       0.0024 seconds
                  HADV completed...       0.0816 seconds
                  ZADV completed...       0.0168 seconds
                 HDIFF completed...       0.0081 seconds
              DECOUPLE completed...       0.0030 seconds
                  PHOT completed...       0.0401 seconds
               CLDPROC completed...       0.0169 seconds
                  CHEM completed...       0.2600 seconds
                  AERO completed...       0.1738 seconds
            Master Time Step
            Processing completed...       0.7443 seconds
 
     Processing Day/Time [YYYYDDD:HHMMSS]: 2022183:124000
       Which is Equivalent to (UTC): 12:40:00 Saturday,  July 2, 2022
       Time-Step Length (HHMMSS): 000500
                 VDIFF completed...       0.1430 seconds
                COUPLE completed...       0.0024 seconds
                  HADV completed...       0.0828 seconds
                  ZADV completed...       0.0168 seconds
                 HDIFF completed...       0.0085 seconds
              DECOUPLE completed...       0.0030 seconds
                  PHOT completed...       0.0395 seconds
               CLDPROC completed...       0.0171 seconds
                  CHEM completed...       0.2636 seconds
                  AERO completed...       0.1742 seconds
            Master Time Step
            Processing completed...       0.7512 seconds
 
     Processing Day/Time [YYYYDDD:HHMMSS]: 2022183:124500
       Which is Equivalent to (UTC): 12:45:00 Saturday,  July 2, 2022
       Time-Step Length (HHMMSS): 000500
                 VDIFF completed...       0.1436 seconds
                COUPLE completed...       0.0024 seconds
                  HADV completed...       0.0854 seconds
                  ZADV completed...       0.0167 seconds
                 HDIFF completed...       0.0082 seconds
              DECOUPLE completed...       0.0030 seconds
                  PHOT completed...       0.0402 seconds
               CLDPROC completed...       0.0172 seconds
                  CHEM completed...       0.2658 seconds
                  AERO completed...       0.1757 seconds
            Master Time Step
            Processing completed...       0.7585 seconds
 
     Processing Day/Time [YYYYDDD:HHMMSS]: 2022183:125000
       Which is Equivalent to (UTC): 12:50:00 Saturday,  July 2, 2022
       Time-Step Length (HHMMSS): 000500
                 VDIFF completed...       0.1420 seconds
                COUPLE completed...       0.0024 seconds
                  HADV completed...       0.0833 seconds
                  ZADV completed...       0.0167 seconds
                 HDIFF completed...       0.0089 seconds
              DECOUPLE completed...       0.0030 seconds
                  PHOT completed...       0.0414 seconds
               CLDPROC completed...       0.0180 seconds
                  CHEM completed...       0.2770 seconds
                  AERO completed...       0.1742 seconds
            Master Time Step
            Processing completed...       0.7671 seconds
 
     Processing Day/Time [YYYYDDD:HHMMSS]: 2022183:125500
       Which is Equivalent to (UTC): 12:55:00 Saturday,  July 2, 2022
       Time-Step Length (HHMMSS): 000500
                 VDIFF completed...       0.1986 seconds
                COUPLE completed...       0.0024 seconds
                  HADV completed...       0.0523 seconds
                  ZADV completed...       0.0169 seconds
                 HDIFF completed...       0.0087 seconds
              DECOUPLE completed...       0.0030 seconds
                  PHOT completed...       0.0406 seconds
               CLDPROC completed...       0.0580 seconds
                  CHEM completed...       0.2752 seconds
                  AERO completed...       0.1747 seconds
            Master Time Step
            Processing completed...       0.8306 seconds
 
      =--> Data Output completed...       0.0764 seconds
 
     Processing Day/Time [YYYYDDD:HHMMSS]: 2022183:130000
       Which is Equivalent to (UTC): 13:00:00 Saturday,  July 2, 2022
       Time-Step Length (HHMMSS): 000500
                 VDIFF completed...       0.2906 seconds
                COUPLE completed...       0.0024 seconds
                  HADV completed...       0.0731 seconds
                  ZADV completed...       0.0173 seconds
                 HDIFF completed...       0.0081 seconds
              DECOUPLE completed...       0.0031 seconds
                  PHOT completed...       0.0430 seconds
               CLDPROC completed...       0.0185 seconds
                  CHEM completed...       0.3019 seconds
                  AERO completed...       0.1767 seconds
            Master Time Step
            Processing completed...       0.9348 seconds
 
     Processing Day/Time [YYYYDDD:HHMMSS]: 2022183:130500
       Which is Equivalent to (UTC): 13:05:00 Saturday,  July 2, 2022
       Time-Step Length (HHMMSS): 000500
                 VDIFF completed...       0.1460 seconds
                COUPLE completed...       0.0024 seconds
                  HADV completed...       0.0585 seconds
                  ZADV completed...       0.0168 seconds
                 HDIFF completed...       0.0087 seconds
              DECOUPLE completed...       0.0030 seconds
                  PHOT completed...       0.0407 seconds
               CLDPROC completed...       0.0206 seconds
                  CHEM completed...       0.2984 seconds
                  AERO completed...       0.1827 seconds
            Master Time Step
            Processing completed...       0.7779 seconds
 
     Processing Day/Time [YYYYDDD:HHMMSS]: 2022183:131000
       Which is Equivalent to (UTC): 13:10:00 Saturday,  July 2, 2022
       Time-Step Length (HHMMSS): 000500
                 VDIFF completed...       0.1440 seconds
                COUPLE completed...       0.0024 seconds
                  HADV completed...       0.0572 seconds
                  ZADV completed...       0.0167 seconds
                 HDIFF completed...       0.0087 seconds
              DECOUPLE completed...       0.0033 seconds
                  PHOT completed...       0.0431 seconds
               CLDPROC completed...       0.0234 seconds
                  CHEM completed...       0.3095 seconds
                  AERO completed...       0.1814 seconds
            Master Time Step
            Processing completed...       0.7898 seconds
 
     Processing Day/Time [YYYYDDD:HHMMSS]: 2022183:131500
       Which is Equivalent to (UTC): 13:15:00 Saturday,  July 2, 2022
       Time-Step Length (HHMMSS): 000500
                 VDIFF completed...       0.1442 seconds
                COUPLE completed...       0.0024 seconds
                  HADV completed...       0.0507 seconds
                  ZADV completed...       0.0165 seconds
                 HDIFF completed...       0.0084 seconds
              DECOUPLE completed...       0.0030 seconds
                  PHOT completed...       0.0405 seconds
               CLDPROC completed...       0.0234 seconds
                  CHEM completed...       0.3027 seconds
                  AERO completed...       0.1778 seconds
            Master Time Step
            Processing completed...       0.7697 seconds
 
     Processing Day/Time [YYYYDDD:HHMMSS]: 2022183:132000
       Which is Equivalent to (UTC): 13:20:00 Saturday,  July 2, 2022
       Time-Step Length (HHMMSS): 000500
                 VDIFF completed...       0.1413 seconds
                COUPLE completed...       0.0026 seconds
                  HADV completed...       0.0649 seconds
                  ZADV completed...       0.0164 seconds
                 HDIFF completed...       0.0089 seconds
              DECOUPLE completed...       0.0030 seconds
                  PHOT completed...       0.0405 seconds
               CLDPROC completed...       0.0248 seconds
                  CHEM completed...       0.3066 seconds
                  AERO completed...       0.1735 seconds
            Master Time Step
            Processing completed...       0.7826 seconds
 
     Processing Day/Time [YYYYDDD:HHMMSS]: 2022183:132500
       Which is Equivalent to (UTC): 13:25:00 Saturday,  July 2, 2022
       Time-Step Length (HHMMSS): 000500
                 VDIFF completed...       0.1437 seconds
                COUPLE completed...       0.0024 seconds
                  HADV completed...       0.0627 seconds
                  ZADV completed...       0.0163 seconds
                 HDIFF completed...       0.0083 seconds
              DECOUPLE completed...       0.0030 seconds
                  PHOT completed...       0.0412 seconds
               CLDPROC completed...       0.0245 seconds
                  CHEM completed...       0.3099 seconds
                  AERO completed...       0.1728 seconds
            Master Time Step
            Processing completed...       0.7849 seconds
 
     Processing Day/Time [YYYYDDD:HHMMSS]: 2022183:133000
       Which is Equivalent to (UTC): 13:30:00 Saturday,  July 2, 2022
       Time-Step Length (HHMMSS): 000500
                 VDIFF completed...       0.1422 seconds
                COUPLE completed...       0.0024 seconds
                  HADV completed...       0.0608 seconds
                  ZADV completed...       0.0164 seconds
                 HDIFF completed...       0.0097 seconds
              DECOUPLE completed...       0.0030 seconds
                  PHOT completed...       0.0408 seconds
               CLDPROC completed...       0.0251 seconds
                  CHEM completed...       0.3167 seconds
                  AERO completed...       0.1773 seconds
            Master Time Step
            Processing completed...       0.7945 seconds
 
     Processing Day/Time [YYYYDDD:HHMMSS]: 2022183:133500
       Which is Equivalent to (UTC): 13:35:00 Saturday,  July 2, 2022
       Time-Step Length (HHMMSS): 000500
                 VDIFF completed...       0.1455 seconds
                COUPLE completed...       0.0024 seconds
                  HADV completed...       0.0508 seconds
                  ZADV completed...       0.0164 seconds
                 HDIFF completed...       0.0084 seconds
              DECOUPLE completed...       0.0030 seconds
                  PHOT completed...       0.0416 seconds
               CLDPROC completed...       0.0244 seconds
                  CHEM completed...       0.3217 seconds
                  AERO completed...       0.1725 seconds
            Master Time Step
            Processing completed...       0.7870 seconds
 
     Processing Day/Time [YYYYDDD:HHMMSS]: 2022183:134000
       Which is Equivalent to (UTC): 13:40:00 Saturday,  July 2, 2022
       Time-Step Length (HHMMSS): 000500
                 VDIFF completed...       0.1410 seconds
                COUPLE completed...       0.0024 seconds
                  HADV completed...       0.0518 seconds
                  ZADV completed...       0.0162 seconds
                 HDIFF completed...       0.0087 seconds
              DECOUPLE completed...       0.0030 seconds
                  PHOT completed...       0.0415 seconds
               CLDPROC completed...       0.0247 seconds
                  CHEM completed...       0.3273 seconds
                  AERO completed...       0.1722 seconds
            Master Time Step
            Processing completed...       0.7890 seconds
 
     Processing Day/Time [YYYYDDD:HHMMSS]: 2022183:134500
       Which is Equivalent to (UTC): 13:45:00 Saturday,  July 2, 2022
       Time-Step Length (HHMMSS): 000500
                 VDIFF completed...       0.1411 seconds
                COUPLE completed...       0.0024 seconds
                  HADV completed...       0.0505 seconds
                  ZADV completed...       0.0166 seconds
                 HDIFF completed...       0.0077 seconds
              DECOUPLE completed...       0.0030 seconds
                  PHOT completed...       0.0408 seconds
               CLDPROC completed...       0.0240 seconds
                  CHEM completed...       0.3301 seconds
                  AERO completed...       0.1729 seconds
            Master Time Step
            Processing completed...       0.7903 seconds
 
     Processing Day/Time [YYYYDDD:HHMMSS]: 2022183:135000
       Which is Equivalent to (UTC): 13:50:00 Saturday,  July 2, 2022
       Time-Step Length (HHMMSS): 000500
                 VDIFF completed...       0.1411 seconds
                COUPLE completed...       0.0025 seconds
                  HADV completed...       0.0498 seconds
                  ZADV completed...       0.0167 seconds
                 HDIFF completed...       0.0082 seconds
              DECOUPLE completed...       0.0032 seconds
                  PHOT completed...       0.0413 seconds
               CLDPROC completed...       0.0242 seconds
                  CHEM completed...       0.3357 seconds
                  AERO completed...       0.1728 seconds
            Master Time Step
            Processing completed...       0.7957 seconds
 
     Processing Day/Time [YYYYDDD:HHMMSS]: 2022183:135500
       Which is Equivalent to (UTC): 13:55:00 Saturday,  July 2, 2022
       Time-Step Length (HHMMSS): 000500
                 VDIFF completed...       0.1685 seconds
                COUPLE completed...       0.0025 seconds
                  HADV completed...       0.0518 seconds
                  ZADV completed...       0.0167 seconds
                 HDIFF completed...       0.0081 seconds
              DECOUPLE completed...       0.0031 seconds
                  PHOT completed...       0.0406 seconds
               CLDPROC completed...       0.0449 seconds
                  CHEM completed...       0.3392 seconds
                  AERO completed...       0.1725 seconds
            Master Time Step
            Processing completed...       0.8480 seconds
 
      =--> Data Output completed...       0.0645 seconds
 
     Processing Day/Time [YYYYDDD:HHMMSS]: 2022183:140000
       Which is Equivalent to (UTC): 14:00:00 Saturday,  July 2, 2022
       Time-Step Length (HHMMSS): 000500
                 VDIFF completed...       0.2974 seconds
                COUPLE completed...       0.0025 seconds
                  HADV completed...       0.0890 seconds
                  ZADV completed...       0.0166 seconds
                 HDIFF completed...       0.0082 seconds
              DECOUPLE completed...       0.0031 seconds
                  PHOT completed...       0.0430 seconds
               CLDPROC completed...       0.0263 seconds
                  CHEM completed...       0.3648 seconds
                  AERO completed...       0.1730 seconds
            Master Time Step
            Processing completed...       1.0243 seconds
 
     Processing Day/Time [YYYYDDD:HHMMSS]: 2022183:140500
       Which is Equivalent to (UTC): 14:05:00 Saturday,  July 2, 2022
       Time-Step Length (HHMMSS): 000500
                 VDIFF completed...       0.1427 seconds
                COUPLE completed...       0.0025 seconds
                  HADV completed...       0.0513 seconds
                  ZADV completed...       0.0167 seconds
                 HDIFF completed...       0.0081 seconds
              DECOUPLE completed...       0.0032 seconds
                  PHOT completed...       0.0416 seconds
               CLDPROC completed...       0.0271 seconds
                  CHEM completed...       0.3578 seconds
                  AERO completed...       0.1722 seconds
            Master Time Step
            Processing completed...       0.8234 seconds
 
     Processing Day/Time [YYYYDDD:HHMMSS]: 2022183:141000
       Which is Equivalent to (UTC): 14:10:00 Saturday,  July 2, 2022
       Time-Step Length (HHMMSS): 000500
                 VDIFF completed...       0.1423 seconds
                COUPLE completed...       0.0025 seconds
                  HADV completed...       0.0503 seconds
                  ZADV completed...       0.0166 seconds
                 HDIFF completed...       0.0087 seconds
              DECOUPLE completed...       0.0031 seconds
                  PHOT completed...       0.0412 seconds
               CLDPROC completed...       0.0273 seconds
                  CHEM completed...       0.3601 seconds
                  AERO completed...       0.1721 seconds
            Master Time Step
            Processing completed...       0.8244 seconds
 
     Processing Day/Time [YYYYDDD:HHMMSS]: 2022183:141500
       Which is Equivalent to (UTC): 14:15:00 Saturday,  July 2, 2022
       Time-Step Length (HHMMSS): 000500
                 VDIFF completed...       0.1599 seconds
                COUPLE completed...       0.0026 seconds
                  HADV completed...       0.5313 seconds
                  ZADV completed...       0.0165 seconds
                 HDIFF completed...       0.0082 seconds
              DECOUPLE completed...       0.0031 seconds
                  PHOT completed...       0.0411 seconds
               CLDPROC completed...       0.0269 seconds
                  CHEM completed...       0.3604 seconds
                  AERO completed...       0.1721 seconds
            Master Time Step
            Processing completed...       1.3222 seconds
 
     Processing Day/Time [YYYYDDD:HHMMSS]: 2022183:142000
       Which is Equivalent to (UTC): 14:20:00 Saturday,  July 2, 2022
       Time-Step Length (HHMMSS): 000500
                 VDIFF completed...       0.1426 seconds
                COUPLE completed...       0.0025 seconds
                  HADV completed...       0.0505 seconds
                  ZADV completed...       0.0165 seconds
                 HDIFF completed...       0.0090 seconds
              DECOUPLE completed...       0.0031 seconds
                  PHOT completed...       0.0443 seconds
               CLDPROC completed...       0.0271 seconds
                  CHEM completed...       0.3620 seconds
                  AERO completed...       0.1719 seconds
            Master Time Step
            Processing completed...       0.8297 seconds
 
     Processing Day/Time [YYYYDDD:HHMMSS]: 2022183:142500
       Which is Equivalent to (UTC): 14:25:00 Saturday,  July 2, 2022
       Time-Step Length (HHMMSS): 000500
                 VDIFF completed...       0.1412 seconds
                COUPLE completed...       0.0026 seconds
                  HADV completed...       0.0512 seconds
                  ZADV completed...       0.0165 seconds
                 HDIFF completed...       0.0083 seconds
              DECOUPLE completed...       0.0031 seconds
                  PHOT completed...       0.0417 seconds
               CLDPROC completed...       0.0266 seconds
                  CHEM completed...       0.3653 seconds
                  AERO completed...       0.1720 seconds
            Master Time Step
            Processing completed...       0.8289 seconds
 
     Processing Day/Time [YYYYDDD:HHMMSS]: 2022183:143000
       Which is Equivalent to (UTC): 14:30:00 Saturday,  July 2, 2022
       Time-Step Length (HHMMSS): 000500
                 VDIFF completed...       0.1420 seconds
                COUPLE completed...       0.0024 seconds
                  HADV completed...       0.0514 seconds
                  ZADV completed...       0.0163 seconds
                 HDIFF completed...       0.0093 seconds
              DECOUPLE completed...       0.0030 seconds
                  PHOT completed...       0.0408 seconds
               CLDPROC completed...       0.0268 seconds
                  CHEM completed...       0.3672 seconds
                  AERO completed...       0.1725 seconds
            Master Time Step
            Processing completed...       0.8318 seconds
 
     Processing Day/Time [YYYYDDD:HHMMSS]: 2022183:143500
       Which is Equivalent to (UTC): 14:35:00 Saturday,  July 2, 2022
       Time-Step Length (HHMMSS): 000500
                 VDIFF completed...       0.1409 seconds
                COUPLE completed...       0.0024 seconds
                  HADV completed...       0.0505 seconds
                  ZADV completed...       0.0163 seconds
                 HDIFF completed...       0.0086 seconds
              DECOUPLE completed...       0.0030 seconds
                  PHOT completed...       0.0413 seconds
               CLDPROC completed...       0.0265 seconds
                  CHEM completed...       0.3693 seconds
                  AERO completed...       0.1726 seconds
            Master Time Step
            Processing completed...       0.8317 seconds
 
     Processing Day/Time [YYYYDDD:HHMMSS]: 2022183:144000
       Which is Equivalent to (UTC): 14:40:00 Saturday,  July 2, 2022
       Time-Step Length (HHMMSS): 000500
                 VDIFF completed...       0.1413 seconds
                COUPLE completed...       0.0024 seconds
                  HADV completed...       0.0507 seconds
                  ZADV completed...       0.0163 seconds
                 HDIFF completed...       0.0087 seconds
              DECOUPLE completed...       0.0030 seconds
                  PHOT completed...       0.0414 seconds
               CLDPROC completed...       0.0263 seconds
                  CHEM completed...       0.3719 seconds
                  AERO completed...       0.1730 seconds
            Master Time Step
            Processing completed...       0.8352 seconds
 
     Processing Day/Time [YYYYDDD:HHMMSS]: 2022183:144500
       Which is Equivalent to (UTC): 14:45:00 Saturday,  July 2, 2022
       Time-Step Length (HHMMSS): 000500
                 VDIFF completed...       0.1427 seconds
                COUPLE completed...       0.0024 seconds
                  HADV completed...       0.0508 seconds
                  ZADV completed...       0.0165 seconds
                 HDIFF completed...       0.0087 seconds
              DECOUPLE completed...       0.0030 seconds
                  PHOT completed...       0.0411 seconds
               CLDPROC completed...       0.0260 seconds
                  CHEM completed...       0.3732 seconds
                  AERO completed...       0.1737 seconds
            Master Time Step
            Processing completed...       0.8383 seconds
 
     Processing Day/Time [YYYYDDD:HHMMSS]: 2022183:145000
       Which is Equivalent to (UTC): 14:50:00 Saturday,  July 2, 2022
       Time-Step Length (HHMMSS): 000500
                 VDIFF completed...       0.1414 seconds
                COUPLE completed...       0.0024 seconds
                  HADV completed...       0.0499 seconds
                  ZADV completed...       0.0166 seconds
                 HDIFF completed...       0.0088 seconds
              DECOUPLE completed...       0.0030 seconds
                  PHOT completed...       0.0401 seconds
               CLDPROC completed...       0.0258 seconds
                  CHEM completed...       0.3755 seconds
                  AERO completed...       0.1734 seconds
            Master Time Step
            Processing completed...       0.8371 seconds
 
     Processing Day/Time [YYYYDDD:HHMMSS]: 2022183:145500
       Which is Equivalent to (UTC): 14:55:00 Saturday,  July 2, 2022
       Time-Step Length (HHMMSS): 000500
                 VDIFF completed...       0.1672 seconds
                COUPLE completed...       0.0026 seconds
                  HADV completed...       0.0524 seconds
                  ZADV completed...       0.0167 seconds
                 HDIFF completed...       0.0086 seconds
              DECOUPLE completed...       0.0030 seconds
                  PHOT completed...       0.0411 seconds
               CLDPROC completed...       0.0446 seconds
                  CHEM completed...       0.3772 seconds
                  AERO completed...       0.1731 seconds
            Master Time Step
            Processing completed...       0.8869 seconds
 
      =--> Data Output completed...       0.0674 seconds
 
     Processing Day/Time [YYYYDDD:HHMMSS]: 2022183:150000
       Which is Equivalent to (UTC): 15:00:00 Saturday,  July 2, 2022
       Time-Step Length (HHMMSS): 000500
                 VDIFF completed...       0.2935 seconds
                COUPLE completed...       0.0024 seconds
                  HADV completed...       0.1286 seconds
                  ZADV completed...       0.0169 seconds
                 HDIFF completed...       0.0092 seconds
              DECOUPLE completed...       0.0030 seconds
                  PHOT completed...       0.0419 seconds
               CLDPROC completed...       0.0297 seconds
                  CHEM completed...       0.4060 seconds
                  AERO completed...       0.1732 seconds
            Master Time Step
            Processing completed...       1.1046 seconds
 
     Processing Day/Time [YYYYDDD:HHMMSS]: 2022183:150500
       Which is Equivalent to (UTC): 15:05:00 Saturday,  July 2, 2022
       Time-Step Length (HHMMSS): 000500
                 VDIFF completed...       0.1403 seconds
                COUPLE completed...       0.0024 seconds
                  HADV completed...       0.0543 seconds
                  ZADV completed...       0.0167 seconds
                 HDIFF completed...       0.0084 seconds
              DECOUPLE completed...       0.0030 seconds
                  PHOT completed...       0.0411 seconds
               CLDPROC completed...       0.0308 seconds
                  CHEM completed...       0.3929 seconds
                  AERO completed...       0.1731 seconds
            Master Time Step
            Processing completed...       0.8631 seconds
 
     Processing Day/Time [YYYYDDD:HHMMSS]: 2022183:151000
       Which is Equivalent to (UTC): 15:10:00 Saturday,  July 2, 2022
       Time-Step Length (HHMMSS): 000500
                 VDIFF completed...       0.1400 seconds
                COUPLE completed...       0.0024 seconds
                  HADV completed...       0.0546 seconds
                  ZADV completed...       0.0163 seconds
                 HDIFF completed...       0.0088 seconds
              DECOUPLE completed...       0.0030 seconds
                  PHOT completed...       0.0416 seconds
               CLDPROC completed...       0.0311 seconds
                  CHEM completed...       0.3942 seconds
                  AERO completed...       0.1733 seconds
            Master Time Step
            Processing completed...       0.8656 seconds
 
     Processing Day/Time [YYYYDDD:HHMMSS]: 2022183:151500
       Which is Equivalent to (UTC): 15:15:00 Saturday,  July 2, 2022
       Time-Step Length (HHMMSS): 000500
                 VDIFF completed...       0.1391 seconds
                COUPLE completed...       0.0024 seconds
                  HADV completed...       0.0558 seconds
                  ZADV completed...       0.0163 seconds
                 HDIFF completed...       0.0088 seconds
              DECOUPLE completed...       0.0030 seconds
                  PHOT completed...       0.0407 seconds
               CLDPROC completed...       0.0317 seconds
                  CHEM completed...       0.3983 seconds
                  AERO completed...       0.1736 seconds
            Master Time Step
            Processing completed...       0.8699 seconds
 
     Processing Day/Time [YYYYDDD:HHMMSS]: 2022183:152000
       Which is Equivalent to (UTC): 15:20:00 Saturday,  July 2, 2022
       Time-Step Length (HHMMSS): 000500
                 VDIFF completed...       0.1375 seconds
                COUPLE completed...       0.0024 seconds
                  HADV completed...       0.0537 seconds
                  ZADV completed...       0.0164 seconds
                 HDIFF completed...       0.0086 seconds
              DECOUPLE completed...       0.0030 seconds
                  PHOT completed...       0.0407 seconds
               CLDPROC completed...       0.0320 seconds
                  CHEM completed...       0.3970 seconds
                  AERO completed...       0.1740 seconds
            Master Time Step
            Processing completed...       0.8654 seconds
 
     Processing Day/Time [YYYYDDD:HHMMSS]: 2022183:152500
       Which is Equivalent to (UTC): 15:25:00 Saturday,  July 2, 2022
       Time-Step Length (HHMMSS): 000500
                 VDIFF completed...       0.1385 seconds
                COUPLE completed...       0.0024 seconds
                  HADV completed...       0.0541 seconds
                  ZADV completed...       0.0166 seconds
                 HDIFF completed...       0.0079 seconds
              DECOUPLE completed...       0.0030 seconds
                  PHOT completed...       0.0417 seconds
               CLDPROC completed...       0.0321 seconds
                  CHEM completed...       0.3979 seconds
                  AERO completed...       0.1737 seconds
            Master Time Step
            Processing completed...       0.8680 seconds
 
     Processing Day/Time [YYYYDDD:HHMMSS]: 2022183:153000
       Which is Equivalent to (UTC): 15:30:00 Saturday,  July 2, 2022
       Time-Step Length (HHMMSS): 000500
                 VDIFF completed...       0.1377 seconds
                COUPLE completed...       0.0024 seconds
                  HADV completed...       0.0548 seconds
                  ZADV completed...       0.0170 seconds
                 HDIFF completed...       0.0074 seconds
              DECOUPLE completed...       0.0030 seconds
                  PHOT completed...       0.0409 seconds
               CLDPROC completed...       0.0327 seconds
                  CHEM completed...       0.3980 seconds
                  AERO completed...       0.1749 seconds
            Master Time Step
            Processing completed...       0.8690 seconds
 
     Processing Day/Time [YYYYDDD:HHMMSS]: 2022183:153500
       Which is Equivalent to (UTC): 15:35:00 Saturday,  July 2, 2022
       Time-Step Length (HHMMSS): 000500
                 VDIFF completed...       0.1388 seconds
                COUPLE completed...       0.0024 seconds
                  HADV completed...       0.0546 seconds
                  ZADV completed...       0.0170 seconds
                 HDIFF completed...       0.0072 seconds
              DECOUPLE completed...       0.0030 seconds
                  PHOT completed...       0.0407 seconds
               CLDPROC completed...       0.0327 seconds
                  CHEM completed...       0.3983 seconds
                  AERO completed...       0.1744 seconds
            Master Time Step
            Processing completed...       0.8693 seconds
 
     Processing Day/Time [YYYYDDD:HHMMSS]: 2022183:154000
       Which is Equivalent to (UTC): 15:40:00 Saturday,  July 2, 2022
       Time-Step Length (HHMMSS): 000500
                 VDIFF completed...       0.1378 seconds
                COUPLE completed...       0.0024 seconds
                  HADV completed...       0.0543 seconds
                  ZADV completed...       0.0172 seconds
                 HDIFF completed...       0.0075 seconds
              DECOUPLE completed...       0.0030 seconds
                  PHOT completed...       0.0410 seconds
               CLDPROC completed...       0.0333 seconds
                  CHEM completed...       0.3984 seconds
                  AERO completed...       0.1747 seconds
            Master Time Step
            Processing completed...       0.8698 seconds
 
     Processing Day/Time [YYYYDDD:HHMMSS]: 2022183:154500
       Which is Equivalent to (UTC): 15:45:00 Saturday,  July 2, 2022
       Time-Step Length (HHMMSS): 000500
                 VDIFF completed...       0.1381 seconds
                COUPLE completed...       0.0024 seconds
                  HADV completed...       0.0550 seconds
                  ZADV completed...       0.0175 seconds
                 HDIFF completed...       0.0072 seconds
              DECOUPLE completed...       0.0030 seconds
                  PHOT completed...       0.0411 seconds
               CLDPROC completed...       0.0337 seconds
                  CHEM completed...       0.3988 seconds
                  AERO completed...       0.1762 seconds
            Master Time Step
            Processing completed...       0.8732 seconds
 
     Processing Day/Time [YYYYDDD:HHMMSS]: 2022183:155000
       Which is Equivalent to (UTC): 15:50:00 Saturday,  July 2, 2022
       Time-Step Length (HHMMSS): 000500
                 VDIFF completed...       0.1382 seconds
                COUPLE completed...       0.0024 seconds
                  HADV completed...       0.0556 seconds
                  ZADV completed...       0.0179 seconds
                 HDIFF completed...       0.0072 seconds
              DECOUPLE completed...       0.0030 seconds
                  PHOT completed...       0.0417 seconds
               CLDPROC completed...       0.0342 seconds
                  CHEM completed...       0.3985 seconds
                  AERO completed...       0.1760 seconds
            Master Time Step
            Processing completed...       0.8749 seconds
 
     Processing Day/Time [YYYYDDD:HHMMSS]: 2022183:155500
       Which is Equivalent to (UTC): 15:55:00 Saturday,  July 2, 2022
       Time-Step Length (HHMMSS): 000500
                 VDIFF completed...       0.1634 seconds
                COUPLE completed...       0.0026 seconds
                  HADV completed...       0.0554 seconds
                  ZADV completed...       0.0183 seconds
                 HDIFF completed...       0.0070 seconds
              DECOUPLE completed...       0.0030 seconds
                  PHOT completed...       0.0418 seconds
               CLDPROC completed...       0.0463 seconds
                  CHEM completed...       0.3986 seconds
                  AERO completed...       0.1750 seconds
            Master Time Step
            Processing completed...       0.9116 seconds
 
      =--> Data Output completed...       0.0647 seconds
 
     Processing Day/Time [YYYYDDD:HHMMSS]: 2022183:160000
       Which is Equivalent to (UTC): 16:00:00 Saturday,  July 2, 2022
       Time-Step Length (HHMMSS): 000500
                 VDIFF completed...       0.2902 seconds
                COUPLE completed...       0.0024 seconds
                  HADV completed...       0.1377 seconds
                  ZADV completed...       0.0180 seconds
                 HDIFF completed...       0.0070 seconds
              DECOUPLE completed...       0.0030 seconds
                  PHOT completed...       0.0418 seconds
               CLDPROC completed...       0.0338 seconds
                  CHEM completed...       0.4276 seconds
                  AERO completed...       0.1752 seconds
            Master Time Step
            Processing completed...       1.1369 seconds
 
     Processing Day/Time [YYYYDDD:HHMMSS]: 2022183:160500
       Which is Equivalent to (UTC): 16:05:00 Saturday,  July 2, 2022
       Time-Step Length (HHMMSS): 000500
                 VDIFF completed...       0.1377 seconds
                COUPLE completed...       0.0024 seconds
                  HADV completed...       0.0574 seconds
                  ZADV completed...       0.0177 seconds
                 HDIFF completed...       0.0074 seconds
              DECOUPLE completed...       0.0030 seconds
                  PHOT completed...       0.0418 seconds
               CLDPROC completed...       0.0345 seconds
                  CHEM completed...       0.4109 seconds
                  AERO completed...       0.1755 seconds
            Master Time Step
            Processing completed...       0.8884 seconds
 
     Processing Day/Time [YYYYDDD:HHMMSS]: 2022183:161000
       Which is Equivalent to (UTC): 16:10:00 Saturday,  July 2, 2022
       Time-Step Length (HHMMSS): 000500
                 VDIFF completed...       0.1358 seconds
                COUPLE completed...       0.0024 seconds
                  HADV completed...       0.0558 seconds
                  ZADV completed...       0.0176 seconds
                 HDIFF completed...       0.0072 seconds
              DECOUPLE completed...       0.0030 seconds
                  PHOT completed...       0.0407 seconds
               CLDPROC completed...       0.0350 seconds
                  CHEM completed...       0.4122 seconds
                  AERO completed...       0.1753 seconds
            Master Time Step
            Processing completed...       0.8852 seconds
 
     Processing Day/Time [YYYYDDD:HHMMSS]: 2022183:161500
       Which is Equivalent to (UTC): 16:15:00 Saturday,  July 2, 2022
       Time-Step Length (HHMMSS): 000500
                 VDIFF completed...       0.1356 seconds
                COUPLE completed...       0.0024 seconds
                  HADV completed...       0.0567 seconds
                  ZADV completed...       0.0176 seconds
                 HDIFF completed...       0.0071 seconds
              DECOUPLE completed...       0.0030 seconds
                  PHOT completed...       0.0418 seconds
               CLDPROC completed...       0.0351 seconds
                  CHEM completed...       0.4091 seconds
                  AERO completed...       0.1750 seconds
            Master Time Step
            Processing completed...       0.8836 seconds
 
     Processing Day/Time [YYYYDDD:HHMMSS]: 2022183:162000
       Which is Equivalent to (UTC): 16:20:00 Saturday,  July 2, 2022
       Time-Step Length (HHMMSS): 000500
                 VDIFF completed...       0.1360 seconds
                COUPLE completed...       0.0024 seconds
                  HADV completed...       0.0552 seconds
                  ZADV completed...       0.0174 seconds
                 HDIFF completed...       0.0072 seconds
              DECOUPLE completed...       0.0030 seconds
                  PHOT completed...       0.0415 seconds
               CLDPROC completed...       0.0350 seconds
                  CHEM completed...       0.4090 seconds
                  AERO completed...       0.1750 seconds
            Master Time Step
            Processing completed...       0.8820 seconds
 
     Processing Day/Time [YYYYDDD:HHMMSS]: 2022183:162500
       Which is Equivalent to (UTC): 16:25:00 Saturday,  July 2, 2022
       Time-Step Length (HHMMSS): 000500
                 VDIFF completed...       0.1357 seconds
                COUPLE completed...       0.0024 seconds
                  HADV completed...       0.0558 seconds
                  ZADV completed...       0.0173 seconds
                 HDIFF completed...       0.0071 seconds
              DECOUPLE completed...       0.0030 seconds
                  PHOT completed...       0.0410 seconds
               CLDPROC completed...       0.0354 seconds
                  CHEM completed...       0.4076 seconds
                  AERO completed...       0.1765 seconds
            Master Time Step
            Processing completed...       0.8820 seconds
 
     Processing Day/Time [YYYYDDD:HHMMSS]: 2022183:163000
       Which is Equivalent to (UTC): 16:30:00 Saturday,  July 2, 2022
       Time-Step Length (HHMMSS): 000500
                 VDIFF completed...       0.1361 seconds
                COUPLE completed...       0.0024 seconds
                  HADV completed...       0.0567 seconds
                  ZADV completed...       0.0173 seconds
                 HDIFF completed...       0.0075 seconds
              DECOUPLE completed...       0.0030 seconds
                  PHOT completed...       0.0412 seconds
               CLDPROC completed...       0.0349 seconds
                  CHEM completed...       0.4073 seconds
                  AERO completed...       0.1759 seconds
            Master Time Step
            Processing completed...       0.8825 seconds
 
     Processing Day/Time [YYYYDDD:HHMMSS]: 2022183:163500
       Which is Equivalent to (UTC): 16:35:00 Saturday,  July 2, 2022
       Time-Step Length (HHMMSS): 000500
                 VDIFF completed...       0.1347 seconds
                COUPLE completed...       0.0024 seconds
                  HADV completed...       0.0558 seconds
                  ZADV completed...       0.0175 seconds
                 HDIFF completed...       0.0072 seconds
              DECOUPLE completed...       0.0030 seconds
                  PHOT completed...       0.0416 seconds
               CLDPROC completed...       0.0347 seconds
                  CHEM completed...       0.4076 seconds
                  AERO completed...       0.1766 seconds
            Master Time Step
            Processing completed...       0.8812 seconds
 
     Processing Day/Time [YYYYDDD:HHMMSS]: 2022183:164000
       Which is Equivalent to (UTC): 16:40:00 Saturday,  July 2, 2022
       Time-Step Length (HHMMSS): 000500
                 VDIFF completed...       0.1418 seconds
                COUPLE completed...       0.0024 seconds
                  HADV completed...       0.0569 seconds
                  ZADV completed...       0.0174 seconds
                 HDIFF completed...       0.0079 seconds
              DECOUPLE completed...       0.0030 seconds
                  PHOT completed...       0.0423 seconds
               CLDPROC completed...       0.0354 seconds
                  CHEM completed...       0.4073 seconds
                  AERO completed...       0.1794 seconds
            Master Time Step
            Processing completed...       0.8940 seconds
 
     Processing Day/Time [YYYYDDD:HHMMSS]: 2022183:164500
       Which is Equivalent to (UTC): 16:45:00 Saturday,  July 2, 2022
       Time-Step Length (HHMMSS): 000500
                 VDIFF completed...       0.1354 seconds
                COUPLE completed...       0.0024 seconds
                  HADV completed...       0.0565 seconds
                  ZADV completed...       0.0178 seconds
                 HDIFF completed...       0.0072 seconds
              DECOUPLE completed...       0.0031 seconds
                  PHOT completed...       0.0418 seconds
               CLDPROC completed...       0.0340 seconds
                  CHEM completed...       0.4079 seconds
                  AERO completed...       0.1775 seconds
            Master Time Step
            Processing completed...       0.8837 seconds
 
     Processing Day/Time [YYYYDDD:HHMMSS]: 2022183:165000
       Which is Equivalent to (UTC): 16:50:00 Saturday,  July 2, 2022
       Time-Step Length (HHMMSS): 000500
                 VDIFF completed...       0.1334 seconds
                COUPLE completed...       0.0024 seconds
                  HADV completed...       0.0564 seconds
                  ZADV completed...       0.0180 seconds
                 HDIFF completed...       0.0074 seconds
              DECOUPLE completed...       0.0030 seconds
                  PHOT completed...       0.0411 seconds
               CLDPROC completed...       0.0339 seconds
                  CHEM completed...       0.4080 seconds
                  AERO completed...       0.1770 seconds
            Master Time Step
            Processing completed...       0.8806 seconds
 
     Processing Day/Time [YYYYDDD:HHMMSS]: 2022183:165500
       Which is Equivalent to (UTC): 16:55:00 Saturday,  July 2, 2022
       Time-Step Length (HHMMSS): 000500
                 VDIFF completed...       0.1599 seconds
                COUPLE completed...       0.0024 seconds
                  HADV completed...       0.0576 seconds
                  ZADV completed...       0.0181 seconds
                 HDIFF completed...       0.0072 seconds
              DECOUPLE completed...       0.0030 seconds
                  PHOT completed...       0.0406 seconds
               CLDPROC completed...       0.0472 seconds
                  CHEM completed...       0.4108 seconds
                  AERO completed...       0.1913 seconds
            Master Time Step
            Processing completed...       0.9393 seconds
 
      =--> Data Output completed...       0.1527 seconds
 
     Processing Day/Time [YYYYDDD:HHMMSS]: 2022183:170000
       Which is Equivalent to (UTC): 17:00:00 Saturday,  July 2, 2022
       Time-Step Length (HHMMSS): 000500
                 VDIFF completed...       0.2921 seconds
                COUPLE completed...       0.0024 seconds
                  HADV completed...       0.1361 seconds
                  ZADV completed...       0.0183 seconds
                 HDIFF completed...       0.0073 seconds
              DECOUPLE completed...       0.0030 seconds
                  PHOT completed...       0.0417 seconds
               CLDPROC completed...       0.0322 seconds
                  CHEM completed...       0.4270 seconds
                  AERO completed...       0.1773 seconds
            Master Time Step
            Processing completed...       1.1387 seconds
 
     Processing Day/Time [YYYYDDD:HHMMSS]: 2022183:170500
       Which is Equivalent to (UTC): 17:05:00 Saturday,  July 2, 2022
       Time-Step Length (HHMMSS): 000500
                 VDIFF completed...       0.1365 seconds
                COUPLE completed...       0.0024 seconds
                  HADV completed...       0.0521 seconds
                  ZADV completed...       0.0181 seconds
                 HDIFF completed...       0.0072 seconds
              DECOUPLE completed...       0.0030 seconds
                  PHOT completed...       0.0404 seconds
               CLDPROC completed...       0.0330 seconds
                  CHEM completed...       0.4049 seconds
                  AERO completed...       0.1776 seconds
            Master Time Step
            Processing completed...       0.8766 seconds
 
     Processing Day/Time [YYYYDDD:HHMMSS]: 2022183:171000
       Which is Equivalent to (UTC): 17:10:00 Saturday,  July 2, 2022
       Time-Step Length (HHMMSS): 000500
                 VDIFF completed...       0.1348 seconds
                COUPLE completed...       0.0024 seconds
                  HADV completed...       0.0528 seconds
                  ZADV completed...       0.0182 seconds
                 HDIFF completed...       0.0072 seconds
              DECOUPLE completed...       0.0030 seconds
                  PHOT completed...       0.0414 seconds
               CLDPROC completed...       0.0329 seconds
                  CHEM completed...       0.4016 seconds
                  AERO completed...       0.1777 seconds
            Master Time Step
            Processing completed...       0.8734 seconds
 
     Processing Day/Time [YYYYDDD:HHMMSS]: 2022183:171500
       Which is Equivalent to (UTC): 17:15:00 Saturday,  July 2, 2022
       Time-Step Length (HHMMSS): 000500
                 VDIFF completed...       0.1328 seconds
                COUPLE completed...       0.0024 seconds
                  HADV completed...       0.0536 seconds
                  ZADV completed...       0.0181 seconds
                 HDIFF completed...       0.0071 seconds
              DECOUPLE completed...       0.0030 seconds
                  PHOT completed...       0.0411 seconds
               CLDPROC completed...       0.0330 seconds
                  CHEM completed...       0.3977 seconds
                  AERO completed...       0.1783 seconds
            Master Time Step
            Processing completed...       0.8683 seconds
 
     Processing Day/Time [YYYYDDD:HHMMSS]: 2022183:172000
       Which is Equivalent to (UTC): 17:20:00 Saturday,  July 2, 2022
       Time-Step Length (HHMMSS): 000500
                 VDIFF completed...       0.1328 seconds
                COUPLE completed...       0.0024 seconds
                  HADV completed...       0.0521 seconds
                  ZADV completed...       0.0176 seconds
                 HDIFF completed...       0.0072 seconds
              DECOUPLE completed...       0.0030 seconds
                  PHOT completed...       0.0403 seconds
               CLDPROC completed...       0.0329 seconds
                  CHEM completed...       0.3937 seconds
                  AERO completed...       0.1781 seconds
            Master Time Step
            Processing completed...       0.8615 seconds
 
     Processing Day/Time [YYYYDDD:HHMMSS]: 2022183:172500
       Which is Equivalent to (UTC): 17:25:00 Saturday,  July 2, 2022
       Time-Step Length (HHMMSS): 000500
                 VDIFF completed...       0.1332 seconds
                COUPLE completed...       0.0024 seconds
                  HADV completed...       0.0547 seconds
                  ZADV completed...       0.0176 seconds
                 HDIFF completed...       0.0074 seconds
              DECOUPLE completed...       0.0030 seconds
                  PHOT completed...       0.0415 seconds
               CLDPROC completed...       0.0323 seconds
                  CHEM completed...       0.3914 seconds
                  AERO completed...       0.1780 seconds
            Master Time Step
            Processing completed...       0.8630 seconds
 
     Processing Day/Time [YYYYDDD:HHMMSS]: 2022183:173000
       Which is Equivalent to (UTC): 17:30:00 Saturday,  July 2, 2022
       Time-Step Length (HHMMSS): 000500
                 VDIFF completed...       0.1330 seconds
                COUPLE completed...       0.0024 seconds
                  HADV completed...       0.0515 seconds
                  ZADV completed...       0.0175 seconds
                 HDIFF completed...       0.0072 seconds
              DECOUPLE completed...       0.0030 seconds
                  PHOT completed...       0.0407 seconds
               CLDPROC completed...       0.0320 seconds
                  CHEM completed...       0.3909 seconds
                  AERO completed...       0.1781 seconds
            Master Time Step
            Processing completed...       0.8577 seconds
 
     Processing Day/Time [YYYYDDD:HHMMSS]: 2022183:173500
       Which is Equivalent to (UTC): 17:35:00 Saturday,  July 2, 2022
       Time-Step Length (HHMMSS): 000500
                 VDIFF completed...       0.1348 seconds
                COUPLE completed...       0.0024 seconds
                  HADV completed...       0.0527 seconds
                  ZADV completed...       0.0174 seconds
                 HDIFF completed...       0.0072 seconds
              DECOUPLE completed...       0.0030 seconds
                  PHOT completed...       0.0416 seconds
               CLDPROC completed...       0.0320 seconds
                  CHEM completed...       0.3874 seconds
                  AERO completed...       0.1776 seconds
            Master Time Step
            Processing completed...       0.8573 seconds
 
     Processing Day/Time [YYYYDDD:HHMMSS]: 2022183:174000
       Which is Equivalent to (UTC): 17:40:00 Saturday,  July 2, 2022
       Time-Step Length (HHMMSS): 000500
                 VDIFF completed...       0.1332 seconds
                COUPLE completed...       0.0024 seconds
                  HADV completed...       0.0519 seconds
                  ZADV completed...       0.0175 seconds
                 HDIFF completed...       0.0072 seconds
              DECOUPLE completed...       0.0030 seconds
                  PHOT completed...       0.0415 seconds
               CLDPROC completed...       0.0311 seconds
                  CHEM completed...       0.3844 seconds
                  AERO completed...       0.1778 seconds
            Master Time Step
            Processing completed...       0.8514 seconds
 
     Processing Day/Time [YYYYDDD:HHMMSS]: 2022183:174500
       Which is Equivalent to (UTC): 17:45:00 Saturday,  July 2, 2022
       Time-Step Length (HHMMSS): 000500
                 VDIFF completed...       0.1341 seconds
                COUPLE completed...       0.0025 seconds
                  HADV completed...       0.0614 seconds
                  ZADV completed...       0.0175 seconds
                 HDIFF completed...       0.0072 seconds
              DECOUPLE completed...       0.0031 seconds
                  PHOT completed...       0.0405 seconds
               CLDPROC completed...       0.0307 seconds
                  CHEM completed...       0.3825 seconds
                  AERO completed...       0.1780 seconds
            Master Time Step
            Processing completed...       0.8578 seconds
 
     Processing Day/Time [YYYYDDD:HHMMSS]: 2022183:175000
       Which is Equivalent to (UTC): 17:50:00 Saturday,  July 2, 2022
       Time-Step Length (HHMMSS): 000500
                 VDIFF completed...       0.1338 seconds
                COUPLE completed...       0.0025 seconds
                  HADV completed...       0.0578 seconds
                  ZADV completed...       0.0176 seconds
                 HDIFF completed...       0.0072 seconds
              DECOUPLE completed...       0.0031 seconds
                  PHOT completed...       0.0413 seconds
               CLDPROC completed...       0.0308 seconds
                  CHEM completed...       0.3817 seconds
                  AERO completed...       0.1950 seconds
            Master Time Step
            Processing completed...       0.8709 seconds
 
     Processing Day/Time [YYYYDDD:HHMMSS]: 2022183:175500
       Which is Equivalent to (UTC): 17:55:00 Saturday,  July 2, 2022
       Time-Step Length (HHMMSS): 000500
                 VDIFF completed...       0.2620 seconds
                COUPLE completed...       0.0026 seconds
                  HADV completed...       0.0526 seconds
                  ZADV completed...       0.0179 seconds
                 HDIFF completed...       0.0073 seconds
              DECOUPLE completed...       0.0031 seconds
                  PHOT completed...       0.0412 seconds
               CLDPROC completed...       0.0429 seconds
                  CHEM completed...       0.3805 seconds
                  AERO completed...       0.1771 seconds
            Master Time Step
            Processing completed...       0.9875 seconds
 
      =--> Data Output completed...       0.0637 seconds
 
     Processing Day/Time [YYYYDDD:HHMMSS]: 2022183:180000
       Which is Equivalent to (UTC): 18:00:00 Saturday,  July 2, 2022
       Time-Step Length (HHMMSS): 000500
                 VDIFF completed...       0.3315 seconds
                COUPLE completed...       0.0025 seconds
                  HADV completed...       0.1541 seconds
                  ZADV completed...       0.0178 seconds
                 HDIFF completed...       0.0072 seconds
              DECOUPLE completed...       0.0031 seconds
                  PHOT completed...       0.0414 seconds
               CLDPROC completed...       0.0226 seconds
                  CHEM completed...       0.4126 seconds
                  AERO completed...       0.1785 seconds
            Master Time Step
            Processing completed...       1.1715 seconds
 
     Processing Day/Time [YYYYDDD:HHMMSS]: 2022183:180500
       Which is Equivalent to (UTC): 18:05:00 Saturday,  July 2, 2022
       Time-Step Length (HHMMSS): 000500
                 VDIFF completed...       0.1335 seconds
                COUPLE completed...       0.0025 seconds
                  HADV completed...       0.0552 seconds
                  ZADV completed...       0.0176 seconds
                 HDIFF completed...       0.0073 seconds
              DECOUPLE completed...       0.0031 seconds
                  PHOT completed...       0.0410 seconds
               CLDPROC completed...       0.0226 seconds
                  CHEM completed...       0.3919 seconds
                  AERO completed...       0.1790 seconds
            Master Time Step
            Processing completed...       0.8541 seconds
 
     Processing Day/Time [YYYYDDD:HHMMSS]: 2022183:181000
       Which is Equivalent to (UTC): 18:10:00 Saturday,  July 2, 2022
       Time-Step Length (HHMMSS): 000500
                 VDIFF completed...       0.1333 seconds
                COUPLE completed...       0.0025 seconds
                  HADV completed...       0.0627 seconds
                  ZADV completed...       0.0175 seconds
                 HDIFF completed...       0.0071 seconds
              DECOUPLE completed...       0.0031 seconds
                  PHOT completed...       0.0402 seconds
               CLDPROC completed...       0.0220 seconds
                  CHEM completed...       0.3873 seconds
                  AERO completed...       0.1793 seconds
            Master Time Step
            Processing completed...       0.8553 seconds
 
     Processing Day/Time [YYYYDDD:HHMMSS]: 2022183:181500
       Which is Equivalent to (UTC): 18:15:00 Saturday,  July 2, 2022
       Time-Step Length (HHMMSS): 000500
                 VDIFF completed...       0.1341 seconds
                COUPLE completed...       0.0025 seconds
                  HADV completed...       0.0697 seconds
                  ZADV completed...       0.0174 seconds
                 HDIFF completed...       0.0075 seconds
              DECOUPLE completed...       0.0032 seconds
                  PHOT completed...       0.0408 seconds
               CLDPROC completed...       0.0219 seconds
                  CHEM completed...       0.3859 seconds
                  AERO completed...       0.1794 seconds
            Master Time Step
            Processing completed...       0.8628 seconds
 
     Processing Day/Time [YYYYDDD:HHMMSS]: 2022183:182000
       Which is Equivalent to (UTC): 18:20:00 Saturday,  July 2, 2022
       Time-Step Length (HHMMSS): 000500
                 VDIFF completed...       0.1339 seconds
                COUPLE completed...       0.0025 seconds
                  HADV completed...       0.0602 seconds
                  ZADV completed...       0.0174 seconds
                 HDIFF completed...       0.0073 seconds
              DECOUPLE completed...       0.0032 seconds
                  PHOT completed...       0.0409 seconds
               CLDPROC completed...       0.0217 seconds
                  CHEM completed...       0.3829 seconds
                  AERO completed...       0.1796 seconds
            Master Time Step
            Processing completed...       0.8497 seconds
 
     Processing Day/Time [YYYYDDD:HHMMSS]: 2022183:182500
       Which is Equivalent to (UTC): 18:25:00 Saturday,  July 2, 2022
       Time-Step Length (HHMMSS): 000500
                 VDIFF completed...       0.1326 seconds
                COUPLE completed...       0.0024 seconds
                  HADV completed...       0.0675 seconds
                  ZADV completed...       0.0171 seconds
                 HDIFF completed...       0.0073 seconds
              DECOUPLE completed...       0.0030 seconds
                  PHOT completed...       0.0399 seconds
               CLDPROC completed...       0.0205 seconds
                  CHEM completed...       0.3811 seconds
                  AERO completed...       0.1806 seconds
            Master Time Step
            Processing completed...       0.8523 seconds
 
     Processing Day/Time [YYYYDDD:HHMMSS]: 2022183:183000
       Which is Equivalent to (UTC): 18:30:00 Saturday,  July 2, 2022
       Time-Step Length (HHMMSS): 000500
                 VDIFF completed...       0.1332 seconds
                COUPLE completed...       0.0024 seconds
                  HADV completed...       0.0810 seconds
                  ZADV completed...       0.0171 seconds
                 HDIFF completed...       0.0079 seconds
              DECOUPLE completed...       0.0030 seconds
                  PHOT completed...       0.0406 seconds
               CLDPROC completed...       0.0200 seconds
                  CHEM completed...       0.3807 seconds
                  AERO completed...       0.1798 seconds
            Master Time Step
            Processing completed...       0.8659 seconds
 
     Processing Day/Time [YYYYDDD:HHMMSS]: 2022183:183500
       Which is Equivalent to (UTC): 18:35:00 Saturday,  July 2, 2022
       Time-Step Length (HHMMSS): 000500
                 VDIFF completed...       0.1320 seconds
                COUPLE completed...       0.0024 seconds
                  HADV completed...       0.0803 seconds
                  ZADV completed...       0.0170 seconds
                 HDIFF completed...       0.0077 seconds
              DECOUPLE completed...       0.0030 seconds
                  PHOT completed...       0.0405 seconds
               CLDPROC completed...       0.0200 seconds
                  CHEM completed...       0.3797 seconds
                  AERO completed...       0.1802 seconds
            Master Time Step
            Processing completed...       0.8630 seconds
 
     Processing Day/Time [YYYYDDD:HHMMSS]: 2022183:184000
       Which is Equivalent to (UTC): 18:40:00 Saturday,  July 2, 2022
       Time-Step Length (HHMMSS): 000500
                 VDIFF completed...       0.1329 seconds
                COUPLE completed...       0.0024 seconds
                  HADV completed...       0.0810 seconds
                  ZADV completed...       0.0171 seconds
                 HDIFF completed...       0.0079 seconds
              DECOUPLE completed...       0.0030 seconds
                  PHOT completed...       0.0399 seconds
               CLDPROC completed...       0.0199 seconds
                  CHEM completed...       0.3790 seconds
                  AERO completed...       0.1802 seconds
            Master Time Step
            Processing completed...       0.8635 seconds
 
     Processing Day/Time [YYYYDDD:HHMMSS]: 2022183:184500
       Which is Equivalent to (UTC): 18:45:00 Saturday,  July 2, 2022
       Time-Step Length (HHMMSS): 000500
                 VDIFF completed...       0.1330 seconds
                COUPLE completed...       0.0024 seconds
                  HADV completed...       0.0904 seconds
                  ZADV completed...       0.0170 seconds
                 HDIFF completed...       0.0083 seconds
              DECOUPLE completed...       0.0030 seconds
                  PHOT completed...       0.0396 seconds
               CLDPROC completed...       0.0194 seconds
                  CHEM completed...       0.3779 seconds
                  AERO completed...       0.1805 seconds
            Master Time Step
            Processing completed...       0.8717 seconds
 
     Processing Day/Time [YYYYDDD:HHMMSS]: 2022183:185000
       Which is Equivalent to (UTC): 18:50:00 Saturday,  July 2, 2022
       Time-Step Length (HHMMSS): 000500
                 VDIFF completed...       0.1328 seconds
                COUPLE completed...       0.0024 seconds
                  HADV completed...       0.1164 seconds
                  ZADV completed...       0.0168 seconds
                 HDIFF completed...       0.0084 seconds
              DECOUPLE completed...       0.0030 seconds
                  PHOT completed...       0.0406 seconds
               CLDPROC completed...       0.0190 seconds
                  CHEM completed...       0.3768 seconds
                  AERO completed...       0.1809 seconds
            Master Time Step
            Processing completed...       0.8972 seconds
 
     Processing Day/Time [YYYYDDD:HHMMSS]: 2022183:185500
       Which is Equivalent to (UTC): 18:55:00 Saturday,  July 2, 2022
       Time-Step Length (HHMMSS): 000500
                 VDIFF completed...       0.2056 seconds
                COUPLE completed...       0.0026 seconds
                  HADV completed...       0.0534 seconds
                  ZADV completed...       0.0169 seconds
                 HDIFF completed...       0.0085 seconds
              DECOUPLE completed...       0.0030 seconds
                  PHOT completed...       0.0406 seconds
               CLDPROC completed...       0.0409 seconds
                  CHEM completed...       0.3783 seconds
                  AERO completed...       0.1788 seconds
            Master Time Step
            Processing completed...       0.9288 seconds
 
      =--> Data Output completed...       0.0648 seconds
 
     Processing Day/Time [YYYYDDD:HHMMSS]: 2022183:190000
       Which is Equivalent to (UTC): 19:00:00 Saturday,  July 2, 2022
       Time-Step Length (HHMMSS): 000500
                 VDIFF completed...       0.3335 seconds
                COUPLE completed...       0.0024 seconds
                  HADV completed...       0.1607 seconds
                  ZADV completed...       0.0167 seconds
                 HDIFF completed...       0.0085 seconds
              DECOUPLE completed...       0.0030 seconds
                  PHOT completed...       0.0418 seconds
               CLDPROC completed...       0.0171 seconds
                  CHEM completed...       0.3701 seconds
                  AERO completed...       0.1794 seconds
            Master Time Step
            Processing completed...       1.1334 seconds
 
     Processing Day/Time [YYYYDDD:HHMMSS]: 2022183:190500
       Which is Equivalent to (UTC): 19:05:00 Saturday,  July 2, 2022
       Time-Step Length (HHMMSS): 000500
                 VDIFF completed...       0.1339 seconds
                COUPLE completed...       0.0024 seconds
                  HADV completed...       0.1572 seconds
                  ZADV completed...       0.0166 seconds
                 HDIFF completed...       0.0086 seconds
              DECOUPLE completed...       0.0030 seconds
                  PHOT completed...       0.0406 seconds
               CLDPROC completed...       0.0172 seconds
                  CHEM completed...       0.3637 seconds
                  AERO completed...       0.1796 seconds
            Master Time Step
            Processing completed...       0.9230 seconds
 
     Processing Day/Time [YYYYDDD:HHMMSS]: 2022183:191000
       Which is Equivalent to (UTC): 19:10:00 Saturday,  July 2, 2022
       Time-Step Length (HHMMSS): 000500
                 VDIFF completed...       0.1339 seconds
                COUPLE completed...       0.0024 seconds
                  HADV completed...       0.1340 seconds
                  ZADV completed...       0.0163 seconds
                 HDIFF completed...       0.0085 seconds
              DECOUPLE completed...       0.0030 seconds
                  PHOT completed...       0.0399 seconds
               CLDPROC completed...       0.0172 seconds
                  CHEM completed...       0.3619 seconds
                  AERO completed...       0.1797 seconds
            Master Time Step
            Processing completed...       0.8969 seconds
 
     Processing Day/Time [YYYYDDD:HHMMSS]: 2022183:191500
       Which is Equivalent to (UTC): 19:15:00 Saturday,  July 2, 2022
       Time-Step Length (HHMMSS): 000500
                 VDIFF completed...       0.1354 seconds
                COUPLE completed...       0.0024 seconds
                  HADV completed...       0.1376 seconds
                  ZADV completed...       0.0163 seconds
                 HDIFF completed...       0.0089 seconds
              DECOUPLE completed...       0.0030 seconds
                  PHOT completed...       0.0402 seconds
               CLDPROC completed...       0.0167 seconds
                  CHEM completed...       0.3598 seconds
                  AERO completed...       0.1797 seconds
            Master Time Step
            Processing completed...       0.9001 seconds
 
     Processing Day/Time [YYYYDDD:HHMMSS]: 2022183:192000
       Which is Equivalent to (UTC): 19:20:00 Saturday,  July 2, 2022
       Time-Step Length (HHMMSS): 000500
                 VDIFF completed...       0.1341 seconds
                COUPLE completed...       0.0024 seconds
                  HADV completed...       0.1383 seconds
                  ZADV completed...       0.0162 seconds
                 HDIFF completed...       0.0086 seconds
              DECOUPLE completed...       0.0030 seconds
                  PHOT completed...       0.0402 seconds
               CLDPROC completed...       0.0160 seconds
                  CHEM completed...       0.3587 seconds
                  AERO completed...       0.1804 seconds
            Master Time Step
            Processing completed...       0.8981 seconds
 
     Processing Day/Time [YYYYDDD:HHMMSS]: 2022183:192500
       Which is Equivalent to (UTC): 19:25:00 Saturday,  July 2, 2022
       Time-Step Length (HHMMSS): 000500
                 VDIFF completed...       0.1347 seconds
                COUPLE completed...       0.0024 seconds
                  HADV completed...       0.1421 seconds
                  ZADV completed...       0.0163 seconds
                 HDIFF completed...       0.0082 seconds
              DECOUPLE completed...       0.0030 seconds
                  PHOT completed...       0.0396 seconds
               CLDPROC completed...       0.0169 seconds
                  CHEM completed...       0.3581 seconds
                  AERO completed...       0.1831 seconds
            Master Time Step
            Processing completed...       0.9046 seconds
 
     Processing Day/Time [YYYYDDD:HHMMSS]: 2022183:193000
       Which is Equivalent to (UTC): 19:30:00 Saturday,  July 2, 2022
       Time-Step Length (HHMMSS): 000500
                 VDIFF completed...       0.1402 seconds
                COUPLE completed...       0.0024 seconds
                  HADV completed...       0.1394 seconds
                  ZADV completed...       0.0160 seconds
                 HDIFF completed...       0.0096 seconds
              DECOUPLE completed...       0.0030 seconds
                  PHOT completed...       0.0395 seconds
               CLDPROC completed...       0.0157 seconds
                  CHEM completed...       0.3568 seconds
                  AERO completed...       0.1805 seconds
            Master Time Step
            Processing completed...       0.9033 seconds
 
     Processing Day/Time [YYYYDDD:HHMMSS]: 2022183:193500
       Which is Equivalent to (UTC): 19:35:00 Saturday,  July 2, 2022
       Time-Step Length (HHMMSS): 000500
                 VDIFF completed...       0.1348 seconds
                COUPLE completed...       0.0024 seconds
                  HADV completed...       0.1484 seconds
                  ZADV completed...       0.0162 seconds
                 HDIFF completed...       0.0086 seconds
              DECOUPLE completed...       0.0030 seconds
                  PHOT completed...       0.0401 seconds
               CLDPROC completed...       0.0150 seconds
                  CHEM completed...       0.3568 seconds
                  AERO completed...       0.1810 seconds
            Master Time Step
            Processing completed...       0.9064 seconds
 
     Processing Day/Time [YYYYDDD:HHMMSS]: 2022183:194000
       Which is Equivalent to (UTC): 19:40:00 Saturday,  July 2, 2022
       Time-Step Length (HHMMSS): 000500
                 VDIFF completed...       0.1354 seconds
                COUPLE completed...       0.0024 seconds
                  HADV completed...       0.1514 seconds
                  ZADV completed...       0.0159 seconds
                 HDIFF completed...       0.0088 seconds
              DECOUPLE completed...       0.0030 seconds
                  PHOT completed...       0.0400 seconds
               CLDPROC completed...       0.0146 seconds
                  CHEM completed...       0.3547 seconds
                  AERO completed...       0.1828 seconds
            Master Time Step
            Processing completed...       0.9092 seconds
 
     Processing Day/Time [YYYYDDD:HHMMSS]: 2022183:194500
       Which is Equivalent to (UTC): 19:45:00 Saturday,  July 2, 2022
       Time-Step Length (HHMMSS): 000500
                 VDIFF completed...       0.1356 seconds
                COUPLE completed...       0.0024 seconds
                  HADV completed...       0.1592 seconds
                  ZADV completed...       0.0160 seconds
                 HDIFF completed...       0.0095 seconds
              DECOUPLE completed...       0.0030 seconds
                  PHOT completed...       0.0390 seconds
               CLDPROC completed...       0.0138 seconds
                  CHEM completed...       0.3549 seconds
                  AERO completed...       0.1827 seconds
            Master Time Step
            Processing completed...       0.9163 seconds
 
     Processing Day/Time [YYYYDDD:HHMMSS]: 2022183:195000
       Which is Equivalent to (UTC): 19:50:00 Saturday,  July 2, 2022
       Time-Step Length (HHMMSS): 000500
                 VDIFF completed...       0.1384 seconds
                COUPLE completed...       0.0024 seconds
                  HADV completed...       0.1544 seconds
                  ZADV completed...       0.0160 seconds
                 HDIFF completed...       0.0090 seconds
              DECOUPLE completed...       0.0030 seconds
                  PHOT completed...       0.0398 seconds
               CLDPROC completed...       0.0123 seconds
                  CHEM completed...       0.3528 seconds
                  AERO completed...       0.1830 seconds
            Master Time Step
            Processing completed...       0.9112 seconds
 
     Processing Day/Time [YYYYDDD:HHMMSS]: 2022183:195500
       Which is Equivalent to (UTC): 19:55:00 Saturday,  July 2, 2022
       Time-Step Length (HHMMSS): 000500
                 VDIFF completed...       0.2678 seconds
                COUPLE completed...       0.0024 seconds
                  HADV completed...       0.0544 seconds
                  ZADV completed...       0.0160 seconds
                 HDIFF completed...       0.0092 seconds
              DECOUPLE completed...       0.0030 seconds
                  PHOT completed...       0.0398 seconds
               CLDPROC completed...       0.0459 seconds
                  CHEM completed...       0.3508 seconds
                  AERO completed...       0.1820 seconds
            Master Time Step
            Processing completed...       0.9714 seconds
 
      =--> Data Output completed...       0.1151 seconds
 
     Processing Day/Time [YYYYDDD:HHMMSS]: 2022183:200000
       Which is Equivalent to (UTC): 20:00:00 Saturday,  July 2, 2022
       Time-Step Length (HHMMSS): 000500
                 VDIFF completed...       0.3403 seconds
                COUPLE completed...       0.0024 seconds
                  HADV completed...       0.1497 seconds
                  ZADV completed...       0.0161 seconds
                 HDIFF completed...       0.0099 seconds
              DECOUPLE completed...       0.0030 seconds
                  PHOT completed...       0.0414 seconds
               CLDPROC completed...       0.0101 seconds
                  CHEM completed...       0.3478 seconds
                  AERO completed...       0.1831 seconds
            Master Time Step
            Processing completed...       1.1039 seconds
 
     Processing Day/Time [YYYYDDD:HHMMSS]: 2022183:200500
       Which is Equivalent to (UTC): 20:05:00 Saturday,  July 2, 2022
       Time-Step Length (HHMMSS): 000500
                 VDIFF completed...       0.1375 seconds
                COUPLE completed...       0.0024 seconds
                  HADV completed...       0.1969 seconds
                  ZADV completed...       0.0162 seconds
                 HDIFF completed...       0.0092 seconds
              DECOUPLE completed...       0.0030 seconds
                  PHOT completed...       0.0392 seconds
               CLDPROC completed...       0.0104 seconds
                  CHEM completed...       0.3441 seconds
                  AERO completed...       0.1833 seconds
            Master Time Step
            Processing completed...       0.9425 seconds
 
     Processing Day/Time [YYYYDDD:HHMMSS]: 2022183:201000
       Which is Equivalent to (UTC): 20:10:00 Saturday,  July 2, 2022
       Time-Step Length (HHMMSS): 000500
                 VDIFF completed...       0.1366 seconds
                COUPLE completed...       0.0024 seconds
                  HADV completed...       0.1581 seconds
                  ZADV completed...       0.0160 seconds
                 HDIFF completed...       0.0085 seconds
              DECOUPLE completed...       0.0030 seconds
                  PHOT completed...       0.0392 seconds
               CLDPROC completed...       0.0095 seconds
                  CHEM completed...       0.3423 seconds
                  AERO completed...       0.1829 seconds
            Master Time Step
            Processing completed...       0.8988 seconds
 
     Processing Day/Time [YYYYDDD:HHMMSS]: 2022183:201500
       Which is Equivalent to (UTC): 20:15:00 Saturday,  July 2, 2022
       Time-Step Length (HHMMSS): 000500
                 VDIFF completed...       0.1384 seconds
                COUPLE completed...       0.0024 seconds
                  HADV completed...       0.1573 seconds
                  ZADV completed...       0.0161 seconds
                 HDIFF completed...       0.0081 seconds
              DECOUPLE completed...       0.0030 seconds
                  PHOT completed...       0.0395 seconds
               CLDPROC completed...       0.0098 seconds
                  CHEM completed...       0.3396 seconds
                  AERO completed...       0.2065 seconds
            Master Time Step
            Processing completed...       0.9208 seconds
 
     Processing Day/Time [YYYYDDD:HHMMSS]: 2022183:202000
       Which is Equivalent to (UTC): 20:20:00 Saturday,  July 2, 2022
       Time-Step Length (HHMMSS): 000500
                 VDIFF completed...       0.1350 seconds
                COUPLE completed...       0.0024 seconds
                  HADV completed...       0.1284 seconds
                  ZADV completed...       0.0161 seconds
                 HDIFF completed...       0.0080 seconds
              DECOUPLE completed...       0.0030 seconds
                  PHOT completed...       0.0396 seconds
               CLDPROC completed...       0.0091 seconds
                  CHEM completed...       0.3374 seconds
                  AERO completed...       0.1827 seconds
            Master Time Step
            Processing completed...       0.8619 seconds
 
     Processing Day/Time [YYYYDDD:HHMMSS]: 2022183:202500
       Which is Equivalent to (UTC): 20:25:00 Saturday,  July 2, 2022
       Time-Step Length (HHMMSS): 000500
                 VDIFF completed...       0.1397 seconds
                COUPLE completed...       0.0024 seconds
                  HADV completed...       0.1470 seconds
                  ZADV completed...       0.0163 seconds
                 HDIFF completed...       0.0079 seconds
              DECOUPLE completed...       0.0030 seconds
                  PHOT completed...       0.0389 seconds
               CLDPROC completed...       0.0094 seconds
                  CHEM completed...       0.3368 seconds
                  AERO completed...       0.1836 seconds
            Master Time Step
            Processing completed...       0.8851 seconds
 
     Processing Day/Time [YYYYDDD:HHMMSS]: 2022183:203000
       Which is Equivalent to (UTC): 20:30:00 Saturday,  July 2, 2022
       Time-Step Length (HHMMSS): 000500
                 VDIFF completed...       0.1411 seconds
                COUPLE completed...       0.0024 seconds
                  HADV completed...       0.1424 seconds
                  ZADV completed...       0.0162 seconds
                 HDIFF completed...       0.0078 seconds
              DECOUPLE completed...       0.0030 seconds
                  PHOT completed...       0.0393 seconds
               CLDPROC completed...       0.0094 seconds
                  CHEM completed...       0.3353 seconds
                  AERO completed...       0.1955 seconds
            Master Time Step
            Processing completed...       0.8925 seconds
 
     Processing Day/Time [YYYYDDD:HHMMSS]: 2022183:203500
       Which is Equivalent to (UTC): 20:35:00 Saturday,  July 2, 2022
       Time-Step Length (HHMMSS): 000500
                 VDIFF completed...       0.1390 seconds
                COUPLE completed...       0.0024 seconds
                  HADV completed...       0.1358 seconds
                  ZADV completed...       0.0161 seconds
                 HDIFF completed...       0.0076 seconds
              DECOUPLE completed...       0.0030 seconds
                  PHOT completed...       0.0395 seconds
               CLDPROC completed...       0.0089 seconds
                  CHEM completed...       0.3342 seconds
                  AERO completed...       0.1814 seconds
            Master Time Step
            Processing completed...       0.8680 seconds
 
     Processing Day/Time [YYYYDDD:HHMMSS]: 2022183:204000
       Which is Equivalent to (UTC): 20:40:00 Saturday,  July 2, 2022
       Time-Step Length (HHMMSS): 000500
                 VDIFF completed...       0.1395 seconds
                COUPLE completed...       0.0024 seconds
                  HADV completed...       0.1406 seconds
                  ZADV completed...       0.0162 seconds
                 HDIFF completed...       0.0077 seconds
              DECOUPLE completed...       0.0030 seconds
                  PHOT completed...       0.0389 seconds
               CLDPROC completed...       0.0091 seconds
                  CHEM completed...       0.3347 seconds
                  AERO completed...       0.1812 seconds
            Master Time Step
            Processing completed...       0.8735 seconds
 
     Processing Day/Time [YYYYDDD:HHMMSS]: 2022183:204500
       Which is Equivalent to (UTC): 20:45:00 Saturday,  July 2, 2022
       Time-Step Length (HHMMSS): 000500
                 VDIFF completed...       0.1378 seconds
                COUPLE completed...       0.0024 seconds
                  HADV completed...       0.1409 seconds
                  ZADV completed...       0.0162 seconds
                 HDIFF completed...       0.0079 seconds
              DECOUPLE completed...       0.0030 seconds
                  PHOT completed...       0.0395 seconds
               CLDPROC completed...       0.0090 seconds
                  CHEM completed...       0.3312 seconds
                  AERO completed...       0.1855 seconds
            Master Time Step
            Processing completed...       0.8735 seconds
 
     Processing Day/Time [YYYYDDD:HHMMSS]: 2022183:205000
       Which is Equivalent to (UTC): 20:50:00 Saturday,  July 2, 2022
       Time-Step Length (HHMMSS): 000500
                 VDIFF completed...       0.1394 seconds
                COUPLE completed...       0.0024 seconds
                  HADV completed...       0.1354 seconds
                  ZADV completed...       0.0163 seconds
                 HDIFF completed...       0.0082 seconds
              DECOUPLE completed...       0.0030 seconds
                  PHOT completed...       0.0397 seconds
               CLDPROC completed...       0.0089 seconds
                  CHEM completed...       0.3311 seconds
                  AERO completed...       0.1820 seconds
            Master Time Step
            Processing completed...       0.8665 seconds
 
     Processing Day/Time [YYYYDDD:HHMMSS]: 2022183:205500
       Which is Equivalent to (UTC): 20:55:00 Saturday,  July 2, 2022
       Time-Step Length (HHMMSS): 000500
                 VDIFF completed...       0.2496 seconds
                COUPLE completed...       0.0024 seconds
                  HADV completed...       0.0544 seconds
                  ZADV completed...       0.0163 seconds
                 HDIFF completed...       0.0082 seconds
              DECOUPLE completed...       0.0030 seconds
                  PHOT completed...       0.0394 seconds
               CLDPROC completed...       0.0404 seconds
                  CHEM completed...       0.3285 seconds
                  AERO completed...       0.1881 seconds
            Master Time Step
            Processing completed...       0.9305 seconds
 
      =--> Data Output completed...       0.1041 seconds
 
     Processing Day/Time [YYYYDDD:HHMMSS]: 2022183:210000
       Which is Equivalent to (UTC): 21:00:00 Saturday,  July 2, 2022
       Time-Step Length (HHMMSS): 000500
                 VDIFF completed...       0.3074 seconds
                COUPLE completed...       0.0024 seconds
                  HADV completed...       0.1273 seconds
                  ZADV completed...       0.0163 seconds
                 HDIFF completed...       0.0082 seconds
              DECOUPLE completed...       0.0030 seconds
                  PHOT completed...       0.0408 seconds
               CLDPROC completed...       0.0090 seconds
                  CHEM completed...       0.3334 seconds
                  AERO completed...       0.1879 seconds
            Master Time Step
            Processing completed...       1.0358 seconds
 
     Processing Day/Time [YYYYDDD:HHMMSS]: 2022183:210500
       Which is Equivalent to (UTC): 21:05:00 Saturday,  July 2, 2022
       Time-Step Length (HHMMSS): 000500
                 VDIFF completed...       0.1408 seconds
                COUPLE completed...       0.0024 seconds
                  HADV completed...       0.1320 seconds
                  ZADV completed...       0.0171 seconds
                 HDIFF completed...       0.0072 seconds
              DECOUPLE completed...       0.0032 seconds
                  PHOT completed...       0.0414 seconds
               CLDPROC completed...       0.0089 seconds
                  CHEM completed...       0.3328 seconds
                  AERO completed...       0.1898 seconds
            Master Time Step
            Processing completed...       0.8757 seconds
 
     Processing Day/Time [YYYYDDD:HHMMSS]: 2022183:211000
       Which is Equivalent to (UTC): 21:10:00 Saturday,  July 2, 2022
       Time-Step Length (HHMMSS): 000500
                 VDIFF completed...       0.1353 seconds
                COUPLE completed...       0.0025 seconds
                  HADV completed...       0.1167 seconds
                  ZADV completed...       0.0162 seconds
                 HDIFF completed...       0.0077 seconds
              DECOUPLE completed...       0.0030 seconds
                  PHOT completed...       0.0395 seconds
               CLDPROC completed...       0.0091 seconds
                  CHEM completed...       0.3262 seconds
                  AERO completed...       0.1841 seconds
            Master Time Step
            Processing completed...       0.8405 seconds
 
     Processing Day/Time [YYYYDDD:HHMMSS]: 2022183:211500
       Which is Equivalent to (UTC): 21:15:00 Saturday,  July 2, 2022
       Time-Step Length (HHMMSS): 000500
                 VDIFF completed...       0.1368 seconds
                COUPLE completed...       0.0024 seconds
                  HADV completed...       0.1376 seconds
                  ZADV completed...       0.0164 seconds
                 HDIFF completed...       0.0087 seconds
              DECOUPLE completed...       0.0030 seconds
                  PHOT completed...       0.0386 seconds
               CLDPROC completed...       0.0093 seconds
                  CHEM completed...       0.3194 seconds
                  AERO completed...       0.1837 seconds
            Master Time Step
            Processing completed...       0.8560 seconds
 
     Processing Day/Time [YYYYDDD:HHMMSS]: 2022183:212000
       Which is Equivalent to (UTC): 21:20:00 Saturday,  July 2, 2022
       Time-Step Length (HHMMSS): 000500
                 VDIFF completed...       0.1391 seconds
                COUPLE completed...       0.0024 seconds
                  HADV completed...       0.1373 seconds
                  ZADV completed...       0.0163 seconds
                 HDIFF completed...       0.0083 seconds
              DECOUPLE completed...       0.0030 seconds
                  PHOT completed...       0.0396 seconds
               CLDPROC completed...       0.0089 seconds
                  CHEM completed...       0.3184 seconds
                  AERO completed...       0.1839 seconds
            Master Time Step
            Processing completed...       0.8574 seconds
 
     Processing Day/Time [YYYYDDD:HHMMSS]: 2022183:212500
       Which is Equivalent to (UTC): 21:25:00 Saturday,  July 2, 2022
       Time-Step Length (HHMMSS): 000500
                 VDIFF completed...       0.1422 seconds
                COUPLE completed...       0.0024 seconds
                  HADV completed...       0.1383 seconds
                  ZADV completed...       0.0166 seconds
                 HDIFF completed...       0.0078 seconds
              DECOUPLE completed...       0.0031 seconds
                  PHOT completed...       0.0394 seconds
               CLDPROC completed...       0.0090 seconds
                  CHEM completed...       0.3170 seconds
                  AERO completed...       0.1848 seconds
            Master Time Step
            Processing completed...       0.8608 seconds
 
     Processing Day/Time [YYYYDDD:HHMMSS]: 2022183:213000
       Which is Equivalent to (UTC): 21:30:00 Saturday,  July 2, 2022
       Time-Step Length (HHMMSS): 000500
                 VDIFF completed...       0.1440 seconds
                COUPLE completed...       0.0024 seconds
                  HADV completed...       0.1540 seconds
                  ZADV completed...       0.0163 seconds
                 HDIFF completed...       0.0085 seconds
              DECOUPLE completed...       0.0030 seconds
                  PHOT completed...       0.0394 seconds
               CLDPROC completed...       0.0090 seconds
                  CHEM completed...       0.3154 seconds
                  AERO completed...       0.1823 seconds
            Master Time Step
            Processing completed...       0.8745 seconds
 
     Processing Day/Time [YYYYDDD:HHMMSS]: 2022183:213500
       Which is Equivalent to (UTC): 21:35:00 Saturday,  July 2, 2022
       Time-Step Length (HHMMSS): 000500
                 VDIFF completed...       0.1389 seconds
                COUPLE completed...       0.0024 seconds
                  HADV completed...       0.1460 seconds
                  ZADV completed...       0.0163 seconds
                 HDIFF completed...       0.0076 seconds
              DECOUPLE completed...       0.0030 seconds
                  PHOT completed...       0.0395 seconds
               CLDPROC completed...       0.0088 seconds
                  CHEM completed...       0.3161 seconds
                  AERO completed...       0.1824 seconds
            Master Time Step
            Processing completed...       0.8611 seconds
 
     Processing Day/Time [YYYYDDD:HHMMSS]: 2022183:214000
       Which is Equivalent to (UTC): 21:40:00 Saturday,  July 2, 2022
       Time-Step Length (HHMMSS): 000500
                 VDIFF completed...       0.1397 seconds
                COUPLE completed...       0.0025 seconds
                  HADV completed...       0.1466 seconds
                  ZADV completed...       0.0164 seconds
                 HDIFF completed...       0.0084 seconds
              DECOUPLE completed...       0.0030 seconds
                  PHOT completed...       0.0385 seconds
               CLDPROC completed...       0.0090 seconds
                  CHEM completed...       0.3124 seconds
                  AERO completed...       0.1829 seconds
            Master Time Step
            Processing completed...       0.8597 seconds
 
     Processing Day/Time [YYYYDDD:HHMMSS]: 2022183:214500
       Which is Equivalent to (UTC): 21:45:00 Saturday,  July 2, 2022
       Time-Step Length (HHMMSS): 000500
                 VDIFF completed...       0.1399 seconds
                COUPLE completed...       0.0024 seconds
                  HADV completed...       0.1514 seconds
                  ZADV completed...       0.0162 seconds
                 HDIFF completed...       0.0090 seconds
              DECOUPLE completed...       0.0030 seconds
                  PHOT completed...       0.0388 seconds
               CLDPROC completed...       0.0089 seconds
                  CHEM completed...       0.3103 seconds
                  AERO completed...       0.1829 seconds
            Master Time Step
            Processing completed...       0.8632 seconds
 
     Processing Day/Time [YYYYDDD:HHMMSS]: 2022183:215000
       Which is Equivalent to (UTC): 21:50:00 Saturday,  July 2, 2022
       Time-Step Length (HHMMSS): 000500
                 VDIFF completed...       0.1406 seconds
                COUPLE completed...       0.0024 seconds
                  HADV completed...       0.1490 seconds
                  ZADV completed...       0.0162 seconds
                 HDIFF completed...       0.0085 seconds
              DECOUPLE completed...       0.0030 seconds
                  PHOT completed...       0.0383 seconds
               CLDPROC completed...       0.0088 seconds
                  CHEM completed...       0.3095 seconds
                  AERO completed...       0.1827 seconds
            Master Time Step
            Processing completed...       0.8592 seconds
 
     Processing Day/Time [YYYYDDD:HHMMSS]: 2022183:215500
       Which is Equivalent to (UTC): 21:55:00 Saturday,  July 2, 2022
       Time-Step Length (HHMMSS): 000500
                 VDIFF completed...       0.2628 seconds
                COUPLE completed...       0.0026 seconds
                  HADV completed...       0.0535 seconds
                  ZADV completed...       0.0165 seconds
                 HDIFF completed...       0.0081 seconds
              DECOUPLE completed...       0.0030 seconds
                  PHOT completed...       0.0394 seconds
               CLDPROC completed...       0.0408 seconds
                  CHEM completed...       0.3074 seconds
                  AERO completed...       0.1828 seconds
            Master Time Step
            Processing completed...       0.9172 seconds
 
      =--> Data Output completed...       0.1292 seconds
 
     Processing Day/Time [YYYYDDD:HHMMSS]: 2022183:220000
       Which is Equivalent to (UTC): 22:00:00 Saturday,  July 2, 2022
       Time-Step Length (HHMMSS): 000500
                 VDIFF completed...       0.2868 seconds
                COUPLE completed...       0.0024 seconds
                  HADV completed...       0.1176 seconds
                  ZADV completed...       0.0164 seconds
                 HDIFF completed...       0.0094 seconds
              DECOUPLE completed...       0.0030 seconds
                  PHOT completed...       0.0401 seconds
               CLDPROC completed...       0.0088 seconds
                  CHEM completed...       0.3057 seconds
                  AERO completed...       0.1826 seconds
            Master Time Step
            Processing completed...       0.9729 seconds
 
     Processing Day/Time [YYYYDDD:HHMMSS]: 2022183:220500
       Which is Equivalent to (UTC): 22:05:00 Saturday,  July 2, 2022
       Time-Step Length (HHMMSS): 000500
                 VDIFF completed...       0.1526 seconds
                COUPLE completed...       0.0024 seconds
                  HADV completed...       0.1382 seconds
                  ZADV completed...       0.0165 seconds
                 HDIFF completed...       0.0081 seconds
              DECOUPLE completed...       0.0030 seconds
                  PHOT completed...       0.0389 seconds
               CLDPROC completed...       0.0086 seconds
                  CHEM completed...       0.3039 seconds
                  AERO completed...       0.1826 seconds
            Master Time Step
            Processing completed...       0.8550 seconds
 
     Processing Day/Time [YYYYDDD:HHMMSS]: 2022183:221000
       Which is Equivalent to (UTC): 22:10:00 Saturday,  July 2, 2022
       Time-Step Length (HHMMSS): 000500
                 VDIFF completed...       0.1452 seconds
                COUPLE completed...       0.0024 seconds
                  HADV completed...       0.1338 seconds
                  ZADV completed...       0.0164 seconds
                 HDIFF completed...       0.0078 seconds
              DECOUPLE completed...       0.0030 seconds
                  PHOT completed...       0.0393 seconds
               CLDPROC completed...       0.0087 seconds
                  CHEM completed...       0.3015 seconds
                  AERO completed...       0.1826 seconds
            Master Time Step
            Processing completed...       0.8409 seconds
 
     Processing Day/Time [YYYYDDD:HHMMSS]: 2022183:221500
       Which is Equivalent to (UTC): 22:15:00 Saturday,  July 2, 2022
       Time-Step Length (HHMMSS): 000500
                 VDIFF completed...       0.1455 seconds
                COUPLE completed...       0.0024 seconds
                  HADV completed...       0.1329 seconds
                  ZADV completed...       0.0165 seconds
                 HDIFF completed...       0.0088 seconds
              DECOUPLE completed...       0.0030 seconds
                  PHOT completed...       0.0395 seconds
               CLDPROC completed...       0.0085 seconds
                  CHEM completed...       0.2997 seconds
                  AERO completed...       0.1829 seconds
            Master Time Step
            Processing completed...       0.8397 seconds
 
     Processing Day/Time [YYYYDDD:HHMMSS]: 2022183:222000
       Which is Equivalent to (UTC): 22:20:00 Saturday,  July 2, 2022
       Time-Step Length (HHMMSS): 000500
                 VDIFF completed...       0.1441 seconds
                COUPLE completed...       0.0024 seconds
                  HADV completed...       0.1341 seconds
                  ZADV completed...       0.0165 seconds
                 HDIFF completed...       0.0084 seconds
              DECOUPLE completed...       0.0030 seconds
                  PHOT completed...       0.0386 seconds
               CLDPROC completed...       0.0085 seconds
                  CHEM completed...       0.2969 seconds
                  AERO completed...       0.1825 seconds
            Master Time Step
            Processing completed...       0.8353 seconds
 
     Processing Day/Time [YYYYDDD:HHMMSS]: 2022183:222500
       Which is Equivalent to (UTC): 22:25:00 Saturday,  July 2, 2022
       Time-Step Length (HHMMSS): 000500
                 VDIFF completed...       0.1452 seconds
                COUPLE completed...       0.0024 seconds
                  HADV completed...       0.6782 seconds
                  ZADV completed...       0.0165 seconds
                 HDIFF completed...       0.0324 seconds
              DECOUPLE completed...       0.0030 seconds
                  PHOT completed...       0.0392 seconds
               CLDPROC completed...       0.0087 seconds
                  CHEM completed...       0.2953 seconds
                  AERO completed...       0.1827 seconds
            Master Time Step
            Processing completed...       1.4037 seconds
 
     Processing Day/Time [YYYYDDD:HHMMSS]: 2022183:223000
       Which is Equivalent to (UTC): 22:30:00 Saturday,  July 2, 2022
       Time-Step Length (HHMMSS): 000500
                 VDIFF completed...       0.1443 seconds
                COUPLE completed...       0.0024 seconds
                  HADV completed...       0.1295 seconds
                  ZADV completed...       0.0167 seconds
                 HDIFF completed...       0.0093 seconds
              DECOUPLE completed...       0.0031 seconds
                  PHOT completed...       0.0394 seconds
               CLDPROC completed...       0.0085 seconds
                  CHEM completed...       0.2942 seconds
                  AERO completed...       0.1846 seconds
            Master Time Step
            Processing completed...       0.8322 seconds
 
     Processing Day/Time [YYYYDDD:HHMMSS]: 2022183:223500
       Which is Equivalent to (UTC): 22:35:00 Saturday,  July 2, 2022
       Time-Step Length (HHMMSS): 000500
                 VDIFF completed...       0.1433 seconds
                COUPLE completed...       0.0024 seconds
                  HADV completed...       0.1284 seconds
                  ZADV completed...       0.0166 seconds
                 HDIFF completed...       0.0081 seconds
              DECOUPLE completed...       0.0030 seconds
                  PHOT completed...       0.0393 seconds
               CLDPROC completed...       0.0085 seconds
                  CHEM completed...       0.2926 seconds
                  AERO completed...       0.1838 seconds
            Master Time Step
            Processing completed...       0.8261 seconds
 
     Processing Day/Time [YYYYDDD:HHMMSS]: 2022183:224000
       Which is Equivalent to (UTC): 22:40:00 Saturday,  July 2, 2022
       Time-Step Length (HHMMSS): 000500
                 VDIFF completed...       0.1417 seconds
                COUPLE completed...       0.0024 seconds
                  HADV completed...       0.1285 seconds
                  ZADV completed...       0.0167 seconds
                 HDIFF completed...       0.0096 seconds
              DECOUPLE completed...       0.0030 seconds
                  PHOT completed...       0.0395 seconds
               CLDPROC completed...       0.0086 seconds
                  CHEM completed...       0.2906 seconds
                  AERO completed...       0.1841 seconds
            Master Time Step
            Processing completed...       0.8249 seconds
 
     Processing Day/Time [YYYYDDD:HHMMSS]: 2022183:224500
       Which is Equivalent to (UTC): 22:45:00 Saturday,  July 2, 2022
       Time-Step Length (HHMMSS): 000500
                 VDIFF completed...       0.1432 seconds
                COUPLE completed...       0.0024 seconds
                  HADV completed...       0.1218 seconds
                  ZADV completed...       0.0168 seconds
                 HDIFF completed...       0.0092 seconds
              DECOUPLE completed...       0.0030 seconds
                  PHOT completed...       0.0397 seconds
               CLDPROC completed...       0.0082 seconds
                  CHEM completed...       0.2885 seconds
                  AERO completed...       0.1843 seconds
            Master Time Step
            Processing completed...       0.8173 seconds
 
     Processing Day/Time [YYYYDDD:HHMMSS]: 2022183:225000
       Which is Equivalent to (UTC): 22:50:00 Saturday,  July 2, 2022
       Time-Step Length (HHMMSS): 000500
                 VDIFF completed...       0.1455 seconds
                COUPLE completed...       0.0024 seconds
                  HADV completed...       0.1184 seconds
                  ZADV completed...       0.0168 seconds
                 HDIFF completed...       0.0101 seconds
              DECOUPLE completed...       0.0030 seconds
                  PHOT completed...       0.0388 seconds
               CLDPROC completed...       0.0086 seconds
                  CHEM completed...       0.2882 seconds
                  AERO completed...       0.1850 seconds
            Master Time Step
            Processing completed...       0.8169 seconds
 
     Processing Day/Time [YYYYDDD:HHMMSS]: 2022183:225500
       Which is Equivalent to (UTC): 22:55:00 Saturday,  July 2, 2022
       Time-Step Length (HHMMSS): 000500
                 VDIFF completed...       0.2259 seconds
                COUPLE completed...       0.0026 seconds
                  HADV completed...       0.0553 seconds
                  ZADV completed...       0.0168 seconds
                 HDIFF completed...       0.0087 seconds
              DECOUPLE completed...       0.0031 seconds
                  PHOT completed...       0.0392 seconds
               CLDPROC completed...       0.0410 seconds
                  CHEM completed...       0.2855 seconds
                  AERO completed...       0.1844 seconds
            Master Time Step
            Processing completed...       0.8639 seconds
 
      =--> Data Output completed...       0.1123 seconds
 
     Processing Day/Time [YYYYDDD:HHMMSS]: 2022183:230000
       Which is Equivalent to (UTC): 23:00:00 Saturday,  July 2, 2022
       Time-Step Length (HHMMSS): 000500
                 VDIFF completed...       0.2870 seconds
                COUPLE completed...       0.0024 seconds
                  HADV completed...       0.0971 seconds
                  ZADV completed...       0.0168 seconds
                 HDIFF completed...       0.0089 seconds
              DECOUPLE completed...       0.0030 seconds
                  PHOT completed...       0.0408 seconds
               CLDPROC completed...       0.0081 seconds
                  CHEM completed...       0.2842 seconds
                  AERO completed...       0.1844 seconds
            Master Time Step
            Processing completed...       0.9342 seconds
 
     Processing Day/Time [YYYYDDD:HHMMSS]: 2022183:230500
       Which is Equivalent to (UTC): 23:05:00 Saturday,  July 2, 2022
       Time-Step Length (HHMMSS): 000500
                 VDIFF completed...       0.1434 seconds
                COUPLE completed...       0.0024 seconds
                  HADV completed...       0.1068 seconds
                  ZADV completed...       0.0169 seconds
                 HDIFF completed...       0.0081 seconds
              DECOUPLE completed...       0.0030 seconds
                  PHOT completed...       0.0397 seconds
               CLDPROC completed...       0.0091 seconds
                  CHEM completed...       0.2816 seconds
                  AERO completed...       0.1853 seconds
            Master Time Step
            Processing completed...       0.7978 seconds
 
     Processing Day/Time [YYYYDDD:HHMMSS]: 2022183:231000
       Which is Equivalent to (UTC): 23:10:00 Saturday,  July 2, 2022
       Time-Step Length (HHMMSS): 000500
                 VDIFF completed...       0.1393 seconds
                COUPLE completed...       0.0024 seconds
                  HADV completed...       0.1122 seconds
                  ZADV completed...       0.0168 seconds
                 HDIFF completed...       0.0089 seconds
              DECOUPLE completed...       0.0030 seconds
                  PHOT completed...       0.0394 seconds
               CLDPROC completed...       0.0080 seconds
                  CHEM completed...       0.2786 seconds
                  AERO completed...       0.1843 seconds
            Master Time Step
            Processing completed...       0.7943 seconds
 
     Processing Day/Time [YYYYDDD:HHMMSS]: 2022183:231500
       Which is Equivalent to (UTC): 23:15:00 Saturday,  July 2, 2022
       Time-Step Length (HHMMSS): 000500
                 VDIFF completed...       0.1368 seconds
                COUPLE completed...       0.0025 seconds
                  HADV completed...       0.1042 seconds
                  ZADV completed...       0.0170 seconds
                 HDIFF completed...       0.0082 seconds
              DECOUPLE completed...       0.0031 seconds
                  PHOT completed...       0.0396 seconds
               CLDPROC completed...       0.0083 seconds
                  CHEM completed...       0.2760 seconds
                  AERO completed...       0.1843 seconds
            Master Time Step
            Processing completed...       0.7804 seconds
 
     Processing Day/Time [YYYYDDD:HHMMSS]: 2022183:232000
       Which is Equivalent to (UTC): 23:20:00 Saturday,  July 2, 2022
       Time-Step Length (HHMMSS): 000500
                 VDIFF completed...       0.1372 seconds
                COUPLE completed...       0.0025 seconds
                  HADV completed...       0.1088 seconds
                  ZADV completed...       0.0171 seconds
                 HDIFF completed...       0.0089 seconds
              DECOUPLE completed...       0.0031 seconds
                  PHOT completed...       0.0395 seconds
               CLDPROC completed...       0.0083 seconds
                  CHEM completed...       0.2728 seconds
                  AERO completed...       0.1845 seconds
            Master Time Step
            Processing completed...       0.7829 seconds
 
     Processing Day/Time [YYYYDDD:HHMMSS]: 2022183:232500
       Which is Equivalent to (UTC): 23:25:00 Saturday,  July 2, 2022
       Time-Step Length (HHMMSS): 000500
                 VDIFF completed...       0.1373 seconds
                COUPLE completed...       0.0025 seconds
                  HADV completed...       0.1100 seconds
                  ZADV completed...       0.0169 seconds
                 HDIFF completed...       0.0094 seconds
              DECOUPLE completed...       0.0032 seconds
                  PHOT completed...       0.0397 seconds
               CLDPROC completed...       0.0083 seconds
                  CHEM completed...       0.2702 seconds
                  AERO completed...       0.1849 seconds
            Master Time Step
            Processing completed...       0.7825 seconds
 
     Processing Day/Time [YYYYDDD:HHMMSS]: 2022183:233000
       Which is Equivalent to (UTC): 23:30:00 Saturday,  July 2, 2022
       Time-Step Length (HHMMSS): 000500
                 VDIFF completed...       0.1392 seconds
                COUPLE completed...       0.0025 seconds
                  HADV completed...       0.1010 seconds
                  ZADV completed...       0.0168 seconds
                 HDIFF completed...       0.0079 seconds
              DECOUPLE completed...       0.0031 seconds
                  PHOT completed...       0.0390 seconds
               CLDPROC completed...       0.0082 seconds
                  CHEM completed...       0.2671 seconds
                  AERO completed...       0.1847 seconds
            Master Time Step
            Processing completed...       0.7696 seconds
 
     Processing Day/Time [YYYYDDD:HHMMSS]: 2022183:233500
       Which is Equivalent to (UTC): 23:35:00 Saturday,  July 2, 2022
       Time-Step Length (HHMMSS): 000500
                 VDIFF completed...       0.1368 seconds
                COUPLE completed...       0.0025 seconds
                  HADV completed...       0.1024 seconds
                  ZADV completed...       0.0168 seconds
                 HDIFF completed...       0.0084 seconds
              DECOUPLE completed...       0.0031 seconds
                  PHOT completed...       0.0395 seconds
               CLDPROC completed...       0.0079 seconds
                  CHEM completed...       0.2639 seconds
                  AERO completed...       0.1845 seconds
            Master Time Step
            Processing completed...       0.7661 seconds
 
     Processing Day/Time [YYYYDDD:HHMMSS]: 2022183:234000
       Which is Equivalent to (UTC): 23:40:00 Saturday,  July 2, 2022
       Time-Step Length (HHMMSS): 000500
                 VDIFF completed...       0.1355 seconds
                COUPLE completed...       0.0025 seconds
                  HADV completed...       0.0992 seconds
                  ZADV completed...       0.0170 seconds
                 HDIFF completed...       0.0080 seconds
              DECOUPLE completed...       0.0031 seconds
                  PHOT completed...       0.0395 seconds
               CLDPROC completed...       0.0078 seconds
                  CHEM completed...       0.2611 seconds
                  AERO completed...       0.1849 seconds
            Master Time Step
            Processing completed...       0.7588 seconds
 
     Processing Day/Time [YYYYDDD:HHMMSS]: 2022183:234500
       Which is Equivalent to (UTC): 23:45:00 Saturday,  July 2, 2022
       Time-Step Length (HHMMSS): 000500
                 VDIFF completed...       0.1365 seconds
                COUPLE completed...       0.0024 seconds
                  HADV completed...       0.1012 seconds
                  ZADV completed...       0.0168 seconds
                 HDIFF completed...       0.0092 seconds
              DECOUPLE completed...       0.0031 seconds
                  PHOT completed...       0.0397 seconds
               CLDPROC completed...       0.0079 seconds
                  CHEM completed...       0.2582 seconds
                  AERO completed...       0.1849 seconds
            Master Time Step
            Processing completed...       0.7600 seconds
 
     Processing Day/Time [YYYYDDD:HHMMSS]: 2022183:235000
       Which is Equivalent to (UTC): 23:50:00 Saturday,  July 2, 2022
       Time-Step Length (HHMMSS): 000500
                 VDIFF completed...       0.1358 seconds
                COUPLE completed...       0.0025 seconds
                  HADV completed...       0.0941 seconds
                  ZADV completed...       0.0168 seconds
                 HDIFF completed...       0.0084 seconds
              DECOUPLE completed...       0.0031 seconds
                  PHOT completed...       0.0387 seconds
               CLDPROC completed...       0.0080 seconds
                  CHEM completed...       0.2555 seconds
                  AERO completed...       0.1850 seconds
            Master Time Step
            Processing completed...       0.7480 seconds
 
     Processing Day/Time [YYYYDDD:HHMMSS]: 2022183:235500
       Which is Equivalent to (UTC): 23:55:00 Saturday,  July 2, 2022
       Time-Step Length (HHMMSS): 000500
                 VDIFF completed...       0.2223 seconds
                COUPLE completed...       0.0026 seconds
                  HADV completed...       0.0565 seconds
                  ZADV completed...       0.0171 seconds
                 HDIFF completed...       0.0088 seconds
              DECOUPLE completed...       0.0031 seconds
                  PHOT completed...       0.0396 seconds
               CLDPROC completed...       0.0509 seconds
                  CHEM completed...       0.2520 seconds
                  AERO completed...       0.1845 seconds
            Master Time Step
            Processing completed...       0.8375 seconds
 
      =--> Data Output completed...       0.0929 seconds
 
 
 
     ==============================================
     |>---   PROGRAM COMPLETED SUCCESSFULLY   ---<|
     ==============================================
     Date and time 0:00:00   July 3, 2022   (2022184:000000)
 
     The elapsed time for this simulation was     230.6 seconds.
 
14332.737u 341.085s 3:52.76 6304.2%	0+0k 645096+3627184io 335pf+0w

CMAQ Processing of Day 20220702 Finished at Tue Aug 18 02:01:45 PM EDT 2026

\\\\\=====\\\\\=====\\\\\=====\\\\\=====/////=====/////=====/////=====/////


==================================
  ***** CMAQ TIMING REPORT *****
==================================
Start Day: 2022-07-01
End Day:   2022-07-02
Number of Simulation Days: 2
Domain Name:               SE60BENCH
Number of Grid Cells:      280000  (ROW x COL x LAY)
Number of Layers:          35
Number of Processes:       64
   All times are in seconds.

Num  Day        Wall Time
01   2022-07-01   225.2
02   2022-07-02   230.6
     Total Time = 455.80
      Avg. Time = 227.90
